Evaluation,Notes,text,Score,NACE_Code
,,activity is taxonomyeligible in its entirety. however only a proportion of it is taxonomyaligned. therefore activity may be reported under both a and a. however only the proportion reported under a may be counted as taxonomyaligned in the opex kpi of the nonfinancial undertaking. for activities listed under a columns to may be filled in on a voluntary basis by nonfinancial undertakings.,0.5825577795444266,S
,,however only the proportion reported under a may be counted as taxonomyaligned in the opex kpi of the nonfinancial undertaking. for activities listed under a columns to may be filled in on a voluntary basis by nonfinancial undertakings.,0.5006214377092785,S
,,activities not directly related to a client segment are included in central amp other items. this mainly includes treasurymarkets asset and liability management specific strategic investments if any and certain central costs of the bank such as workers welfare fund and property management unit.,0.5502559643875661,S
,,determination of basically taxonomyeligible economic activities the process of determining the groups economic activities that are basically taxonomyeligible was carried out separately for the breakdown of turnover as well as capital expenditures and operating expenditures. the results are each described in the following sections on taxonomyaligned turnover capital expenditures and operating expenditures respectively.,0.51816165251016,S
,,for the financial year the group considers that among its various industrial and service activities the following activities are eligible for the taxonomy,0.664366561986721,S
,,these contributing but not directly eligible activities within the meaning of the taxonomy regulation explain the difference between the proportion of turnover linked to the green line of services and the taxonomy alignment ratio. the description of these contributing activities is included in the bureau veritas universal registration document.,0.5645713495353696,S
,,central activities which are part of brenntag essentials but not directly attributable to any one segment.,0.5419532395966807,S
,,as in the previous year in particular revenue from other services without reference to technical screening criteria such as rental and sales revenue from parking spaces was identified as taxonomynoneligible. in the area of capital expenditure the not taxonomyeligible expenses relate in particular to capitalised investments without reference to technical screening criteria such as investments in fire brigade access roads or rubbish dumps. not taxonomyeligible operating expenses relate in particular to noncapitalised operating expenses e.g. in connection with expenses for cleaning and waste disposal where there is no reference to the technical screening criteria.,0.5003762409013529,S
,,we assessed that our material eligible activities are covered by chapter and as referred to above. we are in the process of disclosing the eligibility per activity in detail for which we expect to provide further guidance in . as the eu taxonomy is still in a developing stage more guidance is expected which could have an impact on our findings. the four annexes that still have to be disclosed will be reviewed when available to see if our business activities have a better fit. whereas the eu taxonomy has to grow in maturity sustainable progress is embedded in the aalberts organisation for years.,0.5127879031763722,S
,,the majority of employees in the all other segments category provide services for more than one segment. they include technical service staff.,0.5303938977087548,S
,,turnover of taxonomyeligible but not environmentally sustainable activities not taxonomyaligned activities a,0.5037081473797349,S
,,operating activities typical daytoday activities of the group and other activities that cannot be classified as investing or financing activities.,0.5557462417201582,S
,,the group determined that the admission services around initial and subsequent admission and its directly related corporate action services do not transfer a good or service to the customer but are considered activities that the group needs to undertake to enable the customer to be listed. the group concluded that these activities should be combined with the ongoing listing services and should be used as inputs to produce the combined output which is the service of being listed. as the service of being listed is satisfi ed over a period of time as the customer simultaneously receives and consumes the benefi ts from the service the related revenues are therefore recognised over a period of time.,0.5033966916889354,S
,,vii. certain onetime items that are deemed by management to be significant and incidental to normal business activity,0.5449580310733871,S
,,taxonomyeligible activities only concern investments capex assessed as individual measures as mentioned in paragraph ii,0.5226342348466316,S
,,ordinary course of business less the cost of completion and distribution expenses. provisions are established for slowmoving and obsolete inventory. no inventory is pledged as collateral as of december and .,0.515538678538217,S
,,the analysis has been prepared by applying a topdown review of sses activities and the alignment with existing segmental reporting within taxonomy eligible activities. there are some activities that fall below specified thresholds which are not taxonomy eligible. as sses reporting processes and controls are refined by the implementation of the uk taxonomy it is expected that some activities will be reclassified if they move above certain materiality thresholds.,0.5359715911479109,S
,,throughout the group the monetary package is supplemented by additional benefits such as supplementary pension and healthcare policies personal injury insurance a company car for those entitled and company canteen or restaurant vouchers. these benefits are adapted to local conditions having regard for market characteristics and relevant regulations.,0.5001205107530102,S
,,the product categories of works goods and services required to perform saipems activities classified to define uniform vendorproduct combinations total of which approximately are classified as critical categories i.e. deemed essential for the development of the companys core business. in those most represented in terms of amount purchased are related to mechanical assembly chartering of vessels purchase of package systems for ballast water treatment construction of onshore pipelines personnel services. during the year purchases were made mainly from vendors located in europe middle east and central asia.,0.5110567128370554,S
,,the groups income also comprises vehicle repair services provided to other thirdparty customers. income in respect of repairs to vehicles is recognised upon completion of the repair obligations. the price is determined using market rates for the services and materials used after discounts have been deducted where applicable.,0.5006519321829691,S
,,the of neutral activities not covered by the taxonomy at this stage include a large proportion of basic services provided by veolia as subcontractor to municipal or industrial customers in the water sector.,0.5304382196540011,S
,,the analysis of these operating expenditures revealed that the sartorius group incurs such expenses that relate to the purchase of products or services letter c under section . of the delegated act on article of the eu taxonomy regulation from the following taxonomyeligible economic activities,0.504728088055267,S
,,spare parts and parts held by service agents are valued at cost. a deduction is made for obsolescence where necessary.,0.5011695975435387,S
,,in the assessment of the eligibility of the businesses activities the available definitions and clarifications provided so far which are applicable to nonfinancial undertakings were used,0.5048927894442824,S
,,this category mainly includes the assets and liabilities related to orbital cultura and a business unit of nexi greece processing services single member s.a. concerning customer operations services for which a contract of sale was signed in october and whose closing is expected in .,0.5024093344269879,S
,,in addition to the financial statement audit we have provided to group companies the following services that are not disclosed in the consolidated financial statements or in the group management report or have been engaged to provide them,0.5091837243890305,S
,,support services marketing it accounting payroll personnel procurement legal health and safety customer services and credit control provided to activities across the group,0.5597573073060536,S
,,in and the position other includes notably the expenses relating to the groups activities that are not part of its operating cycle or abandoned such as indemnification provisions.,0.5308227040977124,S
,,the groups business segment where products are no longer marketed to customers for example withprofits and many legacy unit linked life and pension products.,0.5339188672128274,S
,,items concerning the ordinary activities of the company even if exceptional in amount or frequency are included in income from ordinary activities. only those items that do not concern the ordinary activities of the company are recognized in exceptional items.,0.5056671471954466,S
,,these three activities are listed in the delegated act under the manufacturing sector and subsector manufacture of energyefficient equipment for buildings .,0.5244526260438291,S
,,the following categories of information referred to in article l. iii of the french commercial code have been excluded because of their lack of relevance to the groups activities,0.5012654522432096,S
,,as of scope includes all relevant categories. for previous years scope included only business travel and employee commute.,0.50422971415499,S
,,in addition to its access to the groups own resources the company contracts specialist resources for assistance with such things as residual value recovery and to a certain extent claims adjustment.,0.5005072853779193,S
,,the provision of some or all of the services required for the operation maintenance and management of establishments or buildings used for office commercial industrial leisure healthcare or educational purposes and for the operation and maintenance of some or all of the equipment installed therein,0.5117795253673931,S
,,in addition in the ordinary course of business from time to time we carry out other transactions and enter into other arrangements with other related parties including natural gas transport services rental services related to the supply of coiled tubing services and information technology services none of which are considered to be material.,0.5582770700894579,S
,,central activities which are part of brenntag specialties but not directly attributable to any one segment.,0.5735165176506561,S
,,servicing relates to repairs and maintenance activity that is completed at our customer sites within our installed base. revenue from the rendering of services is usually insignificant in relation to the total contract value and is generally provided on a shortterm or oneoff basis. accordingly revenue is usually recognised when the service is complete.,0.5143226972449416,S
,,recognising that not every operation or business in a component is included in our group audit scope we considered as part of our group audit oversight responsibility what audit coverage had been obtained in aggregate by our component teams by reference to operations or businesses at which audit work had been undertaken.,0.5200080195617549,S
,,they facilitate the return of goods bought online these customers frequently make further purchases on site as they make returns and,0.5020758710512976,S
,,to this end taxonomy is developing a comprehensive list of criteria for activities that substantially contribute to,0.5228341185742543,S
,,containers material pick up and processing operations and the majority of the recycling business. not included so far are the food sorting and oresorting sectors. although the remaining business is seen as having an important contribution to sustainable practices it is currently not covered by the eu taxonomy regulation and consequently not included in the share of eligible activities.,0.5327054086956718,S
,,other provisions include various obligations recorded as part of the normal operation of the groups subsidiaries and which are of immaterial individual amount. they primarily concern the following operating segments,0.5067656389599312,S
,,share of revenue related to eligible activities is . it reflects the exclusion of telecommunications services in the scope of activities currently covered by the eu taxonomy.,0.5368109292497512,S
,,this category primarily includes trade payables financial liabilities and other financial liabilities.,0.5067397369298912,S
,,this section sets out the nonaudit services provided to the issuer or its affiliates by the statutory auditors or the members of their networks. they may be required by law or by the provisions stipulated at the request of the group or its affiliates and comply with independence requirements.,0.512781751841629,S
,,for activities listed under a columns to may be filled in on a voluntary basis by nonfinancial undertakings.,0.5336540045290471,S
,,the group has changed the presentation of the categories of its provisions following the disposal of its contracting and rail business on june . the contracting and rail business had its own category of provision due to the materiality of provisions in that business. the group has reassessed its categories of provision within the continuing operations of the group and restated comparatives to present on a consistent basis.,0.5020417370812154,S
,,miscellaneous receivables include assets to fund postemployment benefits in the amount of million previous year million. this item also includes the share of the technical provisions attributable to reinsurers amounting to million previous year million.,0.5226673783355946,S
,,iv. other nonrecurring or oneoff items which are not directly related to the core business andor ongoing business of the group restructuring costs regulatory costs not related to business activities changes in the own pension arrangements and expenses related to mampa activities and startups.,0.5420324243623532,S
,,these refer to services supplied to and received from group companies and to current account transactions with the groups central treasury company.,0.5383918590985032,S
,,services as a courtesy or for reasons of reputation where we are not legally obliged to do so and for which we will generally not be able to recover from suppliers or insurers.,0.5131142877181858,S
,,nonfood consumables including food packaging disposable tableware guest amenities catering equipment agricultural supplies cleaning and hygiene products and safety items to hotels restaurants contract caterers food processors commercial growers and the leisure sector.,0.5074283341528512,S
,,some of the businesses within this segment qualify for classification in the economic activities eligible for the purposes of the european taxonomy specifically in activity manufacture of other low carbon technologies as explained in more detail in the european taxonomy section of this report.,0.5082628402832682,S
,,other includes service companies head office expenses such as group treasury and finance functions and certain financing costs and taxes not allocated to business segments and elimination entries for certain intersegment transactions and group consolidation adjustments.,0.5303241766688341,S
,,the segment miscellaneous covers activities which are centrally managed within the group these largely consist of the decommissioning and disposal funds group financing real estate financial assets and tax. some of the costs that arise in conjunction with the buildup of business segments acquisitionintegration costs technol ogy development costs etc. are borne centrally.,0.5453478034000457,S
,,the nonraw material category incorporates all the services and goods which are not directly connected to the end products. excluding installation services the main nonraw material categories include transportation packaging mro maintenance repairs and operations and utilities which combined represent over of the total nonraw spend.,0.535119804561045,S
,,expenditure on repair materials spare and wear parts and repair services from external providers and employees. the total amount for all business lines differs from the expenditure for thirdparty re pairs and services in the other operating expenses in the notes under item because of the different scope and resulting different inclusion of accounts thirdparty repairs and thirdparty services in contrast to internal and external expenditure for repair and maintenance.,0.5896720231709789,S
,,the general expenses of the reinsurance activity aft er having been previously recognized by type in class financial statements are cleared for allocation to expense accounts by type and in life nonlife technical income statements.,0.5085737812823184,S
,,the of activities excluded by the taxonomy at this stage compared to in include nonselective waste collection services to buildings without energy performance nonhazardous waste incineration nonhazardous waste landfills and coalfueled energy.,0.541891938975487,S
,,product stewardship. activities from the companys two divisions may be covered to some extent in future developments of the eu taxonomy while current level of information available does not enable the company to provide an estimate. accordingly bestinclass aircraft programme related capex and rampd operating expenses should be respectively eligible and aligned at least in proportions similar to turnover ones.,0.5159920355305283,S
,,the following litigation costs and recoveries have been treated as nonheadline items because the provisions were treated as nonheadline when originally recognised and the subrogation claims and litigation relate to products that the group no longer sells in these markets,0.5064028779905402,S
,,support services activities which support existing assets or functions such as asset maintenance and refurbishment and,0.5293162328009392,S
,,real estate activities. the eligibility in construction and real estate activities is underlined by the renovation wave. examples of eligible activities are efficiency amp safety technology smart home and fittings for water amp wastewater supply. we assessed that our material eligible activities are covered by chapter and as referred to above. we are in the process of disclosing the eligibility per activity in detail for which we expect to provide further guidance in .,0.5294689424645705,S
,,the all other segments category eliminates intersegment sales and reflects assets liabilities and results not allocable to the core segments including in particular those pertaining to the corporate center and the urethane systems business unit. due to the recognition of the leather business unit as a discontinued operation the components remaining in the lanxess group were reclassified from the consumer protection segment and reported as an other segment.,0.5567383781513195,S
,,the group is also involved in providing services in conjunction with the sale of its core products and is developing retail activities in certain markets. however both these activities remain immaterial on group level at this stage.,0.5271439523096574,S
,,other activities includes the results of our industrial automation systems design and production business our cast iron and aluminum components business our mobility businesses our software and data businesses and our financial services activities as well as the activities and businesses that are not operating segments under ifrs . in addition unallocated items and eliminations includes consolidation adjustments and eliminations. financial income and expenses income taxes and share of the profit of equity method investees are not attributable to the performance of the segments as they do not fall under the scope of their operational responsibilities.,0.5369405568501772,S
,,h residual caption comprising fee income on insurance product management fee income unit and indexlinked insurance products and pension funds rebates net interest income on current accounts of the insurance company and on subordinated loans and other income and technical charges.,0.53106770666612,S
,,the taxonomy noneligible activities are associated with sses thermal generation and gas storage businesses. other activities that do not currently align may qualify for taxonomy alignment in the future.,0.5424607560265057,S
,,this category includes clearing member trading balances relating to certain collateralised transactions other receivables from clearing members of the ccp business and clearing member cash an cash equivalents representing amounts received from the clearing members to cover initial and variation margins and default fund contributions that are not invested in bonds.,0.5681472955425003,S
,,iii services recognised over time services relating to the installation repair and ongoing maintenance of equipment,0.5642077272420264,S
,,the main economic activities of the ryanair group is the air transport of passengers. these activities are not yet covered by the eu taxonomy regulation in the reporting year. there were no other material activities identified as taxonomy eligible.,0.5020943615815714,S
,,this category includes loans and receivables deposits and guarantees trade receivables and most other current and noncurrent receivables.,0.5270592549345495,S
,,we therefore report taxonomyeligible activities that are allocable to the united states operating segment and our national companies in greece and hungary as nontaxonomyaligned for the reporting year. we ensure compliance with minimum social safeguards using a groupwide management system.,0.5621507852070945,S
,,this category also includes the operating loans and receivables connected to the provision of financial activities and services as defined by the consolidated law on banking and the consolidated law on finance e.g. for the distribution of financial products and servicing activities.,0.5161328040891299,S
,,as part of the taxonomy assessment published in the universal registration document the group identified taxonomyeligible operational activities and two activities for individual capex.,0.5334010545911726,S
,,e other material items that derive from events or transactions that fall within the ordinary activities of the group and which individually or if of a similar type in aggregate are separately disclosed by virtue of their size or incidence.,0.5136807964236527,S
,,this item includes amounts due to banks and due to customers regardless of their technical form deposits current accounts loans securities other than those recognised in items . financial liabilities held for trading and . financial liabilities designated at fair value. it also includes operating payables linked to the financial services and activities defined in the consolidated banking act tub and the consolidated finance act tuf variation margins with clearing houses arising from derivative transactions and other operating payables associated with the provision of financial services. amounts due to customers and,0.5122294802570309,S
,,those are mainly related to recycling services and sales of refined metal from the recycling segment to the other group segments and are important to assess the performance of the segments concerned.,0.5016311349084366,S
,,trade payables intragroup derivatives and liabilities relating to group contributions are included in this category.,0.5557730913049322,S
,,provisions for warranties and product liability disposal indemnities restructuring costs property dilapidations and legal claims are recognised when the company has a legal or constructive obligation as a result of a past event it is probable that an outflow of resources will be required to settle the obligation and the amount has been reliably estimated. provisions are not recognised for future operating losses.,0.5017841015073681,S
,,note that scope categories excluded from the above list have been omitted because they are not material. more information can be found in the ghg statement prepared by the group.,0.5292202280851167,S
,,other reconciling items principally relate to adjustments to former operations and disposals of property plant and equipment relate to adjustments to former operations and disposals of property plant and equipment.,0.5010059740672098,S
,,special items they represent i notrecurring events or transactions ii events or transactions that are not representative of normal business activities,0.5193770139827144,S
,,as can be seen in schedule i the main activity carried out by the group in the different jurisdictions in which it operates is banking and fundamentally commercial banking through a wide range of products and services for large and mediumsized enterprises smes retailers and selfemployed workers professional groups other individuals and bancassurance.,0.5021854233814672,S
,,activities are taxonomyeligible if they match the description of the activity included in delegated acts supplementing regulation eu of the european parliament irrespective of whether they fulfill the alignment criteria.,0.5293440545379942,S
,,the others category includes general installations and fittings and fixtures furniture office and it equipment.,0.6603617006412115,S
,,nonoperating special items are those that relate to changes in the groups asset portfolio. this category principally includes profits and losses on disposals of businesses and investments or closure of operations adjustments relating to business combinations and adjustments relating to former operations of the group such as changes in the measurement of deferred consideration receivable or provisions recognised on disposal or closure of operations in prior periods. this category also includes charges relating to black economic empowerment bee transactions.,0.5372957393798223,S
,,for the group these include deposits with credit institutions cash and cash equivalents insurance receivables trade and other receivables and loans and advances to customers.,0.510560155003445,S
,,revenues sales of automotive goods sales of goods to partners as well as rental income from assets and interest income on sales financing transactions as described in note to the consolidated financial statements are eligible under sections and of the taxonomy. other automotive services sales financing and mobility services were not included,0.54834693329821,S
,,a component of the groups business that represents a separate major line of business or geographical area of operations that has been disposed of has been abandoned or meets the criteria to be classified as held for sale or,0.5618589262855386,S
,,activities generating revenues and expenses including revenues and expenses relating to transactions with other components of the same entity,0.5048826696530326,S
,,category .b n onproduct related including all other goods and services purchased that are not directly linked to the production process but are needed for the functioning of the organisation. installation activities are included in this category.,0.6051913138564562,S
,,in the reporting year lanxess generated of its external sales with products allocable to taxonomyeligible activities. the remaining of sales relate to products that are not included in the taxonomys activity categories. the share decreased considerably yearonyear because the taxonomyeligible sales from the high performance materials hpm business are no longer reported under continuing operations.,0.5278953491342259,S
,,activity is taxonomyeligible in its entirety. however only a proportion of it is taxonomyaligned. therefore activity may be reported under both a and a. however only the proportion reported under a may be counted as taxonomyaligned in the capex kpi of the nonfinancial undertaking.,0.5095108449635061,S
,,capacity was expanded in all traffic regions and sales were increased in all traffic regions except asiapacific. however the cargo load factor declined in all traffic regions yearonyear.,0.5153360820973946,H
,,items of property and equipment held for use in production or for the supply of goods and services are classified as such under ias .,0.5077257531504683,H
,,in view of the foregoing and as it is necessary to implement an alternative mechanism to receive the remuneration for said tasks legally entrusted to enags transporte and which the company is still currently carrying out on december enags transporte s.a.u. filed a claim for damages with the ministry for ecological transition requesting i the right of enags transporte s.a.u. to obtain compensation for the damages sustained as a result of the administration tasks of the facilities plus the pertinent interests ii payment of the amounts corresponding to the remuneration for the costs assumed by enags transporte s.a.u. up to the moment when the resolution is issued plus the pertinent interests and iii the right of enags transporte s.a.u. to obtain compensation for the damages that may be caused to it as a consequence of the tasks of administering the facilities until such time as the council of ministers adopted an agreement that would put an end to the storage hibernation situation.,0.5294627211700763,H
,,b the contracting of all sea and land based public or private works in the area of construction and in particular all kinds of sea and riverbased works major irrigation activities and the canalization of waterways major dewatering and pumping works dredging drilling sounding wellsinking drainage the building of permanent structures digging and the general contracting of construction works as well as the re floating of boats and ships,0.5329312994238664,H
,,logistics customers have the option to bid on vehicle moves advertised by retailers on the platform. the logistics customer pays a fee if they are successful in obtaining business from retailers through the groups marketplace. revenue is recognised at the point in time when the vehicle move has been completed. a receivable is recognised only when the groups right to consideration is only conditional on the passage of time.,0.5383341222386879,H
,,the company principally leases warehouses office buildings plant and machinery cars and distribution vehicles in the ordinary course of business.,0.5084968661609841,H
,,upstream transportation and distribution purchased goods and services capital goods waste generated in operations fuel and energyrelated activities business travel and employee commuting,0.5531710710548301,H
,,resolution of november of the national markets and competition commission which establishes the technical management regulations of the gas system on scheduling nominations allocations balances the management and use of international connections and selfconsumption.,0.5118715096838409,H
,,ensuring through the appropriate control methods compliance with the guidelines and policies in the aforementioned areas ensuring in accordance with the business plan cost management results as well as the service levels offered within the property logistics and procurement scope.,0.5037184682031461,H
,,a review of various leases has been carried out and the distinction between them and service agreements has been assessed. this applies for instance to agreements with carriers transport agreements. the majority of the groups transport agreements are of such a nature that no specific asset can be identified or are of a shortterm nature that does not fall within the standards definition of a lease.,0.5325502557548283,H
,,third party transportation companies whether onsite or offsite are excluded and incidental facility services such as janitorial work food and drink services laundry delivery or other supplyresupply services. in there were approximately million hours which equals to about fte full time equivalents when assuming hours per day and working days per year.,0.5218217282424097,H
,,revenue from services is recognised over time in line with the policy above. for contracts which contain separate performance obligations for the sale of commodities and the provision of freight services the portion of the revenue representing the obligation to perform the freight service is deferred and recognised over time as the obligation is fulfilled. in situations where the group is acting as an agent amounts billed to customers are offset against the relevant costs.,0.5086732952392471,H
,,with all of the above in practice the adoption of the aforementioned agreement has not meant that enags transporte has ceased to attend to the tasks it had been carrying out to guarantee the safety of people property and the environment but on the contrary it has confirmed its obligation to continue to carry out all of the operations required for the maintenance and operation of the facilities referred to in article of royal decreelaw until the last phase of dismantling is completed.,0.522055012670338,H
,,following a covidinduced decline in and an increase in the global rail vehicle market in increased in comparison to according to the estimates of market researchers in longdistance transportation and regional and local transit. however the volume of passengers carried remained lower than in the precovid era. in rail freight the market research institution sci verkehr expected the transport volume had risen in and exceeded levels according to its most recent forecast.,0.5110471755614743,H
,,consistently with corporate strategies and objectives assisting the corporate bodies in defining guidelines and policies on cost management property logistics and procurement of the group,0.523263709064664,H
,,represents the commissions payable to airports on the revenue collected at the airports for excess baggage and airport baggage fees.,0.5652248958480784,H
,,we transported mostly needed dry food mineral water and beverages hygiene and childrens products and specialised equipment such as tent heaters power generators and blood centrifuges for hospitals.,0.5486009908454617,H
,,the amount broken down under that heading corresponds mainly to expenses for the provision of logistics services storage and transportation and other marketing expenses.,0.5870329205583642,H
,,in addition to the direct impacts caused by hiring the groups facilities are a key driver of the local economy insofar as the storage retail amp marketing and support amp services activities satisfy strategic requirements such as the storage of products used in industrial processes the supply and transport of bitumen to improve the road network the provision of fuel etc.,0.5086434776803084,H
,,primarily consists of trade and other payables that meet the definition of financial liabilities under ias .,0.5170196467238923,H
,,intercompany and distribution logistics are provided by external transport service providers. since a logistics calculator developed by geberit has been used for monitoring purposes and covers intercompany and distribution logistics. in the reporting year the transport service providers handled million tkm tonnekilometres previous year million tkm. this gave rise to energy consumption of tj previous year tj. the reduction in transport services and energy consumption was mainly due to the decline in volume.,0.5151013350929844,H
,,despite the legal form of contracts for logistic services warehouses courier and transportation services vehicles and trailers such contracts are accounted for as contracts with lease components. based on an analysis of key decisionmaking rights it was assessed that the group has the right to direct how and for what purpose the asset is used. services are provided to the group on an exclusive basis therefore the group obtains economic benefits from the use of warehouses vehicles and trailers.,0.5342406832592951,H
,,in addition to applying the regulations governing the transport of hazardous goods additional measures are taken to prevent the risk of traffi c accidents,0.5552217444725763,H
,,for the financial year the group considers that among its various industrial and service activities the following activities are eligible for the taxonomy,0.5011340766648908,H
,,regarding the shipping activity various solutions have been implemented in order to comply with the international maritime organizations low sulphur regulation,0.5054516010385175,H
,,in its cargo business the lufthansa group has identified the entire freight service as a distinct performance obligation. the contracting party receives the benefit of the transport service with each transport segment that is completed by the airline. in this case the customer takes control of the companys output while the carrier provides its service. the corresponding cargo revenue is therefore recognised at the prorated value when the documents for each individual freight segment are used.,0.6304446519501898,H
,,j customs and statutory compliance responsibility for customs operations including managing the security and safety of goods.,0.5029673153993078,H
,,regarding the fleet of vehicles service cars attached to the buildings and used for our direct operations the calculation methodology is being revised and these emissions are not reported in they will be carried over to . company cars and vehicles used for hometoworksite transport is reported in scope commuting.,0.5133519234093238,H
,,includes reclassifications of assets under construction to the relevant classification in property plant and equipment rightofuse assets or intangible assets when available for use,0.5024981803892422,H
,,the group has determined it is an agent in relation to associated flight services including car hire travel insurance accommodation airport transfer and parking and airport fast track services as the obligation is to arrange for the services to be provided by a third party and therefore revenue is mainly recognized at the point in time when the service is arranged. this is predominately at the time of booking by the passenger.,0.5313371555666725,H
,,revenues from courier services and outofhome services make up of the groups revenues. revenues per country of origin are presented in note .,0.5129748074938097,H
,,and in general any industrial commercial fi nancial or civil operation or transaction in movable or immovable property that might be associated directly or indirectly with one of the purposes listed above or any similar or related purpose .,0.5340401443802995,H
,,following the layout and ground marking work conducted in to implement the sites traffic plan instructions relating to traffic and pedestrian flows were given to all employees of the logistics team drivers and pedestrians for instance through six sessions led by the ehs coordinator supported by the maintenance and occupational health departments. in addition the modernisation of the fleet of handling equipment has made it possible to restrict use to authorised persons only through the use of a badge system configured via a web platform when a driving authorisation is issued which is mandatory to start up any machine. moreover in to support the increase in ecommerce activity two new automated vertical storage towers were installed and linked to a new conveyor section. this project has made it possible to minimise operator movement and reduce manual handling while limiting the use of forklifts in this area.,0.530791712924885,H
,,regularly inspecting facilities and processes transport activities included and addressing any identified defi ciencies,0.6328182883595737,H
,,. enter into contracts of any kind with central regional provincial and local government authorities and executive agencies and in general with any natural or legal person in the public or private sectors including contracts for works supplies and services excluding regasification gas transmission and storage and gas supply contracts arrange auctions calls for bids competitive tendering direct procurement or any other legal form of procurement sign proposals and procurement specifications award contracts and accept contract awards sign the related contracts and any public and private documents that may be required for their formalisation fulfilment or performance and discharge.,0.5268997521198194,H
,,developing new waste collection systems for our customers. rail or water transport or even more virtuous road transport could therefore meet industrial and municipal customer requirements depending on their region. new technologies new performancebased contractual terms and innovative partnerships will renew collection services.,0.5020541081390186,H
,,the corresponding cargo revenue is therefore recognised at the prorated value when the documents for each individual freight segment are used.,0.5318242419048858,H
,,large diesel vehicles either onroad such as trucks and buses or nonroad such as heavy plant and mining equipment or locomotives and agricultural equipment.,0.5217518830316743,H
,,the provision of some or all of the services required for the operation maintenance and management of establishments or buildings used for office commercial industrial leisure healthcare or educational purposes and for the operation and maintenance of some or all of the equipment installed therein,0.5188656571217427,H
,,the above activities can be carried out by enags s.a. itself or through companies with an identical or analogous corporate purpose in which it holds interest provided they remain within the scope and limitations established by legislation applicable to the hydrocarbons sector. in accordance with said legislation the activities related to transmission and technical management of the system which are of a regulated nature must be carried out by two subsidiaries entirely owned by enags s.a. enags transporte s.a.u. and enags gts s.a.u. respectively. consequently the corporate purpose includes,0.5198463527500082,H
,,the shipping service represents a separate performance obligation and is recognised separately from the sale of the material o ver time as the shipping service is provided.,0.5378765002302852,H
,,among other aspects this includes logistics information with details on the weight dimensions or packaging type of products. in the meantime complete logistics data of over articles have been recorded.,0.5463574485913013,H
,,the item other in table includes various prepaid expenses relating to amongst others utility costs royalty payments and freight expense.,0.5019714496441436,H
,,the outbound logistics calculation is based on the distance travelled the weight carried and the method of transport. given that the prysmian data includes thousands of individual journeys making it difficult to extract the distances for each route the distance is estimated by grouping the journeys for each country and assuming that all journeys go from one capital city to another. in the case of journeys within the same country it is assumed that they go from the capital to the secondlargest city. in addition since no data was provided on the method of transport it was estimated that all journeys of less than km were made by road while all those of more than km were made by road and by sea journeys by air for logistical purposes are minimal. the emissions for each journey are then calculated by firstly determining the tonneskm multiplying the total distance travelled by the weight transported and then multiplying it by the applicable beisdefra emission factor.,0.5083026441852341,H
,,therefore the activities meet all the requirements for recognition as taxonomyaligned activities. for this reason the group reports information about taxonomyalignment in its disclosures. furthermore it should be indicated that the groups business model of delivering parcels to apms supports the reduction of greenhouse gas emissions. the network of apms addresses the issues of the last mile deliveries by limiting the number of failed deliveries and redeliveries to customers. additionally due to the apms the delivery of parcels is significantly more effective than standard todoor delivery.,0.5290520306679766,H
,,additional arrangements include expense and relocation allowances a company car or car allowance and health and accident insurance.,0.5006277466501761,H
,,staff costs exclude costs related to employed or indirectly employed couriers which are included in courier costs.,0.5632727768925008,H
,,activity transport by motorbikes passenger cars and light commercial vehicles for the head offi ce and its subsidiaries the group has its own vehicles as well as longterm leases for light commercial vehicles,0.5699608975380704,H
,,s transport of goods and products upstream of production units intersite transport and downstream transport of products to the stores categories and,0.6350617966623828,H
,,the carrying amounts of trade receivables approximate the receivables fair value due to their short maturities. contract assets result from customerspecific construction contracts that meet the criteria for recognition of revenue over time in accordance with ifrs see note . the amount of trade receivables presented as of december is reduced by million as a result of factoring because substantially all risks and rewards in relation to the financial assets sold were transferred to the buyer prior year million. in particular credit risk and any foreign exchange rate risks were transferred completely.,0.5034228318475586,H
,,in business trips were made by train due to the pandemic. the number of kilometres travelled by train thus increased from around to . nevertheless train use is below precovid levels as team and project meetings continued to take place digitally in many cases. use of passenger cars increased again slightly especially because our core business necessitates many onsite visits e.g. for the maintenance and inspection of the portfolio by caretakers craftspeople technicians and property managers. appointments of this kind can hardly be reduced and due to the regional distribution of the portfolio and the transport of materials cannot be done completely by bicycle.,0.5118231228850292,H
,,purchased goods and services downstream transportation and distribution use of sold product and fuel and energy related activities form of the total scope excl. capital goods footprint.,0.5806589028488314,H
,,scope business travel air business travel only. calculation is based on actual mileage and type of haul short medium and long. value for year before covid crisis was tonnes co eq. rail road and hotel nights are included in scope .,0.5519028034910641,H
,,this strategy of supporting customers in four major regions africa the americas asiapacific europe and the middle eastsouth asia is based on the development of powerful it tools deployment of a new and unique transport management system cargowise on a global scale set for finalization in implementation of a collaborative internet and mobile platform etc. that allow the group to be more responsive and offer more flexible and innovative solutions to its customers and to speed up digitize and secure information flows between participants. bollor logistics mediumterm goal is to become one of the top five logistics companies worldwide.,0.5100371034648671,H
,,all operating expenditure attributable to the vehiclerelated business is associated with economic activity manufacture of lowcarbon technologies for transport and has been classified as taxonomyeligible.,0.5131615396363022,H
,,shiporpay clause included in natural gas transportation contracts according to which the customer for which the transportation is carried out is bound to pay for the transportation of the gas also in case the gas is not transported.,0.5115242845189537,H
,,for the groups mining products the customer generally gains control over the material when it has been loaded at the port of loading and so this is the point of revenue recognition. the group sells a significant proportion of its products on cost insurance amp freight cif incoterms which means that the group is responsible for shipping the product to a destination port specified by the customer. in these cases the customer still gains control over the material when it has been loaded at the port of loading and so that remains the point of revenue recognition for the sale of material however the shipping service represents a separate performance obligation and revenue in relation to such services is recognised separately from the sale of the material over time as the shipping service is provided along with the associated costs. shipment revenue is recognised at the contracted price to the group as this reflects the standalone selling price.,0.5477042591999677,H
,,in production sharing agreement and service contracts realized productions are defined based on contractual agreements with state oil companies which hold the concessions. such contractual agreements regulate the recovery of costs incurred for the exploration development and operating activities cost oil and give entitlement to the own portion of the realized productions profit oil. in the refining amp marketing business line several service stations and other auxiliary assets of the distribution service are located in the motorway areas and they are granted by the motorway concession operators following a public tender for the subconcession of the supplying of oil products distribution service and other auxiliary services. in exchange for the granting of the services described above eni provides to the motorway companies fixed and variable royalties based on quantities sold. at the end of the concession period all nonremovable assets are transferred to the grantor of the concession for no consideration.,0.501017776241234,H
,,moreover these provisions also include the costs for transport and intermediate storage containers for and the loading of spent fuel assemblies within the framework of final direct storage. furthermore this item also includes the amounts for the professional packaging of radioactive operational waste as well as the inhouse personnel costs incurred for the decommissioning of plants which are permanently shut down.,0.5155966197139243,H
,,trade and other receivables include trade receivables and related accounts employee receivables government receivables and other operating receivables.,0.5524616226336972,H
,,the acquisitions of scac delmasvieljeux and saga have given the transportation and logistics activities an international dimension with substantial operations in africa where the group operates the continents leading integrated logistics network. the sale to the msc group of bollor africa logistics grouping all of the bollor groups transport and logistics activities in africa based on an enterprise value net of minority interests of billion euros in december will open a new chapter in the development of the groups transportation and logistics activities. thanks to its various acquisitions and growth investments the group has also become a global player in the supply chain where it acts as an aggregator of transportation and logistics solutions purchase and sale of freight capacity customs and regulatory compliance logistics multimodal transport etc. relying on its worldwide network of branch offices in countries and its major intercontinental hubs where its air and maritime consolidation platforms ensure optimized endtoend flow management. this strategy of supporting customers in four major regions africa the americas asiapacific europe and the middle eastsouth asia is based on the development of powerful it tools deployment of a new and unique transport management system cargowise on a global scale set for finalization in implementation of a collaborative internet and mobile platform etc. that allow the group to be more responsive and offer more flexible and innovative solutions to its customers and to speed up digitize and secure information flows between participants. bollor logistics mediumterm goal is to become one of the top five logistics companies worldwide.,0.5102532861458405,H
,,the companys supply chain transportation footprint from product suppliers through warehouses to branches and to enduser technicians and customers is continually reviewed to ensure that the most efficient supply route from supplier to endcustomer is employed. shipping volumes are consolidated at the optimum location to provide the optimum service level at the lowest cost and environmental impact. shipments are made directly from the supplier to the country warehouse or branch where volumes allow.,0.5089322331689133,H
,,the key to the companys success in infrastructure and transport services lies in comprehensively covering the value chain from identifying opportunities planning financing design and construction through to operating and maintaining the completed facilities.,0.5007839732498088,H
,,generally all such industrial commercial and financial transactions or transactions involving movable property and real estate as may pertain directly or indirectly to the above stated corporate purpose or as may relate to or facilitate the implementation or pursuit thereof.,0.5304869971154401,H
,,in accordance with standard ifrs the financial data for the transport operating segment for and have been classified under discontinued operations following entry into exclusive negotiations with hitachi rail with a view to disposing of this business.,0.5324018202758821,H
,,thus energy distribution now includes the distribution of fuels fuel oils lubricants liquefied gas and bitumen retail amp marketing and logistics provided through support amp services which includes tradingsupply the refi nery activity sara and shipping.,0.5074631337453831,H
,,recognised in the administrative expenses heading in the item on of property plant and equipment see note .,0.5055692886015725,H
,,shipping revenue related to shipments of the groups products is shown within the relevant operating segment. revenue from other marketing and trading activities from shipping and energy solutions within the marketing business is presented within the corporate and other segment which also includes unallocated corporate costs and exploration costs. for the year ended december the corporate and other segment also included the results of the groups thermal coal south africa and cerrejn mining operations prior to their disposal.,0.5260038003747266,H
,,includes off.shortices and retail uses such as trade counters car showrooms and self storage facilities,0.5099038895963414,H
,,the total carrying amounts and loss allowances for trade receivables and contract assets are as follows,0.5517455799881993,H
,,this allows the entire lower deck cargo bay compartment to be available for freight up to t with the possibility to transport up to standard civil ld containers or up to eight l military pallets as well as the capacity to transport up to troops in the upper deck cabin compartment with the high level of comfort of a civil airliner.,0.5356193869316087,H
,,the following table breaks down the carrying amount of property plant and equipment by items that are owned by the group and items that are leased,0.5154175792090142,H
,,optimized warehouse management also enables us to achieve a balance between availability on the one hand and capitalefficient inventories on the other. even so special freight e.g. air freight and other measures to eliminate delivery bottlenecks may be required entailing higher logistics costs.,0.5108830643734724,H
,,and given that due to carrying out these tasks formerly as a storage administrator and now as a dismantling manager enags transporte s.a.u. has so far been assuming the costs derived from the operations maintenance and operations imposed as well as those for the full assumption of the administration and dismantling of the storage and given that in addition the right of this company to obtain remuneration for the functions entrusted by royal decreelaw and developed in relation to castor storage remains in force since it does not derive from article annulled by the constitutional court but is expressly recognised in article of the former which subsists it is considered that the right of enags transporte s.a.u. to receive the remuneration for the costs incurred is beyond any doubt with only the specific terms in which this right is specified remaining in doubt since article has been annulled.,0.5260300802041473,H
,,as of scope includes all relevant categories. for previous years scope included only business travel and employee commute.,0.5247879052709467,H
,,. carry out all kinds of acts legal transactions and contracts acts of administration obligations and disposal and acquisition of property in fee simple with any natural or legal person including but not limited to those listed below.,0.5275784879631745,H
,,moreover all our shipments are to reach our customers and sites safely undamaged and with the required safety information. several of the materials we store and transport are classified as hazardous. the storage of such dangerous goods and the transport thereof whether by road rail air or water are governed by global regulations. to minimize risks to people and the environment we apply strict safety requirements across the group that also comply with applicable laws. we conduct regular reviews to ensure our own warehouses as well as those of third parties comply with these regulations.,0.5395127665901106,H
,,i transport costs primarily for the transport of lpg which vary depending on kilometres and hours of truck travel i.e. deliveries outside of normal working hours can incur a premium. given that the variable costs arising on lpg transport contracts are linked to hours and distance travelled by the trucks these costs will vary in line with demand patterns.,0.5530355794474886,H
,,in the transport division received all the permits and completed engineering studies to allow it to remediate hectares of soil in its railyard in the city of antofagasta. work is scheduled to start in the second half of and is an important step in the divisions plans to move its operations out of the city centre.,0.5837839601720146,H
,,please note that only the consolidated financial statements as of december are audited by the statutory auditors including ebit the calculation of which is outlined in note segment information net cash debt the definition and calculation of which appear in note net cash borrowings free operating cash flow from continuing operations the definition and calculation of which are specified in note changes in net debt and free operating cash flow from discontinued operations the calculation of which is set out in note classification of the transport business as discontinued operations. adjusted financial information other than that provided in these notes is subject to the verification procedures applicable to all information included in this press release.,0.5173909657258984,H
,,scope mandatory parts of upstream leased assets are reported in other scopes scope or . manufacturing of used equipment reported in scope such as temporary site facilities camps lifting equipment site vehicles and transportation equipment vessel train is optional and not included.,0.5260785402366261,H
,,guarantees issued in compliance with contractual agreements in the interest of vr energi asa the supply of upstream specialist services and maritime transport the purchase of crude oil condensates and gas and the realized part of the forward contracts for the purchase of gas,0.5067002473527994,H
,,the sectors currently covered include energy selected manufacturing activities transport and buildings.,0.5053182229974043,H
,,discussions with transport service providers based on the results of environmental monitoring see logistics.,0.5349226063244988,H
,,in addition to the classic project business the rail vehicle systems segment has longterm service contracts. under fully comprehensive service contracts the customer is provided with a full range of replacement parts maintenance and overhaul work at agreed intervals as well as repairs and training over the life of the contract. they often cover the full toyear service lives of the vehicles. if the goods and services included in the package are purchased separately by the customer and invoiced separately by knorrbremse the associated revenue is recognized as separate current performance obligations at the time of delivery. the amount of revenue is determined based on the contractually agreed prices.,0.5285226704630878,H
,,the contractual commitment may concern both the financing of installations and infrastructures to be used in operations and also the maintenance and replacement of infrastructures necessary to operations.,0.5070705887683754,H
,,machinery equipment and vehicles machinery and equipment are used in the manufacturing and distribution processes. heavy mobile equipment trucks and vehicles are leased for production and transportation purposes.,0.5108260782258022,H
,,and more generally all civil commercial industrial and financial transactions and transactions involving movable property or real estate that are directly or indirectly associated with the aforementioned purposes or with all similar or related purposes.,0.5136547969924631,H
,,the transport division had a good year with total transport volume up by to an alltime record of million tonnes as we increased share of the transport market for mining. we expect the planned renewal of our fleet to lowcarbon technologies to maintain this positive trend.,0.5216568800527591,H
,,the companys purpose is to deliver sustainable logistics solutions that create compelling opportunities for our stakeholders and provide our customers with the space to succeed. in order to achieve this the board has determined the companys investment objectives and investment policy. it has overall responsibility for the companys activities including reviewing investment activity performance business conduct and strategy in compliance with the principles of good corporate governance. the board has delegated the daytoday operational aspects of running the company to the manager and approved a schedule of matters reserved for its consideration and approval which are set out on this page. although the board does not formally approve investment proposals or decisions as this is a matter delegated to the manager the board is kept fully informed and notified of investment proposals and decisions to enable the directors to undertake their responsibilities and duties appropriately.,0.5030643644786006,H
,,two methods of calculation are used for this category one for inbound logistics and one for outbound logistics.,0.5350167793484231,H
,,such contracts accounts for the majority of sales in the segments hydro bauxite amp alumina hydro aluminium metal and hydro metal markets and a significant share of sales in hydro extrusions. some of these contracts include an element of freight services which is considered a separate performance obligation under ifrs and related revenue is recognized over the time of journey.,0.5697356235853365,H
,,nonfood consumables including food packaging disposable tableware guest amenities catering equipment agricultural supplies cleaning and hygiene products and safety items to hotels restaurants contract caterers food processors commercial growers and the leisure sector.,0.5267964185700931,H
,,including rail and vehicle travel information collected from by revenue of the group and air travel collected from by revenue of the group in . for this category included only business travel collected from of sites by revenue of the group.,0.6054730393842503,H
,,commissions freights and other selling expenses including shipping and handling costs are recorded in selling general and administrative expenses in the consolidated income statement.,0.500093587970907,H
,,current assets were allocated by geographical segment using the following criteria i cash and cash equivalents and loan assets were allocated on the basis of the country in which individual company bank accounts were held ii inventories were allocated on the basis of the country in which onshore storage facilities were situated i.e. excluding inventories in storage facilities situated on vessels iii trade receivables and other assets were allocated to the geographical segment to which the related project belonged.,0.5146307637665118,H
,,throughout we continuously optimised our employed courier fleet. this resulted in a lower number of total employed couriers compared with our expectations as stated in our annual report . with our employed courier model we offer our employed couriers employment contracts with a base salary social security pension and insurances. in we continued to invest in our couriers employment conditions and safety standards similar to previous years.,0.5085132155753244,H
,,activities cover new vehicles used vehicles and spare parts and also includes maintenance mechanics bodywork express repairs renault minute shortterm rental renault rent mobility services renault mobility financing and brokerage.,0.503972006632531,H
,,transportation costs these include transportation transmission and distribution use of system costs and bsuos.,0.5978889205510333,H
,,the manager has assembled a fullservice uk logistics asset management capability for the company including specialist ontheground asset and property managers.,0.5242307771426314,H
,,the observance of the access conditions provided for in international and national regulations namely,0.5144912256137297,O
,,the organisational regulations which are published on the website www.cembra.chcorporategovernance further outline the duties powers and regulations of the governing bodies of the group.,0.501879305252275,O
,,in particular the scope of application of the aforementioned law does not include i the forms of incentivesubsidy received under a general aid scheme to all those eligible ii sums relating to provision of worksservices including sponsorships iii reimbursements and allowances paid to individuals in training and guidance iv contributions received for continuing education by interprofessional funds set up as associations v membership fees for membership of professional and territorial associations as well as in favour of foundations or equivalent organisations which are functional to activities linked to corporate business. disbursements are identified according to the cash criterion.,0.5552248619737901,O
,,. carry out all kinds of acts legal transactions and contracts acts of administration obligations and disposal and acquisition of property in fee simple with any natural or legal person including but not limited to those listed below.,0.5365066902055844,O
,,i consider other business that according to law or the articles of association comes under the authority of the general meeting.,0.5675466751278136,O
,,the legal services and compliance department as the essential core of compliance functions is organically assigned to the chief executive officer and functionally assigned to the audit and compliance committee of the board of directors to which it communicates and reports on its activities making it a highlevel body within enags. the compliance function is autonomous carrying out its tasks in accordance with the compliance policy and the standards and procedures that implement it. it is endowed with the utmost independence so that its judgement and its way of proceeding are not conditioned by issues that prevent or hinder it from freely carrying out its essential tasks in order to achieve compliance objectives. gri,0.5010246019970162,O
,,our obligations are incorporated into our purpose which strongly influences our values see page . we have detailed on pages to to and to how we have acted in the public interest during .,0.5337196014469807,O
,,the role and powers assigned by law and the articles of association to the supervisory board are described in,0.5241017443958941,O
,,. complying with any law any regulations of any statutory or regulatory authority or any request of any government body including for the avoidance of doubt hm revenue amp customs andor,0.5702588879398797,O
,,if applicable explain the measures adopted and the terms under which these restrictions may be lifted,0.5010107876846663,O
,,the compliance of the procedures with the applicable laws and regulations and the decisions of the management body,0.5224179237688041,O
,,s the entitys compliance with other applicable legal and regulatory provisions particularly with regard to the information setout in article of regulation eu green taxonomy the french duty of care law and against corruption and tax evasion,0.5087434617862158,O
,,opinion pursuant to article paragraph subparagraph e of legislative decree n dated january and of article bis paragraph of legislative decree n dated february,0.5165047238064897,O
,,a to secure any excise or import taxes or duties tobacco taxes or sales or goods and services taxes owed to or industrial grants made by any state government political subdivision or international organisation or any agency authority instrumentality or body of any thereof or any regulatory authority or,0.5622738361371135,O
,,defining applicable rules processes and policies and group procedures in conjunction with the other departments concerned,0.5014150879624685,O
,,governments set the policy and legislative context within which we operate which has significant implications for our operations.,0.5089498034791043,O
,,pursuant to article paragraph of legislative decree no. and article of consob regulation no. of january,0.5617911489973615,O
,,b any treaty law or regulation of any other jurisdiction or relating to an intergovernmental agreement between the us and any other jurisdiction which in either case facilitates the implementation of any law or regulation referred to in paragraph a above or,0.5381312574265088,O
,,establishing specialised committees to assist it with the performance of its duties and appointing their members,0.5101250298520884,O
,,iii. proceeding with the authorisation of services other than those prohibited in accordance with prevailing regulations.,0.5544691487428322,O
,,d carrying out transactions with related parties except in the case of delegation as referred to in article duovicies paragraph of the corporate enterprises act.,0.5027060870052967,O
,,additional laws regulations and other requirements materially relevant to the groups business include,0.5048194261062765,O
,,the organization of delegations of authority and signature and the application of the segregation of duties principle within their activity scope,0.5166757425017261,O
,,in accordance with applicable national legislation the groups employee benefit obligations are composed of,0.5679553614960338,O
,,this body is considered the sovereign authority within acciona in matters within its competence in line with applicable legislation.,0.5026919197986037,O
,,s the compliance of activities and operations with the groups internal control rules and procedures as well as the regulatory provisions in force,0.5463191695867181,O
,,to the extent permitted by segregation of duties requirements assist the executive management in all cases where it is necessary,0.5072231767138398,O
,,xi any taxes imposed or withheld pursuant to sections through of the code or any amended or successor provisions any treasury regulations promulgated thereunder any official interpretations thereof or any agreements entered into in connection with the implementation thereof or,0.500140890581205,O
,,c any agreement pursuant to the implementation of any treaty law or regulation referred to in paragraphs a or b above with the us internal revenue service the us government or any governmental or taxation authority in any other jurisdiction.,0.52236074679613,O
,,a taking responsibility for the selection process pursuant to applicable legislation and for this purpose it shall,0.5050681089854302,O
,,our respective activity areas. further information can be found in the compliance and integrity chapter on pages ff.,0.5028007391884911,O
,,this section sets out the nonaudit services provided to the issuer or its affiliates by the statutory auditors or the members of their networks. they may be required by law or by the provisions stipulated at the request of the group or its affiliates and comply with independence requirements.,0.5243485382607881,O
,,business and organisational model of the group with reference to the management of the matters specified by article ofthe decree,0.5068131291478658,O
,,. rules in the articles of association on restrictions to voting rights along with an indication of group clauses and rules on granting exceptions as well as exceptions actually granted during the year under review,0.5228233434036236,O
,,the eu taxonomy regulation and the supplementing delegated acts contain wordings and terms that are still subject to substantial uncertainties regarding their interpretation and for which not all clarifications have been published yet. therefore the legal representatives have included a description of their interpretation in section eu taxonomy of the nonfinancial group statement. they are responsible for its tenability. due to the innate risk of diverging interpretations of vague legal concepts the legal conformity of these interpretations is subject to uncertainty.,0.5048430560706756,O
,,h. regulations concerning the appointment and dismissal of board members and changes to the articles of association,0.5254266154481758,O
,,gemäss art. bis abs. der statuten genehmigt die generalversammlung jährlich die anträge des verwaltungsrats in bezug auf die maximalen gesamtbeträge der vergütung des verwaltungsrats für die dauer bis zur nächsten ordentlichen generalversammlung sowie der vergütung der konzernleitung für das nächste geschäftsjahr. der verwaltungsrat kann der,0.5192562469968065,O
,,it provides for the separation of roles and responsibilities to prevent incompatible tasks from being concentrated under common responsibilities in particular it guarantees the necessary separation of operational and control activities to avoid or if this is not possible to mitigate conflicts of interest.,0.5267934255661278,O
,,in contrast public authorities have the power to launch proceedings which could lead to the suspension or cancellation of permits or authorizations held by the group or injunctions to suspend or cease certain activities if they identify the slightest instance of noncompliance. these measures may be accompanied by fines and administrative or criminal sanctions which could have a significant negative impact on the groups reputation activities financial position results or outlook.,0.5065066439055029,O
,,. represent the company in dealings with third parties whether natural or legal public or private and before all kinds of authorities public officials boards and collegiate bodies chambers committees associations public property registers companies registers or public registers of any other kind trade unions mutual insurance companies executive or nonexecutive agencies whether autonomous or otherwise,0.5074490615679444,O
,,the rules of procedure article . provide in respect of governance assignments not covered by the articles of association that the supervisory board,0.5392836375445695,O
,,. section of the companies act which requires certain substantial noncash transactions involving directors to be approved by shareholders,0.530677879029253,O
,,the terms taxonomy eligible economic activities and taxonomy noneligible economic activities are defined in article and of commission delegated regulation eu .,0.5284358416729239,O
,,. acting with statutory authority or complying with any order of or giving evidence to a court or tribunal of competent jurisdiction,0.512169818837568,O
,,b ensuring that the compliance unit performs its mission and competences with regard to regulatory compliance and the prevention and correction of behaviour that is illegal or fraudulent or otherwise breaches the enags group code of ethics.,0.5152703319825327,O
,,an economic activity is said to be eligible if it is identified in the delegated acts as having a high potential to contribute to at least one of the six environmental objectives irrespective of whether the activity meets the technical criteria set out in those delegated acts,0.5078249849324562,O
,,explain the functions including where appropriate those additional to those legally provided assigned to this body and describe the procedures and rules of organisation and operation thereof. for each of these roles indicate the most important actions during the year and how they have exercised in practice each of the functions attributed to them whether in the law or in the articles of association or other corporate agreements.,0.5002391211171975,O
,,regulations in the articles of incorporation concerning the number of permissible activities in accordance with art. para. clause oaec,0.5833578719063539,O
,,assign powers to other bodies or employees if permitted by the organisation regulations and within the limits of these regulations,0.5065122567313107,O
,,mandates of a member of the group executive board of the company in legal entities outside the geberit group which are under common control as well as mandates held by such member in their capacity as a member of the supreme governing body or of the group management of a legal entity outside the geberit group or held by order and on behalf of such legal entity or legal entities controlled by it shall be deemed one mandate outside the geberit group.,0.5121427498922937,O
,,the other matters entrusted to its authority by the current regulations or by the articles of association.,0.6337131962894618,O
,,d proceed with the authorisation of services other than those prohibited in accordance with prevailing regulations.,0.5020269489156169,O
,,the organisation shall not engage in or support discrimination in hiring remuneration access to training promotion termination or retirement based on race national or territorial or social origin caste birth religion disability gender sexual orientation family responsibilities marital status union membership political opinions age or any other condition that could give rise to discrimination. the organisation shall not allow any behaviour that is threatening abusive or exploitative including gestures language and physical contact in the workplace and in all property provided by the organisation whether it owns leases or contracts the residences or property from a service provider.,0.5165374685965723,O
,,other includes group staff functions and groupwide functions not allocated to mines or smelters. this item also includes elimination of internal profit.,0.5179115708797611,O
,,opinion pursuant to article paragraph subparagraph e of legislative decree n. dated january and of article bis paragraph of legislative decree n. dated february,0.5075941614516207,O
,,. it is applied to the entire population described excluding key functions for which a specific remuneration policy and regulations are applied.,0.5369994418204267,O
,,in accordance with the taxonomy regulation the following rules were applied to define the eligibility and alignment of activities,0.5362281831353201,O
,,within the context of the statutory requirements in the nonfinancial group declaration this aspect includes one material topic governance and compliance see materiality matrix .,0.5110253331968226,O
,,the specific regulations whose provisions and the circulars guidelines issued thereunder have been examined include,0.5137353116370813,O
,,the table below summarises the mandates held in superior governing or administrative bodies of legal entities outside of the group that each executive management member was assuming as at december,0.5241728193296773,O
,,the organizational and management model pursuant to legislative decree no. its special parts and related protocols,0.5179240833413377,O
,,has been subject to any official public incrimination andor sanction by any statutory or regulatory authority including any designated professional body or,0.5431345050527779,O
,,it describes rules on gifts and invitations relations with third parties and public officials the ban on facilitation payments management of conflicts of interest patronage and sponsorship representation of interests etc.,0.5030091359805413,O
,,taking on institutional responsibilities and interacting with supervisory authorities and institutions in relation to matters within its remit and where agreed by the institutions management and administrative bodies.,0.5563105045904353,O
,,to perform their duties in accordance with statutory provisions notably those concerning limits on the number of offices and to regularly attend board and committee meetings,0.5656485349983441,O
,,grants full powers to the executive board to implement this . authorization in particular but without this list being exhaustive to,0.5367784929659661,O
,,the group is required to comply with existing and changing regulations and act in accordance with societal expectations across numerous countries territories and jurisdictions,0.5624927742023634,O
,,activities are taxonomyeligible if they match the description of the activity included in delegated acts supplementing regulation eu of the european parliament irrespective of whether they fulfill the alignment criteria.,0.5300636324675931,O
,,in the assessment of the eligibility of the businesses activities the available definitions and clarifications provided so far which are applicable to nonfinancial undertakings were used,0.5890026540185637,O
,,it verifies compliance in the various operating sectors with the limits set by the delegation mechanisms and the full and correct use of the information available in the various activities,0.5130957229291412,O
,,v a regulation includes any regulation rule official directive request or guideline whether or not having the force of law of any governmental body agency department or regulatory sel fregulatory or other authority or organisation,0.569249427544942,O
,,the taxonomy and the delegated acts issued in this regard contain formulations and terms that are still subject to considerable uncertainties of interpretation and for which clarifica tions have not yet been published in every case. therefore the legal representatives of tag have set out their interpretation of the taxonomy and the delegated acts adopted in this regard in the eu taxonomy section of the groups nonfinancial statement. they are responsible for the reasonableness of this interpretation. however due to the inherent risk that indeterminate legal terms may be interpreted differently the legal conformity of this interpretation is subject to uncertainties.,0.5079498780314484,O
,,further up to the date of the publication of this universal registration document the members of the supervisory board of the managing board and senior staff do not have potential confl icts of interest between any duties to the company and private interests. in addition there are no potential confl icts of interest between the duties carried out on behalf of the company by members of the administrative management or supervisory bodies or any senior manager of the company who is relevant to establishing that the company has the appropriate expertise and experience for the management of the companys business and their private interest or other duties.,0.505492465302457,O
,,the role and powers assigned by law and the articles of association to the joint council are described in,0.5343597813255524,O
,,. supervision of the observance of the law and of the articles of association and respect for the principles of proper administration,0.6050933741743082,O
,,opinion pursuant to article paragraph subparagraph e of legislative decree no. and article bis paragraph of legislative decree no.,0.5338716874994213,O
,,opinion pursuant to article paragraph subparagraph e of legislative decree n dated january and of article bis paragraph of legislative decree n. dated february,0.5107943713786041,O
,,the table below summarises the mandates that each board member was assuming in superior governing or administrative bodies of legal entities outside of the group as at december unless otherwise indicated in the table,0.5011635641906032,O
,,mandates in the sense of art. of the articles of incorporation www.geberit.comdownloadcenteren are mandates in supreme governing bodies or in an advisory board of legal entities that are required to be recorded in the commercial register or in a corresponding foreign register.,0.5067634710255531,O
,,our ability to ensure that our employees agents and representatives comply with applicable law and regulations,0.5118785310279079,O
,,opinion pursuant to art. paragraph e of legislative decree and art. bis paragraph of legislative decree,0.5286296680148621,O
,,compliance with legal and regulatory provisions and the articles of association and the principles of correct management,0.5235092730287308,O
,,for more information regarding governmental policies that could affect our operations see section regulation .,0.529002531789919,O
,,j carrying out any other function as is mandated by the board from time to time andor enforced by any statutory notification amendment or modification as may be applicable.,0.5466762330002539,O
,,a an administrative party may refrain from doing anything which might in its opinion constitute a breach of any law or regulation or be otherwise actionable at the suit of any person and may do anything which in its opinion is necessary or desirable to comply with any law or regulation of any jurisdiction.,0.5238341164433958,O
,,the compliance department which coordinates the compliance measures and ensures their proper implementation throughout the mobilize f.s,0.5005172169510131,O
,,iii which becomes available to the public generally other than by reason of a breach by the executive of his obligations under this agreement,0.5066989547911289,O
,,most often these public services fall under the responsibility of the competent public authorities which are directly involved in their management in various ways. they may,0.5545088559205132,O
,,o the power to determine the financial and operational policies of the entity as conferred by the articles of association or by contract,0.507542349925217,O
,,capital expenditure relating to assets or processes associated with taxonomyeligiblealigned economic activities category a pursuant to para. . of annex i art. delegated act,0.536022439617183,O
,,technip energies designs customized construction strategies to suit the size and complexity of each project. additionally the construction methods center drives innovation to continuously improve construction delivery by identifying new technologies enhancing work processes and construction systems. for instance the group has developed and deployed a software called easyplant an inhouse construction webbased application managing the entire construction lifecycle. moreover the company developed d construction and workfront management systems combined with advanced bi business intelligence. allowing to visualize plan and control all construction activities supporting advanced work packaging best practices.,0.5431282136945462,F
,,properties under construction intended for later sale for example condominium flats are valued at construction cost ias i.e. ongoing work and construction costs are activated and the subsequent valuation is at the lower value in accordance with ias .,0.6167411141777998,F
,,construction contracts represent the value of contracts in progress determined as the difference between the costs incurred plus the related profit margin net of recognised losses and the amount invoiced by the group. the following table shows how these amounts are reported between assets and liabilities,0.6047367047317476,F
,,in the newbuild business in poland occupational health and safety tasks and training are also carried out with the help of external occupational health and safety service providers. special attention is paid to occupational safety and health protection on the construction sites. a system of safety regulations regular training and weekly inspections is in place to ensure the health and safety of the companys own employees and those of subcontractors.,0.5324958713272995,F
,,at the same time digital visit and meeting formats that had proven useful during the pandemic were retained. sanitary entrepreneurs sanitary engineers trade staff and other groups involved in construction now know that relevant information can be accessed online regardless of time and place. geberit took this development into account both in its direct customer service approach and in market cultivation with a number of measures and innovative concepts. geberit is constantly increasing its activities in the area of building information modelling bim an interdisciplinary planning method that helps to optimise the entire planning and building process while enabling architects sanitary engineers building owners and building material manufacturers to share information efficiently see digitalisationbim.,0.5064550328463773,F
,,the groups construction services segment encompasses activities in relation to the physical construction of assets provided to public and private customers. revenue generated in this segment is measured over time as control passes to the customer as the asset is constructed. progress is measured by reference to the cost incurred on the contract to date compared to the contracts end of job forecast the input method. payment terms are based on a schedule of value that is set out in the contract and fairly reflect the timing and performance of service delivery. contracts with customers are typically accounted for as one performance obligation po.,0.5811383615632169,F
,,ensuring developments are built to a high environmental standard and our supply chain acts in accordance with our procedures and policies,0.5015000502961682,F
,,energy heating and cooling networks thermal and multitechnical services industrial utilities installation and maintenance of production equipment and integrated services for the comprehensive management of buildings.,0.5162361748453003,F
,,other contracts have been subscribed to fulfil specific requirements particularly in the context of building operations new work or renovation carried out as project managers.,0.5883052714651499,F
,,construction is an innately carbon intensive industry and the reasons for the increase are complex. the balance between economic design satisfying general public requirements for the built environment and delivering against environmentally satisfactory requirements that align to net zero emissions remains a challenge given two of these three elements are outside of the groups control.,0.5209899377185535,F
,,real estate developments longterm contracts comprise construction projects that are sold to third parties either prior to or during the construction phase and which are developed or completed on behalf of the buyer. the purchase contract is notarised after it is concluded. the ownership of the respective property is usually transferred after construction work is finished. recognition of these real estate developments is carried out according to the percentageofcompletion method pocm in accordance with ifrs revenue from contracts with customers. depending on how the project is structured the percentage of completion is determined based on the costtocost method or based on building assessments and project planning milestone approach.,0.5919388835019336,F
,,new colleagues are being introduced to the merchanting sector and often bring enhanced digital capability. the group is helping existing colleagues develop their digital skills to enable modern merchanting. in the majority of programmes colleagues are being taught about modern construction methods enabling them to help customers build better. in this way the group is developing the next generation for the construction supply sector.,0.519117059524575,F
,,the revenue on contracts within the construction services segment may also include variations and claims which fall under either the variable consideration or contract modification requirements of ifrs revenue from contracts with customers. these are recognised on a contractbycontract basis when evidence supports that the contract modification is enforceable or when variable consideration is highly probable that a significant reversal in the amount of revenue recognised will not occur.,0.5050827689474836,F
,,our close proximity to the market enables us to provide our customers with extensive advice and develop our products in close consultation with them. the responsible departments and employees are directly incorporated into the organisation of the respective national subsidiaries and develop cements aggregates and concretes that are optimally adapted to local needs. this development work is often carried out through direct cooperation with our customers. however our work does not end with the product but also includes providing customers with expert advice on product usage. we sell standardised products whose effects have been analysed in detail.,0.5135941240341978,F
,,within the scenario build costs are forecast to reduce across and with lower volumes reducing pressure on the availability of materials and resources and land cost remaining broadly flat as the possible increase in availability due to lower volumes is offset by a restriction in supply. an estimate for the cost of the future homes and buildings standard has been assumed.,0.5170174408240715,F
,,the following table shows the development of rightofuse assets recognised in property plant and equipment,0.5089767539156306,F
,,the private domestic newbuild market represents approximately of merchanting revenue and is primarily serviced by keyline ccf and staircraft working with national and regional housebuilders. the businesses engage at different stages of the build process with keyline typically first on site and ccf and staircraft delivering at a later stage of the process. while the housing market deteriorated later in h this did not feed through notably into volumes as completions continued but will be seen in with new housing starts forecast to slow.,0.525590345131816,F
,,through our engagement in various initiatives and associations we want to promote and accelerate developments in the area of sustainable construction and market transformation. we continued our active involvement in the dgnb in and as an official part ner in the european network ern of the world green building council. through our participation in relevant committees such as the dgnbs construction products advisory council and the erns building life implementation task force we provide support on issues specifically relating to building materials in the dgnb certification system for buildings or in connection with the erns positioning on issues concerning building materials.,0.526835562455135,F
,,detailed engineering includes among other items the purchasing of equipment main and bulk as well as all required construction documents and drawings up to afc approved for construction stage for the construction. cost and schedule control are also included within its scope. project sequences simulations are also carried out to anticipate criticalities and priorities in the execution strategy and support the advanced work packaging powered by our proprietary software dms. startup procedures are also devised at this stage.,0.6332244987588908,F
,,u structure and methodology of the charges for costs of facilities not associated with the use of these facilities cnmc rate deficit annuities regulated remuneration of mibgas s.a. etc,0.5192830918796325,F
,,reclassified from properties under construction and development sites to existing properties after the new construction,0.5078251417507225,F
,,u finance expenses relating to the financing of infrastructure projects accrued only during the construction period when the building work lasts for more than one year. in and no financial expenses were capitalised for this item.,0.5854540857231472,F
,,the construction and renovation entities have increased their turnover by especially in belgium and poland and the order intake reached a record high. some flagship projects are kanal the conversion of the former citron garage in brussels into the new contemporary art museum and zna cadix the longawaited new ultramodern hospital in the north of antwerp. the demand for wood construction continues to grow with the integrated offering by wood shapers finding its way to projects such as wooden rockwood and the roots in luxembourg monteco wood hub and naval in belgium and alliander and weener xl in the netherlands.,0.5078561783895676,F
,,the method of recognising revenue for construction contracts is outlined in note construction contracts.,0.5298834983446561,F
,,the group has many elements necessary for future business success expertise in technology and innovation strong customer relationships and a talented workforce. the group seeks to build on these strong foundations with continued investment in technological advances not only to ensure that projects are delivered on time and as efficiently as possible whilst maintaining the utmost focus on safety but also to remain market leaders in the way construction is conducted and to push the boundaries of innovation in line with achieving industryleading margins.,0.5442543271681493,F
,,in order to help the wider construction sector develop the next generation workforce that is needed the group opened its apprenticeship programmes to supply chain partners within the wider construction sector. as part of this work the group has now become the early careers and apprenticeship provider to the builders merchants federation. all apprentices now have the option to become student members of the institute of builders merchants.,0.5114485185232653,F
,,the differentiation in our fleet and service means that we provide equipment to many different sectors. construction continues to be our largest market but now represents around of our business in the us as we have deliberately reduced our reliance in this area through broadening our product offering and customer base. we continue to develop our specialty areas such as power and hvac climate control and air quality scaffold services shoring solutions and flooring solutions which represent of our us business. the acquisition of mahaffey in december provided the foundation for our tenth specialty business line temporary structures and the acquisition of comrent added the marketleading load bank business to our power and hvac business enabling us to address better the rapidly advancing electrification environment. residential construction is a small proportion of our business as it is not a heavy user of equipment.,0.5112551037786304,F
,,land and buildings are stated at cost less accumulated depreciation and any recognised provision for impairment. capital work in progress is held at cost less any recognised provision for impairment. cost includes the original purchase price of the asset and the costs incurred attributable to bringing the asset to its working condition for intended use. this includes capitalised borrowing costs.,0.5324212102783801,F
,,when building new flats we take energy efficiency and the use of resources into account from the very beginning to save co emissions. we design the buildings to be efficient and ensure that specific measures are taken during con struction. inspectors monitor the operation and performance of basic building systems such as heating ventilation and air conditioning lighting hot water and power generation systems. the inspectors are involved in the design and development phase and check the systems as part of building maintenance.,0.5445328658606126,F
,,construction starts have continued their recovery and are now above prepandemic levels with forecasts showing further growth through to . there remain significant levels of construction activity in areas such as warehouses data centres distribution fulfilment and manufacturing such as electric vehicle factories lithium battery plants and new liquid natural gas plants. we believe we are likely to see continued changes in construction focus shifting away from retail new hotels and office buildings into these kinds of infrastructure projects supporting the transition to a greener economy. these are all examples of an abundance of large scale multiyear projects that are in earlystage construction or late in the planning phase. projects that we are positioned to serve in a meaningful way more so than at any point in our history.,0.5386913604542942,F
,,these development projects are recognized depending on whether there is a customer contract for the residential units that are intended for sale. if this is not the case the valuation is performed due to the intention to sell according to ias at amortized cost or at net realizable value whichever is lower with a corresponding disclosure under real estate inventories.,0.5240733962902014,F
,,properties under construction have a different risk and investment profile to the standing assets. they are valued using the residual method being estimating the fair value of the completed project using the income capitalisation method less estimated costs to completion.,0.5028573492413775,F
,,buildings to renovate or in the course of renovation or planned projects are valued based on the value after renovation under deduction of the amount for the remainder of the work to be carried out including costs interests vacancy and risk premium.,0.5363600640832604,F
,,besides the countryspecific investment climate for residential commercial and infrastructure construction industryspecific conditions also include local weather conditions developments in the competitive situation and the regulatory environment. as the production and marketing of building materials is localised and only represents a small percentage of global trade we focus on the regions and countries that are relevant to us instead of considering a global view. details of the development in the individual countries can be found in the business trend in the group areas section .,0.5673118721812727,F
,,earnings from realisation projects amp development consists of architects and project amp development fees chf million and earnings from construction activity chf million chf millionchf million. this contrasts with directly offset sales deductions of chf million for warranty expenses construction insurance and guarantees performance guarantees bad debt allowances and thirdparty expenses arising from tendering chf million.,0.528704475511711,F
,,details of lending for construction and real estate development and the relevant allowances are set out below. the lending items shown have been classified in terms of their intended purpose rather than by the debtors nace code. this implies for example that if a debtor is a a real estate company but uses the financing for a purpose other than construction or real estate development it is not included in this table. alternatively if the debtor is b a company whose primary activity is not construction or real estate but where the loan is used for the financing of properties intended for real estate development it is included in the table,0.5625407380817509,F
,,the synergies between the two divisions real estate and projects amp development are obvious the group develops and realises sustainable projects for its own portfolio and for sale to third parties. at the same time projects amp development also carries out orders for third parties. allreal focuses on projects with calculable risks realistic contract terms and intact profit expectations. with its selective participation in the thirdparty market allreal ensures that its construction activities remain competitive.,0.5005066916156123,F
,,on the supervisory board the skills listed above should be represented as broadly and in as balanced way as possible. in addition the indepth skills of the individual members of the supervisory board should complement each other in individual fields. furthermore the supervisory board shall ensure an appropriate diversity with regard to the age structure and the respective educational and professional background of its members as well as their personal national andor international background. attention shall be paid to the time availability of the supervisory board members. the composition of the supervisory board shall appropriately reflect the national and international orientation of heidelberg materials as a leading building materials manufacturer.,0.5148371227368681,F
,,specific aspects applicable to health safety and the environment e.g. operational controls preventive maintenance emergency management accident analysis and management management of suppliers and contractors audit activities management of chemical or hazardous substances,0.5046269134127348,F
,,these commitments mainly consist of commitments received from our partners in respect of construction contracts.,0.5475120390966208,F
,,items of property and equipment held for use in production or for the supply of goods and services are classified as such under ias .,0.5139601840693475,F
,,warranties are requested from the contractor in order to ensure the risk of responsibilities during construction phases.,0.5704394486343972,F
,,construction cycles. these have followed one of two patterns. from to and from to the initial recovery was very aggressive but the overall cycle was relatively short. in contrast from to and to the cycle was characterised by a more gradual recovery over a longer period of time. the initial forecasts for the next cycle are more similar to the last two cycles.,0.5009810304560243,F
,,the activity subject of the contract falls within the scope of ordinary activity of the saipem group in particular of the asset base services business line offshore drilling sector,0.5141874433996847,F
,,innovative frameworks in the uk such as the crown commercial services ccs the nhs shared business services sbs and the scape civil engineering frameworks continue to evolve and redefine how construction is procured nationwide. balfour beatty is participating as a major contractor on these frameworks and it has recently officially signed as the sole contractor to both the new scape scotland and scape england wales and northern ireland civil engineering frameworks. both scape schemes will deliver a wide variety of projects to the market with a combined value of up to bn over the coming years.,0.5804099040167965,F
,,despite the challenging global macroeconomic context the short and mediumterm outlook for the indian cement sector remains favourable a.o. driven by major government sponsored infrastructure projects such as the national master plan aimed at developing indias road rail and airway infrastructure in a holistic way enabling multimodal connectivity across all economic zones. in addition the governments continued focus on affordable and rural housing and the above average monsoon in is expected to drive rural demand. overall the indian government increased the allocation for capex spending in its budget by .,0.5362148788972463,F
,,in the onshore engineering amp construction sector the capital expenditures incurred in are related to the purchase and maintenance of equipment in addition in canada the testing and startup phases of the saintfelicin plant which is included in the scope of the co solutions technology acquisition were completed.,0.5031861535996766,F
,,in addition to ensuring efficient operations importance will in future be attached to realising the potential value in the development projects securing assets and freeing up capital by selling properties and projects that are not to be further developed. current development projects entail a need for investments during the construction period while gains are primarily expected to be realised in the period .,0.5395280845568542,F
,,kwun tong composite development a hk billion contract to design and build a storey building for a new college and a storey community and welfare amenities building with the scope of works also including basement car parks elevated walkways and roads,0.5073210323031342,F
,,the group is obliged under the reservoirs act to maintain its hydro infrastructure network including its dams tunnels and other hydro civil engineering structures hydro civil assets. all items of property plant and equipment within hydro civil assets with the exception of land are subject to depreciation.,0.5021665632583935,F
,,our contractors and subcontractors are included in our safety and health performance data and must fully comply with our standards and procedures. in we placed special emphasis on the effectiveness of our special corporate health and safety regulation for contractor and subcontractor companies recss continuing to embed this updated contractor management manual across the organisation to ensure an adequate understanding of our requirements and supervision of contractor tasks.,0.5139001438525522,F
,,unlike in the uk most of the projects undertaken by us construction remain on fixed price contract terms. the group continues to focus on controlling the range of outcomes from these projects with the early issuing of subcontracts and bonding of the supply chain which helps to reduce the lossmaking portion of the project portfolio.,0.5067791732671013,F
,,the construction sector is the same only a year ago its order books were bursting at the seams. and here at vonovia we had to be very creative in order to be able to realize our projects. the market has however been turned on its head within a very short space of time. because they are smart entrepreneurs construction companies will be thinking very carefully about whether they want to ramp up their capacities to the same extent the next time there is a surge in demand. and this ultimately brings us back to the same point we need policymakers to ensure a predictable and reliable environment.,0.5333169946950007,F
,,in the year the buildings business booked material new phases of existing contracts and standalone new contract awards including,0.5667009702543113,F
,,the group primarily conducts its activities under concession construction nonconcession lease and operation and maintenance contracts.,0.5209770807914534,F
,,the consolidated financial statements include revenues related to the projects segment for euro million. these revenues and the related margins are mainly derived from construction contracts and are recognized in the income statement considering the progress of the projects in accordance with the percentage of completion method which is determined on the basis of actual costs as compared to expected costs.,0.5184531573697211,F
,,usually granted by the local planning authority this permission allows a plot of land to be built on change its use or for an existing building to be redeveloped or altered. permission is either outline when detailed plans are still to be approved or detailed when detailed plans have been approved.,0.5047576280791817,F
,,for regional work balfour beatty was once again appointed as the sole contractor to both the scape civil engineering framework covering england wales and northern ireland and the scape scotland civil engineering framework covering the entirety of scotland. the frameworks are worth up to billion and million respectively. both frameworks which enable local authorities and other public sector bodies to commission works through a procurement process that provides a quick route to market cover a period of four years with two oneyear extension options.,0.5743539790062027,F
,,construction related service revenue primarily relates to the contracting and rail business which was disposed on june . for construction related services revenue is recognised for each identified performance obligation over time by applying an input method to determine the proportion of total contract revenue being fixed price consideration plus the latest estimate of variable consideration that should be recognised. the input method applied is calculated by reference to the costs incurred to date on that performance obligation relative to the total expected costs to satisfy that performance obligation provided the contract outcome can be assessed with reasonable certainty. revenue from noncontracted agreements or variations to contracted work is only recognised to the extent there is additional supporting evidence to their recoverability and may be subject to constraints on recognition. revenue on contracts in customer dispute is recognised only to the extent it is considered to be highly probable that the revenue will be recovered.,0.5507845247513956,F
,,the eligible shares of activity consist of additions to buildings and rightofuse assets for buildings and fixtures. thereof result from business combinations.,0.5000120767664236,F
,,our longterm working relationships with reputable subcontractors ensure that we can maintain the availability and quality of materials and labour. we work closely with subcontractors to ensure health and safety on construction sites is a priority and any risks are identified and managed effectively. where health and safety standards are not being maintained we move quickly to address the issue removing subcontractors from site or addressing the issue through educational means such as toolbox talks.,0.5000045340515296,F
,,if we have made the decision not to launch any new investment projects at the moment this is not because we did not want to launch them but rather because we cannot ignore the development in construction prices and interest rates. when we decide to invest we always have to consider the triad of construction costs affordable rent and subsidies. at the moment it is virtually impossible to implement new construction and modernization projects at reasonable conditions. construction costs are rising dramatically due in particular to financing costs. a large part of the population is unable to pay rising rents.,0.5044108355310436,F
,,member of the advisory board of the association of consulting engineers specialist advisor to the house of lords science amp technology committee assisting their report on offsite manufacture for construction member of the uk governments construction leadership council jan chair of the uk governments green construction board ceo skanska uk plc several leadership positions within skanska uk plc area manager and contracts manager balfour beatty plc trafalgar house .,0.5238870349808291,F
,,these three activities are listed in the delegated act under the manufacturing sector and subsector manufacture of energyefficient equipment for buildings .,0.5252395099908904,F
,,development real estate includes land reserves buildings under construction and completed properties whose ownership has not yet been transferred. if the criteria for investment real estate under construction mentioned in are not met such projects are carried on the balance sheet as development real estate.,0.5003195237850783,F
,,demolition has completed and sub and superstructure works are progressing well. of construction costs of the office element have been fixed of total. following the postyear end prelet to pimco the commercial element of the scheme is preletsold. the mid stage embodied carbon estimate is c. kgco esqm.,0.5438523110219022,F
,,the uk construction order book grew by to billion billion and increasingly consists predominantly of work for public sector and regulated industry clients and lower risk targetcost and costplus work .,0.5226036936615936,F
,,the project delivery segment provides comprehensive engineering procurement and construction delivery capabilities globally. the companys key capabilities leverage its operational and technical excellence as a global provider of engineering procurement and construction services for the markets described in the introductory chapter of this annual report under section our markets from traditional to emerging. epc contracts are undertaken under various contractual schemes and include fixed lumpsum reimbursable and hybrid contracting models based on selectivity and risk assessment work carried out by technip energies teams during the early engagement phases.,0.5247606021961065,F
,,modern and properly functioning infrastructure is of central importance for the sustainable development of society and the economy. it ensures water and energy supplies as well as secure transport and communication networks to homes neighborhoods cities industrial facilities and public buildings such as train stations and airports. in the construction of grids and plants bkw provides support to customers in the energy transport telecommunications and water sectors. the companys services are supplemented by environmentally friendly lighting solutions. with its interdisciplinary team of experts the bkw group makes available to its customers a unique pool of knowledge for planning and implementing construction projects in the public realm.,0.5249700922622144,F
,,construction contracts revenues are recognized in accordance with the stage of the project completion.,0.5417043344372401,F
,,even before their construction is finished we recognise properties under constructiondevelopment sites with future use as existing properties in accordance with ias investment property if their fair value can be reliably calculated in the same way as existing properties that have already been occupied. an important factor for this reliable determination is the existence of a valid building permit. if a reliable determination is not possible we recognise the properties under constructiondevelopment sites at cost. directly attributable borrowing costs for properties under construction are recognised as capitalised interest expenses.,0.6058229640127747,F
,,in the group established an exceptional provision for the cost of replacing acm on a small number of legacy developments which was increased in to reflect the latest estimate of costs to complete the planned works. following the guidance issued by rics in the group announced an additional million provision to fund cladding fire safety improvements. in the group signed up to the governments building safety pledge for developers and recognised an additional provision of million. the group estimates the provision based on the number of buildings that may require works under ews requirements and the costs to carry out the identified works. in determining the total cost of works across a number of different buildings management initially used internal qs estimates which have increasingly been supported by externally sourced quotations where available both of which contain inherent estimation uncertainty however it is not anticipated that any reasonable possible changes would lead to a material adjustment in the value of the provision.,0.52207012718245,F
,,includes infrastructure public new building housing and nonhousing and public housing rmi and nonhousing rampm.,0.5708908963254892,F
,,demand in the construction sector is likely to remain mixed in the current year. the good order situation for infrastructure projects and parts of the nonresidential construction sector should offset the decline in resi dential construction. cost developments on the energy and raw material markets remain volatile although energy prices currently appear to be easing somewhat. the focus is therefore on further price adjustments and strict fixed cost management.,0.5397654584393363,F
,,damages arising during construction in terms of civil liability are covered annually for an amount of million and during the operating phase for an amount of million.,0.5118919126585207,F
,,installation and maintenance of safety equipment such as gauges level alarms fire defences gas detection systems etc.,0.5241584622760502,F
,,the value of the contract is chf million including applicable vat. the construction should start at the earliest in and last three years but is subject to the delivery by public authorities of the required construction permits. reference is made to note g.,0.5815325938402511,F
,,judgement is exercised in identifying performance obligations including achieving a prelet managing the building of an asset and arranging for lease completion. certain performance obligations such as achieving a prelet or letting are recognised at a point in time and others such as managing the construction of an asset are recognised over time based on the actual service provided to the end of the reporting period as a proportion of the total services. management determines the stage of completion of an asset by assessing the total costs incurred on a project as a proportion of the total costs expected to be incurred. a judgement is formed over the level of other operating income to be recognised in any accounting period which also takes into account any associated costs borne under the corresponding development management agreements.,0.5010555337677229,F
,,the calculation methodology was adjusted in and relates only to the cement and readymixed concrete business lines. for the cement business externally purchased mineral components cement and clinker are considered for readymixed concrete the emissions contained in the purchased cement. the additives in readymixed concrete previously recorded are excluded.,0.5052086750403252,F
,,assets under construction are carried at cost less any recognised impairment losses. depreciation of these assets commences when the assets are ready for their intended use.,0.5114772992591436,F
,,buildings and installations buildings and installations include buildings and installations for production purposes as well as office rent,0.5606381494160497,F
,,the groups policy is to state property plant and equipment at cost less accumulated depreciation and any recognised impairment loss. property is not revalued for accounting purposes. assets in the course of construction are held at cost less any recognised impairment loss. costs include professional fees and for qualifying assets borrowing costs. leasehold buildings with lease premiums and ongoing peppercorn lease payments are considered insubstance purchases and are therefore included within the buildings category of property plant and equipment.,0.5204077061072205,F
,,infrastructure investments acquisition operation and disposal of infrastructure assets such as roads hospitals student accommodation military housing multifamily residences offshore transmission networks waste and biomass and other concessions. this segment also includes the groups housing development division.,0.5492898502811286,F
,,the contractual conditions are based on clients standards in line with contractual standards of international industrial projects,0.5240577177042699,F
,,a construction contract is a contract specifically negotiated for the construction of an asset or a combination of assets complex sections of installations equipment that are closely interrelated or interdependent in terms of their design technology and function or their ultimate purpose.,0.6172834033835809,F
,,in the construction industry this development could lead to a shift away from personnelintensive construction on site towards industrial production of prefabricated components and modular construction systems.,0.6211704924737688,F
,,the central purchasing department manages all supplier relationships and the entire procurement management across the group. individual orders may also be issued decentrally. central purchasing determines the requirements of the entire group and places them on the market keeping an eye on ecological and economic aspects. procurement is carried out through framework agreements into which compliance requirements and sustainability standards are integrated. in most cases our construction service providers are additionally connected to our craftsmens link an online portal in connection with vacant apartment refurbishment and partial maintenance measures.,0.5367009860825996,F
,,the development of economic output is also reflected in the expectations for the construction industry.,0.5412298103576293,F
,,includes and thousand euro as of december and respectively in connection with construction and real estate development.,0.5329275866773239,F
,,these transactions although qualified as major significance transactions are configured as ordinary transactions concluded under equivalent market or standard conditions and are therefore exempt from the procedural and reporting obligations established for major significance transactions not included in the exemption cases under the regulation and the procedure implemented by the company section given that i the activities subjects of the contracts fall within the ordinary scope of saipem and specifically the business line asset based services offshore construction sector ii the contractual conditions are based on clients standards in line with contractual standards of international industrial projects iii more in general the contractual terms and conditions agreed for this contract are in line with those applied to similar contracts for offshore engineering amp construction services entered into with third parties not identified as related parties of saipem iv the contract envisages expected margins that are not lower than the average margins envisaged for similar contracts in the last three years in the offshore engineering amp construction business segment decreased by .,0.5120907181188662,F
,,services include the design construction and financing of the construction of a specific assetinstallation on behalf of the customer and the operation of the asset concerned.,0.5309801867538648,F
,,where assets are in the course of construction at the balance sheet date they are classified as capital workinprogress. transfers are made to other asset categories when they are available for use at which point depreciation commences.,0.5105685416437569,F
,,revenue recorded on a completion basis for assets and infrastructure under construction in accordance with ifrs,0.528953731303393,F
,,heidelberg materials primarily generates revenue from simply structured sales of building materials such as cement aggregates readymixed concrete and asphalt for which the control is transferred to the customer at a specific point in time. in the context of the sale of the products separate performance obligations may arise from transport services as well as from services directly related to the sale of the products. these services are generally performed at the time that the control of the products is transferred. in a few exceptional cases the transport services are performed after the control of the products has been transferred. in accordance with ifrs revenue from contracts with customers the revenue relating to these transport services is realised later than the corresponding product revenue.,0.5108487079122125,F
,,the group estimates the provision based on the number of buildings that may require works under ews requirements and the costs to carry out the identified works. in determining the total cost of works across a number of different buildings management initially used internal qs estimates which have increasingly been supported by externally sourced quotations where available both of which contain inherent estimation uncertainty however it is not anticipated that any reasonable possible changes would lead to a material adjustment in the value of the provision. the scope of works may also be impacted by future industry guidance or regulations.,0.5263758294502218,F
,,distributes insulation and interior building products from just under branches to contractors throughout great britain. supports the new build and renovation of both domestic and commercial buildings with service and specialist knowledge.,0.5064243776443017,F
,,activity renovation of existing buildings the group carried out renovation work on buildings excluding storage and distribution facilities for fossilbased products,0.5471030282604591,F
,,the high quality development was certified breeam very good or excellent and consists of five buildings totalling sq ft and ranging in size from sq ft up to sq ft.,0.5293645486243986,F
,,. in the group recognised a provision of m in relation to rectification works to be carried out on a development in london which was constructed by the group between and . the rectification work will include the replacement of stone panels affixed to the faade of the development to meet performance requirements. the provision was calculated in line with a methodology based on an independent experts assessment of the rectification and included an estimate of costs associated with any potential consequential disruption to the development as a result of these rectification works. the provision did not include potential recoveries from third parties. the group presented this within nonunderlying items due to the size of the defect provision.,0.5488216080640704,F
,,recognition of these real estate developments is carried out according to the percentageofcompletion method pocm in accordance with ifrs revenue from contracts with customers. depending on how the project is structured the percentage of completion is determined based on the costtocost method or based on building assessments and project planning milestone approach. the method applied in each case is the method by which the percentage of completion can be determined most reliably. the cumulative costs and realised sales proceeds according to the percentageofcompletion method are reported in the income statement on an ongoing basis.,0.51588105274408,F
,,the groups strong global presence enables it to meet the needs of its international customers such as leading multinational companies by implementing a global commercial approach while ensuring that all countries in which it operates can benefit from its innovation capacities and leading technical expertise. furthermore the groups international organisation allows it to establish the best industrial and commercial practices at group level which it then strives to share consistently across its different sites and also provides the means to develop a global purchasing policy and obtain the best conditions for its procurement operations.,0.5252191980546935,U
,,the economic activities of the lufthansa group were initially allocated to the relevant taxonomy activities and those activities identified which are taxonomyeligible according to the descriptions provided in the eu taxonomy. the lufthansa groups taxonomyeligible economic activities can be allocated in full to the eus first environmental objective climate change mitigation.,0.5182700707784704,U
,,as many as events were organised during attended by an average of about participants. these included meetings to support business development in the region country presentations on the countries with the greatest business opportunities and technical training courses on foreign trade methodologies.,0.5150007400302207,U
,,all taxonomyeligible economic activities are classified under the environmental objective of climate change mitigation annex i. the following table shows knorrbremses taxonomyeligible economic activities table,0.5010611713418216,U
,,dieteren group has acted in good conscience and has rigorously followed the scope in the definitions provided by the delegated acts and the information provided in the faq published by the eu commission in october . activities that were deemed not to fall within the scope of these definitions were omitted. if there was doubt regarding the inclusion of a certain activity the activity was deemed as noneligible. in addition to that for some of the businesses covered parts of the required financial information on the business activities was not yet available. this prevented making the link between these economic activities and the eu taxonomy.,0.5291549456104586,U
,,as for the topics to which particular attention was dedicated courses on industry regulations such as antimoney laundering mifid ii and ivass should be highlighted as well as training on financial investment advice and insurance mediation the credit sector sustainability and esg factors personal data processing usury market abuse the consumer code and the provision of treasury services.,0.5096919242200328,U
,,for the financial year the group considers that among its various industrial and service activities the following activities are eligible for the taxonomy,0.517264112041652,U
,,as the last step in the eu taxonomy alignment assessment umicore has assessed its eligible economic activities against the minimum safeguards. the minimum safeguards requires a taxonomy activity to be carried out in alignment with the oecd guidelines for multinational enterprises and the un guiding principles on business and human rights including the declaration on fundamental principles and rights at work of the international labour organisation the eight fundamental conventions of the ilo and the international bill of human rights. umicore has performed an assessment of its relevant processes procedures policies internal controls related to the minimum safeguards and evaluated the,0.5216546919011972,U
,,n international graduate programme to enable young european graduates to benefi t from an international experience between to months with possible rotations from one country to another,0.5034822198088207,U
,,total membership fees spent in amount to million. among the main memberships we highlight the one to the industrial associations and specifically to assolombarda aimed at receiving support mainly in the management of industrial relations also at a local level and getting updates on operational issues in the sector as well as increasing knowledge of the company and its services to the entire industrial association system. moreover we highlight the membership to the world economic forum aimed mainly at strengthening the relationship with the highest levels of the most important stakeholders at an international level companies government and civil society and with associations active in the energy transition .,0.5168079253441917,U
,,be carried out in alignment with the oecd guidelines for multinational enterprises and un guiding principles on business and human rights including the declaration on fundamental principles and rights at work of the international labour organization ilo the eight fundamental conventions of the ilo and the international bill of human rights minimum social guarantees.,0.5137942761160524,U
,,per activity included in any of the annexes of the eu taxonomy a precise definition is provided describing the economic activities that fall within the scope of the eu taxonomy. the eligible activities reported in these disclosures were activities that fall within the definitions provided by annexes climate change mitigation and climate change adaptation of the eu taxonomy.,0.5170474940190103,U
,,inquiries of group level personnel in order to understand the processes for identifying relevant economic activities according to the eu taxonomy regulation.,0.508130770597621,U
,,for its activities to qualify as taxonomyaligned an undertaking must implement procedures to ensure the alignment with the oecd guidelines for multinational enterprises and the un guiding principle on business and human rights including the principles and rights set out in the eight fundamental conventions identified in the,0.5219394337845005,U
,,. comprised by members including representatives from the european institutions ngos the academic world and international press.,0.5060195737487968,U
,,information relating to environmental matters social and employeerelated matters respect for human rights anticorruption and bribery matters which is relevant to the activities and characteristics of the group is reported to the extent necessary for an understanding of the groups development performance position and impact of its activity. it comprises a description of the,0.5358809529243865,U
,,in addition the group constantly monitors developments on the global geopolitical stage which as a result for,0.5289158685406401,U
,,oecd organisation for economic cooperation and development composed of thirtyfive developed countries having in common a democratic system of government and a free market economy.,0.5245446573718041,U
,,based on the standard table as provided in the eu taxonomy article delegated act annex and as no economic activities qualify as taxonomyeligible qiagen reports the following condensed format of the table for,0.5131916858594802,U
,,the company needs to identify if its activities are eligible under the eu taxonomy. as of january we are also required to determine which eligible activities in relation to the two objectives climate change mitigation and climate change adaption are taxonomyaligned. the eu taxonomy also sets out three conditions that an eligible economic activity must meet to be recognised as taxonomyaligned,0.519349997168904,U
,,topics that are necessary to form an understanding of the business performance the financial results the companys position and the effects of brenntags activities on nonfinancial aspects environmental social and employee matters respect for human rights anticorruption and bribery matters responsibility in the supply chain and sustainable governance,0.5242626543825559,U
,,the topics covered by these events included in particular a training course for the members of the audit committee on the eu taxonomy and two events for the members of the supervisory board concerning lufthansa cargo on march and the customer and brand relationship on september . two training events held on may and december focused on it and digitalisation.,0.5175529386450852,U
,,it specifies that these principles apply to both group companies and suppliers. in particular explicit reference is made to the universal declaration of human rights the charter of fundamental rights of the european union the charter of fundamental principles of the international labour organization which covers freedom of association the fight against forced labour child labour and the fight against discrimination and the oecd guidelines. it is also a member of the united nations global compact which invites companies to adopt support and implement in their sphere of influence a set of core values relating to issues involving human rights labour standards environment the fight against corruption and the un guiding principles on business and human s,0.5054881163515291,U
,,a.s.r. also assesses businesses for their compliance with international conventions such as the organisation for economic cooperation and development guidelines,0.5143117297364798,U
,,being able to count on professionals who combine specialised skills with an indepth knowledge of international markets and their protagonists,0.5039465476835852,U
,,in order to assess an economic activity a twostep analysis must be performed with regard to eligibility and alignment. according to the eu taxonomy regulation economic activities are taxonomyeligible if they match the activity descriptions in annexes i and ii of the delegated act of june or the supplementary delegated act of march and potentially contribute to the achievement of one of the six environmental objectives. t o determine alignment each activity must be assessed as to whether it makes a substantial contribution to any given objective of the eu taxonomy while doing no significant harm dnsh to any of the other objectives. moreover minimum safeguards for compliance with human rights including labor and consumer rights and in the fields of bribery and corruption prevention taxation and fair competition must be guaranteed for each activity.,0.517712872426037,U
,,the criteria for the ecosustainability of economic activities outlined in article of the taxonomy regulation call for respecting minimum safeguards when conducting business referred to in paragraph c in addition to the principles of substantial contribution and do no significant harm. the rule under article identifies the ms with the procedures implemented by a company to ensure that business conduct complies with the oecd guidelines for multinational enterprises and the united nations guiding principles on business and human rights. this includes identifying the principles and rights set out in the eight core conventions identified in the international labour organisations declaration on fundamental principles and rights at work and the international bill of human rights.,0.5029800943849222,U
,,d  list individually any transactions that are significant due to their amount or relevant due to their subject matter carried out by the company or its subsidiaries with other related parties in accordance with the international accounting standards adopted by the eu which have not been reported under the previous headings.,0.503283072579185,U
,,reports published by the ilo which may go beyond just the rights identified in the global framework agreements.,0.5088433261169298,U
,,on the basis of the allocation of activities to the taxonomy interviews and workshops were held with the relevant contacts and experts in the departments and the main group companies. the purpose of these discussions was to identify and analyse their taxonomyeligible economic activities.,0.5350934059206103,U
,,. map the identified economic activities against the descriptions of the taxonomy activities included in annex and in the delegated climate acts,0.5066286882927997,U
,,documents like the organization for economic cooperation and development oecd guidelines for multinational enterprises and the united nations guidelines on business and human rights as well as the conventions and declarations on human rights and fundamental principles and rights at work defined in the eu taxonomy.,0.5113555137838465,U
,,the organisation for economic cooperation and development is an international organization that works to build better policies for better lives. their goal is to shape policies that foster prosperity equality opportunity and wellbeing for all.,0.5208787414060444,U
,,purchased standard ingot is the primary source for this purpose. as this element is neither manufacture of primary nor secondary aluminium the revenue is adjusted for the share of aluminium added on a tonnage basis. the eligible share of revenue from sale of casthouse products only covers the sale of aluminium produced by hydro.,0.5153169356417303,C
,,heidelberg materials other business activities such as the readymixed concreteasphalt business line are taxonomynoneligible under the currently known legal acts. we also analysed crosssectional economic activities for the capex and opex kpis but this did not result in any additional reportable activities.,0.5292614052191281,C
,,more optimised design and manufacturing processes for metallic and composite components can improve the buytofly ratios as well as reduce weight material consumption energy consumption and production costs. for instance forming technology has led to an aluminium material reduction of for some parts compared to machining from a plate.,0.5326231389152065,C
,,where property plant and equipment is made up of components with different useful lives these are recorded as separate items.,0.5291592068097396,C
,,it also clarifies the concept of recovery disposal end of waste status and byproducts and requires the establishment of separate collections for paper metal plastic and glass as a minimum.,0.5561748007178081,C
,,significant and recurring investments in the renovation of the groups industrial equipment e.g. furnaces the compliance and safety of production equipment and facilities and productivity improvements,0.5177897021964725,C
,,industry median fem factories filer used industry sector apparel footwear accessories includes handbags jewelry belts and similar products and facility type final product assembly printing product dyeing and laundering material production including textile rubber foam insulation pliable materials,0.5284457027802029,C
,,recycling postconsumer scrap comes with challenges. the metal has to be collected and properly sorted before being recycled back to high quality products. the main challenge with postconsumer scrap is to make sure that the quality of the metal is preserved in the recycling process and to identify the alloys and properties of the used metal we purchase. hydro produces extrusion ingot with a high share of postconsumer scrap e.g. our circal products we work together with customers to develop new markets and specifications for products with a high recycled content whilst developing even more advanced sorting technology.,0.5233793106556518,C
,,the process responsibilities are mapped in the management system of the comet group. essentially product quality and conformity are de,0.501406229165502,C
,,b finished goods and work in progress at actual cost which includes raw materials direct labour and direct and indirect manufacturing overheads based on normal operating capacity.,0.554970895334338,C
,,in verallia endeavored to homogenize its waste processing practices at its sites across the world in order to continue developing the circular aspect of its manufacturing. the group carried out varied standardisation projects to improve the efficiency of waste management and product endoflife thereby promoting reuse of recycled materials.,0.521363814286618,C
,,in addition about tonnes of refiner segments and winder slitters are taken back for recycling each year. we are exploring extending the take back offering to other products. all valmet foundries have targets for the use of recycled metal. in the share of recycled steel and iron in valmets foundries was percent. we are also exploring the increased use of recycled polymers in fabrics production.,0.5014411646198694,C
,,this category includes the emissions generated by product transportation and distribution activities that are not controlled or paid for by the reporting entity. specifically the scope of category includes exworks exw deliveries and other incoterm types.,0.522697309162562,C
,,in the body assembly plants the recycling technology is more complex because the water used in the manufacturing process surface treatment and electrocoating must be of very high quality. the treated waste is subjected to a reverse osmosis process a membranebased water demineralization process then an evapoconcentration process high concentration of effluent through different evaporation stages allowing most of the water to be reused in industrial processes and minimizing the quantities of waste generated.,0.5304298247729258,C
,,. describe the processes in place to safely reclaim your products for reusing recycling and disposing at the end of life for a plastics including packaging b ewaste c hazardous waste and d other waste.,0.5009699466980448,C
,,alloying material varies from less than up to around . the value of alloying materials is considered an integral part of the product and its value thus included in revenue from eligible activities. in production of casthouse products in particular for recycling of postconsumer scrap cold metal with a known purity is added to achieve the intended properties of the casthouse product. purchased standard ingot is the primary source for this purpose. as this element is neither manufacture of primary nor secondary aluminium the revenue is adjusted for the share of aluminium added on a tonnage basis.,0.5780878054489793,C
,,the recycling business unit has seven recyclers that convert scrap metal and standard ingot into extrusion ingot. these plants have a total annual capacity of around tonnes. it also operates the scrap shredding and sorting plant in dormagen germany with sorting capacity of tonnes of postconsumer aluminium scrap per year. in addition recycling has several greenfield and brownfield projects under construction. the recyclers provide customers with flexible energy efficient and tailor made metal supply with a lowcarbon footprint.,0.5299082509980342,C
,,industrial reflects manufacturing logistics and purchasing efficiencies and inefficiencies as well as changes to costs of raw materials. warranty and compliance costs are also included here,0.5598606326784559,C
,,in the short term many of the climate and environmental risks are either regulatory or linked to the impact of our operations on the environment. increasingly stringent regulations on energy use and emissions can induce higher operational costs and our license to operate is predicated on managing the impact of our operations in the communities where we operate. any incident in a plant can affect emissions in air or water and increase noise impacting the immediate surroundings which is in fact a risk on any time horizon. there is also an environmental risk linked to the shipment of materials. many of the materials umicore processes such as scrap and residues are classified as dangerous goods and maritime and air transport are increasingly reluctant to ship this hazardous material.,0.5065826542773508,C
,,related to the purchase of output from taxonomyaligned economic activities and to individual measures enabling the target activities to become lowcarbon or to lead to greenhouse gas reductions as well as individual building renovation measures as identified in the delegated acts adopted pursuant to article article article article article or article of regulation eu and provided that such measures are implemented and operational within months.,0.509407313469862,C
,,in line with the provisions the opex incurred to purchase enabling products or in relation to enabling manufacturing processes have been claimed by the economic activities carried out by eni in compliance with art. of the taxonomy regulation so that do not lead to a lockin of assets that undermine longterm environmental goals considering their economic life. in this context the opex incurred by the eampp sector to increase energy efficiencyreduce co emissions at oil amp gas plants were excluded. this principle has also been applied to capex.,0.5182759219006497,C
,,as heidelberg materials has a decentralised structure the individual country organisations take responsibility for all areas of the operating activities including compliance with legal provisions and regulatory conditions. this also covers the correct recording and transmission of all necessary production operating consumption and emissions data that heidelberg materials is obligated to provide by law or by regulations or has committed itself to providing voluntarily. in principle the site management is essentially responsible for environ mental protection management at their respective plant.,0.5258901929618047,C
,,to comply with all applicable chemical regulatory requirements in the countries where we either manufacture andor sell chemicals covering raw materials intermediates processing aids and products,0.5047297844518897,C
,,we aim to analyze our impact on the material environmental aspects in both the manufacturing and services areas as the risks of financial or reputational costs linked to environmental litigation are expected to increase. also reducing inprocess material is essential for many industries affected by growing natural resource scarcity. dedicated monitoring of natural resource consumption and wastegenerating activities can lead to lower costs and in some cases new business opportunities. this is why we assess trends and adapt our activities if deemed essential to support the sustainable longterm growth of our business. in the progress and measures in section on pages f. we report on our activities and projects in the reporting year.,0.5435575570474926,C
,,inventories include raw materials supplies semifinished goods finished goods and trading goods. raw materials are measured at the lower of acquisition or production cost and net recoverable value. acquisition or production cost are measured using the moving weighted average price method. production costs comprise all manufacturing costs including an appropriate share of production overheads. they are measured at standard costs.,0.5142356971778564,C
,,products involving the use of electricity gas or dangerous substances or those containing such substances need to be appropriately labelled in accordance with the prevailing standards and laws. this includes providing information about the target group and its qualifications as well as the intended use and the existence of substances subject to labelling requirements. the distributorsupplier must publish this information in a national language of the target market in accordance with the prevailing laws and regulations. whenever possible plastic components must feature material labelling in order to facilitate recycling. in order to meet the increased demand for digitally available data a medium to longterm goal is the creation of a material passport for each individual product.,0.5549651206255427,C
,,this applies to both purchased raw materials and goods for resale. purchased goods are not recognised as a cost until the goods are in the manufacturing process.,0.506024525321338,C
,,we measure success by avoiding landfill disposal. for nonhazardous wastes the inputs are all materials that are deemed waste at the end of a manufacturing engineering or logistics purpose including sitesupporting waste such as office materials. this includes,0.500218008036464,C
,,the process of updating the materiality of the group comprises four phases as indicated in the guidelines for gri standard material topics which are discussed in the following sections,0.5189162764312585,C
,,inventories of purchased goods are measured at the lower of average cost or expected net selling price. obsolete goods are written down to their expected future selling price. raw materials and goods in process as well as work in progress are recognized at the lower of their full manufacturing cost or expected net selling price. manufacturing cost includes direct and indirect costs including a share of fixed manufacturing costs.,0.5298132594494893,C
,,although this is the second year for reporting asm underlines that the eu taxonomy is still new and evolving. furthermore one specific category within the eu taxonomy manufacturing of low carbon technologies close to the activities of asm is subject to interpretation. similar to previous year asm applied a strict interpretation which requires that products are directly aimed at substantial ghgemission reductions in other sectors of the economy not being customers down the value chain. therefore none of the turnover was considered eligible for this specific economic activity . asm did not identify any other potentially relevant economic activities listed in annex i or ii to the climate delegated act therefore of the total turnover is reported as eligible and aligned.,0.53145292393299,C
,,all of our products handled raw materials and intermediates need to comply with all applicable chemical regulatory requirements in the countries where we manufacture andor sell chemicals. assessments examining regulatory compliance human health impact safety issues and environmental protection aspects all form part of our product lifecycle management process from conception and development to manufacturing and sales and finally to product elimination. all data related to chemical products and substances including raw materials is managed in enterprise resource planning system and is linked to product lifecycle management toolprocess.,0.5564513364102618,C
,,feed a smelters raw material input i.e. the amount of metal concentrate or secondary materials processed and refined. free metals the percentage of metal in concentrate purchased that an individual smelter can process over and above the payable metal content. free metals generate income without incurring a raw material cost.,0.5214044453236159,C
,,some activities related to these obligations are currently performed as integrated processes with ongoing deposit of residues produced in the alumina production. for hydro aluminium metals closed kurri kurri smelter site in australia we have obligations to remediate certain contaminated areas at the site and have now secured approval for the appropriate longterm containment of historical spent pot lining and certain other waste material. the work is progressing and is expected to be completed early . once completed and following a management period of five years the containment cell will transfer to state ownership. further hydro has provided for various remediation obligations in hydro extrusions related to both closed sites whether previously operated or not and for some currently active sites.,0.5141190756121342,C
,,the wide range of mtiers prevents an overall waste management policy other than the general principle of avoiding its production and working to improve its reuse and recovery. waste management is therefore entrusted specifically to each manufacturing division by means of a dual policy of waste reduction and recycling wherever possible. the main contributors are the tanneries textile crystal manufacturing leather perfumes and real estate divisions.,0.5506381012976858,C
,,the sasb has developed a comprehensive set of industry manufacturing standards that were published in november . they identify a minimum set of sustainable development themes and associated indicators that a company characteristic of an industry segment should publish because of their materiality.,0.5803068324751385,C
,,material extraction and production phase hazardous substances weight cvs division choice of materials incl. proportion of secondary material origin of materials conflict minerals,0.5733547471837193,C
,,hazardous waste is defined in accordance with the legal or regulatory framework applicable within the countryjurisdiction where the waste is generated or if this is not available in accordance with the eu waste framework directive. percentage recycled excludes incineration with energy recovery.,0.5037580211700667,C
,,plans to improve the efficiency of industrial processes allowing resource use to be optimized and waste to be minimized and recovered.,0.5016264656099072,C
,,als produzierendes und energieintensives industrieunternehmen resultieren risiken und chancen aus preisveränderungen sowohl bei den für die glas und kunststoffherstellung eingesetzten rohstoffen als auch bei der zur produktion benötigten energie aus elektrischem strom oder gas.,0.5208740722773022,C
,,to do so the packaging and packaging waste directive sets out guidelines for the prevention of packaging waste its reuse recycling and recoverability. these requirements apply to the production and composition of the packaging as well as its reusable or recoverable features.,0.5371669570508092,C
,,see also spl figures on a five year rolling average in the environment and social responsibility chapter. a significant amount of hazardous waste from the extrusions business area is in the form of spent caustic resulting from the die cleaning process with a large proportion of this being recycled.,0.5013293465003303,C
,,to fulfill duty of care requirements and describe the different kinds of assessment procedures constantia flexibles has identified the following fields of activities and procedures. all purchase categories were summarized to be classified commonly as industrial manufacturing bb only,0.5279348818293036,C
,,establish raw material working groups per material or glyphltcfontaakadlarialmtgt category in which lowcarbon alternatives are introduced to replace higher carbon versions,0.5076297923445885,C
,,the cost of goods is estimated and recognised through standard cost systems. goods in inventories are counted at least once a year. due to materiality considerations the change in stocks of internally manufactured finished goods is presented on the line for cost of materials.,0.5212339266286786,C
,,the removal of waste material after the point at which depreciation commences is referred to as production stripping. when the waste removal activity improves access to ore extracted in the current period the costs of production stripping are charged to the income statement as operating costs in accordance with the principles of ias inventories.,0.5114298577030959,C
,,the manufacturing process for our products or supply chain which could increase the costs of raw material and production costs,0.5626583399026267,C
,,manufacture of biogas and biofuels for use in transport and of bioliquids . electricity generation from wind power . transport of co and . underground permanent geological storage of co. under these activities the eu taxonomy targets the manufacture of products and technologies or the operation of the facilities but not the engineering and construction of the facilities.therefore though our activities are not eligible to the eu taxonomy we nevertheless contribute as an engineering and technology company to the energy transition and enable our clients to be more sustainable.,0.562162920705069,C
,,when it comes to ecodesign and energy labelling the pumps and other equipment involved in recovering industrial heat from glass manufacturing processes are not included in the european registry eprel listing all the products subject to energy labelling. the european commissions action plan could eventually cover such equipment.,0.5012462126791676,C
,,vehicle manufacturing regulations are designed to meet the requirements of states regarding on the one hand the need to reduce the number and consequences of accidents to people whether in vehicles or on public roads such as pedestrians and cyclists and on the other hand the environmental impact of the vehicle fleet reduction of pollutant emissions noise or pressure on resources. the group constantly ensures that it has appropriate tools to enable it to respond to these requirements.,0.5830891613731484,C
,,the groups operations require a command of industrial processes with a strong technical component in order to guarantee the safety quality and durability of products for consumers as well as the use of qualified labour and a firstclass procurement policy. furthermore the geographical proximity to customers is a key factor in glass production operations due to the significant impact of transportation costs the need to be responsive in terms of services and the groups and its customers determination to reduce the carbon footprint of their activities.,0.5227719103896508,C
,,ias cost components the amendments which are not pertinent to the group introduce a prohibition on deducting from the cost of property plant and equipment the amounts received from the sale of articles produced while the company was preparing the asset for the intended use. the company must recognise such proceeds from sales and the related costs in the income statement,0.508751324681656,C
,,create clarity on allocation rules for certain raw materials and environmental impacts in coproduction facilities and,0.5299550003395748,C
,,in the construction industry this development could lead to a shift away from personnelintensive construction on site towards industrial production of prefabricated components and modular construction systems.,0.528564652271419,C
,,. plastics processing injection moulding blow moulding extrusion these processes primarily generate plastic waste virtually all of which can be processed and recycled internally either directly at the machine or via a decentralised mill. the proportion that can be recycled internally fluctuates according to the manufacturing process see gri .,0.5972714538619195,C
,,manufactured capital manufactured physical objects as distinct from natural physical objects that are available to an organization for use in the production of goods or the provision of services,0.5256856486854798,C
,,consequently we have chosen to report for based on the taxonomyeligible activities of primary and secondary aluminium production rather than on enduse of the aluminium we produce.,0.5578512898767569,C
,,pursuant to the taxonomy regulation as outlined above only the cement business line and the recycled aggregates operating line are taxonomyeligible in the context of the climate change mitigation environmental objective. in order to continuously increase the share of taxonomyaligned economic activities investments in carbon capture utilisation and storage ccus see climate energy and emissions section and research and development chapter and technical equipment are important factors.,0.516835360813756,C
,,recycling of metallic waste from manufacturing sheet metal shavings from machining. loops between renault plants or between renault plants and suppliers of metal parts have been set up in france spain and brazil,0.5512609447176297,C
,,the groups manufacturing activities are subject to specific environmental regulations. these include the management of raw materials energy resources hazardous substances water discharges atmospheric emissions and waste as well as the prevention of pollution and minimisation of the impact on environmental matrices soil subsoil water resources and the atmosphere. furthermore changes in these regulations tend to impose increasingly stringent requirements on firms often calling for improvements in technology best available techniques and the relevant risk prevention systems which generate additional costs. for these reasons despite the groups strong ongoing commitment to environmental protection its business operations might still have an impact on the environmental matrices with possible implications for the continuity of production and economic and reputational consequences.,0.5644163085328423,C
,,according to the corporate life cycle assessment waste disposal accounted for just of the overall environmental impact. the avoidance reduction and safe handling of waste is promoted at the plants within the scope of environmental management according to iso . waste is sorted so that as much as possible is recycled and as little as possible has to be incinerated or sent to landfill sites. as part of a resourcesaving circular economy efforts are being made to generate secondary material for other processes byproducts from waste.,0.5278862765486846,C
,,the operating expenditure to be taken into account in the denominator corresponds to a figure that was exclusively calculated within the framework of taxonomy reporting. these operating expenditure include noncapitalized research and development expenditure and expenses from shortterm leasing agreements. in addition expenditure from building renovation measures and certain maintenance and repair expenses basically labour and material costs as well as purchased services relating to property plant and equipment in accordance with the delegated act specifying article of the taxonomy regulation are included. these components of the relevant operating expenditure were collated exclusively from our manufacturing companies on the basis of materiality considerations. the operating expenditure at the group companies that is to be taken into account is included with the exception of companies that have been separately disclosed as discontinued operations in the statement of income.,0.5094863413709237,C
,,the production area comprises the following employee groups operation manufacturing quality control quality assurance maintenance technical support and warehouse.,0.5396578777504555,C
,,equipment notably includes the moulds used in the product manufacturing process. they are depreciated on the basis of beaten costs i.e. production units.,0.5761506030206877,C
,,raw materials are also recycled internally and fed back into the process in ceramic production. the recycling rate for the ceramic slip is to and to for the glaze corresponding to around tonnes in total. the reporting year also saw resource efficiency in ceramic production improve by a further to kg wastekg ceramic.,0.5123272190080826,C
,,an economic activity is said to be eligible if it is identified in the delegated acts as having a high potential to contribute to at least one of the six environmental objectives irrespective of whether the activity meets the technical criteria set out in those delegated acts,0.5074507510413341,C
,,most of kemiras waste is production waste. other waste categories are nonproduction waste and disposed products that are defined as follows,0.541433178601948,C
,,the waste framework directive of november was enacted by order of december . this enactment clarified certain definitions introduced a hierarchy of waste processing methods reuse recycling recovery and disposal and clarified the responsibilities of producers and holders of waste.,0.5254211297004073,C
,,the cost of finished goods produced inhouse and work in progress includes raw materials consumables filling cost qc testing and direct payroll costs plus indirect costs of production.,0.5126298937088646,C
,,in addition the company sources material volumes of recycled materials that are used for the manufacturing of aircraft. as an order of magnitude in to of aluminium products delivered to the company highest volume of material in an aircraft came from recycled raw materials.,0.5341568996076752,C
,,federal law no. . stipulates that industrial operations that use environmental resources and are considered to be potentially polluting or that can cause environmental damage are subject to environmental authorisation. industrial operations like those of the groups brazilian subsidiary must comply with the parameters for atmospheric emissions defined by the national air quality monitoring programme established by resolution no. . in addition in accordance with the national policy on solid waste federal law no. the producer is responsible for the elimination of the hazardous and nonhazardous waste that it produces. moreover packaging materials that are in contact with liquid and solid food must comply with the rules stipulated by the brazilian national health monitoring agency.,0.5008679350042083,C
,,the use of materials depends on the various manufacturing processes ten plants for manufacturing sanitary ceramics eleven plants for processing plastic and metal five plants in the area of composites and metal and one plant for manufacturing bathroom furniture. the range of production processes used thus includes the areas of ceramic production injection moulding blow moulding extrusion metal and thermoforming woodworking and assembly.,0.617470300750626,C
,,an initial internal materiality analysis was thus developed in as part of workshops with individual members of the group executive board and later approved by the group executive board. the results were then reviewed and amended slightly by an external stakeholder panel. as part of the integration of the ceramics business a comprehensive review was carried out in . there were no major changes in the material topics. a further review and update of the material topics was carried out in as part of the switchover to the gri standards.,0.5259915326258099,C
,,to make a substantial contribution to climate change mitigation primary aluminium production facilities must meet the technical screening criteria set out in the taxonomy. to be a taxonomyaligned activity the manufacturing of primary aluminium must also comply with the criteria for determining whether that economic activity causes no significant harm to any of the other environmental objectives do no significant harm dnsh criteria for aluminium production and hydro must comply with the criteria for processes and outcomes related to human rights bribery and corruption taxation and fair competition minimum safeguards.,0.578448750236224,C
,,oktober genehmigte der verwaltungsrat die überarbeitete cnc charter die zweck zuständigkeiten verantwortlichkeiten und verfahren des cnc festlegt. das cnc tagt sooft es die geschäfte erfordern und auf antrag eines seiner mitglieder mindestens aber dreimal pro jahr. der vorsitzende des cnc kann mitglieder der konzernleitung sowie interne oder externe fachexperten zur teilnahme an den sitzungen einladen. soweit die eigene vergütung direkt betroffen ist es sei denn es ist die vergütung des verwaltungsrats im allgemeinen betroffen ist das betreffende mitglied des cnc von der diskussion und der beschlussfassung ausgeschlossen. das cnc informiert den verwaltungsrat regelmässig über das verfahren zur festlegung der vergütung und die ergebnisse des vergütungsprozesses.,0.511505377529163,C
,,the amount of waste generated on farms increased in due to the growth in activity of the new australian farm and related works. in the farms division which also includes the processing and inspection of hides nonhazardous waste represents of annual production and is composed of operating waste animal byproducts sludge from effluent filtration systems wood or cardboard as well as waste from the renovation of facilities inert waste plastics or ferrous scrap metal and household waste. the salt used in the salting of raw hides is considered hazardous industrial waste under the regulations in force in the states in which the hide processing and inspection facilities are located and makes up almost all the hazardous industrial waste generated by the division. in order to avoid any pollution this waste is stored in covered and retention areas. they are then evacuated to approved local treatment channels.,0.5062349330488408,C
,,in addition in the reporting year we assessed our eu taxonomyeligible economic activities for compliance with the conformity criteria consisting of technical screening criteria for a significant contribution to the environmental objectives and the avoidance of significant harm as well as the minimum safeguards. for this purpose current construction projects of the business segments were analyzed with the relevant technical experts to determine the applicability of the eu taxonomy requirements. the analysis showed that the substantial contribution cannot yet be implemented or substantiated at the current time in the activities applicable to us namely new construction of buildings renovation of buildings and acquisition of buildings . in the future we will continue to review and where possible implement the application of the eu taxonomy conformity criteria in our construction projects.,0.529840541144579,C
,,recycle the materials contained in the waste. this form of waste treatment can be applied to most recoverable materials cardboard plastic metal etc  in this way metallic waste which represents over of the total production waste is almost recycled. paper cardboard and plastics are also systematically sorted for recycling. however beyond these traditional recyclable waste categories some more complex types of waste that may initially appear of no value can also be recycled through incorporation in the composition of new materials.,0.5513980171197373,C
,,the groups operations include the procurement assembly quality control and sale mostly to group companies but also to third parties of components and spare parts for industrial equipment used in the composition of glass packaging through a site located in pune india run by accuramech. this activity represented a very limited share of the groups operations for the year ended december .,0.5044612828243895,C
,,the site process such as consumption of energy reagents water and raw materials discharges waste production or energy and material recovery,0.5057015387954438,C
,,the group establishes provisions for its products recycling under regulatory requirements when the practical organization of recycling operations is defined. in france the agec law of february to fight waste and promote a circular economy was adopted to extend industrial operators legal responsibility for management of their waste. renault groups obligation,0.5696711502781968,C
,,the groups list of substances the permitted limits as well as the control standards are common to the production units and apply to the suppliers. more specifically product specifications including this substance regulation are shared with suppliers. the approval of products manufactured by suppliers follows exactly the same pattern as products manufactured by the group. a good example is that of the tanneries the leather mtier purchases hides from the groups tanneries but also some of its needs from external tanneries with identical specifications regardless of the source.,0.5419245561848965,C
,,in addition policies are implemented at production plant level for the proper collection and disposal of waste in accordance with group best practices and the regulatory requirements of the country concerned. for more information about the projects and research carried out to facilitate the transition to a circular economy see the circular economy section of the chapter on environmental responsibility in this document.,0.5371081632311656,C
,,without waiting for the publication of the french agec law antiwaste and the circular economy the mtiers have accelerated their initiatives through numerous working groups which have designed solutions that create a second life for objects and recycle objects and which are now in widespread use. thus in tonnes of textile materials from manufacturing offcuts were recycled.,0.5097424526511949,C
,,these cover topics such as industrial and site impact product operation supply chain or chemical substances.,0.5133975731856312,C
,,in the interests of safe processing at our production facilities there is a particular focus on the procurement of raw materials. for this reason suppliers must submit uptodate information to ensure that the raw materials comply with all relevant legislation for chemicals. in the case of raw material deliveries from noneuropean suppliers our purchasing department together with the production technology safety amp environment ptse group function clarifies which obligations have to be fulfilled under the reach regulation.,0.5020493045354695,C
,,hazardous waste includes spl from the electrolysis cells used in primary aluminium production. the production of spl varies with the relining of smelter cells which is normally done every years for established smelters. new plants will get a relining peak at the same interval after startup. see also spl figures on a five year rolling average in the environment and social responsibility chapter. a significant amount of hazardous waste from the extrusions business area is in the form of spent caustic resulting from the die cleaning process with a large proportion of this being recycled.,0.530256522408841,C
,,an economic activity can only be classified as environmentally sustainable within the meaning of the taxonomy if it is also conducted in accordance with certain minimum standards that are based on international frameworks. here article of the taxonomy regulation references the oecd guidelines for multinational enterprises the united nations guiding principles on business and human rights including the basic principles and rights from the eight core conventions defined in the international labour organisations declaration on fundamental principles and rights at work and the international bill of human rights. the taxonomy regulation itself does not further specify the standards.,0.5141336761124082,C
,,preparation for reuse recycling other recovery operations and incineration with energy recovery are considered as recovery operations in calculation of recovery rate of production waste.,0.5344672931818025,C
,,this emphasises the importance of treating raw materials with care. in the reporting year resource efficiency in ceramic production was improved by with,0.5138423992383504,C
,,the efficiency of the equipment used is measured with respect to its productivity flexibility and its capability in terms of production requirements. heavy machinery has been standardised which gives the group the freedom to shift the production of a range of products from one production line to another and even from one site to another. on certain production lines known as flex lines the use of versatile machinery means that between two and four different types of items can be produced on the same production line. the group takes advantage of the flexibility of its production facilities to optimise its responsiveness and accordingly reduce the storage of finished goods. standardising equipment by product family fosters the development of technical synergies such as the transfer of best practices and knowhow from one site to another.,0.5023314123019502,C
,,all raw materials purchased like any products purchased are subject on the one hand to specifications that are discussed and formally approved by the supplier and include all the regulations corresponding to the materials andor products and on the other hand to technical validation including laboratory measurements. all deliveries raw materials or products are subject to appropriate quality control. certain supplies materials or products are accompanied by an inspection certificate the tests having been carried out by the supplier when this provision is stipulated in the specifications. tier suppliers undertake to develop the same approach formal specifications control procedures etc. with their own suppliers tier .,0.5068096025960486,C
,,group waste increased by in to tonnes of which was sent for recycling or other beneficial use. recycled waste as a proportion of total waste increased by compared to reflecting the continued focus of our sites to reuse waste materials where possible. this year of all abf factories achieved zero waste to landfill and another recycled or reused or more of their total waste.,0.502230272360233,C
,,the company recognises the challenges associated with depleting natural sources. this section covers its approach towards optimising the use of materials endtoend including product life cycle ecodesign circularity and endoflife considerations with a focus on waste when it comes to its own industrial operations. the company identified three materials for which this approach is especially meaningful as they are essential to aircraft manufacturing aluminium titanium and carbon fibrereinforced plastics cfrp .,0.5079585973447394,C
,,law no. the hazardous waste law promulgated in the hwl and decree no. govern the production transport treatment and elimination of hazardous waste. the hwl defines hazardous waste as waste that could harm humans flora or fauna or pollute the soil water or the environment in general. all companies involved in the production transport treatment and elimination of hazardous waste like the groups argentine subsidiary must be registered in the register of producers and users of hazardous waste which is kept by the office of natural resources and the environment the governmental organisation responsible for applying the law. this organisation issues environmental certificates authorising the production transport treatment and elimination of hazardous waste subject to compliance with certain requirements of the hwl. in addition the national food code stipulates that packaging products that come in contact with liquid and solid food must first be authorised by the competent government authority.,0.5092619051541581,C
,,the definition divides recycled scrap in two process scrap which includes preconsumer scrap from downstream casthouses and postconsumer scrap. reporting of recycling data is based on our production software and erp system.,0.5631739663933376,C
,,when chemicals are not managed as part of process exhaust or byproducts they are properly collected and stored for potentially hazardous waste disposal. all chemical waste is properly characterized and managed according to local regulations and capabilities. the regions in which waste is generated at asm are covered by the basel convention definition of waste and properly managed in some cases as hazardous waste and our goal is to have zero hazardous waste to landfill. asm first focuses on hazardous waste minimization. for example our phoenix arizona site has been a very small quantity generator vsqg for several years.,0.5130796093010728,C
,,for purchased goods and services category the applied emission factors come from ecoinvent for most materials and for newly added materials compared with the inventory life cycle assessment from metal associations or other literature sources. proxies have been selected whenever the emission factors of the related products were not available. the emissions factor for recycled materials is assumed to be equal to . no supplierspecific data has been used.,0.5264028390855567,C
,,automotive and powder metallurgy products and components are being increasingly regulated with various restrictions such as the eus target of reducing co emissions from new cars and vans by by and a complete ban on the sale of new ice vans and cars by . this means that components manufactured by gkn automotive and gkn powder metallurgy must be developed in line with these regulations. powder metallurgy several manufacturing practices are more challenging to decarbonise. for example some of gkn powder metallurgys processes such as the use of furnaces which are energyintensive present a risk with increasing carbon regulations and pricing. current limitations of technology and cost prove a barrier to decarbonising these processes and gkn powder metallurgy is continuously exploring ways to improve.,0.5132854141354867,C
,,four directives of may and amended the waste framework directive the landfill directive the packaging and packaging waste directive the endoflife vehicle directive the waste batteries and accumulators directive and the waste electrical and electronic equipment directive. the new regulations seek to prevent waste production and its adverse impacts promote waste reuse recycling and recovery and gradually reduce landfill waste.,0.5385068321728493,C
,,a  indicate as applicable any family commercial contractual or corporate relationships between owners of significant shareholdings insofar as these are known by the company unless they are insignificant or arise from ordinary trading or exchange activities except for those entered in section a.,0.5400313626087475,T
,,im ersten schritt haben wir die ausgestaltung einrichtung und wirksamkeit der von der gesellschaft eingerichteten internen kontrollen zur ermittlung des rententrends sowie zur übermittlung der bewertungsrelevanten informationen insbesondere des mengengerüsts aus dem personalwirtschaftssystem an den aktuar beurteilt.,0.5037363154435025,T
,,the sustainability of the house rests on the women and men who contribute in a harmonious and positive manner to its functioning and development. for this reason the group is very demanding in terms of working conditions everyone can express their potential safely in a pleasant environment whether on production sites in stores or offices.,0.5191415559983613,T
,,the compensation of each employee according to the level of skills and the work carried out is in full compliance with the conventions of the international labour organization ilo and the laws of all the countries in which the house operates. each entity complies with the regulations on working hours and minimum wages and the systematic issuance of a payslip at regular intervals explaining all legal deductions. compliance with these various measures also makes it possible to combat all forms of forced labour. the vast majority of employees work in oecd countries where these concepts are incorporated into the legal framework.,0.5281785654450355,T
,,s objects designed to last rigor and responsibility that are the life force of the houses mtiers see chapter presentation of the group and its results,0.5043752980794879,T
,,the provision of some or all of the services required for the operation maintenance and management of establishments or buildings used for office commercial industrial leisure healthcare or educational purposes and for the operation and maintenance of some or all of the equipment installed therein,0.5158947688165456,T
,,the principles set down in the code apply to the business transactions and daily activities of the employees of all group entities and their suppliers business partners commercial agents subcontractors and distributors. the document covers the following topics,0.5033349795005724,T
,,number of persons contractually employed by a group company as at the balance sheet date. multiplied by the percentage level of employment shows the number of fulltime equivalents fte.,0.5148450298295582,T
,,pursuant to the provisions of articles l. l. glyphltcfontaakadlarialmtgt l. l. and l. of the french commercial code and articles l. et seq. of the french labor code,0.5153846978317542,T
,,around employees in accordance with groups executive population defined in the section employer responsibility of this annual report.,0.5235929643884691,T
,,within the meaning of article l. classification used by the group of the french labour code. this category comprises the positions with the highest levels of responsibility according to the in and the positions with the highest levels of responsibility according to the classification used by the group in .,0.6046189213971704,T
,,obligations to employees under labour or social security laws and regulations arising from the regular employment relationship shall not be avoided through the use of labouronly contracting subcontracting or homeworking arrangements or through apprenticeship schemes where there is no real intent to impart skills or provide regular employment nor shall any such obligations be avoided through the excessive use of fixedterm contracts of employment.,0.5189674656042635,T
,,benefits provided by the company that the employee can purchase for themselves or their family using the socalled welfare credit consisting of the company bonus allocated by the employee to welfare and other welfare payments such as reimbursement of family education and assistance expenses purchase of supplementary health backpacks payments to the pension fund for themselves or their dependents if included in their own fund reimbursement of public transport passes purchase of shopping vouchers and petrol vouchers for recreational sports cultural activities etc.,0.5081367537616327,T
,,the below statement relates to our employees as defined in our glossary and should be read in conjunction with our stakeholder and people disclosures in the strategic report on pages and respectively section statement and workforce engagement disclosures from page and other engagement disclosures in the remuneration committee report from page .,0.5180540706155183,T
,,. relates to board and executive committee members who identify with one of the relevant categories under listing rule annex,0.5162634167273797,T
,,activity is taxonomyeligible in its entirety. however only a proportion of it is taxonomyaligned. therefore activity may be reported under both a and a. however only the proportion reported under a may be counted as taxonomyaligned in the opex kpi of the nonfinancial undertaking. for activities listed under a columns to may be filled in on a voluntary basis by nonfinancial undertakings.,0.5285663158580107,T
,,this scope complies with the definition of article l. of the french commercial code code de commerce in its wording resulting from law no. of december aimed at accelerating economic and professional equality known as the rixain law.,0.507048644217118,T
,,in saipem had employees if we refer to the group perimeter men considering the group perimeter and women considering the group perimeter who made use of parental leave for a total of days referring to the group perimeter. in this context one should note in the same period the return to work from parental leave of employees at group level men number unchanged compared to the group perimeter and women at group level with a return rate from parental leave in the same year of for the full consolidated perimeter at group level. gender break down results in for men in both perimeters and for women in the full consolidated perimeter.,0.5083772892081083,T
,,for the financial year the group considers that among its various industrial and service activities the following activities are eligible for the taxonomy,0.5425270595538537,T
,,in the other divisions of the business segment for example fertility services responsibility for personnel lies with the local units. they are organized in accordance with locally applicable laws compliance with which is checked by the local hr manager with regard to occupational health and safety and working conditions.,0.5020086640284858,T
,,and in general any industrial commercial fi nancial or civil operation or transaction in movable or immovable property that might be associated directly or indirectly with one of the purposes listed above or any similar or related purpose .,0.5065167870315531,T
,,for activities listed under a columns to may be filled in on a voluntary basis by nonfinancial undertakings.,0.5084779694116818,T
,,. excludes freelancers independent contractors or other outsourced and nonpermanent workers who are hired on a project or temporary basis,0.5592422835178389,T
,,. the transfer of the participants employment in connection with the disposal of a business or undertaking or a part business or partundertaking,0.5074005211469294,T
,,in accordance with applicable national legislation the groups employee benefit obligations are composed of,0.5052090502571526,T
,,are not fully paid provided that it shall not exercise this discretion in such a way as to prevent stock market dealings in the shares of that class from taking place on an open and proper basis,0.5007458338755628,T
,,training policy in order to anticipate the retirement of senior employees. furthermore the group contributes to the integration of young people into the job market by recruiting interns students under apprenticeship or professionalisation contracts and recent graduates.,0.5064872281858379,T
,,vii. certain onetime items that are deemed by management to be significant and incidental to normal business activity,0.5213469999410363,T
,,the exact scope of social data reporting may vary according to the social indicators depending on their relevance and the accounting methods applied. social data is collected at the legal entity level. the breakdown of the workforce by age job category and work time covers of the workforce four entities due to a small workforce three or less employees representing a total of eight employees are not included.,0.5176429330080721,T
,,measure of the scale and diversity of our operations. reflecting all employees in the group with a contract of employment whether fulltime parttime contractor or seasonal worker and highlighting the proportion of our employees that have disclosed their gender as femalewoman in line with the local legislation.,0.5189447067925749,T
,,. hire and dismiss personnel employed by the company of whatever kind and category appoint and remove them from their duties stipulating their pay duties and tasks and the remuneration payable for extraordinary services.,0.5419792225142508,T
,,to allocate or sell shares to employees in connection with an employee profit sharing plan or a company or group share purchase plan or equivalent plan under the conditions provided for by french law including articles l. et seq. of the french labor code or,0.5003726465937038,T
,,rental income comprises directlets to students and leases to universities and commercial tenants. this revenue is recognised in the income statement over the length of the tenancy period as the group provides the services to its customers. included in the rental contract is the use of broadband facilities and room cleaning services. the group does not offer these services as standalone products. under ifrs the group does not consider these services to be individually material and has consequently bundled these obligations as a single contract.,0.5014978606198547,T
,,corporate consists of employees who do not provide a shared service to the segments. where corporate functions provide such a service employees have been allocated to the segments on an appropriate basis,0.513414506947396,T
,,within the context of the statutory requirements in the nonfinancial group declaration employee issues include the following material topics appeal as an employer and diversity and equal opportunities see materiality matrix .,0.5039369994725101,T
,,with reference to the groups ability to collect and use the personal data of current or potential customers said rules and regulations as well as binding the group to designated data protection and security standards also among other things place liability with the group in case of loss of control on these data or following an unauthorised thirdparty access to such data.,0.5005033408717383,T
,,. it is applied to the entire population described excluding key functions for which a specific remuneration policy and regulations are applied.,0.5381128702137514,T
,,inactive persons appearing in the entitys workforce but physically absent from the entity for a long period and paid only partially or not at all. this category consists mainly of unworked notice periods leave of absence unpaid for various reasons including longterm parental leave sabbatical leave end of professional career leave including exemptions from activity in france leave for business creation parental educational leave absence due to longterm illness or accident after using up the amount of leave paid by the company amount linked to the current work absence and military service. persons on sick leave excluding longterm and on maternity or paternity leave are not considered as inactive employees.,0.5239920270320464,T
,,matters relating to the information to be provided to the employees of the company and matters relating to company law in particular the percentage of voting rights which confers control,0.5198152474085002,T
,,the share of their eligible and ineligible activities under the taxonomy for the three aforementioned indicators,0.5004811769314164,T
,,in the assessment of the eligibility of the businesses activities the available definitions and clarifications provided so far which are applicable to nonfinancial undertakings were used,0.5720950775831598,T
,,responsibility the group is committed to promoting the harmonious development of territories and improving the living conditions of populations affected by its activities from a public interest perspective as well as internally by developing employee skills and improving occupational health and safety,0.5139561150256733,T
,,a  indicate as applicable any commercial contractual or corporate relationships between owners of significant shareholdings and the company andor its group unless they are insignificant or arise from ordinary trading or exchange activities,0.5013709918467847,T
,,residential property is generally let for an indefinite period. other investment property is let for defined periods under leases that cannot be terminated early. some contracts contain renewal options. rentals are accounted for as investment income in the period to which they relate.,0.5180182191034435,L
,,in other cases the group carries out property management activities for thirdparty rentals of shopping centre units.,0.5537821992155354,L
,,reclassification from investment property to property plant and equipment at the commencement of owneroccupation or at the start of developments initiated with a view to selling the property to a third party.,0.5193371092340444,L
,,development real estate is recognised at acquisition or production costs or if lower their net realisable value. the latter corresponds to the estimated selling price less expected project construction and sales costs up until the disposal. any impairment is taken to direct expenses from sales development.,0.5348662097862266,L
,,revenue from disposal of real estate inventories is realized either over time or at a specific point in time as soon as the customer obtains control over the asset in question. if upon conclusion of the certified purchase agreement control within the meaning of ifrs c passes to the customer before or during the construction phase the revenue is to be recognized as of this point in time based on the degree of completion of the construction project. disclosure of the contract assets that fall within the scope of ifrs occurs on a net basis with the corresponding advance payments received under trade receivables.,0.5059026950203603,L
,,other revenue includes income from the sale of commercial properties developed as part of larger residential developments. the groups revenue includes revenue from construction contracts that are recognised over time by reference to the stage of completion of the contract with the customer. all other revenue is recognised at a point in time once control of the property is transferred to the customer.,0.5186499869550992,L
,,this caption also includes leasehold improvements relating to identifiable and separable property plant and equipment.,0.5126581066124716,L
,,income from the sale of development real estate is recognised as of the time the contract of sale of the development real estate unit is notarised. project costs and gains on the notarised units are recognised along the construction progress by the poc method.,0.5296893415761194,L
,,with regard to developed land the capex for buildings and land has been included as additions as economic activity . cannot be performed without the relevant land. in addition as the building is one of the key components of a plot of land the building and the plot of land are considered one and the same legal entity.,0.5011834624661844,L
,,if the head lease is not a short term lease or lowvalue lease and the sublease is deemed to be a finance lease the group recognises a lease liability relating to the head lease but does not recognise a corresponding rightofuse asset. instead the group recognises a finance lease debtor relating to the sublease.,0.5053242414207413,L
,,properties which are held through a lease but with the same characteristics as management agreements.,0.5076391007027278,L
,,land and buildings include right of use assets of m m related to head office premises. see note for further details.,0.5085625165078164,L
,,property and equipment include land owneroccupied property investment property valuable art assets technical plants furniture and fittings and any type of equipment that are expected to be used during more than one period.,0.5176102935354288,L
,,our purpose is to own and manage desirable real estate that meets occupiers demands delivers reliable repetitive and growing incomeled returns and outperforms over the long term.,0.5464402526345022,L
,,the group subleases some of its buildings although not significant. the head leases are presented in the rightofuse assets and the sublease contracts are treated as operating leases under ifrs . income from subleases is presented in other income see note .,0.5720051776496905,L
,,the majority of real estate financing contracts contain standard early repayment clauses and other debt covenants. such covenants define thresholds to be respected for certain ratios among which the loan to value ltv ratio defined as the ratio between the amount of the financing and the market value of the real estate being financed the interest coverage ratio icr representing the extent to which interest expense is covered by rental income and the debt service coverage ratio dscr representing the extent to which payments of principal and interest are covered by rental income. under existing financing contracts the ltv ratios vary between and and the icrdscr ratios between and . as at december the group is in compliance with the ltv and icrdscr covenants with respect to its banking partners.,0.5005793058137824,L
,,administrative and operating costs including and excluding costs of direct vacancy as a percentage of gross rental income.,0.5086551968325128,L
,,this caption also includes certain real estate assets classified in accordance with ias inventories within the real estate portfolio including construction land buildings under construction completed buildings and property development initiatives held for sale.,0.554394980826814,L
,,the property management undertakings perform property ownership and management activities and are incorporated and operate in the uk. all such investments are held by subsidiary entities.,0.5239701087960658,L
,,the group is subject to property price risk directly because of holdings of investment properties in a variety of locations worldwide and indirectly through investments in mortgages and mortgage backed securities. investment in property is managed at business unit level and is subject to local regulations on investments liquidity requirements and the expectations of policyholders.,0.5219029550529976,L
,,the property managers handle the property management in our neighbourhoods and are the personal contact persons for our tenants on site. as central customer management deals directly with standard issues such as amendments to tenancy agreements this gives the property managers on site more time for more complex issues that require additional expertise and local knowledge. in tenant offices they advise our tenants and prospective ten ants on all housingrelated matters. we know from our tenant survey that our older tenants in particular appreciate this personal consultation. the property managers regularly inform the tenants about maintenance and modernisation measures the maintenance of technical equipment the organisation of outdoor and green area maintenance and building cleaning.,0.5564043319827443,L
,,combination of development realisation and other real estate services residential property sales real estate consultancy and contract administration.,0.5573035420052875,L
,,the groups property business undertakes the acquisition and development of properties. the way in which the property segment adds value to the business is set out in the property review on pages .,0.5388384086682984,L
,,leasehold improvements relate to the headquarter office. leasehold improvements also include art where depreciation does not take place.,0.5090475673577526,L
,,the group leases office property to conduct its business. at the inception of a contract the group assesses whether a contract is or contains a lease. in simple terms this applies if the contract conveys the right to control the use of an identified asset for a period of time in exchange for consideration. at inception the group allocates the consideration in a contract to each lease component. however for the leases of land and buildings in which the group acts as lessee the group has elected to account for the lease and nonlease components as a single lease component.,0.5127587535795234,L
,,information regarding leases for which the group is a lessee is provided below. the group does not have any material arrangements where it acts as a lessor.,0.5008950948028662,L
,,due to the letting activities a large part of the taxonomyeligible activities is attributable to activity acquisition and ownership of buildings. revenues from letting as well as capex and opex for buildings that meet the technical requirements defined in the del. regulation eu were initially clas sified as basically taxonomyaligned within the scope of the,0.5178626484837006,L
,,information on the depreciation of leased assets is presented in note . interest expense on lease contracts is presented in note . information on additions to rightofuse assets and the carrying value of rightofuse assets as at the end of the reporting period by category of an underlying asset is presented in note . note provides information on the total cash outflows from leases.,0.5289292405122401,L
,,d group together aggregate segregate and divide real estate making the filings relating thereto with the relevant property registers.,0.5252181909654554,L
,,the acquisition operation sale or exchange of any real estate or glyphltcfontaakadlarialmtgt real estate rights and,0.5409797073557623,L
,,acquire manage and sell all listed or unlisted shares and securities or any other financial instruments as well as any personal or real estate properties or rights shares or securities whether listed or unlisted that are related to such properties and,0.5200210257114429,L
,,real estate developments longterm contracts comprise construction projects that are sold to third parties either prior to or during the construction phase and which are developed or completed on behalf of the buyer. the purchase contract is notarised after it is concluded. the ownership of the respective property is usually transferred after construction work is finished. recognition of these real estate developments is carried out according to the percentageofcompletion method pocm in accordance with ifrs revenue from contracts with customers. depending on how the project is structured the percentage of completion is determined based on the costtocost method or based on building assessments and project planning milestone approach.,0.5017302139503695,L
,,finally this caption also includes the rights of use acquired through leases and relating to the use of an item of property and equipment for the lessee companies and the assets leased under operating leases for the lessor companies.,0.5315263028045877,L
,,where the group is a lessee a right of use asset and lease liability are recognised at the outset of the lease. the lease liability is initially measured at the present value of the lease payments based on the groups expectations of the likelihood of the lease term. the lease liability is subsequently adjusted to reflect an imputed finance charge payments made to the lessor and any lease modifications. the right of use asset is initially measured at cost which comprises the amount of the lease liability direct costs incurred less any lease incentives received by the group. the group has two categories of right of use assets those in respect of head leases related to a small number of leasehold properties and an occupational lease for its head office.,0.5522691607053155,L
,,the main types of contracts covered by the definition of lease which affect most of the groups operations relate to the following asset categories,0.5036599188097346,L
,,in the income statement i the depreciation and amortisation of the rightofuse assets within the operating expenses subdivided by class of assets in the notes to the financial statements and of the interest expense accrued on the lease,0.509972364219987,L
,,our core business is the letting of affordable housing. we manage the procedures and processes required for this both centrally and decentrally.,0.5246830779633098,L
,,eligible activities under loans and receivables relate to mortgage loans. the main activities covered by the taxonomyeligible investments within mortgages concern the funding of acquisitions and the ownership of buildings the construction of new buildings and the renovation of existing buildings. other loans were considered noneligible.,0.5809196096715964,L
,,services consists of the real estaterelated services of asset management real estate services and retail trade,0.5585185415248165,L
,,the asset management segment covers all activities relating to asset management including investment property management. these activities include among others asr vermogensbeheer n.v. asr financieringen b.v. asr real estate b.v. and asr hypotheken b.v.,0.5814276008673829,L
,,includes newly concluded leases lease modifications and reassessments of leases with third parties and related parties. furthermore interest expense in the amount of net of interest paid included in net cash provided by used in operating activities are included.,0.5014678079502816,L
,,the composition of gross and net rental income has changed in to provide a better measure of the underlying rental income from the property portfolio. management and development fee income service charge income and expense and solar energy income and expense are now presented outside of gross and net rental income. details of the change is disclosed further in note and . service charge income is netted against the equal and opposite service charge expense and are not shown as separate line items in the table above. there is no impact on adjusted operating profit before interest and tax from this change and the prior year comparatives in the table above have been represented to reflect this change.,0.5086431953690793,L
,,house building revenue arises from the sale of residential properties and land and is recognised net of discounts and sales incentives. sales of private houses are recognised on legal completion. following the implementation of ifrs revenue from contracts with customers the sale proceeds of part exchange properties are also included in revenue. sales of social housing where multiple units are developed and sold under a contractual agreement with a single customer typically a housing association are recognised over time in accordance with construction progress. sales of land and commercial property are recognised on unconditional exchange namely when contracts are exchanged or missives concluded and where appropriate construction is complete.,0.5374302032559028,L
,,some require the group to make payments that relate to the property taxes levied on the lessor and insurance payments made by the lessor.,0.5254583512192025,L
,,the group leases assets from other parties the group is a lessee and also leases assets to other parties the group is a lessor. this note describes how the group accounts for leases and provides details about its lease arrangements.,0.5226882178935487,L
,,where there are multiple occupiers on the same estate we appoint a managing agent to manage health and safety matters relating to common parts. the managing agent is responsible for ensuring health and safety assessments are completed and regularly reported back to us.,0.5324700163212938,L
,,property transactions are complex in nature. management considers each material transaction separately with an assessment carried out to determine the most appropriate accounting treatment and judgements applied. the judgements include whether the transaction represents an asset acquisition or business combination and the cutounifb for property transactions on recognition of property assets and revenue recognition. in making its judgement over the cutounifb for property transactions management considers whether the control of ownership of the assets acquired or disposed of has transferred to or from the group this consideration includes the revenue recognition criteria set out in ifrs for the sale of trading properties.,0.5521950691871902,L
,,for more information regarding governmental policies that could affect our operations see section regulation .,0.50897585304003,L
,,the group leases out owned properties and sublets leased properties under operating and finance leases. such properties include malls mall units stores units within stores distribution centres and residential properties.,0.5055479483076923,L
,,lastly they include the rights of use acquired under a lease and relating to the use of an item of property and equipment for lessees and assets leased under an operating lease for lessors.,0.5746347784105427,L
,,the group is both a lessee and lessor of property plant and equipment. a contract is or contains a lease if the contract con veys the right to control the use of an identified asset for a period of time in exchange for consideration. an identified asset may be specifically or implicitly specified. control exists when the lessee has both the right to direct the use of the identified asset and the right to obtain substantially all of the economic benefits from that use.,0.5005862579791942,L
,,investment property is property held to earn rent or for capital appreciation or both. property interests held under operating leases are classified and accounted for as investment property. in some cases a.s.r. is the owneroccupier of investment properties. if owneroccupied properties cannot be sold separately they are treated as investment property only if a.s.r. holds an insignificant portion for use in the supply of services or for administrative purposes. property held for own uses owneroccupied is recognised within property plant and equipment.,0.524284867851508,L
,,our core business involves buying selling managing letting and developing properties. we are also active in other real estaterelated business fields. the segment structure is based on internal reporting management approach.,0.5653527025077606,L
,,these are properties being developed for sale or being held for sale after development is complete and are shown at the lower of cost and net realisable value. cost includes direct expenditure and capitalised interest.,0.5201876193614242,L
,,the eligible activities within investment property and plant relate to the acquisition and ownership of buildings construction of new buildings renovation of existing buildings electricity generation from wind or solar power and to some degree forest management.,0.5275741116386076,L
,,the rights of use relating to leases as defined by ifrs are recorded on the balance sheet at the lease contract conclusion for the discounted value of future lease payments. contracts within the scope of ifrs are mainly related to real estate leases land and buildings. the terms selected generally correspond to the firm duration of the contract unless an intention to renew or terminate the contract is known. the group applies the two exemptions provided for by the standard leases of less than months and leases for lowvalue assets.,0.5088602959321453,L
,,properties under construction these are properties being built some of which are under forward funded agreements with developers and which have agreed prelets with tenants.,0.5274745293743067,L
,,the property provision covers obligations to make dilapidation payments to landlords of leased properties. following the guidance in the ifrss governing leases and provisions our assessment is that in general the likelihood of a cash outflow for dilapidations at the time of signing a lease is remote and therefore it would be unusual for us to recognise any costs relating to dilapidations at that time.,0.5086946735195365,L
,,property administrative expenses predominantly relate to the employee staunifb costs of personnel directly involved in managing the property portfolio.,0.5144419058680846,L
,,other contracts have been subscribed to fulfil specific requirements particularly in the context of building operations new work or renovation carried out as project managers.,0.5065608899066809,L
,,the portfolios of eligible assets involved in the initial sales are composed of loans originating from residential mortgage loans for obg and of residential and commercial mortgage loans for obg and obg which meet the requirements of the regulations. these portfolios were identified based on general and specific criteria indicated in the sale agreements. the additional portfolios of eligible assets may include loans deriving from mortgages that meet the requirements of the regulations.,0.5096442192702763,L
,,the development segment relates almost exclusively to residential units. further information on the development segment can be found in the chapter portfolio in the development business .,0.521700679445653,L
,,the development segment includes project development to build new homes. this covers the value chain starting with the purchase of land without any development plandedicated purpose and ending with the completion of new buildings and new construction measures on our own properties. these properties are either incorporated into our own portfolio or sold to third parties. the development segment deals with projects in selected attractive locations. the value creation from the valuation of the properties at market prices will be allocated to the development segment when these residential properties are incorporated into our own portfolio.,0.5182766498752033,L
,,noncurrent and current trade and other receivables include lease receivables on sublet office premises. two of the subleases run until the end of the related head lease and expire on december . the third sublease runs for years and expires on august . the undiscounted cash flows for these lease receivables during the year ended december were .m .m. the finance income earned on the subleases during the year ended december was .m .m.,0.5150850414218582,L
,,the group subleases a small number of properties. when the group acts as a lessor it determines at lease inception whether each lease is a finance lease or an operating lease.,0.578804480932667,L
,,the group recognises for leases in which it acts as lessee which mostly correspond to lease contracts for real estate and office spaces linked to its operating activity a rightofuse asset of the leased asset and a liability for payments outstanding at the date on which the leased asset was made available to the group for use.,0.5462323552487385,L
,,as a lessee the group assesses whether a contract is or contains a lease at the inception of a contract. a lease exists if the contract conveys the right to control the use of an identified asset for a period of time in exchange for consideration. to assess if a lease exists the group assesses whether i the contract involves the use of an identified asset ii the group has the right to obtain substantially all of the economic benefits from the use of the asset throughout the lease term and iii the group has the right to direct the use of the asset. in order to determine if the contract involves the use of an identified asset the group exercises judgement to assess if the supplier has a substantive substitution right over the asset. an asset is not identified if it has been determined that the supplier has substantive substitution rights.,0.5013054898660119,L
,,. e fair value hierarchy properties held for sale carried at fair value and investment properties continued investment properties,0.516179962583042,L
,,additions in the rightofuse asset consists of both renewals of lease contracts and lease contracts added through acquisitions.,0.5072121009587571,L
,,completed properties include buildings that are occupied or are available for occupation. development properties include land available for development land bank land under development construction in progress and covered land. to provide additional transparency over the future development pipeline of the group the covered land category has been identified in the year. this new category consists of income producing assets acquired with the explicit intention to redevelop them in the short to medium term. valued on the balance sheet as land plus remaining contracted income.,0.5215574621825845,L
,,the position property plant and equipment includes owned property plant and equipment and rightofuse assets for lease contracts as described below,0.5311345566401058,L
,,to own and manage desirable real estate that meets occupiers demands delivering reliable repetitive and growing incomeled returns and outperforms over the long term.,0.5265092305445339,L
,,the group holds certain investment property under historic sale and leaseback arrangements acting as an intermediate lessor and subleasing its rightofuse assets. for each leased property the group assesses whether a contract is or contains a lease at inception of the contract. the group recognises a rightofuse asset and a corresponding lease liability see note .a with respect to all lease arrangements in which it is the lessee. the rightofuse assets are initially measured at cost in accordance with ifrs and subsequently at fair value in the balance sheet with changes in fair value taken to the income statement in accordance with ias .,0.5115332045542065,L
,,the majority of the rightofuse assets amounting to million is reported under investment properties and does not only result from interim lease agreements residential and commercial properties and agreements on subleased care home properties million but mainly from leasehold contracts million. the other rightofuse assets totaling million are reported under property plant and equipment and mainly include rightofuse assets resulting from heat contracting million concluded lease agreements million the leasing of land for the construction of owneroccupied commercial properties million contracts connected with leased metering technology million and vehicle leases million.,0.5628060469464985,L
,,at the date leased assets become available for use lessees shall recognise the rights of use as noncurrent assets and a corresponding financial liability.,0.507631005348048,L
,,investment property completed land and buildings held for rental income return andor capital appreciation.,0.5398693165121196,L
,,income from subleasing rightofuse assets is reflected in rental income within investment return see note .,0.5081763323534076,L
,,activity acquisition and ownership of buildings the group within the meaning of the regulation including the inclusion by ifrs of its longterm leases has the use and ownership of its buildings for administrative and or operational use for all its activities in france and abroad.,0.5072640532216739,L
,,loans to customers also include receivables for finance leases as lessor including finance lease transactions involving assets under construction and those waiting to earn income in the case of contracts with transfer of risks or in the event that the risks are transferred to the lessee prior to the taking over of the asset and the start of the lease contract.,0.5234393177646003,L
,,rights of use acquired under leases in the capacity of lessee are included if these rights relate to assets classified as property plant and equipment.,0.5592940750158293,L
,,additional information estate projects amp development division and the sale of investment real estate real estate division.,0.5790001210339899,L
,,the groups policy is to state property plant and equipment at cost less accumulated depreciation and any recognised impairment loss. property is not revalued for accounting purposes. assets in the course of construction are held at cost less any recognised impairment loss. costs include professional fees and for qualifying assets borrowing costs. leasehold buildings with lease premiums and ongoing peppercorn lease payments are considered insubstance purchases and are therefore included within the buildings category of property plant and equipment.,0.51401448474371,L
,,our real estate management works both centrally and de centrally. the decentralised organisation of our lim regions makes it possible for the local lims to consider specific characteristics and challenges of their locale. they report directly to the management board and are for the most part autonomously responsible for developing and managing their assigned real estate portfolio in their lim area within the framework of the approved budgets. flat hierarchies and short decisionmaking paths facilitate independent action see a company culture of appreciation transparency and participation section.,0.5050903807708269,L
,,when the company acts as a lessor it determines at lease inception whether each lease is a finance lease or an operating lease.,0.5077400484467148,L
,,this caption also includes certain real estate assets classified in accordance with ias inventories within the portfolios of the groups real estate companies including construction land buildings under construction completed buildings and property development initiatives held for sale to be achieved within a reasonable time horizon.,0.5560398654654892,L
,,refers to lending for construction and real estate development reclassified as writeoffs during the year.,0.5336293041364235,L
,,acquire operate construct lease manage broker market and dispose of all kinds of movable and immovable property either directly or through subsidiary or affiliated companies.,0.6331735523472756,L
,,by understanding their diunifbering priorities and challenges we are able to ounifber tailored and creative solutions to each customers individual real estate requirements. from ounifbering additional larger or smaller premises to align with their own growth aspirations or helping them to enter a new market our service often also involves going beyond simple real estate transactions. for example we may give our customers advice on,0.5157035797669391,L
,,the group leases many assets including land and buildings vehicles machinery and it equipment. information about leases for which the group is a lessee is presented below.,0.5021025896991432,L
,,the group enters into lease contracts predominantly for land and buildings as a lessee. other categories are company cars and technicalit equipment.,0.557439774230083,L
,,for leases of properties in which the group is a lessee it has applied the practical expedient permitted by ifrs and will account for each lease component and any associated nonlease components as a single lease component.,0.5004330084716627,L
,,certain information concerning finance leases carried out by the group in which it acts as lessor is set out below,0.5534863943818963,L
,,from the head lease not with reference to the underlying asset. where the group continues to retain the risks and rewards of ownership as the intermediate lessor it retains the lease liability and the rou asset relating to the head lease in its balance sheet. if the group does not retain the risks and rewards of ownership as the intermediate lessor these subleases are deemed finance leases. during the term of the sublease the group recognises both finance lease income on the sublease and interest expense on the head lease.,0.5477312438479672,L
,,includes off.shortices and retail uses such as trade counters car showrooms and self storage facilities,0.5313043097182191,L
,,the group also leases out a small number of properties or parts of properties where there is excess capacity under operating leases.,0.5350079351094126,L
,,the asset management segment involves all activities related to asset management including investment property management. these activities include amongst others asr vermogensbeheer n.v. asr financieringen b.v. asr real estate b.v. and asr hypotheken b.v.,0.5582940077620231,L
,,we actively manage our properties and portfolio for example by adding extensions improving our assets environmental performance securing lease renewals and agreeing rent reviews. this increases income and capital values.,0.5088876222545048,L
,,. buy sell lease purchase under a preferential right assign subrogate contribute encumber exchange unconditionally or subject to conditions at a declared price deferred or paid in cash all kinds of real estate establish accept modify acquire dispose of defer terminate and cancel mortgages easements and other rights in rem over real estate whether of common law or foral law administrative law particular to the basque country and navarre and also prohibitions conditions and all kinds of restrictions on real estate provide real estate collateral guarantees in favour of third parties.,0.5457770987678336,L
,,real estate activities. the eligibility in construction and real estate activities is underlined by the renovation wave. examples of eligible activities are efficiency amp safety technology smart home and fittings for water amp wastewater supply. we assessed that our material eligible activities are covered by chapter and as referred to above. we are in the process of disclosing the eligibility per activity in detail for which we expect to provide further guidance in .,0.6326778470479506,L
,,real estate income as a percentage of the property portfolio at fair value as at the balance sheet date.,0.5352115765417749,L
,,the energy business is consistently geared to the opportunities and challenges of the changing energy market. it comprises the production sale and trading of electricity certificates and energyrelated raw materials. the business also includes productionrelated wind and solar power services.,0.5005648486570079,D
,,revenue from national support schemes such as the capacity market is recognised at the point the performance obligation has been met. this is typically considered to be either at the point electricity has been physically generated or over the contractual period depending on the underlying performance obligation. revenue is measured either at the market rate at the point of generation or at the fixed contractual consideration depending on the individual scheme mechanic.,0.5085303916359561,D
,,a generic term encompassing pointofsale equipment such as coolers refrigerators vending machines and postmix machines.,0.5180302275937237,D
,,when building new flats we take energy efficiency and the use of resources into account from the very beginning to save co emissions. we design the buildings to be efficient and ensure that specific measures are taken during con struction. inspectors monitor the operation and performance of basic building systems such as heating ventilation and air conditioning lighting hot water and power generation systems. the inspectors are involved in the design and development phase and check the systems as part of building maintenance.,0.5170267210573972,D
,,the following diagram presents a summary of the main operations for each of the companys business areas of the electricity sector as well as the countries where it develops them as of december,0.5863736461209834,D
,,the power grid is the backbone of modern society. here the energy transition is primarily a performance transition which means that there must be more investment in grid expansion and conservation of the existing infrastructure.,0.5467143321092348,D
,,our network assets and treatment works are essential to delivering our services for customers and protecting public health. our energy assets enable us to generate renewable energy which helps reduce costs and minimise our environmental impact. it is important we have the right systems and procedures in place to monitor and control our assets efficiently and effectively .,0.5562453816412782,D
,,i thermal and renewable generation assets include generation plant and machinery and related land and buildings. the net book value of power generation assets renewables and thermal includes decommissioning costs with a net book value of .m and .m .m and .m respectively.,0.5045892694162343,D
,,these encompass among other aspects evacuation plans emergency systems in case of interruption of power or water supply and plans to respond to impacts on local infrastructure e. g. due to flooding. emergency power generators ensure that operations or vital therapies such as artificial respiration can continue even in the event of a power failure.,0.5519191088978019,D
,,the ability of flexible thermal power stations to earn extrinsic income by providing services to the electricity system and by responding to shorterterm electricity market conditions.,0.5199410379360684,D
,,the generation of nonrenewable sources requires the purchase of fossil fuels while that of renewable sources depends on natural resources such as water from reservoirs and rivers wind and solar energy. therefore the commercial policy that the generator defines is relevant to correctly manage the business.,0.5059297633807908,D
,,our purpose is to improve the competitiveness of the countries in which we operate and contribute to the energy transition and decarbonisation process by developing and managing energy infrastructures and by repurposing them to make them sustainable.,0.5238923683818605,D
,,through the wholesale energy market capacity market and ancillary services market. also through responding to forward market volatility and receiving balancing market revenue from the timely flexibility provided by generation and storage.,0.5097113274722566,D
,,payments for infrastructure charges and other charges relating to connection to the networks occur when the connections are made. the performance obligations including provision of an ongoing water and waste water service are provided over the life of the relevant property.,0.5664534045535269,D
,,the above activities can be carried out by enags s.a. itself or through companies with an identical or analogous corporate purpose in which it holds interest provided they remain within the scope and limitations established by legislation applicable to the hydrocarbons sector. in accordance with said legislation the activities related to transmission and technical management of the system which are of a regulated nature must be carried out by two subsidiaries entirely owned by enags s.a. enags transporte s.a.u. and enags gts s.a.u. respectively.,0.530629983470603,D
,,ii operational and technological risks during the operation of the infrastructures of the enags group losses of value or deterioration of results can occur due to the inadequacy failures of physical equipment and computer systems errors of human resources or derived from certain external factors. the main operational and technological risks to which the group is exposed are industrial risks conditioned by the nature of the fluid handled risks related to the security of supply in the spanish gas system risks related to incidents during the operation of transmission infrastructure regasification plants and underground storage facilities which could cause major damage and cybersecurity.,0.5100618163043693,D
,,for power industry regulations hydro engages in various activities to support and promote sustainable energy policies in the regions in which it operates in addition to securing competitive energy supplies for our own operations.,0.5344218767821983,D
,,. enter into contracts with any natural or legal persons in the public or private sectors for the shortterm provision of services of regasification transmission and storage procurement of points of entry to the companys gas system gas supply connection to installations and any other contract for the provision of services connected with the gas business and ancillary activities.,0.5542267351961403,D
,,notes . property plant and equipment and . intangible assets of the consolidated financial statements include the disclosure on the investments for the operation and development of the electricity transmission grid.,0.6035838403426051,D
,,energy down and midstream activities e.g. pipelines and refineries of energy multinationals and power generation,0.524969050677047,D
,,this refers to the charges recognised in return for provision of the dispatching and metering service the dispatching component amounts to million whilst the metering component totals million and other energyrelated revenue of million.,0.5249591867893935,D
,,services related to the renovation of workspaces and buildings installation maintenance and repair of energyrelated equipment as well as professional services related to energy performance taxonomy activities renovation of existing buildings installation maintenance and repair of energy efficiency equipment installation maintenance and repair of instruments and devices for measuring regulation and controlling energy performance of buildings and professional services related to energy performance of buildings,0.6119540207114519,D
,,production and distribution infrastructures that improve resource efficiency and limit the nega tive impacts of climate change. these include wind turbines and hydroelectric plants flood protection systems and technologies for early detection of leaks in freshwater supply lines.,0.5123891064274814,D
,,certain coal industry partners defined as manufacturers e.g. equipment suppliers and infrastructure players e.g. port terminals dedicated railways developing significant new coal assets.,0.5230388785888553,D
,,connecting sources of renewable electricity generation to the national grid and transporting that clean electricity to areas of demand.,0.6048369765665186,D
,,our aligned economic activities primarily comprise electricity generation from wind photovoltaics and hydropower. we also state electricity storage and the establishment of hydrogen production among our taxonomyaligned activities.,0.5461866989562106,D
,,at existing facilities and during renovations or the setting up of premises particular attention is paid to the following points supervision of equipment by centralised technical management gtc replacement of production equipment with alternative equipment that has improved energy performance thermal insulation insulation of pipes or replacement of lighting with led bulbs.,0.5486914410641474,D
,,finally by saving energy and raw materials our heating network operation industrial services and building energy efficiency activities also help reduce the water footprint of our customers and indirectly preserve water energy business.,0.5147763761824143,D
,,transmission companies operate lines and substations that transport energy from generator production points to consumption or distribution centers charging a regulated toll for the use of their facilities. the transmission segment,0.6091357685946018,D
,,details of the estimation process for the value of electricity and gas supplied to customers is given within note iii.,0.5366710584323248,D
,,electricity regulations issued by government authorities in the countries in which the company operates may affect generation companies ability to raise sufficient revenue to offset operating costs which could adversely affect the activity operating results and financial situation. government authorities may also delay the process of reviewing distribution tariffs or tariff adjustments established by regulatory authorities may prove insufficient to pass costs on to customers.,0.5003982744732359,D
,,if electricity transmission facilities or pipeline infrastructure belonging to third parties or fuel supply contracts do not provide adequate service it may be impossible to deliver the energy sold to final customers.,0.5680670063315659,D
,,u the cost of electricity supply for lng plants and for electric motors in compressor stations. in the case of the regasification plants this audited cost replaces the variable remuneration existing in the current framework.,0.5416322483595263,D
,,. installation maintenance and repair of instruments and devices for measuring regulating and controlling energy performance of buildings,0.5414902779233779,D
,,revenue from energy supply activities undertaken by the business energy and airtricity businesses includes an estimate of the value of electricity or gas supplied to customers between the date of the last meter reading and the year end. this estimation comprises both billed revenue and unbilled revenue and is calculated based on applying the tariffs and contract rates applicable to customers against estimated customer consumption taking account of various factors including usage patterns weather trends and externally notified aggregated volumes supplied to customers from national settlements bodies. a change in the assumptions underpinning the calculation would have an impact on the amount of revenue recognised in any given period. the sensitivity associated with this judgement factor is disclosed at note .,0.5117596764452812,D
,,it is the largest electricity generation company in colombia by its net installed capacity and it is positioned as the third nationwide in terms of generation. below we present a table with the main generators that participate in the colombian electricity system,0.5014629654445842,D
,,maintaining the condition of their network through accurate monitoring of monthly consumption periodic inspections for leaks and connection problems and annual checks of equipment such as plant water networks,0.5685275105226006,D
,,the groups exposure to the end markets is thus differentiated according to geographical area. it adapts its offer to the local and regional specificities of the various markets in order to best meet its customers needs. its flexible industrial facilities adapted to these specificities also allow production to be temporarily transferred from one site to another in the event of repairs to furnaces or other equipment or the occasional spike in local demand.,0.5034261324173166,D
,,the contractual commitment may concern both the financing of installations and infrastructures to be used in operations and also the maintenance and replacement of infrastructures necessary to operations.,0.5092846387280394,D
,,water and electricity production and distribution wholesale and retail distribution repairs etc. finance and insurance,0.5786053668931823,D
,,generation of electricity and district heatingcooling procured by deutsche telekom. renewable energy certificates are taken into account when scope emissions are determined.,0.5329207797709896,D
,,for the homes businesses generators and service providers that are connected to or are seeking a connection to its distribution networks and electricity customers in its operating areas.,0.5971747757094347,D
,,acquisition of domestic electricity transmission service and sale and purchase of electricity for granting the system balancing based on prices referred to the quotations of the main energy commodities and derivatives on commodities entered to hedge the price risk related to the utilization of transport capacity rights with terna group,0.5405562381304899,D
,,considering the contractual obligations on the supply delivery points revenue from sales of electricity and gas to retail customers includes costs for transportation and dispatching and in these cases the gross amount of consideration to which the company is entitled is recognised.,0.5530352183843572,D
,,the main scope emissions are linked to drinking water production services and processing wastewater which requires the purchase of electricity for transport and water treatment. a significant portion of this business activity is in france but also in countries where the energy mix is still coalheavy such as china or the czech republic. in the energy business only the physical losses of heat and electricity distribution networks operated by veolia are accounted for in scope in accordance with the ghg protocol.,0.5011171403260445,D
,,running through all of the business activities of the company. this is true whether the enterprise is acting as a consultant planner operator for third parties or owner of the plants and installations in whole or in part. business activities in the areas of energy buildings and infrastructure form the basis of spaces for life,0.5587025487621279,D
,,includes mediumvoltage cable systems for overhead and underground installation together with all types of network accessories and components for connecting industrial andor residential buildings to the primary distribution grid as well as lowvoltage cable systems for power distribution. grid hardening is the main driver of this business.,0.5325930094323842,D
,,therefore we state our activities in the natural gas business as being taxonomyeligible but not taxonomyaligned. these essentially consist of electricity generation from natural gas.,0.5050114621164448,D
,,power plants and in some cases opencast mines are grouped together as a cashgenerating unit if their production capacity and fuel needs are centrally managed as part of a portfolio and it is not possible to ascribe individual contracts and cash flows to the specific power plants.,0.5309756862177573,D
,,the groups manufacturing activities consume a considerable amount of thermal and electrical energy which accounts for a significant portion of its operating expenses approximately of the cost of sales in . significant increases or changes in the price of energy resources may have a material adverse effect on the groups business and its operational results. energy shortages may also occur negatively impacting the groups business and objectives. the group obtains its supplies of electrical energy from local producers in each country and does not always have an alternative supply solution. as such it may be subject to interruptions of electricity supply or price increases.,0.525455988793851,D
,,the electricity sector due to its nature as a basic service to be provided to society is highly regulated by each of the states in which enel amricas operates. however there are particular characteristics related to laws and authorities and certain specific limit definitions that define a free or regulated customer that are detailed in note sectoral regulation and operation of the electricity system of the consolidated financial statements of enel amricas s.a. and subsidiaries included in this integrated report the general characteristics that regulate the electricity sector in each of the countries in which we operate are as follows,0.5754493233019008,D
,,the assigned rights of use are contributions paid by third parties for transit rights to transmission facilities plant usage rights and gridcost contributions connection contributions. they are recognized at the nominal value of the cash inflow received less reversals recognized in profit or loss. the liability is amortized on a linear basis over the useful life of the asset up to a maximum of the contractual term of the ceded right.,0.5074816746804378,D
,,installation maintenance and repair of instruments and devices for measuring regulation and controlling energy performance of buildings a substantial number of orklas factories installed maintained or repaired equipment related to buildings energy performance in .,0.5228033927417617,D
,,property plant and equipment is held at cost or at deemed cost for infrastructure assets on transition to ifrs less accumulated depreciation and impairment. expenditure on property plant and equipment relating to research and development projects is capitalised and depreciated over the expected useful life of those assets.,0.5069456606527734,D
,,capital expenditure on heating modernization charging stations and wall boxes measurement technology and smart metering and photovoltaic systems is generally treated as a direct climate protection measure meaning that no additional technical criteria need to be assessed. these measures are allocated to the following activities and .,0.515398304720501,D
,,a includes positive and negative imbalances difference between the electricity effectively fedin and as scheduled.,0.5024598964548467,D
,,the electricity industry can be essentially divided into three activities generation transmission and distribution. the electrical installations associated with them must operate in an interconnected and coordinated manner whose main objective is to supply electricity to the market at minimum cost and within the standards of quality and safety of service required by electrical regulations,0.6912501892882846,D
,,we maintain upgrade and manage vital services across the power transmission distribution utilities road and rail sectors.,0.5343801912005697,D
,,the sector is a regulated industry in the countries where the company operates. the governments are responsible for proposing and conducting public policies on energy enhancing coordination and facilitating a comprehensive view of the sector.,0.5913339553432645,D
,,infrastructure and systems energy generation and distribution systems it systems decentralized energy solutions such as heating networks pv installations emobility charging stations,0.6505364305968596,D
,,we believe that investments for the operation and development of the electricity transmission grid represent a key audit matter for the groups consolidated financial statements as of december due to i the relevance of the tangible and intangible assets related to operation and development of the electricity transmission grid compared to the groups total assets ii the relevance of the investments made during the year iii their impact in determining the fees for the transmission and dispatching services.,0.5431150927275751,D
,,significant and recurring investments in the renovation of the groups industrial equipment e.g. furnaces the compliance and safety of production equipment and facilities and productivity improvements,0.5136035774446875,D
,,purchased goods and services downstream transportation and distribution use of sold product and fuel and energy related activities form of the total scope excl. capital goods footprint.,0.5090590550538395,D
,,our business activities that are not taxonomyeligible mainly comprise electricity generation from coal and nuclear energy. the latter is stated as not taxonomyeligible since no more expansion investments are being made in this technology. as a result the mandatory criterion of activity of the supplementary delegated legal act on gas and nuclear energy is not satisfied. this is in line with the prior years presentation. at the time electricity production from nuclear energy had not yet been addressed by the taxonomy regulation because the corresponding delegated legal act hat not entered into force yet.,0.5703860317119821,D
,,emissions relating to heating and electricity purchased and distributed without transformation are accounted for in scope below after deducting losses.,0.5436606755710117,D
,,s . installation maintenance and repair of instruments and devices for measuring regulating and controlling energy performance of buildings,0.5292772629751419,D
,,working together with the group real estate department in particular the house has a policy of using renewable energies through the installation of geothermal heating or cooling photovoltaic panels the supply of green electricity for sites in france connection to district heating and cooling networks and the use of woodfired boilers on some sites.,0.506921610056938,D
,,a range of regulated services is offered to property developers and owners who require connection to the water and sewerage networks or need the networks to be extended or altered. typically these customers pay an estimate of the charges in advance as a deposit which is treated as a contract liability and are billed or refunded the difference between the estimate and actual costs on completion of the work.,0.5035495683567703,D
,,from to a period in which the regulatory foundations for new renewable gas networks especially hydrogen are laid.,0.5095134406484241,D
,,the financial information presented in the css is based on operating activities of the groups electricity generation businesses renewables and thermal generation segments described above and the nondomestic electricity and gas supply business business energy segment described above in great britain. the paragraphs that follow describe how sses renewable and thermal generation and business energy nondomestic supply businesses interact with energy portfolio management epm which is the groups energy markets business. the basis of preparation defines the revenues costs and profits of each business and describe in more detail the transfer pricing arrangements in place for the financial year ended march . the css has been prepared on a going concern basis as set out in note a. of sse plcs annual report.,0.5134218661687604,D
,,managing an extensive network to deliver and uninterrupted supply of drinking water to households and businesses.,0.5141828259495409,D
,,provides costeffective shared hr legal finance it procurement investor relations corporate affairs and other services. ensures compliance with sses regulatory requirements as a listed company. develops a strategic framework that maintains the groups focus on net zero through targeted acquisitions and noncore disposals. provides finance and capital allocation to fund growth. offers the regulatory and policy insight required to navigate each stage of the energy value chain.,0.5022586897534048,D
,,investments for the operation and development of the electricity transmission grid relevant for the purposes of determining the transmission and dispatching activities charges,0.5797955464540689,D
,,technical management of the basic network and the secondary transmission network guaranteeing the continuity and security of the natural gas supply as well as proper coordination between access points storage facilities transmission and distribution.,0.6242863337105797,D
,,i construction or operation of electricity generation facilities that produce electricity using fossil gaseous fuels ii construction refurbishment and operation of combined heatcool and power generation facilities using fossil gaseous fuels iii construction refurbishment and operation of heat generation facilities that produce heatcool using fossil gaseous fuels.,0.6202815913032046,D
,,the distribution business is also affected by inclement weather. with extreme temperatures the demand for electricity can increase significantly in a short period affecting the service and causing service outages that have and could in the future lead to fines for the distribution business. furthermore with increased severity and frequency of extreme weather events such as cyclones and floods heavy rain or snowfall can occur in a brief period of time accompanied by windstorms and lightning. these events can damage power distribution infrastructure and cause service outages. as a result depending on weather conditions the results obtained by the distribution business can vary significantly from year to year.,0.5186003805173575,D
,,these are the costs incurred by terna for payments to production plants defined as essential for the electricity system pursuant to annex a of the grid code and who chose the alternative regime described in art of resolution .,0.5026777094591445,D
,,the mapping of uninterruptible systems and generator sets on the sites of provision of critical supplies in order to ensure total coverage,0.5318225453797883,D
,,through offering services that bring lowcarbon onsite generation storage and delivery flexibility close to the point of use. diverse capabilities battery solar ev infrastructure district heating and networks infrastructure deployment offer a local whole system approach.,0.5290120919366623,D
,,infrastructure also includes communications chief sustainability office regional management human resources global real estate and group audit which report to the chief executive officer.,0.5095378172186612,D
,,in the new framework the useful lives of the assets in the current framework are maintained except for the secondary pumps of the regasification plants which go from to years. in addition for new facilities the remuneration for amortisation starts to accrue from the date of commissioning of the facility. this is different from the current framework as the accrual for transmission facilities started on january of the year following the commissioning. the remuneration is accrued until the facility is depreciated.,0.5184430041495829,D
,,infrastructure and environmental projects integrated services in the field of building technology as well as the construction servic ing and maintenance of energy telecommuni cations transport and water utility networks.,0.5467512310244865,D
,,this applies to capital expenditures and operating expenditures related to activities electricity generation using solar photovoltaic technology installation maintenance and repair of charging stations for electric vehicles in buildings and parking spaces attached to buildings and data processing hosting and related activities.,0.5154805340533224,D
,,with reference to investments for the operation and development of the electricity transmission grid our audit procedures included among the others the following,0.5307157760967756,D
,,hydros own electricity production is influenced by hydrological conditions which can vary significantly and where production shortterm is managed to match physical need and market prices. the net power position in norway is balanced out in the nordic power market through hourly sales and purchases.,0.5007400721349479,D
,,in total the company already handles the energy management of more than facilities in over countries for public and private customers equivalent to gwh of energy consumption per year. it also manages more than lighting points for town councils and industrial plants.,0.5152736106462181,D
,,revenue principally arises as a result of the groups activities in energy production storage transmission distribution supply and related services in the energy markets in great britain and ireland. the key policies applied by each business area are as follows,0.555165473380089,D
,,operation of facilities that generate electricity from hydropower is an eligible activity under the taxonomy. hydro owns and operates hydropower plants in norway with a combined installed capacity of gw. the purpose of hydros hydropower assets is to secure a stable power supply to our primary aluminium plants located in norway which means the hydropower is mainly generated and used for internal consumption.,0.5462502700295218,D
,,c. manufacturing activities of equipment such as loading systems and ethylene furnaces in industrial buildings owned by technip energies.,0.5022809151784973,D
,,company operates and additionally serves as a vehicle to develop the necessary increase in regional electrification.,0.5475476923137452,D
,,liquefied petroleum gas lpg and natural gas cng. the indirect energy carriers scope include electricity and district heating.,0.5017016601857345,D
,,remuneration that covers operation and maintenance costs. market prices are not related to hydrological conditions or commodity prices.,0.5190910066088439,D
,,when the energy is required by the grid the water is released at high speeds through a hydraulic turbine generating electricity for delivery to the grid.,0.5383604727237773,D
,,includes reclassifications of assets under construction to the relevant classification in property plant and equipment rightofuse assets or intangible assets when available for use,0.5332614862237905,D
,,this includes the purchase of renewable energy such as hydropower solar or wind power. the business segment also generates electricity in its own facilities and uses e. g. combined heat and power systems or solar panels at its own sites. the business segment has put into operation further solar panels in and wants to increase the share of renewable energy in its overall energy consumption.,0.5089181520961759,D
,,i n energy production in the sein national interconnected electric system reached gwh of which gwh corresponded to the enel per group with a stake.,0.5604353224858456,D
,,bkw operates the grids reliably and efficiently so that they perform well. as the operator of switzerlands largest distribution grid bkw ensures that electricity continues to flow reli ably to customers in the new energy world but also takes delivery of the electricity they produce themselves. knowledge and many years of experience are combined with the opportunities of the digital transformation. as an infrastructure operator bkw is also developing into an integral data expert in order to master the complexity of the future of energy.,0.5272996708743884,D
,,the fi nancial year was marked by sharp infl ation in the cost of new equipment and by administrative congestion in the granting of building permits and network connections. an agreement was reached between the profession and the cre to release resources to offset the additional costs on the equipment in the form of an authoris ation to sell the electricity production of ongoing projects as soon as they are fi nalised and for a period of months at market price higher than the contractual repurchase price. as for the congestion in the processing of building permits this will result in a delay of to months in the completion of the project portfolio with a target of gwp of installed capacity in previously for a cumulative investment of million over the period compared to previously and a target ebitda of to million in .,0.5279243398848762,D
,,an increase in payables linked to plants that are essential for the security of the electricity system uess million reflecting a reduction in amounts collected to cover the costs awarded to owners of the plants by arera,0.5008983127270404,D
,,the grid business area builds operates and maintains bkws distribution grid. the grid not only transports electricity from power plants to consumers but also measures production and consumption transforms voltage monitors analyzes and controls load flows and integrates decentralized produc tion facilities such as photovoltaic systems and wind turbines.,0.5427816333740929,D
,,ensure we own and manage our rights efficiently and effectively. maximise the value of these rights across our studios streaming and broadcast business models,0.5136926164529981,J
,,extensive interaction with government ofcom and parliament in relation to itvs psb licences and the renewal process securing endorsement of need for media bill in government white paper on broadcasting,0.5157283385290696,J
,,licensing the licensing segment includes all revenue and expenditure relating to licences granted to external partners including the development of digital content for animation and tv.,0.5680243622796745,J
,,distribution rights are programme rights the group buys from producers to derive future revenue principally through licensing to other broadcasters. these are classified as noncurrent assets as these rights are used to derive longterm economic benefit for the group.,0.5930047022708075,J
,,f the acquisition the operation and the realization in any form whatever of intellectual property rights licenses and concessions,0.5196681983691511,J
,,in addition to the requirements of telecommunications law our media products are also subject to special european and national regulations under media law as well as nonsectorspecific regulations such as data and consumer protection. these include in the broader sense copyright law regulations concerning the responsibility for published content requirements in relation to ensuring the protection of minors in the media and requirements in relation to the content and user interfaces of media distribution platforms. barring any changes to its shareholder structure on the one hand the federal republic and kfw being its major shareholders or to the legal situation or the prevailing opinions of media regulators on the other it is unlikely that telekom deutschland will be granted a license to broadcast radio and tv programs.,0.5224853980432665,J
,,. global distribution network with a library of hours of content rights and we are one of the largest global distributors of unscripted formats,0.5115160297744143,J
,,itv studios global formats and distribution division operates three centres of excellence the creative network global distribution and global entertainment. this enables the group to create more hits to build better brands and formats internationally and to monetise them effectively. global formats and distribution license itvs finished programmes formats and thirdparty content internationally. within this business the group also finances productions both on and off itv to acquire global distribution rights.,0.5014979275866844,J
,,in order to establish the new policies the group set out to understand the pattern in which the programme right is expected to be consumed on linear and the new streaming platform. the group then established a method to allocate the programme right asset between streaming and linear based on a pattern of viewing. consumption of content varies based on the type of programme right as well as the type of platform it is transmitted on. programme rights are expensed through operating costs reflecting the pattern in which management expects the right to be consumed.,0.5458259249223334,J
,,o the draft act amending the act on copyright and neighbouring rights and certain other acts provides for the uniform rules for licensing television and radio programme rebroadcast irrespective of the broadcast technology used and regulates the dissemination of television and radio programmes made available to the broadcaster by direct injection.,0.6806936792034678,J
,,with regard to mutual funds acquired as part of transactions for the sale of receivables included among bond funds please refer to the specific paragraph reported in part e of these notes subsection e disposals point c. financial assets sold and fully derecognised.,0.503452122103707,K
,,information on the groups risk management process is set out on pages to . more details on risk management and the financial instruments used are set out in notes to of the group consolidated financial statements.,0.507994819395066,K
,,the total of cash cash equivalents securities and time deposits as well as loans to affiliates and joint ventures net of thirdparty borrowings noncurrent and current financial liabilities.,0.5099391848163708,K
,,as a result of its operating and fi nancing activities the group is exposed to market risks such as interest rate risk currency risk and credit risk. the group has implemented policies and procedures designed to measure manage monitor and report risk exposures which are regularly reviewed by the appropriate management and supervisory bodies. the groups central treasury team is charged with identifying risk exposures and monitoring and managing such risks on a daily basis. to the extent necessary and permitted by local regulation the groups subsidiaries centralise their cash investments report their risks and hedge their exposures in coordination with the groups central treasury team. the group performs sensitivity analyses to determine the eff ects that may result from market risk exposures.,0.5126999849306467,K
,,the net finance income arising from the expected interest income on plan assets and interest cost on scheme obligations is included in investment income. actuarial gains and losses are reported in the statement of comprehensive income. the ias accounting valuations are set out in note .,0.52830483134531,K
,,securities are held for shortterm investment of excess liquidity and to cover pension and severance obligations they primarily include shares in funds and stock which are accounted for at fair value. market value changes are recognized in financial result. as of the balance sheet date no debt instruments measured at fair value through other comprehensive income were held.,0.5774126947231258,K
,,other current financial assets mainly consist of time deposits debt securities and cash investments in the form of marketable securities.,0.550159743384431,K
,,considering and regularly reviewing our risk profile relative to current and future strategy and risk appetite identifying any risk trends material regulatory changes concentrations or exposures and any requirement for policy change,0.5110670389986498,K
,,the group makes provision for all insurance industry levies such as the financial services compensation scheme and motor insurance bureau.,0.5532226653283759,K
,,the group focuses on a shareholder view of the solvency ii capital position which is considered to provide a more relevant reflection of the capital strength of the group. the groups shareholder solvency ii capital position excludes the contribution to own funds and scr from the ringfenced withprofits fund. further information on the ringfenced withprofits funds capital position is provided in section . of supplementary financial information. shareholder solvency ii own funds also assume transitional measures on technical provisions which have been recalculated using managements estimate of the impact of operating and market conditions at the reporting date regardless as to whether the recalculation was approved for the reporting date.,0.5041167783674841,K
,,the groups principal financial assets are cash and bank balances and trade and other receivables. the groups credit risk is primarily attributable to its trade receivables. the amounts presented in the balance sheet are net of loss allowances. the credit risk on liquid funds and derivative financial instruments is limited because the counterparties are banks with high credit ratings assigned by international credit rating agencies. the carrying amount of financial assets recorded in the financial statements which are net of impairment losses represent the groups maximum exposure to credit risk.,0.559099130655078,K
,,the financial position of the group its cash flows liquidity position and borrowing facilities are described in these financial statements. in addition note includes the groups objectives policies and processes for managing its capital its financial risk management objectives details of its financial instruments and hedging activities and its exposures to credit risk and liquidity risk. note to the financial statements addresses the management of the funding risks of the groups employee benefit obligations.,0.574041845565137,K
,,differences of the securities listed for trade on the stock exchange not held as financial fixed assets,0.5129628408968697,K
,,in the companys accounts all investments in subsidiary undertakings associates and joint ventures are stated at cost less provisions for impairment losses. a list of subsidiaries is disclosed in note of the group financial statements.,0.5030580491892799,K
,,other activities includes the results of our industrial automation systems design and production business our cast iron and aluminum components business our mobility businesses our software and data businesses and our financial services activities as well as the activities and businesses that are not operating segments under ifrs . in addition unallocated items and eliminations includes consolidation adjustments and eliminations. financial income and expenses income taxes and share of the profit of equity method investees are not attributable to the performance of the segments as they do not fall under the scope of their operational responsibilities.,0.5703872587257311,K
,,grants and contributions received arise from transactions with customers typically property developers that result in the expansion of the groups water and wastewater network and therefore its fixed asset base. given that these grants and contributions are used to fund expenditure that results in the enhancement of the groups network assets the cash inflows are classified within investing activities in the period.,0.5239310599696797,K
,,in the course of our assurance engagement we have amongst other things performed the following assurance procedures and other activities,0.5199953058806002,K
,,for other financial assets which for the main part comprise receivables on governmental or semigovernmental bodies see note .,0.5952981857626062,K
,,information in this section should be read in conjunction with section note financial and insurance risk management of this annual report. the report of the statutory auditors on the consolidated financial statements covers only information referred to in note .,0.5716565285324606,K
,,it is held within a business model whose objective is to hold assets to collect contractual cash flows and,0.566120976354047,K
,,the company may carry out all civil commercial industrial and financial activities as well as activities relating to real and movable property that are linked directly or indirectly to its statutory purpose or that may enhance the realization thereof. the company may provide securities or guarantee in favor of companies enterprises businesses or associations in which it has an interest or participation act as representative or agent provide advances credit facilities and mortgages or other securities. the companys activities may be carried out both abroad and in belgium.,0.5774330784806874,K
,,with the exception of financial instruments deferred tax assets assets from defined benefit plans and rights from insurance contracts.,0.5359570277274758,K
,,at december investments in aff iliated undertakings and in undertakings with which a participating interest exists represented million a significant balance sheet item.,0.5027630665032538,K
,,the going concern statement longterm viability statement and the statement of directors responsibilities in respect of the annual report and accounts are shown on pages and respectively.,0.50181043932443,K
,,sum of net interest income net commissions income income from securities and participating interests net profit or loss on financial operations and other operating income.,0.511366599335799,K
,,financial assets at amortised cost mainly include bonds and negotiable debt securities loans and receivables.,0.5435630163505347,K
,,the company holds investments in noncurrent financial assets which based on euifrs are designated as financial assets at fair value through profit or loss or financial assets,0.5848995940613835,K
,,for managing liquidity risks scor holds insurance business investments amounting to eur million and cash amounting eur million as at december . maturity analyses of financial assets that are held for managing liquidity risk are presented within section notes to the consolidated financial statements note debt securities maturity schedule.,0.532408990896817,K
,,within the debt and fixed income holdings which include debt securities deposits with credit institutions credit funds and cash equivalent assets there are exposures to a range of government borrowers on either a direct or guaranteed basis and banking institutions. the group together with its investment managers closely manages its geographical exposures across government issued and supported debt.,0.5499662655242645,K
,,financial assets and liabilities measured at fair value and classified in level of the fair value hierarchy mainly consist of,0.5186089319470266,K
,,each of the groups activities is exposed to a variety of risks that are financial or nonfinancial in nature but have the potential to impact the financial performance of the group. financial risks include changes in metal prices in foreign currency exchange rates in certain marketdefined commercial conditions and in interest rates as well as credit and liquidity risks. the groups overall risk management program seeks to mitigate risks and potential adverse effects on the financial performance of the group including through the use of hedging and insurance instruments.,0.5098931726375883,K
,,financial assets at amortized costs include chf million chf million in investments in fixedterm deposits with maturities between and months at the date of acquisition.,0.5026175642224031,K
,,this section details how the group accounts for the different types of interests it has in subsidiaries and equity accounted investments.,0.6075727685948432,K
,,distribution of carrying amounts of financial assets and financial liabilities by measurement categories stipulated by ifrs .,0.5171339491635767,K
,,the item other liabilities in table on page includes liabilities for insurance premiums as well as the current portion of pension liabilities.,0.5188746419314876,K
,,financial assets at fvpl include all other financial assets not classified as amortised cost or fvoci. they include ccp businesses clearing member trading balances comprising derivatives as well as equity and debt instruments that are marked to market on a daily basis.,0.508490286612661,K
,,considered tax and treasury matters including provisioning for uncertain tax positions and compliance with statutory reporting obligations.,0.5119780373421103,K
,,assets held for trading and assets designated as at fair value with change in fair value through profit or loss,0.5065863920614776,K
,,this provides the board with information in two categories groupwide business risks and operational risks. the board also receives information during the year from the treasury committee to which the board has delegated matters of a treasury nature see page including such matters as liquidity policy the groups capital funding requirements and interest rate management.,0.5076314830315929,K
,,investing activities cash flows that result in the recognition of an asset in the balance sheet i.e. capex or investing in another company.,0.5453157535536808,K
,,a. breakdown of financial assets commitments to disburse funds and financial guarantees granted by external and internal ratings,0.6130699298322698,K
,,holdings in crypto assets the group offers crypto assets trading and custody services to its clients. the group holds all crypto assets credited to the client accounts solely as a nominee fiduciary capacity on behalf of its clients who remain the legal and beneficial owners of such holdings. the group itself has no claim to the crypto assets as they are assets belonging to its clients. segregation and compliance to segregation requirements are key elements in determining whether the holdings in crypto assets have to be recognised in the statement of financial position or not. swiss laws provide among other clear rules for the segregation of crypto assets in the event of bankruptcy of the custodian.,0.5420372471181076,K
,,the group holds equity investments in a number of companies which fall below the level that would result in recognition of an interest in a subsidiary or associate. the group also holds some debt investments in government bonds.,0.5070274081253938,K
,,this item includes financial assets fixedyield securities and loans managed through an htc business model that have passed the sppi test. the following are recognised in this item,0.5373763102149184,K
,,financial securities are comprised of short term or marketable securities which represent temporary investments but do not satisfy all the requirements to be classified as cash equivalents as they may be subject to risk of change in value even if they are shortterm in nature or marketable,0.5074152715919721,K
,,with regard to the investment and integrated risk management policies the funds verify the level of coverage and the possible outcomes under various scenarios. for this purpose various investment configurations and portfolio mixes and allocations are defined in order to satisfy the pension and profitability objectives as adequately as possible.,0.5256601625508442,K
,,this taxonomy notice is prepared in line with the eu regulation and the related applicable delegated acts. the tables below include the information required by commission delegated regulation eu of july for saipems assets currently aligned with or eligible for the taxonomy. the figure on aligned and eligible activities in the previous year is also reported as a comparison in the last column as year n.,0.5238240868952612,K
,,operating assets total assets deferred tax assets trade accounts payable cash held in trust payments received on account approved subsidies.,0.565965184752441,K
,,establishes the guidelines to be followed and requirements that must be met by the third party entities with which allfunds signs service provision agreements including most notably i ethical and corporate culture complying with the applicable laws and regulations in each territory ii general data protection iii environmental practices iv prevention of money laundering and v corporate social responsibility. vi risk management y vii it security,0.5031416774110671,K
,,the classification and measurement of financial assets will depend on how these are managed the entitys business model and their contractual cash flow characteristics. financial assets that do not meet the solely payment of principal amp interest sppi criteria are measured at fair value through profit amp loss fvtpl regardless of the business model in which they are held. the banks business model in which financial assets are held will determine whether the financial assets are measured at amortised cost fair value through other comprehensive income fvoci or fair value through profit or loss fvpl. the classification of equity instruments is generally measured as fair value through profit amp loss fvtpl unless the bank elects for fair value through other comprehensive income fvtoci at initial recognition. the bank has analyzed the impact of initial application of ifrs on its financial assets as follows,0.5382810961320117,K
,,corporate these comprise nonfinancial companies and family the figures shown here relate to credit and loans deposits leasing and payment services. revenues from currency transactions with resident and nonresident customers are also significant to this subsegment.,0.5090673335047284,K
,,other financial assets are classified based on the business model for control and the cash flows of the financial assets. in the group financial assets are generally held under a business model that provides for holding the asset until maturity in order to collect the contractual cash flows. the second condition is that the terms and conditions of the financial asset result in cash flows at specified times which exclusively represent repayments and interest payments on the outstanding nominal amount.,0.5689577987208634,K
,,the carrying amount of nonfinancial assets other than inventory and deferred tax assets is reviewed at each period end in order to assess the existence of any indication of loss in value nonperformance of a significant longterm contract under the terms laid down in the contract technical operating issues and counterparty default for operating financial assets etc  where such indication exists the recoverable amount of the asset or group of assets is estimated.,0.5043526902198266,K
,,financial assets at fair value through profit or loss include marketable securities with maturities greater than three months and other financial assets held for trading and acquired for the purpose of resale in the near term instruments that are not eligible to be classified as financial assets measured at amortized cost or at fair value through other comprehensive income. these assets are measured at fair value with changes in fair value recognized in financial income or expense in the income statement with the exception of changes in the fair value of financial assets related to the benefits amp rewards services activity which are recognized in operating income or expense.,0.515993965240242,K
,,the group also has investments in financial assets at fvoci. these include equity investments that are not of a trading nature and which are subsequently recorded at fair value. the group intends to hold these equity instruments for the foreseeable future and has irrevocably elected to classify them as financial assets at fvoci upon initial recognition. upon derecognition of these financial assets there is no recycling of gains or losses to the income statement.,0.5386317220551398,K
,,therefore commitments in respect of acceptances have been accounted for as financial assets and financial liabilities,0.5132448513738234,K
,,financing activities in are largely geared to refinancing existing financial liabilities maturing in and .,0.5427591379054705,K
,,u financial remuneration as a component to be received in the long term associated with i the existence of a large number of assets that are still in useful life and ii additionally the existence of an incremental investment plan to be developed as part of the update of the strategic plan.,0.5182282897348423,K
,,the financial risks are managed centrally. the company coordinates the access to national and international financial markets and considers and manages continuously the financial risks concerning the companys activities. these relate to the financial markets risk credit risk liquidity risk and currency risk. there are no other important risks such as interest rate risk on borrowings as the company has no financial debt. the company does not buy or trade financial instruments for speculative purposes.,0.5469127146114139,K
,,financial assets and liabilities are recognised in the groups statement of financial position when the group becomes a party to the contractual provisions of the instrument. financial assets are initially classified as at fair value through profit and loss fair value through other comprehensive income or amortised cost depending on the groups business model for managing the financial asset and its cash flow characteristics. financial assets that are held for collection of contractual cash flows where those cash flows represent solely payments of principal and interest are measured at amortised cost.,0.5523793636465185,K
,,financial assets include trade receivables other receivables and loans and borrowings. loans receivables and deposits are recognized on the date they are originated. all other financial assets are recognized initially on trade date when the company becomes a party to the contractual provisions of the instrument. financial assets are derecognized when the rights to receive cash flows from the financial assets have expired or have been transferred and the group has transferred substantially all the risks and rewards of ownership.,0.5588706927545785,K
,,operating financial assets comprise financial assets resulting from the application of ifric on accounting for concession arrangements and from the application of ifrs on accounting for leases.,0.5237654656435321,K
,,contracts entered into by the group with reinsurers under which the group is compensated for losses on one or more insurance or reinsurance contract and that meet the classification requirements for insurance contracts are classified as reinsurance contracts held. contracts that do not meet these classification requirements are classified as financial assets.,0.5303562535563147,K
,,total liabilities excluding liabilities in insurance operations for which policyholders are exposed to the risk of changes in value. these liabilities do not affect the liquidity risk.,0.5347573774825893,K
,,section notes to the consolidated financial statements note information on share capital capital management regulatory framework and consolidated reserves,0.5003149367403384,K
,,the company does not undertake hedging activities on behalf of itself or other companies within the group. financial instruments in the company primarily take the form of loans to subsidiary undertakings.,0.5063545806195934,K
,,this section of the strategic report constitutes the groups nonfinancial information statement produced to comply with sections ca and cb of the companies act. the nonfinancial information is contained within the various sections of the strategic report and is crossreferenced below to help stakeholders find relevant information.,0.5139685998930075,K
,,actions taken in order to reduce the credit risk related to buyers the company is constantly monitoring the settlement of receivables and collection of difficult cases is outsourced to external specialized entities. as part of its efforts to mitigate the credit risk of financial institutions the company works with several banks diversifying the allocations of its cash and bank deposits both by entity and geography. in addition the parent company which holds the majority of the groups funds may invest part of its reserves in the following types of bonds in accordance with the policy adopted in march,0.5375057304138023,K
,,the board implements certain policies to mitigate and control the level of insurance risk accepted by the group. these include pricing policies and claims management and administration processes in addition to reserving policies and co and reinsurance arrangements as detailed below.,0.5011544131275638,K
,,nonoperating special items are those that relate to changes in the groups asset portfolio. this category principally includes profits and losses on disposals of businesses and investments or closure of operations adjustments relating to business combinations and adjustments relating to former operations of the group such as changes in the measurement of deferred consideration receivable or provisions recognised on disposal or closure of operations in prior periods. this category also includes charges relating to black economic empowerment bee transactions.,0.5068916162348996,K
,,financial instruments are any contracts that give rise to a financial asset of one entity and a financial liability or equity instrument of another entity. such financial instruments are recognized on the trade date. the following sections provide a comprehensive overview of the relevance of financial instruments to sartorius and additional information on the items of the statement of financial position that include financial instruments.,0.5374061531290191,K
,,h net pension finance costs and fair value remeasurements of financial instruments are now included within adjusting items as they can fluctuate significantly due to external market factors that are outside managements control. refer to note for more details. refer to note for details of finance income and costs.,0.5318483428738847,K
,,this caption mainly consists of amounts due from banks included in the financial assets measured at amortised cost. it also includes any amounts due from banks classified under financial assets held for trading financial assets designated at fair value financial assets mandatorily measured at fair value and financial assets measured at fair value through other comprehensive income.,0.5440455130199267,K
,,in the tables as included in the appendix see page we provide an overview of our activities in each jurisdiction in which we operate. our working capital requirements of our local operations fluctuate considerably. consequently in order to make use of financing in an efficient and effective way solid working capital management insurance and financing is a key priority. randstad manages this through treasury centers of expertise in various jurisdictions and time zones. these centers of expertise are based in countries that among other things provide for a stable legal environment access to financial institutions and the availability of welleducated and welltrained treasury professionals.,0.5277328649224544,K
,,ensures that financial information is accurate and that both controls and the system of risk management are effective and robust,0.5285658311749925,K
,,the balance sheet is presented on a management basis which reflects the groups use of alternative performance measures to monitor its financial position with particular focus on own funds and liquid assets which are deployed to meet the groups liquidity requirements. these alternative performance measures are reconciled to the corresponding uk adopted ias balances in the appendix.,0.5172204115144354,K
,,ii includes reinsurers share of claims outstanding of m as at december m. reinsurance at december includes reinsurance assets of m net of longevity swap liabilities of m included in accruals deferred income and other liabilities on the consolidated statement of financial position and in note . for the comparative periods all reinsurance is presented in reinsurance assets.,0.5135747011135382,K
,,corresponds with the item longterm borrowings relating to the value of borrowings million and the longterm portion of lease liabilities million and the item noncurrent financial liabilities relating to the value of derivative liabilities million.,0.5025491606846264,K
,,assets and liabilities results financial position or operations of the totalenergies other than those mentioned below.,0.5606406403634909,K
,,the carrying amount of the other assets of that cashgenerating unit or operating segment on a pro rata basis.,0.5020285260259428,K
,,we help people take responsibility for their own financial security through insurance pensions and savings.,0.5095796229860267,K
,,information on the accounting for these financial assets is provided in note financial assets to the consolidated financial statements of the group.,0.5419547091799084,K
,,another key topic at the meeting was the discussion of and reporting on the status of implementation of the current it strategy. based on a separate item of the reporting we also looked at the strategy of the property and casualty reinsurance segment in the united states. furthermore an account of related party trans,0.5262581408757483,K
,,the group is an international asset manager and insurer its operations primarily consist of the legal entity operations in the united kingdom europe and asia.,0.5024699255078926,K
,,release from operations for lgri and the uk protection and retail annuity businesses within retail represents the expected ifrs surplus generated in the year from the difference between the prudent assumptions underlying the ifrs liabilities and our best estimate of future experience. for workplace savings within retail retirement the release from operations represents the expected annual management charges generated from the inforce business less expected expenses. the insurance release from operations also includes dividends remitted from us insurance business and ifrs profit after tax for the fintech business.,0.5077194983303605,K
,,a. financial assets commitments to disburse funds and financial guarantees given transfers between stages of credit risk gross and nominal amounts,0.5427507227704389,K
,,other assets includes captions tax assets noncurrent assets and disposal groups classified as held for sale and other assets,0.5335049552784749,K
,,the security department has a unit responsible for protecting people physical assets and infrastructure within the bank.,0.5283352185426564,K
,,if the net result is positive a provision is recorded under the provision for risks and charges heading. if the net result is negative a prepaid pension asset is recorded in the balance sheet but not more than its recoverable amount asset ceiling. actuarial gains and losses arising from experience adjustments and changes in actuarial assumptions are recognized in shareholders equity in other comprehensive income in full in the period in which they occur. similarly the actual return on assets and any change in asset ceiling excluding the net interest income on assets is recognized in shareholders equity. the regular impact in the income statement mainly relates to the current service cost annually accruing employee benefit and the net interest on the amount recorded in the opening balance sheet unwinding of discount applied to the net liabilityasset at start of the annual period taking into account contributions and benefits payments during the period.,0.506080879216217,K
,,assetbacked financing securitizations we pursue a strategy of autonomous financing for our financial services activities in the united states which involves limiting or reducing dependency on intercompany funding and increasing the portion of selfliquidating debt with various securitization transactions. at december and our funding under securitization programs amounted to million and million respectively and our receivables from financing activities which relate entirely to the financial services portfolio in the united states amounted to million and million respectively.,0.5051073938593968,K
,,the principal activities of the company and the nature of the companys operations are as a holding entity.,0.5406956798379834,K
,,the notes above describe how the scheme obligations and assets are comprised and measured. the following note sets out the impact of various movements and expenses on the scheme on the groups financial statements.,0.5179865202161227,K
,,financial instruments carried on the balance sheet include cash and balances with treasury banks balances with other banks lendings to financial and other institutions investments advances certain receivables bills payable borrowings from financial institutions deposit accounts and other payables. the particular recognition methods adopted for significant financial assets and financial liabilities are disclosed in the individual policy statements associated with them.,0.6163150845047476,K
,,the company adopted a series of policies and procedures whose purpose was to optimize the management of funds and to reduce liquidity risk as follows,0.5179316419681878,K
,,the financial instruments that could expose the group to counterparty risk are mainly trade accounts receivable cash and cash equivalents and derivative instruments.,0.5001316275738705,K
,,financial liabilities consist of loans payable including advances for the factoring of receivables and other financial liabilities convertible and regular bonds including derivatives.,0.5322165522599861,K
,,the company actively engages with the trustees on pension plan asset allocations and strategies to better allocate the exposure across the businesses.,0.5078959286771416,K
,,net finance charges comprise the net deficitasset on the plans at the beginning of the year adjusted for cash flows in the year multiplied by the discount rate for plan liabilities. the differences between the fair value of the plans assets and the present value of the plans liabilities are disclosed as an asset or liability on the consolidated balance sheet. any differences due to changes in assumptions or experience are recognised in other comprehensive income. the amount of any pension fund asset recognised on the balance sheet is limited to any future refunds from the plan or the present value of reductions in future contributions to the plan.,0.5016476522371267,K
,,the groups financial risk management objectives and policies including its use of financial instruments are set out in note to the financial statements from page .,0.5952941118427683,K
,,the tables below present the reconciliation of the companys liabilities arising from financing activiti es and derivatives liabilities less assets hedging these liabilities,0.5017831677012052,K
,,for the financial year the group considers that among its various industrial and service activities the following activities are eligible for the taxonomy,0.5393843136094079,G
,,the cost of sales accounted for of turnover in . production costs totaled .m .m in which however did not include the costs of draintech s.r.l. or eurofluid hydraulic s.r.l. the costs of the white drive companies for months or the costs of berma for months accounting for of revenues in . the purchase cost of raw materials and components sourced on the market including the change in inventories was .m .m in which however did not include the costs of draintech s.r.l. or eurofluid hydraulic s.r.l. the costs of the white drive companies for months or the costs of berma for months. the incidence of purchase costs including the change in inventories was in .,0.5078028675058033,G
,,purchase including regulations on where the products are sold such as type of outlet e.g. supermarkets online and vending machines radius or distance restrictions e.g. meters from a school online sales bans regulation regarding how they are sold and displayed e.g. above the counter or under the counter and minimum purchase age and increases thereto including generational bans,0.5817003802996821,G
,,revenue arising on commodities purchased in excess of the groups requirements and recorded as inventory assets such as renewables obligation certificates is recognised point in time on disposal of these inventory assets to third parties.,0.5413106633031894,G
,,segment reporting is therefore prepared according to ifrs et seq. one single reportable segment and the valuation is made in accordance with the same principles as the consolidated financial statements. the basis for revenue recognition is the same for all markets and product areas. the geographical allocation of net sales is based on the domicile of the customers.,0.521665845582386,G
,,in enel panama sold gwh of which gwh were sales to customers in wholesale market contracts gwh to nonregulated customers gwh sales in the spot market and exports. net generation totaled gwh,0.5006587253498029,G
,,classification of products to determine the applicable export compliance requirements and understand where and to whom they can be exported as well as whether or not a licence or other authorisations is required,0.5593002770530644,G
,,the business activities of subsidiary and consortium partner kiepe electric as a manufacturer of electric vehicles are an exception. the maintenance and modernization of systems carried out on electric rail vehicles in the rvs division which is performed in the aftermarket business can also be reported as taxonomyeligible. further activities in the field of rail infrastructure are identified as taxonomyeligible. by contrast there is no possibility for the cvs division to recognize a proportion of revenue as knorrbremse supplies parts and components to commercial vehicle manufacturers as a tier supplier. the aftermarket business cannot be reported as taxonomyeligible either as it is a series production business and the services are carried out without the vehicle concerned being known to knorrbremse.,0.5405666899590043,G
,,the company has determined that the companys customers from the sale of vehicles and service parts are generally dealers distributors or fleet customers. transfer of control and therefore revenue recognition generally corresponds to the date when the vehicles or service parts are made available to the customer or when the vehicles or service parts are released to the carrier responsible for transporting them to the customer. this is also the point at which invoices are issued with payment for vehicles typically due immediately and payment for service parts typically due in the following month. for component part sales revenue recognition is consistent with that of service parts. in the case of service parts sold that are expected to be used for repairs under warranty no revenue is recognized upon shipment.,0.546689419437299,G
,,the board is considered to be the chief operating decision maker of the group in the context of the ifrs definition. in addition to its companymanaged retail activities the group generates revenues from its business to business channel which includes franchise and wholesale activities. both channels were categorised as reportable segments for the purposes of ifrs .,0.5158198460115629,G
,,the group may also sell certain of its trade receivables through factoring transactions without recourse. the group derecognizes the financial assets when and only when the contractual rights and risks to the cash flows arising from the related financial assets are no longer held or the group has transferred the financial assets. in the case of a transfer of financial assets if the group transfers substantially all the risks and rewards of ownership of the financial assets it derecognizes such assets and separately recognizes as assets or liabilities any rights and obligations created or retained in the,0.5067239800652427,G
,,a crossreference table listing the provisions of the french commercial code is provided in section . in order to facilitate the reading of this chapter.,0.5626845260675247,G
,,sales in the course of ordinary activities are recognized in revenue. these are essentially sales of internally generated chemical products or from tolling agreements for such products. in addition research and development work sales and productrelated services and other longterm services are also recognized in revenue. services that do not relate to ordinary activities and that are temporary are reported in other operating income.,0.5276993136014964,G
,,contracts to buy or sell commodities entered into and continued to be held for the purpose of their receipt or delivery in accordance with the groups expected purchase sale or usage requirements are recognised on an accrual basis the socalled normal sale and normal purchase exemption or own use exemption.,0.5419230537910922,G
,,the code regulates aspects of the commercial relationship between designated grocery retailers in the uk and their suppliers of grocery products. the aim of the code is to establish and embed the overarching principles of fairness and lawfulness within retailer supplier relationships. specific supplier protections under the code include the obligation for agreements to be in writing and copies retained reasonable notice to be given of changes to the supply chain or reduction in the volume of purchases and a number of provisions relating to payments to suppliers including obligations for retailers to pay suppliers in full and without delay.,0.5420900934042486,G
,,regulation replaced regulation on june . accompanied by new guidelines also adopted on may it contains new provisions on ecommerce and the digital economy and updates the legal framework for distribution networks. the most substantial changes concern the strict control of information exchanges in the context of dual distribution a system combining direct sales and resales through a network of distributors the reinforcement of the protection of selective distribution networks and the new flexibility in setting the duration of noncompete obligations. the exemption conditions in regulation have generally been retained.,0.592169301365567,G
,,operational business responsibilities as well as the profit amp loss responsibility belong to each of the segments.,0.5140876720046247,G
,,segment liabilities comprise trade and other payables derivative liabilities provisions and lease liabilities.,0.5081824047337554,G
,,the process of reporting on the information requirements outlined in the taxonomy regulation involved a careful analysis of the regulations and related developments in order to identify assess and consolidate the qualitative and management and or accounting information necessary for the relative calculation of the indicators representing alignment for nonfinancial undertakings and eligibility for financial undertakings. this process therefore involved numerous functions of the group that own the data requiring the participation of the main business structures to identify the activities aligned with and eligible for the taxonomy in compliance with the related ecosustainability criteria associated with the individual economic activities being assessed as well as the related management of the data collection process.,0.5043291170475054,G
,,the eu taxonomy regulation and the delegated acts adopted thereunder contain wording and terms that are still subject to considerable interpretation uncertainties and for which clarifications have not yet been published in every case. therefore the executive directors have disclosed their interpretation of the eu taxonomy regulation and the delegated acts adopted thereunder in section applicability of the eu taxonomy regulation eu of the nonfinancial statement. they are responsible for the defensibility of this interpretation. due to the immanent risk that undefined legal terms may be interpreted differently the legal conformity of the interpretation is subject to uncertainties.,0.503337038069357,G
,,this applies to most of the sales contracts concluded by the group see section . risks related to relations with certain strategic suppliers and subcontractors of this universal registration document.,0.5134081539719199,G
,,the disclosures on taxonomy eligibility and taxonomy alignment in terms of turnover capital expenditure and operating expenditure are directly assigned at the level of product groups to either the operation of data centers in accordance with economic activity . or the provision of ict solutions in accordance with economic activity . the same applies to economic activity the expenditure disclosed for this activity is assigned directly to the installation and operation of charging solutions. we do not generate any turnover with crosscutting activities. exclusively capital expenditure was assigned to economic activity .,0.5118556455665277,G
,,includes off.shortices and retail uses such as trade counters car showrooms and self storage facilities,0.5439561693476593,G
,,revenue is recognized according to ifrs revenue from contracts with customers. revenue is disaggregated into the categories of nature of products and geographical regions as shown in the following table. the categorization by nature of products corresponds to the reportable segments as the identification of the reportable segments is based in particular on the different products sold. regional disaggregation of revenue is based on the customers location.,0.5027106469943635,G
,,payments to the customer relating to a service which is distinct from the sale of goods to the customer are recognised in operating costs.,0.5016340071292131,G
,,trade and other payables refer to goods and services provided in the ordinary course of the groups business. trade and other receivables refer to transactions carried out in the ordinary course of the groups business.,0.521658621116206,G
,,revenue from contracts with customers is measured at the fair value of consideration received or receivable as at the date control is transferred after deducting discounts volume rebates value added tax and other sales taxes. sales of metal concentrate are stated at their invoiced amount which is net of treatment and refining charges.,0.5078944319983946,G
,,the amount broken down under that heading corresponds mainly to expenses for the provision of logistics services storage and transportation and other marketing expenses.,0.5050525014456009,G
,,the sales financing segment which the group considers as an operating activity in its own right carried out for the distribution network and final customers by rci banque its subsidiaries and its associates and joint ventures.,0.5062126250064578,G
,,trade receivables are shown net of an ecl allowance calculated using the simplified approach. changes in the allowance for trade receivables were as follows,0.5086134954367425,G
,,we intend to conduct a risk analysis and categorise suppliers according to the obtained results. they will include an analysis of purchase expenditure within inpost group the creation of purchase categories and the risk level assessment associated with a product or service. we also plan to establish the rules for regular verification and risk assessments for new purchase categories.,0.5037412419284327,G
,,purchase including regulations on the manner in which tobacco products and nontobacco nicotine products are sold such as type of outlet e.g. supermarkets and vending machines how they are sold e.g. abovethecounter versus beneaththecounter and restrictions on adult purchase e.g. generational bans which preclude the sale and supply of tobacco products to individuals born after a certain year,0.5065161700888576,G
,,the trades are divided into different categories including technicalproduction sales rampd purchasing supply chain hse hr legal csr audit and internal control finance.,0.5232922962027262,G
,,the total revenue pursuant to the taxonomy regulation amounts to million of which million is attributable to taxonomyeligible reve nue for the cement business line and million to the recycled aggregates operating line. the taxonomyaligned share of revenue is million for the cement business line and million for the recycled aggregates operating line.,0.501223343550151,G
,,the principles set down in the code apply to the business transactions and daily activities of the employees of all group entities and their suppliers business partners commercial agents subcontractors and distributors. the document covers the following topics,0.592725677129405,G
,,the group is split into three reporting segments products trade and resources and the operations are spread across over territories and approximately legal entities. the results are not consolidated at a territory or regional level so we determined that the most appropriate level at which to scope our audit was the legal entity level.,0.5134675175656722,G
,,a conducting transactions with the company except for those that are subject to waiver in accordance with the provisions of article of these regulations or approved in accordance with the provisions of the law and article bis of these regulations in relation to relatedparty transactions.,0.5087119986769734,G
,,these are goods and titles held by the group but which are not owned by the group. it concerns mainly thirdparty inventories leased in or held under consignment or tolling agreements with third parties. it also includes in a much lesser extent some nonmetal leases that are not in the scope of ifrs because of lower values or shortterm.,0.5485000449894215,G
,,under the business model sale of products including organizing freight services control transfers to the customer on the basis of the agreed terms and conditions of delivery essentially at the end of the freight service. thus revenue is measured and recognized at the invoice amount after deducting transfer taxes and sales deductions. the freight service is not treated as a separate performance obligation.,0.5174040460880729,G
,,legal obligations in relation to customer conduct including sales practices and distributor activity.,0.5959384193821708,G
,,the majority of the groups sales arrangements are generally straightforward being on a point of sale basis and requiring little judgement to be exercised. however in the grocery segment management estimates the level of trade promotions and rebates to be applied to its sales to customers adding a level of judgement to revenue recognition. approximately of the groups gross revenue is subject to such arrangements.,0.5127122777900818,G
,,where thirdparty goods are sold on a commission basis only the commission receivable is included in statutory revenue. to aid comparability total sales are disclosed in the strategic report and in note of the financial statements. total sales includes the full customer sales value of commission based sales and interest income excluding vat.,0.507234680550321,G
,,such contracts accounts for the majority of sales in the segments hydro bauxite amp alumina hydro aluminium metal and hydro metal markets and a significant share of sales in hydro extrusions. some of these contracts include an element of freight services which is considered a separate performance obligation under ifrs and related revenue is recognized over the time of journey.,0.5274725720801079,G
,,revenue is derived principally from commodity sales. a sale is recognised when control has been transferred. this is usually when title and insurance risk have passed to the customer and the goods have been delivered to a contractually agreed location. revenue from contracts with customers is measured at the fair value of consideration received or receivable as at the date control is transferred after deducting discounts volume rebates value added tax and other sales taxes. sales of metal concentrate are stated at their invoiced amount which is net of treatment and refining charges.,0.5518355142519716,G
,,the eu taxonomy distinguishes between two levels taxonomyeligibility and taxonomyalignment. according to article of the taxonomyregulation in conjunction with the delegated act for the reporting year key figures on sales operational and capital expenditures are to be reported for taxonomyeligible and taxonomyaligned economic activities. for the first time taxonomyalignment must be reported and the tables provided within the delegated act on article are to be used for the presentation of the key figures.,0.5249274777391789,G
,,the group has changed the presentation of the categories of its provisions following the disposal of its contracting and rail business on june . the contracting and rail business had its own category of provision due to the materiality of provisions in that business. the group has reassessed its categories of provision within the continuing operations of the group and restated comparatives to present on a consistent basis.,0.5173729169038428,G
,,where thirdparty branded goods are sold on a commission basis only the commission receivable is included in statutory revenue. total sales represents the full customer sales value of commission based sales and interest income excluding vat. under ifrs total sales have also been adjusted for customer delivery charges income received from printed publications promotional discounts interest free credit commission costs and unredeemed gift card balances. the codm uses the total sales in assessing segment performance accordingly this is presented below and then reconciled to the statutory revenue. included within revenue is .m .m related to sales made through the redemption of gift cards.,0.5262391944378054,G
,,the groups trade and other receivables trade and other payables and lease liabilities are not shown in the table above. the carrying amounts of trade and other receivables and trade and other payables categories approximate their fair values. required disclosures relating to lease liabilities are provided in note .,0.5199984634611697,G
,,. enter into contracts of any kind with central regional provincial and local government authorities and executive agencies and in general with any natural or legal person in the public or private sectors including contracts for works supplies and services excluding regasification gas transmission and storage and gas supply contracts arrange auctions calls for bids competitive tendering direct procurement or any other legal form of procurement sign proposals and procurement specifications award contracts and accept contract awards sign the related contracts and any public and private documents that may be required for their formalisation fulfilment or performance and discharge.,0.5005608732242052,G
,,the product categories of works goods and services required to perform saipems activities classified to define uniform vendorproduct combinations total of which approximately are classified as critical categories i.e. deemed essential for the development of the companys core business. in those most represented in terms of amount purchased are related to mechanical assembly chartering of vessels purchase of package systems for ballast water treatment construction of onshore pipelines personnel services. during the year purchases were made mainly from vendors located in europe middle east and central asia.,0.5743885692777619,G
,,rec renewable energy attribute certificates rsl restricted substances list sbt sciencebased target slcp social and labor convergence program tier t suppliers supplier of finished goods tier t supplier supplier of materials or components tier t supplier supplier of yarn hides etc. voc volatile organic compound zdhc zero discharge of hazardous chemicals,0.5117777604038818,G
,,finally the taxonomy regulation requires the company to carry out its activities in compliance with minimum safeguards in terms of human rights corruption prevention proper tax management and respect for fair competition. in this,0.5473923142663447,G
,,petroleum products sold to retail distribution networks upon delivery to the service stations whereas all other sales of petroleum products are recognised upon shipment,0.5923215512787549,G
,,at this stage other activities that are directly associated with the primary vehiclerelated business and that in our view should also be allocated to this economic activity have not yet been included or have been interpreted as not yet being taxonomyeligible. this is because as the rules of the eu taxonomy currently stand it is still unclear where to record them in accordance with the eu taxonomy. these activities particularly include the sale of engines and powertrains as well as parts deliveries the sale of nongroup products and production under license by third parties. based on current assumptions hedging transactions and individual activities that we present primarily under other sales revenue in the consolidated financial statements cannot be classified as economic activities under the eu taxonomy and we have therefore initially classified them as not being taxonomyeligible.,0.562657873898157,G
,,the three geographic regions are the reportable segments for the group as they form the focus of the groups internal reporting systems and are the basis used by the management board for assessing performance and allocating resources. transactions between group subsidiaries are conducted on arms length terms in accordance with appropriate transfer pricing rules and organisation for economic cooperation amp development oecd principles. net finance costs comprising interest income and interest expense share of posttax results of associates and joint ventures and taxation are centrally managed and accordingly such items are not presented by segment as they are excluded from the measure of segment profitability.,0.5129303326989528,G
,,the group includes in sales the net consideration to which it expects to be entitled. sales are recognised to the extent that it is highly probable that a significant reversal will not occur. therefore sales are stated net of expected price discounts allowances for customer loyalty and certain promotional activities and similar items. generally payment of the transaction price is due within credit terms that are consistent with industry practices with no element of financing.,0.5070078410703937,G
,,in the case of goods sold through the retail stores and trading websites revenue is recognised when goods are sold and the title has passed less provision for returns. a separate right of return asset is recognised on the face of the statement of financial position which represents the right to recover product from the customer. accumulated experience is used to estimate and provide for such returns at the time of the sale. the refund liability due to customers on return of their goods was recognised within accruals in the prior year and has been reclassified to a separate refund liability category in the current year. retail sales are usually in cash by debit card or by credit card.,0.55378783281951,G
,,sale restrictions refer to total transactions of this kind made by a banking group. banking groups are classified into three categories with corresponding specific limits as shown below,0.57365243725924,G
,,of the sales revenues from the sale of goods eur million eur million are attributable to warehousing or direct business. of the other revenues from the sale of goods in the amount of eur million eur million eur million eur million relate to consignment business. revenue from consignment agreements is recognized when control of the goods transfers to either a distributor or the end customer.,0.624906969534193,G
,,punitive actions against the group or ability to sell products in key markets due to failure to comply in an effective competitive or economic manner with evolving regulations and requirements relevant to business operations products and supply chain and reporting.,0.506642204784368,G
,,the distribution of geographic markets or customers between distributors in particular the restriction of passive sales in a reserved region or customer group,0.5134383627128016,G
,,we conduct operations in a number of countries and we are subject to a variety of laws and regulations which vary from country to country. such laws and regulations include in addition to environmental regulations described below tax importexport and anticorruption laws varying accounting auditing and financial reporting standards import or export restrictions or licensing requirements trade protection measures custom duties tariffs import or export duties and other trade barriers restrictions and regulations.,0.5610676087637053,G
,,packaging and labelling including regulations on health warnings and other governmentmandated messages e.g. in respect of content positioning size and rotation restrictions on the use of certain descriptors and brand names requirements on pack shape size weight and colour and plain packaging of products and marking requirements relating to singleuse plastics,0.5426276188034179,G
,,the criteria for the ecosustainability of economic activities outlined in article of the taxonomy regulation call for respecting minimum safeguards when conducting business referred to in paragraph c in addition to the principles of substantial contribution and do no significant harm. the rule under article identifies the ms with the procedures implemented by a company to ensure that business conduct complies with the oecd guidelines for multinational enterprises and the united nations guiding principles on business and human rights. this includes identifying the principles and rights set out in the eight core conventions identified in the international labour organisations declaration on fundamental principles and rights at work and the international bill of human rights.,0.5375518917312679,G
,,on initial recognition the classification of financial assets depends on how they will be measured subsequently at amortized cost at fair value through other components of comprehensive income or at fair value through profit or loss. again at the time of initial recognition financial assets are classified with reference to the characteristics of the related contractual cash flows and the business model used by the group for their management. with the exclusion of trade receivables that do not contain a significant financing component the group initially measures financial assets at their fair value including transaction costs in the case of those not measured at fair value through profit and loss. trade receivables that do not have a significant financial component are measured at their transaction price as defined in accordance with ifrs .,0.5022807630145181,G
,,in the wholesale business growing retailers including those offering their own brands and competitors pose the risk of intensified competition for consumers and market shares. consumer purchase behavior is also changing focusing more on ecommerce and a combination of stationary and digital trade. this requires continuous adjustment of the distribution structure. distribution through the companys own retail stores and ecommerce channels is however also associated with various risks for us. these include the necessary investments in expansion and infrastructure setting up and refurbishing stores and higher fixed costs and leases with longterm lease obligations.,0.5024104167291722,G
,,consumable products in the last three years revenue from consumable product sales has accounted for approximately of our net sales and revenue is recognized when performance obligations under the terms of a contract with a customer are satisfied. the majority of our contracts have either a single performance obligation to transfer a single consumable product or multiple performance obligations to transfer multiple products concurrently. accordingly we recognize revenue when control of the products has transferred to the customer which is generally at the time of shipment of products as this is when title and risk of loss have been transferred. in addition invoicing typically occurs at this time so this is when we have a present right to payment. revenue is measured as the amount of consideration we expect to receive in exchange for transferring products and is generally based upon a negotiated formula list or fixed price.,0.5117896632214771,G
,,revenue comprises sales of goods to customers outside the group less an appropriate deduction for actual and expected returns discounts and loyalty scheme vouchers and is stated net of value added tax and other sales taxes. revenue is recognised when performance obligations are satisfied and goods are delivered to our franchise partners or the customer and the control of goods is transferred to the buyer. online sales are recognised when items are delivered as this is when the performance obligation is deemed to have been satisfied. where thirdparty branded goods are sold on a consignment basis only the commission receivable is included in statutory revenue.,0.5543994984635284,G
,,to this purpose we collaborate with several trade organizations and associations in the sector. our active presence in these organizations allows us also to expand our knowledge of the different regulations and their potential impacts and influence the industrys thinking in line with generalis business and commercial priorities. clienti agenti e distributori comunit finanziaria,0.5286604268546578,G
,,revenue from the sale of goods is recognised when the significant risks and rewards of ownership of the goods are transferred to the customer and when the amount of revenue and costs incurred can be measured reliably. this generally arises on delivery or in accordance with specific terms and conditions agreed with individual customers. in the case of consignment stock arrangements revenue is recognised on the date that legal title passes. rebates allowances and discounts are recorded in the same period as the original revenue.,0.5344715089698747,G
,,the division provides differing services which reflect the breadth of our atic offering but the services provided are similar in nature and include analytical assessment inspection and technical services that are delivered to the customers through issuing certificates or reports. the three business lines all assist our traderelated customers in protecting the value and quality of their products during their custodytransfer storage and transportation globally. our traderelated customers are all dependent on and intrinsically linked to global shipping and trade flows.,0.5256380454265158,G
,,the group has no significant concentrations of credit risk. the trade receivables balance is spread across a large number of different customers with no single debtor representing more than of the total balance due last year . the group has policies in place to ensure that wholesale sales are made to customers with an appropriate credit history. sales to retail cust omers are made in cash or via major credit cards. in some retail locations where the groups store is contained within a department store or mall for example a concession the sales proceeds may be initially held by the operator of the wider location giving rise to retail debtors.,0.5247149931323098,G
,,the amendments address the accounting for any proceeds received from selling items produced while bringing that asset to the location and condition necessary for it to be capable of operating in the manner intended by management. the amendments specify that an entity would recognise the proceeds from selling such items and the costs of producing those items in profi t or loss.,0.5399329066494167,G
,,businesses are classified as held for sale if their carrying amount will be settled principally through a sale rather than through continuing use and the following criteria are met,0.5144080537812097,G
,,sales of goods whether through a store network or online retail activity including ecommerce or wholesale operations are recognized when the group satisfies its performance obligation to its clients typically upon delivery.,0.5827908516634402,G
,,s those that have not been definitively allocated at the end of the vesting period provided for in the sixth paragraph of article l. of the french commercial code code de commerce,0.5395820742207689,G
,,setting the price fixed or minimum at which distributors can resell vehicles or spare parts prohibition of resale price maintenance,0.5155371939934232,G
,,ensuring that suppliers meet standards and comply with laws regulations and soft laws relating to employment health safety the environment and ethics e.g. the french law on the duty of vigilance sapin ii traceability of conflict minerals or cobalt oecdunilo guidelines etc.,0.5173295629097399,G
,,the groups accounting principles for revenue recognition and the groups revenues by geographical area and product category are described in note .,0.5141728160041359,G
,,the segment miscellaneous covers activities which are centrally managed within the group these largely consist of the decommissioning and disposal funds group financing real estate financial assets and tax. some of the costs that arise in conjunction with the buildup of business segments acquisitionintegration costs technol ogy development costs etc. are borne centrally.,0.5235010126587121,G
,,trade receivables are classified either as held to collect and measured at amortised cost or as held to collect and sell and measured at fair value through other comprehensive income fvoci. the group may sell trade receivables due from certain customers before the due date. any trade receivables from such customers that are not sold at the reporting date are classified as held to collect and sell,0.5087914183291908,G
,,besides the identified reportable segments there are head office activities unallocated items and eliminations of intersegment transfers or transactions. these are grouped together as holding eliminations and are mainly related to supporting activities and projects at the level of the head office. the related gains and losses are directly monitored by the management board. unallocated assets mainly consist of deferred income tax assets. intersegment transfers or transactions are entered into under transfer pricing terms and conditions that are comparable with terms and conditions with unrelated third parties.,0.5208624289684343,G
,,revenue recognition net sales of goods and products are recognised when the performance obligation has been satisfied or when control is transferred to the customer. the timing of the transfer depends on specific contract terms or the agreed international commercial terms incoterms. sales from services are recognised over the period in which the service is rendered. sales are all amounts collected and still to be collected from third parties for goods products and services. sales are measured at the expected fair value of the consideration received net of valueadded tax and sales deductions such as sales incentives rebates and trade discounts.,0.5525890099330563,G
,,gt in the manufacture and sale of all types of vehicles and engines or other technical products vehicles manufacturesale,0.5033395666503432,G
,,orkla has assessed which of our activities are within the scope of the taxonomy and thereby eligible. the assessment is based on applicable laws and regulations as well as guidance and information as currently available to us. changes to the factual circumstances as well as the regulatory landscape in particular amendments to laws and regulations future legislation guidance and information may lead to a different assessment of our economic activities under the taxonomy regulation in the future.,0.5131262944170241,G
,,in the oversight body carried out a regulatory adjustment on the special sections b and c of the model following the entry into force of legislative decree aimed at reinforcing the fight against corruption in the private sector and of mar providing new provisions on market abuse respectively in addition to mapping of the risks concerning the special sections a and b following the reorganization of some functional areas included in the abovementioned mapping that led to a change in the allocation of tasks and responsibilities. the oversight board promoted a series of training sessions concerning responsibility issues pursuant to legislative decree to support sale force in italy and global procurement and supply chain functions.,0.5261573299649741,G
,,the items regarding trade receivables million changes in inventories million provisions for risk and charges million trade payables million other contract assets and liabilities million and other assets and liabilities million indicated separately and included in cash flows from working capital in the mandatory template are shown net under the item changes in working capital related to operations million,0.5225191233900353,G
,,revenue for the sale of merchandise is recognised at the point the goods are delivered and control has transferred to partners.,0.5444338508078028,G
,,the group has centralised activities for designing making and sourcing which ensure a global product offering is sold through retail and wholesale channels worldwide. resource allocation and performance is assessed across the whole of the retailwholesale channel globally. hence the retailwholesale channel has been determined to be an operating segment.,0.5277572656422705,G
,,ordinary course of business less the cost of completion and distribution expenses. provisions are established for slowmoving and obsolete inventory. no inventory is pledged as collateral as of december and .,0.5294665232373434,G
,,a this item concerned mainly intragroup sales of commodities services and capital goods recorded in the assets of the purchasing business segment as of end of the period.,0.5217402093280852,G
,,through the harmonization of the different local purchasing processes that had been previously managed independently by manufacturing branches through various tools and information systems in this regard purchasing guidelines had been approved and distributed in with the dual purpose of defining rules to be applied locally within the purchasing department and instructing on rules behaviors and best practices those who carry out purchasing activities even though they do not belonging to the purchasing department in addition group operating procedures have been issued to enforce part of the guidelines.,0.5838621680397159,G
,,articles of association organizational regulations rules on board operations and procedures committee charters code of conduct supplier principles www.sonova.comenregulationsprinciples,0.5458393652101172,G
,,group operating activities are organised and managed separately according to the nature of the products and services provided each segment offers different products and services to different markets. sales of goods and services are analysed geographically on the basis of the location of the registered office of the company that issues the invoices regardless of the geographic destination of the products sold. all transfer prices are set using the same conditions applied to other transactions between group companies and are generally determined by applying a markup on production costs.,0.5131757582976186,G
,,the wholesale repurchase obligation under the new agreement will be limited to wholesale purchases in case of actual or constructive termination of a dealers franchise agreement.,0.5204070977233928,G
,,when selling our products worldwide we comply with a wide range of foreign trade laws and regulations. under no circumstances may ex ports brokering transit or transfer by persons acting on behalf of the company violate those trade laws and regulations. it is of utmost im portance that both comet as a company and our products comply with all standards and requirements related to business ethics quality supplier and consumer protection. failure to comply with these rules and regulations may result in delays in shipments to our customers se vere financial losses and other penalties imposed by international regu latory authorities. to ensure compliance comet has set up and imple mented a trade compliance policy which is integrated in the companys management system lists the essential requirements and defines the roles and responsibilities within the global organization.,0.5052524394290457,G
,,sales are categorised according to whether a brand was trading as wholesale or commission in the year ending january therefore prior year figures are restated to give a likeforlike brand performance.,0.5174105153735804,G
,,it also involves operational regulatory and political transition issues taxation restriction of operations.,0.5256673563788673,G
,,groupwide purchasing guidelines provide clear instructions regarding our supplier relations and purchasing activities. the most important tool used for this purpose is our supplier code of conduct which we communicate to our global and local suppliers so that they accept the principles defined in the code and follow the guidelines. the code incorporates the key elements of the sa international social accountability standard the iso international environmental standard and the principles of the international labour organization ilo.,0.5018879985499376,G
,,the obligations arising from sales contain provisions covering all risks relating to the sale of vehicles components and genuine parts through to the disposal of endoflife vehicles. they primarily comprise warranty obligations calculated on the basis of losses to date and estimated future losses. they also include provisions for discounts bonuses and similar allowances which are incurred after the balance sheet date but for which there is a legal or constructive obligation attributable to sales revenue before the balance sheet date.,0.5356995151661557,G
,,further information on the groups activities that relate to culture is available on pages to and and .,0.584430297889535,R
,,they include stimulating immersive experiences that accompany visitors through the use of projections gamification d printing virtual and augmented reality interactive stations photo booths and mechanical interactions among others.,0.5759714450468552,R
,,other segments includes activities primarily related to telephone betting stadia and on course pitches.,0.5047063924735877,R
,,broaden our customer appeal understand our customers and changing trends to attract a broad recreational audience.,0.5145800962893868,R
,,we engage with local communities at every development from planning and throughout construction including through meetings exhibitions workshops newsletters information boards social media and our website.,0.506261828868228,R
,,creating new experiences and opportunities for fans to engage with and experience their favorite artists and music,0.5128728733957691,R
,,further detail on our employee engagement activities is included in our section statement on pages to .,0.5090331659054151,R
,,more broadly the subsidiaries involvement in regional communities also results in active participation in efforts supporting promoting or preserving cultural heritage and the volunteer sector. commitments of this type are in addition to the groups social engagement activities.,0.5278188477290069,R
,,further development of our outdoor portfolio with the inclusion of fishing and equestrian concessions within our go outdoors stores.,0.5562785447824838,R
,,for example this year at ealing we let space to the really local group a community oriented cinema concept that shows films comedy shows and music a timely addition bringing communities together post covid.,0.5073983358152999,R
,,amenity and events we schedule events wellness talks social events online auctions speakers etc. as well as community initiatives for our occupiers and other stakeholders.,0.5392873867889795,R
,,in addition itineraries and activities for adults and families and cultural events meetings workshops book presentations concerts readings press conferences attended by a total of around people were organised during the year.,0.5991385277994236,R
,,we recognise revenue for each separate performance obligation in respect of food and support services as these are provided. there is little judgement involved in determining if a performance obligation has been satisfied.,0.5062471260042519,I
,,our purpose is to provide true hospitality for good. a description of our culture including an overview of our values and information on how the board ensures alignment between our purpose values and strategy and our culture is included on pages to . a summary of the boards activities in relation to the voice of the employee is included on page . information on the groups approach to rewarding its workforce is contained on pages and .,0.5639582249988991,I
,,accommodation expenses include costs of leasing the properties used by the group as well as utilities maintenance and security costs to maintain the properties used by the group.,0.5533670188004293,I
,,presents results for services provided separately from the financial expenses and income relating to these contracts.,0.5092274449914003,I
,,benefits include expense reimbursements relating to travel accommodation and subsistence in connection with the attendance at board and committee meetings during the year which are deemed by hmrc to be taxable.,0.5029840657321126,I
,,revenue from all revenuegenerating activity undertaken by managed and owned leased and managed lease hotels including room nights food and beverage sales.,0.5011997594551527,I
,,the development and provision of all services related to the organization of food services and other essential services for corporations and public bodies,0.5148173421073076,I
,,to reimburse neds for appropriate business travel and accommodation including attending board and committee meetings.,0.5229761873944009,I
,,expenses relating to shortterm leases in and comprise consideration for leases with a term of months or less used to cover seasonal business needs.,0.5070424821160698,I
,,the operation of all restaurants bars hotels and more generally all establishments connected with food services the hotel industry tourism leisure and other services and the ownership and financing thereof,0.5317414366762482,I
,,the organisation shall provide for use by all personnel free access to clean toilet facilities potable water suitable spaces for meal breaks and where applicable sanitary facilities for food storage.,0.5683529379102799,I
,,care provision stands for a flexible and targeted offering of holistic care services in hospitals and for ambulatory and home care.,0.5005888303970593,I
,,travel accommodation and subsistence expenditure is met by the company for board members to attend meetings of the board and undertake other activities on behalf of the company. amounts for nonexecutive directors within the benefits figure includes those amounts where such expenditure has been reimbursed in relation to amounts incurred in attending the groups head office location in london details of which are provided in the single total figure of remuneration table for nonexecutive directors on page . due to covid travel restrictions in the prior year there were no comparative figures and therefore a percentage change in benefits cannot be determined.,0.5081480071667218,I
,,the group operates a system fund to collect and administer cash assessments from hotel owners for the specific purpose of use in marketing the guest reservation system and hotel loyalty programme. costs are incurred and allocated to the system fund in accordance with the principles agreed with the ihg owners association. for the year ended december the group recorded system fund expenses of m m.,0.5161277033577774,I
,,additional arrangements include expense and relocation allowances a company car or car allowance and health and accident insurance.,0.5361284291836521,I
,,the item essentially comprises the cost of expenses and salaries of personnel allocated to a specific fund and related to meal vouchers scholarships insurance costs the reimbursement of expenses training costs and other benefits.,0.540043640843134,I
,,food services revenues are recognized when the consumer pays at the checkout the date on which control of the goods is transferred to the consumer since the sales do not represent any other unsatisfied performance obligation at that date. facilities management services mainly represent routine or recurring services whose benefits are simultaneously received and consumed by clients as they are performed by the group and therefore correspond to performance obligations satisfied over time. consequently the group applies the practical expedient provided for in ifrs revenue from contracts with customers and recognizes the revenue for its right to bill invoicing based on contractual prices which represent the transaction prices of the different promised services.,0.5411712127082171,I
,,the subitem other provisions for risks and charges includes the provision for the longservice bonuses paid to employees with years of service as well as provisions for liabilities whose timing and amount are uncertain including legal disputes which are recognised in the financial statements when the following conditions are met,0.5194459514974673,I
,,the group has determined it is an agent in relation to associated flight services including car hire travel insurance accommodation airport transfer and parking and airport fast track services as the obligation is to arrange for the services to be provided by a third party and therefore revenue is mainly recognized at the point in time when the service is arranged. this is predominately at the time of booking by the passenger.,0.5059335824831475,I
,,when a transaction combines a supply of goods with the provision of a significant service distinct performance obligations are identified and recognised in line with the applicable policy. revenue from a service that is incidental to the supply of goods is recognised at the same time as the revenue from the supply of goods.,0.5041873470852954,I
,,the catering logistics performance obligation is fulfilled over the time between the transport of the meals to the airport and the disposal of the waste depending on the services ordered. for performance obligations over time the percentage of completion is measured on an output basis in accordance with ifrs .b in conjunction with ifrs .b.,0.505181812546652,I
,,shortterm employee benefits are expensed when the related services are provided. a liability is recognised for the amount expected to be paid when just eat takeaway.com has a present legal or constructive obligation to pay this amount as a result of past service provided by the employee and the obligation can be estimated reliably. staff costs comprise directly attributable costs of staff as well as managing directors and supervisory directors social security charges pension contributions sharebased payments and temporary staff expenses. staff costs exclude costs related to employed or indirectly employed couriers which are included in courier costs.,0.5444596819623441,I
,,the provision of some or all of the services required for the operation maintenance and management of establishments or buildings used for office commercial industrial leisure healthcare or educational purposes and for the operation and maintenance of some or all of the equipment installed therein,0.5118642556740867,I
,,other includes homework travel at permanent locations overnight stays in hotels water supply and treatment.,0.5650912985717033,I
,,further the company meets all reasonable travel subsistence accommodation and other expenses including any tax where such expenses are deemed taxable incurred by the nonexecutive directors and the chair in the course of performing their duties.,0.5754677279281263,I
,,we continue to focus on enhancing all critical aspects of the guest experience. recognising the role food and beverage plays in guest satisfaction we have delivered new highquality costeffective solutions across many of our brands and we continue to modernise guestroom and public space designs such as h for holiday inn an eff.shorticient new prototype which has been,0.5581330092068344,I
,,in relation to marketing and reservation services the groups performance obligation under ifrs revenue from contracts with customers is determined to be the continuous performance of the services rather than the spending of the assessments received. accordingly assessment fees are recognised as hotel revenues occur fund expenses are charged to the group income statement as incurred and no constructive obligation is deemed to exist under ias provisions contingent liabilities and contingent assets. accordingly no liability is recognised relating to the balance of unspent funds.,0.5650771193454642,I
,,accommodation costs were up compared to . at the end of we were operating a network of branches up yearonyear and inhouse locations. branches are outlets from which various clients are served with a variety of services located in residential commercial areas. inhouse locations are outlets from which one client is served with a limited number of job profiles located on the site of the client.,0.5081440749280759,I
,,trips when traveling to go to a station airport or an accor hotel. this is a particularly useful service when abroad where guests are often unaware of how to reserve and pay for taxis or chauffeurdriven vehicles.,0.5114726845552047,I
,,if our housing consultants identify a need for additional assistance they also provide help in this area and initiate appropriate steps if the tenant wishes. in this way our tenants can receive support in their household or with nursing care e.g. if tenants have no claim to this under nursing care insurance additional services can be provided by means of a moderate rent surcharge.,0.5122719438621463,I
,,rental income comprises directlets to students and leases to universities and commercial tenants. this revenue is recognised in the income statement over the length of the tenancy period as the group provides the services to its customers. included in the rental contract is the use of broadband facilities and room cleaning services. the group does not offer these services as standalone products. under ifrs the group does not consider these services to be individually material and has consequently bundled these obligations as a single contract.,0.5351752679197961,I
,,the revenue listed under catering services originates exclusively in the catering segment. the catering segment also generates revenue from other services particularly in the areas of flight security concepts and transportwarehouse logistics.,0.5542134144475864,I
,,the group makes a variety of ongoing payments to clients mainly commissions concession rentals and reimbursement of utility costs. these are assessed for treatment as consideration paid to customers and where they are not in exchange for a distinct good or service they are recognised as a reduction of the transaction price. in addition the group may make a cash payment to a client typically at the start of a contract which is not an investment in service assets and does not generate or enhance the groups resources. such payments are reported as prepayments and as they are considered not to be in exchange for a distinct good or service they are charged to the income statement as a deduction to revenue recognised over the contract term rather than as an operating cost.,0.5159557813689312,I
,,the group acts as principal in the provision of the services as the related expenses primarily comprise payroll and marketing expenses under contracts entered into by the group. the assessment fees from hotel owners are generally levied as a percentage of hotel revenues and are recognised as those hotel revenues occur.,0.5442298107920451,I
,,other related services include the fees related to mandatory services performed in accordance with french regulation as well as comfort letters and corporate social responsability csr report.,0.5318031591688434,I
,,the group operates a system fund the fund to collect and administer cash assessments from hotel owners for the specific purpose of use in marketing the guest reservation system and hotel loyalty programme. assessments are generally levied as a percentage of hotel revenues.,0.5055900545872627,I
,,we provide the rooms and equipment and the ib has already set up a wide range of recreational activities. residents can attend the weekly breakfast learn new skills in creative groups or keep fit with the games and exercise programmes on offer. another meeting place for children families and seniors opened in merseburg in december offering more space for being neighbourly there as well.,0.5144335450476711,I
,,responding appropriately to the changing needs of our occupiers via bespoke solutions which recognise the differing demands of our diverse customer base. for larger occupiers typically on longer leases this might mean a combination of core and flex space with some optionality. for smaller occupiers looking for greater flexibility our furnished flexible product provides an attractive solution see page,0.5260235138534527,I
,,revenue represents income derived from contracts for the provision of food and support services by the group to customers in exchange for consideration in the normal course of business. the groups revenue is comprised of revenues under its contracts with clients. clients engage the group to provide food and support services at their locations. depending on the type of client and service we are paid either by our client andor directly by the consumers to whom we have been provided access by our client such as the clients employees visitors pupils patients and spectators. payment terms are set at contract level and vary according to country sector and individual client.,0.5153122765921062,I
,,fully inpatient facilities provide care for people in need of care in care grades to . the range of care and support includes basic care and medical treatment care social care daystructuring measures and additional care for people with a considerable need for general supervision and care dem entia patients as well as specialized care for people with severe neurological illnesses with psychiatric or geriatric psychiatric illnesses and for people with addictive disorders. in addition to full inpatient longterm care all nursing facilities also offer shortterm and respite care.,0.50013408050213,I
,,ii. rendering of assistance or support services to affiliates including the provision of appropriate guarantees and reinforcement for them.,0.5079933031027083,I
,,under both franchise and management agreements the group is required to provide marketing and reservations services as well as other centrally managed programmes. these services are provided by the fund and are funded by assessment fees. costs are incurred and allocated to the fund in accordance with the principles agreed with the ihg owners association. the group acts as principal in the provision of the services as the related expenses primarily comprise payroll and marketing expenses under contracts entered into by the group. the assessment fees from hotel owners are generally levied as a percentage of hotel revenues and are recognised as those hotel revenues occur.,0.5664364318078433,I
,,the hospitality policy permits employees to accept proportionate and reasonable hospitality for legitimate business purposes only and all hospitality and gifts offered and accepted has to be logged and approved when accepted. employees and representatives of the groups suppliers must comply with the groups responsible sourcing principles and united supply chain approach. the group will not tolerate corruption bribery and anticompetitive actions and suppliers are expected to comply with applicable laws and regulations and in particular never to offer or accept any undue payment or other consideration directly or indirectly for the purposes of inducing any person or entity to act contrary to their prescribed duties.,0.5276548011712484,I
,,a gifts hospitality and travel standard which sets forth our rules related to the receipt or provision of gifts hospitality or travel and establishes procedures for the approval reporting and accounting of such. the gifts hospitality and travel standard assists employees in ensuring that gifts and hospitality whether given or received as part of a usual courtesy of business are not and cannot be considered as bribes,0.5583487963281205,I
,,travel accommodation and subsistence expenditure is met by the company for board members to attend meetings of the board and undertake other activities on behalf of the company. the benefits figure above includes those amounts where such expenditure has been reimbursed in attending the groups head office location in london.,0.5992188102582221,I
,,shortterm benefits wages salaries social security contributions compensated absences profitsharing and bonuses are expected to be settled before twelve months after the end of the reporting period. they are recognized within current liabilities and expensed when the service is provided by the employees,0.5014102391149132,I
,,is provided in note provisions. net additions to provisions by segment are disclosed in note segment information and information by geographical area.,0.5010743674100312,I
,,the company reimburses travel and subsistence costs including payment of the associated tax cost incurred by the director or hisher spouse whilst undertaking duties on behalf of the company that may be assessed as a benefit for tax purposes. directors and officers insurance cover is also provided for all directors.,0.5034071186878529,I
,,in addition to the abovementioned remuneration components the board of management members receive benefits in kind under their service agreements such as a mobility allowance or company car also for private use or a car allowance and benefits for health care and longterm care insurance. steven terwindt and ewout van jarwaarde were also provided with a budget for a transitional period which can be used for accommodation at the essen location.,0.5302365872280518,I
,,at contract inception the contract is assessed to identify each promise to transfer either a distinct good or service or a series of distinct goods or services that are substantially the same and have the same pattern of transfer to the customer. goods and services are distinct and accounted for as separate performance obligations in the contract if the customer can benefit from them either on their own or together with other resources that are readily available to the customer and they are separately identifiable in the contract. performance obligations are usually clearly identified within contracts and revenue is recognised for each separate performance obligation. generally where the group has the obligation to its clients to make available the provision of food service for a predetermined period its performance obligation represents a series of services delivered over time. there are also contracts under which the group sells products directly to consumers and these performance obligations represent a transfer of a good at a point in time.,0.5131200888720463,I
,,the executive committee also reviews these areas frequently including analysis of specific trends for example business travel and commercial platforms and has obtained reports on the evolution of regional quality mechanisms to support guest experience and the governance of how we update standards. additional oversight and coordination is provided by a global guest experience council and programme oversight of specific initiatives including luxury amp lifestyle.,0.5053509996925266,I
,,for the purposes of the above table fee business owned leased and managed lease and reimbursable revenues are determined according to the location of the hotel and other revenue is attributed to the country of origin. in addition to the united kingdom revenue relating to an individual country is separately disclosed when it represents or more of total revenue. system fund revenues are not included in the geographical analysis as the group does not monitor the funds revenue by location of the hotel or in the case of the loyalty programme according to the location where members consume their rewards.,0.5071873137101576,I
,,additional benefits such as relocation assistance may also be provided in certain circumstances if considered reasonable and appropriate by the committee. relocation assistance comprises reimbursement for direct items of expenditure such as legal estate agency removals and temporary accommodation.,0.5154630492926136,I
,,also includes expenses for rents see note . ifrs rightofuse exemptions offered by the standard and retained by the group.,0.5052755553168855,I
,,throughout the group the monetary package is supplemented by additional benefits such as supplementary pension and healthcare policies personal injury insurance a company car for those entitled and company canteen or restaurant vouchers. these benefits are adapted to local conditions having regard for market characteristics and relevant regulations.,0.6041046352437907,I
,,of the groups rental revenue m m is accounted for in accordance with ifrs leases while revenue from other ancillary services each of which is billed separately revenue from the sale of new equipment merchandise and consumables and revenue from the sale of used equipment totalling m m is accounted for in accordance with ifrs revenue from contracts with customers.,0.5018520967381304,I
,,shortterm benefits are expensed as the related service is provided. a liability is recognised for the amount expected to be paid if the group has a present legal or constructive obligation to pay an amount as a result of a past service provided by the employee and the obligation can be estimated reliably.,0.5198961254753263,I
,,these facilities ensure that the group has access to funding to supplement the cash available or generated by the business in the period to meet the operational including working capital and general corporate requirements including but not limited to the timing of payments in relation to,0.5244699542328983,I
,,at its owned leased and managed lease hotels the groups performance obligation is to provide accommodation and other goods and services to guests. revenue includes rooms revenue and food and beverage sales which are recognised when the rooms are occupied and food and beverages are sold. guest deposits received in advance of hotel stays are recorded as deferred revenue in the group statement of financial position. they are recognised as revenue along with any balancing payment from the guest when the associated stay occurs or are returned to the customer in the event of a cancellation.,0.5858163027667146,I
,,this item also includes provisions for staff costs for operational risks and for hedges on behalf of tourism companies at the balance sheet date.,0.5522942803519719,I
,,nonfood consumables including food packaging disposable tableware guest amenities catering equipment agricultural supplies cleaning and hygiene products and safety items to hotels restaurants contract caterers food processors commercial growers and the leisure sector.,0.6726460792447255,I
,,benefit relating to provision of accommodation for attending business events benefit relating to tax advice,0.5598407322131307,I
,,continued efforts to ensure a consistent highquality experience for each of our brands including improvements in food amp beverage hotel condition and service.,0.5132569027427396,I
,,people worldwide including those in our corporate off.shortices central reservations off.shortices and owned and leased hotels excluding those in a category below whose costs were borne by the group,0.5202075409007583,I
,,as part of our energy and resources activities we provide project management cleaning grounds maintenance as well as catering services to support operations in remote areas away from regional centres or near communities with little infrastructure. our first priority remains the health and safety of our employees and all individuals working on those remote locations.,0.5285157197512782,I
,,our groups early response involved adapting targeted offers for local markets to draw guests back such as staycations dining offers wellness or golf packages social events and beyond.,0.5121922404796879,I
,,the groups product sales and services operations are divided into the following main geographic regions,0.5104211260847472,N
,,other nonrecurring operating income and expenses consist of items that by their nature amount or frequency could distort the assessment of the groups operating performance as reflected in its recurring operating income. they include changes in scope the impairment of goodwill and brands and where material of property plant and equipment and intangible assets capital gains and losses on disposals of noncurrent assets restructuring costs and disputes see note .,0.5078533770971513,N
,,divisions and business units are responsible for delivery of their business plans and management of such factors as pricing sales and loan volumes operating expenses and other factors that may introduce earnings volatility. business divisional and portfolio strategy is developed within the boundaries of the groups strategy as well as the groups risk appetite statement.,0.5047045008899115,N
,,the group through various subsidiary and related undertakings has branches in a number of different jurisdictions in which the business operates. further details are included in subsidiary undertakings on pages to .,0.5163899723904349,N
,,the operating segments are aligned with the new operating model of the group effective from the january as the company has fully organized itself into three global business areas see page for a description of the activities of each of those gbas. in october a fourth gba has been created following the acquisition of ibi group this led the group to create the gba intelligence after analysis the group concluded that this gba constituted an operating segment as for the three other ones. the operating segments are equal to the reportable segment and accordingly there is no aggregation applied.,0.50523581403055,N
,,the group is also involved in providing services in conjunction with the sale of its core products and is developing retail activities in certain markets. however both these activities remain immaterial on group level at this stage.,0.5826415798346484,N
,,directly attached to the board are a number of group management functions that act as an extension to the boardlevel management functions. these comprise group sales group production procurement and technical architecture functions.,0.5041066610099116,N
,,the two business segments are supported by the central support functions which include investor relations head office finance human resources it and marketing.,0.5355402222875363,N
,,the following categories of information referred to in article l. iii of the french commercial code have been excluded because of their lack of relevance to the groups activities,0.5394876457903138,N
,,. from january following changes to business unit responsibilities within the executive committee the groups reportable segments have been updated to align with its five core businesses. prior year comparatives have been restated to reflect this change in segmentation. further details are provided in note .,0.5503482415828458,N
,,results of the qualitative analysis of taxonomy eligibility leg has identified three taxonomyeligible economic activities with which the company generates revenue. these include i electricity generation using solar photovoltaic technology ii cogeneration of heatcool and power from bioenergy in the energy sector and iii acquisition and ownership of buildings in the construction and real estate activities sector.,0.5066274141794268,N
,,in addition to the areas outlined above the committees key responsibilities and focus areas over the year have been,0.5079536448803396,N
,,however each of the projects promoted may fall within the scope of one or more objectives defined by the agenda. it may seem like a small detail but it allows us to determine precisely the scope in which we operate and how we disclose it.,0.5423474738990917,N
,,b in the prior year our focus had been on the taxonomyeligible economic activities that are explicitly assigned to the it and telecommunications industry. for the reporting year the business areas of deutsche telekom were considered from an endtoend perspective including the solutions from comfort charge.,0.5087859016018307,N
,,activity is taxonomyeligible in its entirety. however only a proportion of it is taxonomyaligned. therefore activity may be reported under both a and a. however only the proportion reported under a may be counted as taxonomyaligned in the opex kpi of the nonfinancial undertaking. for activities listed under a columns to may be filled in on a voluntary basis by nonfinancial undertakings.,0.5939953755566352,N
,,the taxonomy noneligible activities are associated with sses thermal generation and gas storage businesses. other activities that do not currently align may qualify for taxonomy alignment in the future.,0.5469127218716947,N
,,therefore the expansion of the group into different business lines is accompanied by plans to employ and train management and technical personnel both international and local with a wide range of skills as well as job rotation programmes.,0.5049365935001768,N
,,sales in the course of ordinary activities are recognized in revenue. these are essentially sales of internally generated chemical products or from tolling agreements for such products. in addition research and development work sales and productrelated services and other longterm services are also recognized in revenue. services that do not relate to ordinary activities and that are temporary are reported in other operating income.,0.5143779710519598,N
,,central activities which are part of brenntag essentials but not directly attributable to any one segment.,0.6050287231927991,N
,,the other operating income is generated through the group providing development management services to third parties. it is recognised on an accruals basis in the period in which the services have been rendered performance obligations have been satisfied and a significant reversal is not expected in future periods.,0.508476436793461,N
,,in this context the group is carrying out specific activities aimed at expanding the scope of analysis pursuant to art. of the,0.5040104811698124,N
,,the revenue presented relates to external customers. sales between the business areas are not material. each of the business areas supplies a range of products to customers operating primarily in the grocery foodservice safety cleaning amp hygiene retail and healthcare market sectors but results are not monitored on this basis. the performance of the four business areas is assessed by reference to adjusted operating profit and this measure also represents the segment results for the purposes of reporting in accordance with ifrs . debt and associated interest is managed at a group level and therefore has not been allocated across the business areas.,0.5271001743304268,N
,,the diagram on page shows the boundaries of the material topics pursuant to the gri. the relevant gri standards covered by each topic are also indicated. for topics that are not covered by the gri standards we have referred directly to the corresponding management approaches in the nfr and if necessary to our website as an additional source of information.,0.5013469985900252,N
,,this measure reflects the returns to the group from services provided in these operations that are generated from activities that are not financing in nature and therefore an underlying prefinance cost measure is more suited to assessing underlying performance.,0.5014407379711133,N
,,by contrast neither the manufacture nor the distribution of pharmaceutical products or the distribution of specialty chemicals which form the core of the business activities of the life science and electronics business sectors qualify as application areas of the eu taxonomy regulation for the first two environmental objectives. furthermore ancillary activities that are operationally necessary for our core business also do not qualify as independent taxonomyeligible economic activities. this applies for example to the acquisition or construction of production buildings the transport of our products to our customers as well as to research and development activities that cannot be allocated to a taxonomyeligible economic activity for the first two environmental objectives climate change mitigation and climate change adaptation.,0.5053136268924557,N
,,sales i.e. frontoffice functions are kept strictly separate from credit analysis and approval functions. employees in frontoffice departments are responsible for developing customer relationships and promoting and pricing loan products whereas the finance amp risks division is responsible for managing relationships with and credit limits for financial institutions.,0.5178031668750707,N
,,the external sales operating result ebit inventories and trade receivables of the business segments are regularly reported to the main decisionmaker. amounts recognized by the group from the intragroup profit elimination on inventories in connection with intragroup sales are not allocated to the business segments in the way that they are reported to the main decisionmaker. investments depreciation and noncurrent assets at the level of the business segments are not reported to the main decisionmaker. intangible assets are allocated to the business segments in the manner described in chapter . liabilities the financial result and income taxes are not allocated to the business segments and are therefore not reported to the main decisionmaker at the business segment level.,0.5607569812240955,N
,,other includes group staff functions and groupwide functions not allocated to mines or smelters. this item also includes elimination of internal profit.,0.5673344015910831,N
,,other special areas of expertise the supervisory board shall as a whole possess expertise and experience in areas of particular relevance to the company. at least three members of the supervisory board shall bring knowledge and experience in each of the following areas,0.5061698048906236,N
,,in addition to that for some of the businesses covered parts of the required financial information on the business activities was not yet available. this prevented making the link between these economic activities and the eu taxonomy. in such cases some economic activities might be eligible but are currently not included in this years kpis. if in the future these activities are shown to be eligible or aligned they will be added in the following reporting years with restatements of the material changes in the previous reporting periods.,0.5305716713593382,N
,,a range of activities including the underwriting of securities both equities and bonds issued by corporate customers for subsequent offering on the market the acquisition of equity investments for longer periods but always with the aim of selling them later and the provision of advisory services on mergers acquisitions and reorganisations.,0.5889466827006178,N
,,the groups operations also include the corporate segment. corporate revenues and costs are in respect of central costs including finance marketing corporate relations human resources and legal as well as certain information systems facilities and employee costs that are not allocable to the geographical segments or to the scampp. they also include rents receivable and payable in respect of properties not used by the group in the manufacture sale or distribution of premium drinks.,0.5074086427147814,N
,,per activity included in any of the annexes of the eu taxonomy a precise definition is provided describing the economic activities that fall within the scope of the eu taxonomy. the eligible activities reported in these disclosures were activities that fall within the definitions provided by annexes climate change mitigation and climate change adaptation of the eu taxonomy.,0.5094499520627193,N
,,in a broader sense these activities and measures also comprise wideranging support for employees in meeting demands at work and in their private lives. examples include support for familial obligations from childcare to nursing care wellbeing benefits flexible working models in terms of time and place of work opportunities to take a sabbatical coaching for parents entering and returning to work from parental leave and other programs concerning specific areas of need.,0.5112520542161623,N
,,a whereas in the prior year the focus had been on the taxonomyeligible economic activities that generate turnover in the reporting year major taxonomyeligible crosscutting activities were also considered.,0.5089701397895683,N
,,central functions this subsegment reports the results deriving from the management of portfolio own securities and equity investments currency transactions on own account and treasury management activities. in addition it includes certain residual activities not classified elsewhere since the revenues earned are not significant.,0.5137356665438092,N
,,subcaption . other transactions relates to receipt and transmission of orders and to placement activities.,0.5443034724851573,N
,,overall changes to regulations provide new market opportunities for the groups activities see chapter section . above the new veolia strategic program for the period section . above business model,0.504782074552764,N
,,the following presents the templates according to annex ii of delegated regulation . the following summary data was calculated in relation to knorrbremses taxonomyeligible and taxonomyaligned activities for the reporting period,0.5019134130591302,N
,,we expect to provide further insight in . the business activities as defined do not have overlap so risk of double counting is avoided.,0.6119476393415938,N
,,our respective activity areas. further information can be found in the compliance and integrity chapter on pages ff.,0.5729470517708818,N
,,the assessment covered all the solutions with likely eligible activities generating turn over to or engaging a capex or opex. no further taxonomy eligible activities have been identified.,0.5598343930592715,N
,,within each responsible business target we have established focus areas for which are described on pages .,0.5039075832360242,N
,,the analysis has been prepared by applying a topdown review of sses activities and the alignment with existing segmental reporting within taxonomy eligible activities. there are some activities that fall below specified thresholds which are not taxonomy eligible. as sses reporting processes and controls are refined by the implementation of the uk taxonomy it is expected that some activities will be reclassified if they move above certain materiality thresholds.,0.5777480506339703,N
,,this segment includes the income statement and balance sheet information deriving from treasury activities management of the groups investment portfolios access to financial markets and specialist operational support for the commercial network.,0.5001951049095974,N
,,items concerning the ordinary activities of the company even if exceptional in amount or frequency are included in income from ordinary activities. only those items that do not concern the ordinary activities of the company are recognized in exceptional items.,0.5486164782571669,N
,,to assist with the process of pricing and managing underwriting risk the group routinely performs a wide range of activities including the following,0.514174305404733,N
,,the disclosures on taxonomy eligibility and taxonomy alignment in terms of turnover capital expenditure and operating expenditure are directly assigned at the level of product groups to either the operation of data centers in accordance with economic activity . or the provision of ict solutions in accordance with economic activity . the same applies to economic activity the expenditure disclosed for this activity is assigned directly to the installation and operation of charging solutions. we do not generate any turnover with crosscutting activities. exclusively capital expenditure was assigned to economic activity .,0.5016981829736562,N
,,business transactions with associates include revenue and other sales amounting to million previous year the procurement of goods and services amounting to million previous year and services provided amounting to million previous year . receivables of million previous year and liabilities of million previous year exist in connection with these activities and financial transactions. capital increases and contributions in kind made to associates amounted to million previous year . as at december obligations from capital commitments amount to million. repayment of capital from associates to the parent company in the financial year amounted to,0.517581516786194,N
,,on january a redistribution of the areas of responsibility of the groups operating segments took place. this was done to provide customers with better service and to achieve a more suitable division of responsibilities between the groups business areas. this redistribution mainly involved changes in customer and product responsibility,0.5510475773677592,N
,,information in this section is information extraneous to the management report as explained in the section introductory remarks. a,0.5518530528591624,N
,,the operations segment manages rental properties owned directly by the group or by joint ventures. its revenues are derived from rental income and asset management fees earned from joint ventures. the way in which the operations segment adds value to the business is set out in the operations review on pages . the operations segment is the main contributor to adjusted earnings and adjusted eps and these are therefore the key indicators which are used by the board to monitor the operations business.,0.5412544060399479,N
,,these units are responsible for their respective value chains from recycling aluminium extrusion and value adding operations to commercial activities such as product development and sales.,0.5044180627873858,N
,,the infrastructure functions perform control and service activities for the businesses including tasks relating to groupwide crossdivisional resourceplanning steering and control as well as tasks relating to risk liquidity and capital management.,0.5033612103674501,N
,,while certain matters may be delegated to the board committees and to the executive directors as appropriate the matters reserved for the board include,0.5093831326879287,N
,,the difference between the sum total of the reportable segments emea north america latin america and apac and the brenntag essentials division is the result of central activities which are part of the brenntag essentials division but not directly attributable to any one segment.,0.5173840067038494,N
,,in addition in the ordinary course of business from time to time we carry out other transactions and enter into other arrangements with other related parties including natural gas transport services rental services related to the supply of coiled tubing services and information technology services none of which are considered to be material.,0.5553920825021531,N
,,the discharge of directors duties and oversight of these duties of which further details are included in the governance section.,0.5142919491956336,N
,,business transactions with related companies are generally carried out at market terms. most of the goods and services supplied between the group and related companies comprise transactions with associated companies and joint ventures and are shown in table d,0.5066113334900237,N
,,the groups accounting processes for managed operations are structured around a local finance function at each component which are supported by the groups central functions including i one of the groups three shared service centres in either south africa brazil or australia dependent on the geographical location of the component and ii with the exception of de beers and steelmaking coal the groups marketing business in singapore where the majority of the groups commodity sales are transacted and processed. each component reports to the group through an integrated consolidation system.,0.5121047766829133,N
,,for the remaining taxonomyeligible economic activities the requirements regarding a substantial contribution are deemed to be met if these concern one of the technologies that fall under the respective section of economic activity. no further screening criteria are defined for economic activities .,0.5295255703604486,N
,,this section shows the assets used to generate the groups trading performance and the liabilities incurred as a result. on the following pages there are notes covering working capital noncurrent assets and liabilities acquisitions and disposals provisions and pensions.,0.5483757977099072,N
,,it provides for the separation of roles and responsibilities to prevent incompatible tasks from being concentrated under common responsibilities in particular it guarantees the necessary separation of operational and control activities to avoid or if this is not possible to mitigate conflicts of interest.,0.5041265008942373,N
,,sales of goods and services to subsidiary undertakings are at cost. purchases of goods and services from subsidiary undertakings are under normal commercial terms and conditions which would also be available to unrelated third parties.,0.5042946393188013,N
,,this segment includes operations from transversal entities and nonoperating activities conducted by the central holding companies within the group.,0.5823957209605162,N
,,the following is a description of the activities where the group generates revenue including the nature and timing of satisfaction of the performance obligations which is consistent with the revenue information that is disclosed for each reportable segment,0.5007818084996923,N
,,the amounts were recognised in the following segments construction services m support services m and corporate m.,0.5090553318170272,N
,,this also includes extending the companys activities in the areas of ecommerce digital marketing and analytics as well as on the topic of it security.,0.5061049516094241,N
,,consequently aside from the receipt of managing agency fees defined profit commissions as appropriate and interest arising on effective assets included within the experience account the group has no share in the assets liabilities or transactions of syndicate . the position and performance of that syndicate is therefore not included in the groups financial statements.,0.5113718247461647,N
,,financing activities activities that result in changes in the size and composition of consolidated equity and of liabilities that do not form part of operating activities.,0.5494798413390828,N
,,other operating income includes income and expense from all other operating activities which are not related to the ordinary course of business of the group such as gainslosses from disposals and transactionrelated costs.,0.5040552109845012,N
,,this section contains further information related to certain measures referred to in the strategic report financial review and financial statements.,0.5145066465950084,N
,,in addition to key focus areas outlined on the following pages the board considers a number of regular and standing items at each meeting,0.5078605657408597,N
,,based on current assumptions hedging transactions and individual activities that we present primarily under other sales revenue in the consolidated financial statements cannot be classified as economic activities under the eu taxonomy and we have therefore initially classified them as not being taxonomyeligible.,0.5289809672831783,N
,,the principles set down in the code apply to the business transactions and daily activities of the employees of all group entities and their suppliers business partners commercial agents subcontractors and distributors. the document covers the following topics,0.5059398267456713,N
,,each functional department of the group is responsible for its area of expertise and the functions that contribute to mitigating risks and controlling their activities and notably,0.5247133376708871,N
,,the groups operations are organizationally divided into business areas based on product. the marketing organization also reflects this structure.,0.5275130837513892,N
,,the costs of the groups initiatives are included in profit from operations under the following headings,0.5026842675510295,N
,,however not all sectors and economic activities are mentioned in the eu taxonomy its scope will be subject to future revisions which will expand the list of relevant activities. accordingly inpost will continue to monitor any regulatory changes which may affect the groups business.,0.5231549762688532,N
,,due to their unusual nature or particular significance certain transactions qualified as special items are excluded from the business segment figures. in general special items relate to transactions that are significant infrequent or unusual. however in certain instances transactions such as restructuring costs or asset disposals which are not considered to be representative of the normal course of business may be qualified as special items although they may have occurred within prior years or are likely to occur again within the coming years.,0.5387175294225184,N
,,the segment miscellaneous covers activities which are centrally managed within the group these largely consist of the decommissioning and disposal funds group financing real estate financial assets and tax. some of the costs that arise in conjunction with the buildup of business segments acquisitionintegration costs technol ogy development costs etc. are borne centrally.,0.5845479492717663,N
,,services that do not relate to ordinary activities and that are temporary are reported in other operating income.,0.5235377580860722,N
,,trade payables intragroup derivatives and liabilities relating to group contributions are included in this category.,0.5004785283243168,N
,,riskreturn objectives and business operating rules are entrusted to structures other than the operational ones and specifically to,0.5500884318818456,N
,,the addition of the shares of the three abovementioned economic activities in the groups sales results in,0.5289293876308545,N
,,section considerations are embedded in decisionmaking at board level and throughout the group. in the strategic report we outline how we engage with our stakeholders to create value at our operations. within the corporate governance report we discuss key decisions that the board has taken in the year and how stakeholders interests were considered and how we engaged with them.,0.5028089061066546,N
,,since the brenntag group has not identified any taxonomyeligible economic activities the company does not record capexopex related to assets or processes that are associated with taxonomyeligible economic activities category a acc. to sect. . of annex i to the art. delegated act in the numerator of the capex kpi and the opex kpi. furthermore there are no capex plans category b acc. to sect. . of annex i to the art. delegated act.,0.5197826117400136,N
,,the group does not undertake research activities. development activities relate to the development of new product lines and animation. the charge to the income statement for the year in respect of development activities is detailed in note to the financial statements.,0.5131120202754006,N
,,the duties assigned to the governance areas and the strategic support head office department are outlined below,0.5265668640274433,N
,,securities this subsegment comprises the results of transactions with customers involving direct trading in the acceptance of instructions the placement of financial instruments insurance and pension productions and the management of portfolios.,0.5155020400247765,N
,,revenues sales of automotive goods sales of goods to partners as well as rental income from assets and interest income on sales financing transactions as described in note to the consolidated financial statements are eligible under sections and of the taxonomy. other automotive services sales financing and mobility services were not included,0.5370862342462503,N
,,responsible for product development user support and sales of brokerage services and products. the business area develops products and solutions that simplify the meeting between service companies and customers.,0.5134265363488999,N
,,other business areas mainly include leasing holding and logistics activities as well as media and it services.,0.543597349243715,N
,,the holding and other businesses segment includes activities in the banking and asset management sectors expenses for management coordination and financing activities as well as all the other operations that the group considers to be ancillary to the core insurance business. all profit and loss accounts are considered as operating items except for the following which are represented in the nonoperating result,0.5794143748208407,N
,,the assignment of clearly distinguished responsibilities minimises the number of interfaces. for more details about the organisational structure see business report gt management structure.,0.510324192825581,N
,,segments are reported in a manner consistent with how the business is operated and reviewed by the chief operating decision maker codm who is responsible for allocating resources and assessing performance of the operating segments. the chief operating decision maker of the group is the extended managing board. the organisation of the group reflects the high level of mutualisation of resources across geographies and product lines. operating results are monitored on a groupwide basis and accordingly the group represents one operating segment and one reportable segment. operating results reported to the extended managing board are prepared on a measurement basis consistent with the reported consolidated statement of profi t or loss.,0.5031044180151699,N
,,have not carried out transactions with the company without taking into account usual operations performed under standard conditions for customers and whose significance is immaterial understanding such operations to be those that do not need to be reported to give a true and fair view of the companys equity financial situation and income or any operations carried out and considered to be related party transactions in accordance with article vicies of the capital companies act having applied with the corresponding approval procedure and reporting requirement in accordance with articles unvicies et seq. of the aforesaid capital companies act.,0.5214586704270768,N
,,in the table above each company has been given a short description of its main activities. some of the entities can also have other activities as listed below.,0.6126427181455668,N
,,areas of importance to the board and sses operations influence the features of the governance framework which is illustrated in part by the committees which provide dedicated focus to areas on behalf of the board and the group executive committee. clarity surrounding the responsibilities of each committee is ensured through approved terms of reference as determined by a committees reporting line.,0.5132321952569421,N
,,the group presents a disaggregation of its underlying revenue according to the primary geographical markets in which the group operates as well as the types of assets serviced by the group. the nature of the various services provided by the group is explained in note . this disaggregation of underlying revenue is also presented according to the groups reportable segments as described in note .,0.5167996707464146,N
,,the group also made real progress in in structuring its wellbeing policy and the related transversal action plans. a group officer was appointed to coordinate these actions in liaison with a new division set up within the hr and health and safety networks wellbeing officers. the objective is to gradually structure a group management system training courses and tools as well as a coordination system to bolster existing local initiatives.,0.5332657321830953,Q
,,our occupational health provision delivers a number of services that contribute to the management of health risks in the workplace. occupational hygiene and health hazard risk assessments inform health surveillance programmes that are an essential part of our health and safety management system. services are accredited to the appropriate level based on the geographic location. employees access these services through referral systems or as part of a cyclical approach. reporting back to the business then informs risk management processes.,0.5384309606236093,Q
,,care provision stands for a flexible and targeted offering of holistic care services in hospitals and for ambulatory and home care.,0.5449962623497431,Q
,,in addition to the groups programs there are more local health and wellbeing at work initiatives adapted to the context and maturity of the countries in which veolia operates in the different business units.,0.5106137183813806,Q
,,regular board updates on duty of care processes and issues and on the duty of care operating boards discussions and activities including feedback from itvs mental health advisory group and updates on the itvcalm partnership through updates from the audit and risk committee chair who is a standing attendee of the duty of care operating board,0.5167231146316239,Q
,,social develops solutions for health educational and cultural infrastructure as well as for conserving and cleaning the natural environment.,0.5022810872963129,Q
,,promotion of a diverse and inclusive workforce with active support across a wide range of health and wellbeing activities,0.5061250653286328,Q
,,fully inpatient facilities provide care for people in need of care in care grades to . the range of care and support includes basic care and medical treatment care social care daystructuring measures and additional care for people with a considerable need for general supervision and care dem entia patients as well as specialized care for people with severe neurological illnesses with psychiatric or geriatric psychiatric illnesses and for people with addictive disorders. in addition to full inpatient longterm care all nursing facilities also offer shortterm and respite care.,0.5074651339926014,Q
,,thirdly as preventive measures by providing access to wellbeing activities which may include sport music yoga etc to enable staff to take breaks from their busy work schedules. these wellbeing activities are organized in offices but also at project sites.,0.5158337578764945,Q
,,a varied health and wellbeing programme was rolled out which focused on both mental and physical wellbeing,0.5023909658293719,Q
,,the care segment includes all activities relating to the management of the groups own nursing care businesses and the leasing of nursing care properties.,0.5529932683042107,Q
,,a medical working group is also in operation for the management of complex suitability for fragile and vulnerable workers.,0.5090079900268449,Q
,,we engage with communities through different social programmes often implemented in alliance with local organisations. initiatives are selected and designed jointly with the community using working groups on specific areas of community development or concerns.,0.5229423434063548,Q
,,umicores wellbeingwork program centers on four areas mental physical social and occupational health in the workplace which are adapted to individual needs and regional circumstances.,0.5162331852660731,Q
,,a range of resources are available to employees to help them take care of themselves and others including employee assistance and back to health programmes supported by nuffield health. a wellbeing app provides home workout videos and tailored programmes and the mental health toolkit that is being developed is designed to support managers by providing information on various concerns all related to mental health. sses priority for will be to continue to support employees to adapt to new working conditions and look after their mental and physical health.,0.5142027830787044,Q
,,further services have been planned that will be provided in based on listening to the following emerging needs worklife balance psychophysical wellbeing caregiving needs and new parenthood.,0.5095074879170411,Q
,,social responsibility is realised among other things within the scope of diverse local activities for inclusive jobs and global social projects relating to the core competencies of water and sanitary facilities.,0.5266306489271864,Q
,,our activities under responsible employment and diversity amp inclusion are covered in the people and culture sections on page and in the governance section on pages .,0.5071592721396088,Q
,,further details and examples of our activities with employees are provided on page of the strategic report and pages to of the responsible business report,0.5126934001354817,Q
,,central activities which are part of brenntag specialties but not directly attributable to any one segment.,0.5167499272015765,Q
,,board review of minutes from the duty of care operating board meetings as well as updates to the operating model cadence of meetings and duty of care charter,0.502151697910414,Q
,,these topics are supervised by the groups human resources department and rolled out by each mtier or region.,0.5106246120626711,Q
,,physical wellbeing we provide comprehensive health care to our employees support their physical activity including operation of sports clubs promote a healthy lifestyle and create safe and friendly work environment,0.5257234396541173,Q
,,supporting our work in these four areas is our commitment to run our business in a responsible way. this includes supporting mental and physical health and wellbeing promoting diversity and inclusion and enabling social mobility both in our own business and in how we influence and interact with others.,0.512276616356833,Q
,,the mission of the medical services department is to safeguard the social welfare of the companys employees. this objective includes the positive integration of employees with health problems and disabilities in the work environment. measures which are designed to foster a corporate culture that is conducive to good health are an integral goal.,0.5445497674389264,Q
,,community outreach programme working directly within the communities we serve e.g. with local support groups.,0.5231498424441613,Q
,,to strengthen the occupational support sse offers it recruited a new head of health and wellbeing during the year. a supporting review of occupational benefits concluded that there is a very good range of support with the ability for some services to be used more andor expanded upon. building on the good foundation that is already in place and using allemployee survey findings sse is looking to integrate the following into the health and wellbeing support model a. making it easy to do the right thing b. making the uncomfortable comfortable and c. service and support.,0.5238582295958276,Q
,,the care segment includes all activities relating to the management of the groups own fully inpatient nursing care facilities and the leasing of nursing care properties to third parties. we manage business activities in the care segment using segment revenue and the adjusted ebitda care.,0.5009461445859543,Q
,,the majority of hydros sites offer wellness initiatives ranging from healthy eating exercise opportunities weight management stop smoking campaigns and worklife balance management. several sites have access to a social worker or counselor to address psychological health and safety and health and wellness is also addressed at site health and safetyday events.,0.5327373713326098,Q
,,health and wellbeing initiatives introduced during covid to encourage employees to speak up if they needed support a weekly health and wellbeing bulletin yoga classes webinars art classes amongst many other things,0.52389457615039,Q
,,further detail on our employee engagement activities is included in our section statement on pages to .,0.5171366164456657,Q
,,for activities listed under a columns to may be filled in on a voluntary basis by nonfinancial undertakings.,0.507987394927144,Q
,,activities implemented include for example an assessment of the health risks checkups for the issue of fitness certificates vaccinations and chemoprophylaxis health information monitoring of the hygienesanitary conditions programmes for the prevention of diseases and activities to promote health and physical activity.,0.5682647273290755,Q
,,mental health consultations are offered to employees on site and remotely providing opportunities for them to anonymously express concerns about personal or professional aspects in their life. in addition health and wellbeing support material is made available on the companys intranet pages.,0.5008003123040461,Q
,,engaged and shared information with our people encouraging them to use the health and wellbeing resources available including our mental health first aiders employee assistance programme wellbeing toolkits and wellbeing action plan.,0.5190055244462315,Q
,,all employees benefit from a range of occupational health services and individual occupational health assessments tailored to specific needs. all employees are required to complete a groupwide health and safety computerbased training module.,0.5048473036939884,Q
,,types of works and list of positions allowed to young persons for the purpose of occupational training,0.5225617753305344,Q
,,as part of its capacity building the organization focused on the buildout of standalone support services teams such as human resources legal finance and it to further enable progress for business ethics and the health safety and wellbeing of its employees.,0.5098446088949959,Q
,,see the our people and work environment chapter for information about hydros initiatives to promote mental health and wellbeing and to manage risks related to communicable diseases.,0.503728421184625,Q
,,in a broader sense these activities and measures also comprise wideranging support for employees in meeting demands at work and in their private lives. examples include support for familial obligations from childcare to nursing care wellbeing benefits flexible working models in terms of time and place of work opportunities to take a sabbatical coaching for parents entering and returning to work from parental leave and other programs concerning specific areas of need.,0.5525887784190309,Q
,,our community involvement programme is focused on three main areas with a particular emphasis on supporting children and young adults.,0.5069964597435274,Q
,,to help support these colleagues balfour beattys occupational health professionals have developed inhouse trauma support training to provide postincident mental health support.,0.5070868601507609,Q
,,it also seeks to accompany people with disabilities and their integration. several actions were undertaken in this area,0.5184945861410449,Q
,,in order to strengthen employees engagement and wellbeing several group companies implemented initiatives to integrate the healthcare programs provided by local legislation such as preventive healthcare programs and family support.,0.5128384036387345,Q
,,in germany these tasks primarily consist of services rendered by company physicians and emergency medical technicians the continued development of measures to promote health and prevent illness and injury ergonomic workplace design and counselling. the international health standard ihs of the rwe group specifies the health products and services that must be offered to every rwe employee such as counselling to assist them in overcoming professional and personal challenges referrals to specialised physicians and emergency care on business trips.,0.5048207260747024,Q
,,a probable ore reserve is the economically mineable part of an indicated and in some circumstances a measured mineral resource. it includes diluting materials and allowances for losses which may occur when the material is mined. appropriate assessments and studies have been carried out and include realistic consideration on modifying factors such as mining method metallurgical process and economic marketing legal environmental social and governmental factors. these assessments demonstrate at the time of reporting that extraction could reasonably be justified.,0.5573657448300265,B
,,v the production of oil and natural gas actually extracted and subsequent reservoir analyses which can entail significant revisions and,0.5755143040027729,B
,,. mineral resources including ore reserves relating to the groups subsidiaries on a basis and zaldvar on a basis.,0.5395634783111686,B
,,the following tables show the number of net productive dry and in progress exploratory wells in the years indicated by the group and its equityaccounted entities in accordance with the requirements of fasb extractive activities oil and gas topic . the overall commercial success rate was net to eni as compared to net to eni in and net to eni in .,0.5702219437455385,B
,,details of the individual anglo american platinum limited managed and nonmanaged operations appear in the anglo american ore reserves and mineral resources report. ownership percentage for nonmanaged is weighted by contained metal e moz contributions from each operation. merensky reef ug reef and main sulphide zone mineral resources are estimated over a resource cut which takes cognisance of the mining method potential economic viability and geotechnical aspects in the hangingwall or footwall of the reef.,0.5275121427719641,B
,,an ore reserve is the economically mineable part of a measured andor indicated mineral resource. it includes diluting materials and allowances for losses which may occur when the material is mined or extracted and is defined by studies at prefeasibility or feasibility level as appropriate that include application of modifying factors. such studies demonstrate that at the time of reporting extraction could reasonably be justified. modifying factors are realistically assumed considerations used to convert mineral resources to ore reserves. these include but are not restricted to mining processing steelmaking infrastructure economic marketing legal environmental social and governmental factors.,0.583037224833399,B
,,for additional information on our responsible minerals sourcing policy and processes see section other sustainability information.,0.5113220745821735,B
,,estimated ore reserves are the sum of proved and probable ore reserves mineral resources are reported as additional to ore reserves unless stated otherwise. please refer to the detailed ore reserve estimate tables in the anglo american ore reserves and mineral resources report for the individual proved and probable ore reserve estimates. the ore reserve estimates are reported in accordance with the australasian code for reporting of exploration results mineral resources and ore reserves the jorc code as a minimum standard. ore reserve estimates for operations in south africa are reported in accordance with the south african code for the reporting of exploration results mineral resources and mineral reserves the samrec code unless stated otherwise. the figures reported represent of the ore reserves.,0.5158225834797731,B
,,historically the mining industry has focused principally on tonnes and grade in deciding what material is transported to processing plants. but using grade as the main measurement does not ensure we get the maximum value out of our mineral assets.,0.5425953591777491,B
,,measures efficiency in the oil amp gas development activities calculated as the ratio between operating costs as defined by fasb extractive activities oil and gas topic and production sold.,0.5227130051295035,B
,,mineral resource classification defines the confidence associated with different parts of the mineral resource. the confidence that is assigned refers collectively to the reliability of estimates of grade and tonnage. this includes considering the quality of the underlying sample data the demonstrated continuity of the geology and the likely precision of grade and density estimates that collectively affect confidence in the mineral resource. most business units have developed commodityspecific approaches to the classification of their mineral resources.,0.5478247104601074,B
,,central processing facility production unit performing the first transformation of crude oil or natural gas.,0.5246067073757369,B
,,our reclamation work in the rävlidmyr mine which will continue in included shaft decontamination dredging and sealing off mine shafts.,0.5042205657902141,B
,,the process for estimating reserves as described in the internal procedure involves the following roles and responsibilities i the business unit managers geographic units and local reserves evaluators lre are in charge with estimating and classifying gross reserves including assessing production profiles capital expenditure operating expenses and costs related to asset retirement obligations ii the petroleum engineering department and the operations unit at the head office verify the production profiles of such properties where significant changes have occurred and operating expenses respectively iii geographic area managers verify the commercial conditions and the progress of the projects iv the planning and control department provides the economic evaluation of reserves and v the reserves department through the headquarter reserves evaluators hre provides independent reviews of fairness and correctness of classifications carried out by the abovementioned units and aggregates worldwide reserves data.,0.5149013816766598,B
,,the sectors currently covered include energy selected manufacturing activities transport and buildings.,0.5009940151289018,B
,,we need mineral deposits in order to run our mining operations. exploration is about finding prioritizing investigating and analyzing these in order to examine the conditions for potential mining operations. aerial surveying outcroppings geophysical and seismic methods are used initially while diamond core drilling is the final stage of the process. it can take years from the initial explorations to the start of mining but by primarily exploring in the vicinity of our mines we can shorten lead times. at the same time we invest in field exploration in entirely new areas and also acquire projects from other companies.,0.5770588963770232,B
,,eni operates under concession arrangements mainly in the exploration amp production segment and the refining amp marketing business line. in the exploration amp production segment contractual clauses governing mineral concessions licenses and exploration permits regulate the access of eni to hydrocarbon reserves. such clauses can differ in each country. in particular mineral concessions licenses and permits are granted by the legal owners and generally entered into with government entities state oil companies and in some legal contexts private owners. pursuant to the assignment of mineral concessions eni sustains all the operational risks and costs related to the exploration and development activities and it is entitled to the productions realized.,0.51066451648058,B
,,our smelters are supplied by concentrate from our own mines as well as external concentrate suppliers. it consists of secondary materials such as spent electronics lead acid batteries and ashes from industry which is an important source of raw materials.,0.5289159189055097,B
,,oil and gas extracted through fracking companies generating more than of their revenues from upstream activities related to the production of shale oil and gas.,0.5173080554490004,B
,,the history of umicore goes back more than years. it all started with the coming together of several mining and smelting companies which gradually evolved into the materials technology and recycling company umicore is today. in the mids umicore began divesting all mining rights remaining from its historical predecessor companies. mine closures and restitution of concessions to state authorities are consistently carried out in collaboration with the competent authorities and local stakeholders. remediation projects for smelting and refining installations are developed in close consultation to ensure any risks are reduced to levels acceptable to the authorities.,0.5039966595227641,B
,,recultivation obligations relate to legal and constructive obligations to backfill and restore raw material quarrying sites. the provisions recognised for these obligations are measured in accordance with the extraction progress on the basis of the best cost estimate for fulfilling the obligation. as at the reporting date these provisions amounted to million previous year .,0.514425062702807,B
,,in aitik work is continuing to prepare the liikavaara deposit for mining. this forms part of aitiks mineral resources and mineral reserves about km northwest of aitik. exploration and evaluation are also underway at the nautanen deposit approximately km north of aitik which is reported separately and is not part of aitiks mineral resources and mineral reserves. in aitik the mineral reserve is decreasing by mtonnes of which have been mined in . this decrease is mainly due to higher cost in parts of the deposit.,0.5235961208115272,B
,,the mining cycle is made up of several steps. when a given area of land is to be developed the first step is clearing when vegetation and soil are removed. the area is then classified as area cleared for future mining. after an area is mined it is either classified as tailings dams and other mining infrastructure or area available for rehabilitation. all areas available for rehabilitation will be rehabilitated as soon as possible and subsequently classified as an ongoing rehabilitation area.,0.6262380368004279,B
,,results of operations from oil and gas producing activities by geographical area consist of the following,0.6157532263269091,B
,,some anglo american subsidiaries have a primary listing in south africa where public reporting is carried out in accordance with the south african code for reporting of exploration results mineral resources and mineral reserves the samrec code. the samrec code is similar to the jorc code and the ore reserve and mineral resource terminology appearing in this section follows the definitions in both the jorc and samrec codes. ore reserves in the context of this report have the same meaning as mineral reserves as defined by the samrec code and the cim canadian institute of mining metallurgy and petroleum definition standards on mineral resources and mineral reserves.,0.5580241973267974,B
,,the costs of mining properties and leases which include the costs of acquiring and developing mining properties and mineral rights are capitalised as property plant and equi pment in the year in which they are incurred when a mining project is considered to be commercially viable normally when the project has completed a prefeasibility study and the start of a feasibility study has been approved. the cost of property plant and equipment comprises the purchase price and any costs directly attributable to bringing the asset to the location and condition necessary for it to be capable of operating in the manner intended. once a project has been established as commercially viable related development expenditure is capitalised. this includes costs incurred in preparing the site for mining operations including prestripping costs. capitalisation ceases when the mine is capable of commercial production with the exception of development costs which give rise to a future benefit.,0.5200705068085413,B
,,conditions such as topography water flows groundwater levels and the nature of waste determine the methods used in reclamation and according to global guidelines every active mine should draw up a sitespecific reclamation plan. to minimize our environmental impact in closed mining areas we carry out collaborative projects with a large number of organizations universities and companies and also conduct research to develop new technologies with the aim off for example promoting biodiversity. depending on the wishes of the local community reclamation can in,0.5474683134895019,B
,,supplementary information in the form of a summary report per mine and project is available on bolidens website under operations exploration mineral resources and mineral reserves.,0.5728758805754929,B
,,payments to authorities per project and authority exploration and extractive activities alumina refining and aluminium production in is presented in the first table below.,0.5414692036293198,B
,,if the amount to be capitalised cannot be specifically identified it is determined based on the volume of waste extracted compared with expected volume for the identified component of the orebody. this determination is dependent on an individual mines design and life of asset plan and therefore changes to the design or life of asset plan will result in changes to these estimates. identification of the components of a mines orebody is made by reference to the life of asset plan. the assessment depends on a range of factors including each mines specific operational features and materiality.,0.5192988123162211,B
,,proven and probable mineral reserves measuredindicated mineral resources inferred mineral resources production all values in ktonnes.,0.5157161378255328,B
,,the detailed ore reserve and mineral resource estimates ore reserve and mineral resource reconciliation overview definitions and glossary are contained in the separate ore reserves and mineral resources report which is available in the annual reporting centre on the anglo american website.,0.5932791635406709,B
,,for the financial year the group considers that among its various industrial and service activities the following activities are eligible for the taxonomy,0.5202737242220292,B
,,the groups industrial activity is based on the processing of molten materials using heavy machinery and equipment which entails the risk of industrial accidents including personal injury but also potential nuisance for nearby communities and environmental hazards such as accidental releases of polluting or dangerous products.,0.5425463135672616,B
,,our minerals business provides a broad range of atic service solutions to the mining and minerals exploration industries covering the resource supply chain from exploration and resource development through to production shipping and commercial settlement.,0.5206784791218323,B
,,quantity of a given metal in an ore extracttreatment and refining charges tcrc the price of concentrate is defined as the lme price less treatment and refining charges which comprise the remuneration received by the smelter for smelting and refining material concentrate and secondary materials and extracting metals. copper smelters processes can be broken down into a treatment phase and a refining phase while zinc smelters processes only involve a treatment phase and hence zinc smelters remuneration only comprises a treatment charge. secondary material of recycling materials from which metals can be recovered e.g. electronic and metal scrap metal ashes slag dust and scrap lead batteries. smelter a plant in which metal containing raw materials metal concentrates or secondary materials are processed to separate metals from impurities. underground mine a mine where the ore is mined using underground tunnels.,0.5091955064725905,B
,,the manufacturing sector which kemira is considered to be part of is largely out of scope of the current legislation. currently it mainly includes the manufacturing of basic materials and chemicals such as chlorine soda ash and hydrogen. kemira on the other hand mostly produces specialty chemicals and therefore its current eligibility and alignment figures are low. the chemical sector kemira included is expected to be more broadly included in objectives .,0.5052485117765084,B
,,by processing converting and refining our raw materials we produce what our customers need and value. our processing technologies also enable us to reduce energy and waste recycle more water increase efficiency drive innovation and by adding value to our products further support economic activity in the areas we mine.,0.5033385295171405,B
,,mineral resources and mineral reserves are the founda tion for the future viability of a mining companys opera tions. as mineral reserves are reduced every year through mining activities new additions through exploration and technical studies are vital to the viability of the operations.,0.58701616568503,B
,,mining method op open pit ug underground oc opencastcut mm marine mining. tmr tailings mineral resource.,0.630231983036594,B
,,operating business processes include the geological exploration of raw material deposits the purchase or lease of the land where the deposits are located applying for mining concessions and environmental impact assessments the construction of manufacturing facilities in cooperation with external service providers as well as the actual production of building materials including extracting raw materials processing and recycling building materials and maintenance of the facilities.,0.6364301602322645,B
,,a proved ore reserve is the economically mineable part of a measured mineral resource. it includes diluting materials and allowances for losses which may occur when the material is mined. appropriate assessments and studies have been carried out and include realistic consideration on modifying factors such as mining method metallurgical process and economic marketing legal environmental social and governmental factors. these assessments demonstrate at the time of reporting that extraction could reasonably be justified.,0.5965205408221224,B
,,commercial production is the term used for the point at which a mining operation is available for use and capable of operating in the manner intended by management. this generally means that the operation can produce its intended output at stable and sustainable levels. the determination of when a mine reaches commercial production can be complex and judgemental. the group assesses a number of factors when making this judgement. typically a mine reaches commercial production when mine assets are consistently operating at of nameplate production capacity.,0.5251841163408233,B
,,it is accepted that mine planning may include some inferred mineral resources. inferred mineral resources in the life of asset plan loap are described as inferred in loap separately from the remaining inferred mineral resources described as inferred ex. loap as required. these resources are declared without application of modifying factors. reserve life reflects the scheduled extraction period in years for the total ore reserves in the approved loap.,0.5052223887354811,B
,,at the corporate level miningspecific topics are not assessed as material per se. however due to the operational mine in siilinjärvi finland we implement the gri mining and metals sector supplement to report in accordance with the gri standards. the disclosures in this section were identified as materially important specifically for our mine in finland.,0.5294118819219573,B
,,the removal of waste material after the point at which depreciation commences is referred to as production stripping. when the waste removal activity improves access to ore extracted in the current period the costs of production stripping are charged to the income statement as operating costs in accordance with the principles of ias inventories.,0.5021079006572832,B
,,includino the sector supplement gri oil ond gas sector sustainabllity accountino standords board sasb standards its sector supplement oil amp gas the gri contentinder and ethical accouatability wilh nd oblained,0.5039481686665181,B
,,technology will play a major role in identifying new resources managing costs of production improving productivity and minimising the environmental impact of mining.,0.5230386299533779,B
,,mining method op open pit ug underground oc opencastcut mm marine mining. tmr tailings mineral resource. ort old recovery tailings.,0.6432156442457292,B
,,in garpenberg successful exploration activities infill drilling and studies are continuing. a new mineralization called stationen has been identified and calculated at mtonnes of inferred mineral resource. exploration is continuing on this and at other locations in the mine. significant tonnage has been converted from mineral resource to mineral reserve leading to an increase in the mineral reserve of mtonnes . despite this it has also been possible,0.5090837022984344,B
,,mine closures and restitution of concessions to state authorities are consistently carried out in collaboration with the competent authorities and local stakeholders. remediation projects for smelting and refining installations are developed in close consultation to ensure any risks are reduced to levels acceptable to the authorities.,0.5077289671630991,B
,,in and volumes of reported hazardous waste related to the refining activity were down significantly compared to . this significant change is mainly attributable to the fact that a significant volume of chemical products had to be destroyed in in the context of the dismantling of the sulfrox unit which had also generated tonnes of nonhazardous waste concrete waterproofi ng stainless steel ferrous metals. waste recycling consists of reusing petroleum sludge and other waste soiled by petroleum products as fuel or another energy source. oils are regenerated for reuse. metals and metallic compounds are recycled or recovered.,0.5027580620544557,B
,,mineral reserves those parts of a mineral resource that can be mined and processed in accordance with the companys profitability requirements taking into account factors such as waste rock dilution and the percentage of metal in an ore that can be extracted in the concentration process are transferred to mineral reserves and hence eliminated from the mineral resources. mineral reserves are divided into two categories probable mineral reserves and proven mineral reserves.,0.5223983155447226,B
,,payments to authorities per project and authority exploration and extractive activities alumina refining and aluminium production in,0.5374352987874971,B
,,specific aspects applicable to health safety and the environment e.g. operational controls preventive maintenance emergency management accident analysis and management management of suppliers and contractors audit activities management of chemical or hazardous substances,0.5029284720606653,B
,,as a consequence of the divestments the miningrelated center of expertise was moved to the yara europe region to be governed together with the siilinjärvi mine. the resources needed to drive sustainable mining with a focus on safety environment cost through operational and capital efficiency and contributing to the longterm security of mineral supply to yaras production facilities and markets are now centralized together with the remaining active mine.,0.5140803196072284,B
,,smelter a plant in which metal containing raw materials metal concentrates or secondary materials are processed to separate metals from impurities. underground mine a mine where the ore is mined using underground tunnels. the mining methods used in bolidens underground mines include the cutandfill method and sublevel stoping. economic term for rock which unlike ore contains no valuable,0.5371981629509895,B
,,after an area is mined it is either classified as tailings dams and other mining infrastructure or area available for rehabilitation. all areas available for rehabilitation will be rehabilitated as soon as possible and subsequently classified as an ongoing rehabilitation area.,0.5604441826193183,B
,,the oil and gas market covers both upstream activities exploration production and downstream activities refining petrochemicals chemicals.,0.5317910969551939,B
,,expenses incurred in exploring and evaluating mineral resources are included in property plant and equipment when it is probable that associated future economic benefits will flow to the group. they include mainly the costs of topographical or geological studies drilling costs sampling costs and all costs incurred in assessing the technical feasibility and commercial viability of extracting the mineral resource.,0.5190546321422228,B
,,these assessments demonstrate at the time of reporting that extraction could reasonably be justified. ore reserves are subdivided in order of increasing confidence into probable ore reserves and proved ore reserves.,0.5503315860763602,B
,,to share information with its customers dassault aviation has set up an organization to compile information from its supply chain on the provenance of such minerals. this topic is included in the supplier evaluation questionnaire during the accreditation stage. in addition a cmrt conflict minerals reporting template has been collected annually since mainly from electronics suppliers likely to use these minerals in the manufacture of their components suppliers questioned.,0.5216166419119118,B
,,in that context the company requires all suppliers to comply with applicable laws and regulations on conflict minerals including any tg conflict minerals. in the company released a responsible mineral policy which details its engagement to improve safety and human rights conditions in the mineral supply chains. as described in the section work with external stakeholders hereafter the company benefits from the responsible mineral initiative rmi experience and available audits tools and standardised ways of working.,0.5121372758585128,B
,,development activities concerned i production optimization program in the sinai concession ii development drilling activities in the baltim and neho concessions iii the fid of the meleiha phase project was sanctioned. the project was already started up in early production and the completion of the development program is expected in iv upgrading of the facilities in the emry deep and arcadia fields as well as of the water injection facilities in the western desert and v desalination programs in production areas to reduce freshwater withdrawals in line with the principles of the united nations ceo water mandate initiative.,0.5148203517430764,B
,,in development activities concerned i the dalma gas development sanctioned project in the offshore ghasha concession enis interest and the umm shaif longterm development phase sanctioned project in the umm shaif concession and ii rampup production program of the mahani field in the onshore area b concession.,0.5259522549782871,B
,,inventory consists of raw materials and consumables workinprogress and finished goods. workinprogress represents material that is in the process of being converted into finished goods. the conversion process for mining operations depends on the nature of the copper ore. for sulphide ores processing typically includes milling and concentrating resulting in the production of copper concentrate. for oxide ores processing includes leaching of stockpiles solvent extraction and electrowinning and results in the production of copper cathodes.,0.5780844630753983,B
,,regarding the road haulage of petroleum products in addition to the application of the regulations applicable to the transport of hazardous materials additional measures are taken to prevent the risk of traffi c accidents. courses,0.51732281060086,B
,,material extraction and production phase hazardous substances weight cvs division choice of materials incl. proportion of secondary material origin of materials conflict minerals,0.6310122485892552,B
,,the ore reserve estimates are reported in accordance with the australasian code for reporting of exploration results mineral resources and ore reserves the jorc code for australian and south african operations.,0.5290057101039662,B
,,the waste stripping costs are generally absorbed into inventory and expensed as that inventory is processed and sold. where the stripping costs relate to a significant stripping campaign which is expected to provide improved access to an identifiable component of the ore body typically an individual phase within the overall mine plan the costs of removing waste in order to improve access to that part of the ore body will be capitalised within property plant and equipment. the capitalised costs will then be amortised on a unit of production basis in proportion to the volume of ore extracted compared with the total ore contained in the component of the pit to which the stripping campaign relates.,0.5070300285278085,B
,,the document is drawn up in accordance with global reporting initiative gri standards used as reporting standards in accordance with the legislative decree no. see the gri content index section. the sector standard gri oil and gas sector is also applied as main business activity also taken into account for the determination of material themes and information reported.,0.5510278292682071,B
,,the information on ore reserves and mineral resources was prepared by or under the supervision of competent persons as defined in the jorc code. the competent persons have sufficient experience relevant to the style of mineralisation and type of deposit under consideration and to the activity which they are undertaking. the competent persons consent to the inclusion in this report of the matters based on their information in the form and context in which it appears. the competent person for exploration results and mineral resources is osvaldo galvez cp chile deputy manager of mineral resource evaluation for antofagasta minerals sa. the competent person for ore reserves is sofia orellana cp chile deputy manager of longterm mining planning for antofagasta minerals sa.,0.5367216880566058,B
,,details of the value of assets and liabilities for each of the mining operations are set out in note .,0.5103411177293518,B
,,the groups operations and projects are subject to a comprehensive programme of audits aimed at providing assurance in respect of ore reserves and mineral resources estimates. the audits are conducted by suitably qualified competent persons from within an operation another operation of the company or from independent consultants. the ore reserves and mineral resources estimates are the total reserves and resources with the groups attributable share for each mine shown in the attributable tonnage column. the groups economic interest in each mine is disclosed in the notes following the estimates on pages . the totals in the table may include some small apparent differences due to rounding.,0.5896144657775071,B
,,nevertheless these materials can pose unique challenges in terms of supply application and recycling. addressing this topic requires an engagement and coordination with the endtoend value chain from the extraction stages to the eventual disposal or recycling. of note the human rights aspects that may be linked to the sourcing of materials including conflict minerals as well as the potential environmental impact linked to their extraction and processing are covered in sections . human rights and . responsible supply chain. a number of related regulations apply to the company globally regionally and locally such as the basel convention on the control of transboundary movements of hazardous wastes and their disposal or the eu waste framework directive.,0.5232671861683754,B
,,encierro is owned by the group. this is encierros maiden mineral resource report supported by metres of drilling from drill holes. in order to ensure that the stated mineral resources represent mineralisation that have reasonable prospects for eventual economic extraction jorc code encierros mineral resources are stated above cutoffs of copper for sulphides. all reported mineral resources have been defined as inferred. mineralisation estimated below a cutoff is not included in the mineral resource figures.,0.5366805318369952,B
,,modifying factors are realistically assumed considerations used to convert mineral resources to ore reserves. these include but are not restricted to mining processing steelmaking infrastructure economic marketing legal environmental social and governmental factors. ore reserves are subdivided in order of increasing confidence into probable ore reserves and proved ore reserves.,0.5595295328392406,B
,,development activities at the operated omls and blocks concerned workover and rigless activities to mitigate mature fields decline as well as asset integrity program of the facilities and the installation of new compressor units to monetize additional natural gas volumes and to improve environmental performance by reducing co emissions related to flaring. during the year additional production well was started up by means of the completion of drilling activity.,0.5129479952703705,B
,,exploration risks are borne by the contractor and production is divided into two portions cost oil is used to recover costs borne by the contractor and profit oil is divided between the contractor and the national company according to variable schemes and represents the profit deriving from exploration and production. further terms and conditions of these contracts may vary from country to country.,0.5242864556273936,B
,,the estimates of ore reserves and mineral resources are stated as at december . the figures in the tables are rounded and if used to derive totals and averages minor differences may result. unless stated otherwise mineral resources are additional to i.e. exclusive of those resources converted to ore reserves and are reported on a dry tonnes basis. mineral resources should not be added to ore reserves as modifying factors have been applied to ore reserves.,0.5742816732865218,B
,,the mineral resource estimates for operations in south africa are reported in accordance with the south african code for the reporting of exploration results mineral resources and mineral reserves the samrec code unless stated otherwise. the figures reported represent of the mineral resources. anglo american ownership is stated separately. rounding of figures may cause computational discrepancies.,0.5310465850596419,B
,,we make use of natural resources in exploration mining concentrating recycling and haulage and our operations have a local environmental impact due to emissions noise and changes in the landscape. potential regional effects include acidification and the contribution to eutrophication and we also have a global footprint due to carbon dioxide emissions. because our metals are needed for the climate transition we also have a farreaching responsibility to limit our environmental impact and we constantly measure our performance in this respect. for further information about carbon dioxide and the climate see pages .,0.5172667674224586,B
,,membership of professional bodies such as gesip groupe dtude de scurit des industries ptrolires group for safety research in the petroleum industries ufi p nergies et mobilits and the joint inspection group jig which provide general operational training and safety support,0.5174525450896522,B
,,c sea and landbased prospecting for industrial extraction mainly of crude oil or natural gas as well as mineral products in general,0.6473920219316311,B
,,yaras mining operation dealt with approximately million tonnes of materials from extractive activities made up of waste rock overburden tailings and sludges. these were stored onsite in tailing ponds and stockpiles.,0.5473339325148956,B
,,for sulphide ores processing typically includes milling and concentrating resulting in the production of copper concentrate. for oxide ores processing includes leaching of stockpiles solvent extraction and electrowinning and results in the production of copper cathodes. finished goods consist of copper concentrate containing gold and silver at los pelambres and centinela and copper cathodes at centinela and antucoya. los pelambres and centinela also produce molybdenum as a byproduct.,0.5085646602020631,B
,,scope fueland energyrelated activities not included in scope and scope extraction production and transport of energy related to scope based on ratio .,0.5283373754631928,B
,,defined in the perc reporting standard for mineral reserves and resources see page in the risk and opportunity report.,0.5455130870021639,B
,,an ore reserve is the economically mineable part of a measured and or indicated mineral resource. it includes diluting materials and allowances for losses which may occur when the material is mined. appropriate assessments and studies have been carried out and include realistic consideration on modifying factors such as mining method metallurgical process and economic marketing legal environmental social and governmental factors. these assessments demonstrate at the time of reporting that extraction could reasonably be justified. ore reserves are subdivided in order of increasing confidence into probable ore reserves and proved ore reserves.,0.609698123148641,B
,,the company also in order to facilitate the financial markets understanding of the evolution of the economic and financial performance related to the strategic plan objectives communicated to the market during maintains the reporting structure based on the four divisions offshore engineering amp construction onshore engineering amp construction and offshore drilling in continuity with the previous years the onshore drilling segment as commented below will be shown as discontinued operations. the operating segments aggregated in the reportable segments set out above have similar economic characteristics furthermore the new segments offshore wind sustainable infrastructures and robotics and industrialized solutions do not currently meet any of the quantitative thresholds may be considered reportable and separately disclosed. the data reaggregated on the basis of the new reporting are substantially in line with what is set out below.,0.5144203379541404,B
,,a mineral resource is a concentration or occurrence of solid material of economic interest in or on the earths crust in such form grade or quality and quantity that there are reasonable prospects for eventual economic extraction. the location quantity grade or quality continuity and other geological characteristics of a mineral resource are known estimated or interpreted from specific geological evidence and knowledge including sampling. mineral resources are subdivided in order of increasing geological confidence into inferred indicated and measured categories.,0.5431165415962077,B
,,we are optimising mining processes through technologies that target the required metals and minerals more precisely with reduced water energy and capital intensity and producing less waste. these technologies include bulk ore sorting bos coarse particle recovery cpr fines flotation dry processing and novel classification with their implementation integrated into resource development planning.,0.5214369385379443,B
,,smelters extract multiple metals and byproducts. smelter competitiveness depends on the cost situation stable processes with high recovery and extraction of other metals and byproducts in addition to their primary metal.,0.5036514456399548,B
,,in extracting the products that we all need in our daily lives we draw on over years of mining experience. safety comes first our whole way of working is focused on zero harm. we plan for the lifecycle of the mine and beyond and use our own technologies for reducing waste and protecting environments.,0.5035871664439857,B
,,in the event of supplementary reclamation work on a decommissioned mine being deemed necessary in order to comply with the requirements of external regulations a provision is reported for the anticipated future costs. the provision is reviewed as investigations and action plans provide underlying data for revised costings.,0.5023711924176892,B
,,provisions for reclamations are made on the basis of an assessment of future costs based on current conditions. provisions are reviewed regularly by internal and external specialists and updates made when necessary when the estimated useful lives costs technical preconditions regulations or other conditions of mine and smelter assets change. provisions for reclamation work totaled sek m see also note other provisions. capitalized reclamation costs totaled sek m see also note property plant and equipment. net reclamation liability totaled sek m .,0.5122638668953553,B
,,this included downstream transportation and distribution of products purchased goods or services use of sold products endoflife treatment of sold products upstream transportation and distribution employee commuting business travel fuel and energy related activities and waste generated in operations. since undertaking the initial exercise we have added processing of sold products for sold oil and waste products. we endeavor to report this figure on an annual basis. we are aware that in future further categories may be included within the scope of our scope calculation.,0.5446196607067216,B
,,thermal coal south africa mining activity included in prior year until the demerger on june . includes export primary production secondary production sold into export markets and production sold domestically at export parity pricing.,0.6064092214988341,B
,,oil including oil from tar sands exploration extraction production transportation power generation distribution and or storage and,0.5414193665862714,B
,,anglo american makes use of a webbased group reporting database called the anglo reserve and resource reporting system arr for the compilation review and approval of ore reserve and mineral resource reporting. the system allows the cps to capture the estimates yearonyear reconciliations and other supplementary information thus supporting the ore reserves and mineral resources publication.,0.5207208320118507,B
,,in q an external survey was conducted to assess a conversion ratio between classroom training sessions transposed to elearning with an identical level of attainment. this analysis carried out using a sample of educational sequences in veolia and also outside the group determined an average,0.5027281148666213,P
,,education refers to initiatives within the formal educational system from elementary school to university. examples of initiatives include training of teachers and external scholarships.,0.57337291928012,P
,,improvement of educational facilities to ensure a safe and effective learning environment e.g. in india indonesia and oman.,0.5228891917016089,P
,,the individual component in results from an achievement level of assessed by the rngc and approved by the board of directors in february on the basis of achievement demonstrated on different criteria defined at the beginning of as summarised in the table below,0.5000964339739088,P
,,besides compulsory basic training and specialised further training internship study and scholarship programmes are also supported.,0.5283758788087157,P
,,consequently the information needs to be read and understood together with the guidelines the signifi cant elements of which are available on request from head offi ce.,0.5086465928147677,P
,,the two courses are mandatory for the relevant employees and are available in nine and seven languages respectively. as of the end of of all employees had completed the training.,0.5371757653383281,P
,,education refers to initiatives within the traditional educational system and capacity building covers training outside the educational system.,0.5246197457566001,P
,,educationtraining determination of the topics to be included in and ensure complianceregular required matters are covered in the most efficient manner.,0.5680407191867105,P
,,last year the programme was joined by schools and teachers began their training. in total lessonenter has been joined by schools and provided training to people of which were participants from rural or semiurban areas or towns with population of less than .,0.5196303719736977,P
,,goal ensure inclusive and equitable quality education and promote lifelong learning opportunities for alli,0.5165523474157646,P
,,education and skills enhancement to provide facilities and assist promotion of primary education among children and impart skills training to the youth,0.528949089867038,P
,,the programme is carried out in conjunction with the information society development foundation and institute of public affairs. it is implemented in the regranting scheme by inservice teacher training centres in collaboration with local governments or nongovernmental organisations. in we provided financial and technical support to grant projects. last year the programme was joined by schools and teachers began their training. in total lessonenter has been joined by schools and provided training to people of which were participants from rural or semiurban areas or towns with population of less than .,0.6026655872982125,P
,,a guide explaining the programme and its essential features which is circulated among mentees and mentors and was updated in,0.5090732956164591,P
,,we want to give vulnerable or disadvantaged children and young people in various regions access to highquality education.,0.5012010610734399,P
,,identifying the training needs and organisationalexecution needs for courses relating to icfr or other related issues these are channelled via the training school programme included in the training plan and training procedure.,0.5248216789429978,P
,,successful new formats such as webinars and technical expert sessions were continued. although personal customer service makes a substantial contribution to our success virtual cooperation has also proven useful thanks to higher flexibility and reach and better compatibility with customers flexible working models for example.,0.5297209610199898,M
,,types of works and list of positions allowed to young persons for the purpose of occupational training,0.5131896349509587,M
,,the board has a complementary range of skills which are relevant to the groups medium and longerterm objectives.,0.5618992942570848,M
,,support the business in areas such as finance and tax operations and risk legal compliance and human resources ensuring we have a scalable platform,0.5117962074440614,M
,,in we continued training our employees on a range of occupational safety topics including both legally mandated and internally defined topics relating to key hazards that are relevant locally and across the group. by doing so we aim to increase awareness of risks and further reduce the number of accidents especially those resulting in fatalities.,0.5453072457628925,M
,,there are now critical activities addressed by the prta in the safety and occupational healths digital library.,0.515317087235884,M
,,the training is classed using skills grids according to the level of thinking the decisionmaking capacity and the level of autonomy in this decisionmaking. lastly networks are once again being set up in regions that have historically hosted them such as the dordogne to name just one example.,0.514157538609125,M
,,some regions and countries receive training more often facetoface andor in greater depth in line with local regulatory requirements. in some jurisdictions mandatory training is also provided by external specialized firms or by our local compliance officers specialized in these areas to further comply with regulatory requirements.,0.5186759687193491,M
,,add clinical scientific operational financial and management information systems and personnel including personnel to support our product development and potential future commercialization efforts and,0.524997874980659,M
,,the profile of skills shall ensure that each of the skills and areas of knowledge or technical experience listed below is held by at least one member of the supervisory board so that the supervisory board as a whole covers all of the necessary skills,0.6031137618789167,M
,,a tech amp services function has been created to provide expertise as well as technical and operational support. this function will bring together strategic planning isampt data digital innovation and rampd and also include our food and facilities management expertise,0.5114298200278125,M
,,we provide our people with the knowledge and tools to continue to grow and support strategic business priorities in a sustainable way enabling them to define their own customized training path based on their specific needs.,0.5294283944931439,M
,,in terms of training each year the group defines the priority areas of its policy in line with operational objectives. the general trainings administered by the group concern compliance leadership commitment to company values specialised occupational training and ehs. they aim to align all country structures with respect to regulationsrelated topics. locally training actions are defined in the context of specific training plans.,0.5186759942178648,M
,,consistent with the strategic plan the training activities are part of a much broader project which in accordance with corporate principles and the needs of the market customers and regulations envisages the provision of around million hours of training in the period.,0.5057481913073402,M
,,our strategic hr planning takes changing market conditions into account to plot the right course for targeted investment in the skills that will be needed going forward. skill management is supported by a digital tool to pinpoint where personal skills are present or lacking and development plans are continuously adapted by means of tailored training programs. over employees in the group successfully went through the skill management process in .,0.5038835608656484,M
,,learning initiatives and offerings. gey a central focus of our hr activities is on establishing and designing learning initiatives and offerings. we provide comprehensive training programs tailored to the business needs of the individual segments and complemented by focused horizontal group offerings. here too there is a clear emphasis on providing targeted support for employees undergoing technical and digital skilling and upskilling. of particular relevance for us are the following profiles devops software and cloud engineers solution architects and designers and data scientists. we provide learning initiatives guided learning journeys and phased training programs for these profiles to facilitate reskilling and upskilling.,0.5008840420377365,M
,,volkswagen group employees have access to a wide range of training measures organized according to vocational groups. these comprise all employees whose tasks are based on similar technical skills and who require related expertise in order to perform their jobs. a skills profile lays down the specialist and interdisciplinary skills for each job and serves as a guide for training measures. formats range from further training in general companyrelated topics to specific training or personal development programs. thanks to these opportunities volkswagen employees are able to further develop and steadily deepen their knowledge throughout their working lives.,0.5849682945843714,M
,,there is a regular exchange of expertise both within and between the divisions to this end. this addresses aspects relevant to hse best practices legal requirements and the associated reporting.,0.550489524068417,M
,,users of our learn platform conducted searches during the year the large majority of which targeted nonrole specific skills. of those there was a heavy skew towards userlevel technical skills such as support for commonly used office software applications. in addition a total of learning course completions comprised elearning virtual classroom and classroom learning were recorded on our global learning management system covering a range of topics across technical nontechnical and compliance courses a increase on .,0.5491193222090319,M
,,ensuring access to a maximum number of positions including those that would be difficult for someone who is not currently physically fit. on this point in particular the group is developing several tools to reduce the need to carry loads. the plans developed are mentioned in section . of this document under the heading ensuring a safe and inclusive place to work,0.5031180832654242,M
,,all newly hired employees in the customer contact centre follow tailormade initial training programmes. these prepare and support new employees in their roles responsibilities and competencies relating to product safety and system and process knowhow see page for details on functional trainings.,0.5566853838584104,M
,,there is also training available for our colleagues on these products so that they can advise customers effectively.,0.5714250679062857,M
,,the provision of some or all of the services required for the operation maintenance and management of establishments or buildings used for office commercial industrial leisure healthcare or educational purposes and for the operation and maintenance of some or all of the equipment installed therein,0.5149974436969325,M
,,employees in positions requiring specific environmental expertise have access to training associated with their activity provided in the form of internal training modules e.g. training for iso auditors or designforrecycling or through a specialized external organization if a specific area of expertise is required. renault employees in france also have access to ecodriving training.,0.5383608824486872,M
,,information on the intranet the social intranet and at our intranet terminals. other established news and information formats include email distribution lists brochures and flyers. in addition our project groups provide an opportunity for exchange across sites disciplines and hierarchies. the individual teams also meet regularly for team meetings and regular meeting dates.,0.5131893416484391,M
,,providing expertise in certain highly specialized areas such as complex risk analysis and risk pricing and,0.5911678536360938,M
,,in the finance department and the audit control and risk department took part in various training programmes including cybersecurity detection and response capabilities coso erm accreditation programme accounting and valuation of ppas and complex financial instruments.,0.5020751595606021,M
,,in order to meet our future demand for qualified specialists we use a variety of different tools to recruit staff. we monitor our working environment and competitive surroundings closely to identify potential. furthermore we use digital personnel marketing organize our own recruitment events and present the company at career fairs. the majority of the recruitment processes are virtual. depending on the pandemic situation it was also possible to conduct applicant interviews onsite again in the reporting year.,0.5382624035584822,M
,,furthermore training courses have been developed enabling employees to learn or specialise in legal it or workplace safety issues.,0.5851365562478827,M
,,we apply our unique technical expertise across the product lifecycle helping our customers to create test and use defence and security capabilities.,0.5160393894070855,M
,,in the team responded to requests for innovative technological solutions bringing the total number of requests processed since the launch of the service to . as part of the program several technology qualification studies have led to a number of partnerships,0.5130287977339818,M
,,as stated in the board rules the desired composition of the technip energies board includes specific areas of expertise and backgrounds including those listed below. the board has applied these considerations in developing the board skills and experience matrix discussed in section   board skills and experience matrix.,0.5351852631496563,M
,,details of the skills and experience of the regulatory amp risk committee members can be found on pages .,0.5068064922769036,M
,,ensure that the board has the required skills to assess esg issues risks and opportunities and to understand applicable rules and standards for esg matters,0.5030504309315929,M
,,measures to maintain and improve working conditions include the following topics which are described in detail below,0.5169639085434039,M
,,training courses for our employees which are an essential part of guaranteeing the safety of our patients and products are an important component of our quality management systems.,0.5384325265309677,M
,,information security function with multidisciplinary specialists supported by a hour security operations centre and mature incident management plan.,0.5258386769480757,M
,,we also undertook a training program focused on two major elements of process safety contractor management and permit to work. lastly we renewed our training on life saving rules.,0.5261130607642576,M
,,the topic refers to the implementation of ongoing both formal and informal training programs to provide employees and also partners and customers with highlevel knowledge in order to increase skills along the value chain and internally foster career development.,0.519592818491556,M
,,technical experts from the central departments help the local teams to identify and implement effective projects to increase efficiency.,0.5118087599697336,M
,,. training and communication effective communication of and training in codes and relevant policies and procedures of employees at all levels and where appropriate business partners.,0.5173297807243651,M
,,we place a strong emphasis on digital learning offerings yet recognize the importance of inperson training. in we made it a priority to invest in the learning and development of all employees by offering a wide range of programs both online and inperson to meet the diverse needs of our employees. by providing learning and development opportunities for all we can attract and retain highly skilled workers at all sites ensuring our companys longterm success. in addition to online courses our sites around the world conduct a number of regional and local training activities. these include mandatory training related to for example hesq and leadership development adapted to local or regional needs.,0.5190464668728948,M
,,this also includes the ability for an organisation to safeguard customer data their ability to enact effective cybersecurity and the safe use of ai.,0.5158612393222917,M
,,in the following are examples of training courses aimed not only at improving technical skills but also at reinforcing the employees soft skills,0.5613413988021922,M
,,the ability to transport deliver supply and collect necessary materials products or services to clinical trial sites or deliver them to thirdparty central laboratories for analysis,0.5022467289646875,M
,,competence management we undertook a training program focused on two major elements of process safety contractor management and permit to work. in addition an ehsq learning path was piloted for field work personnel in the americas covering all critical ehsq standards.,0.5048576838981161,M
,,we follow a similar approach in poland with the vantage academy of skills training programme. the focus is on training and workshops for specialised topics and methods that are needed for daily work from excel courses to building design. the transfer of knowledge and skills by vantage employees is an essential component. the events are then evaluated and further developed in order to provide both participants and teachers greater benefits. thus in the reporting year additional topics such as certifications for sustainabili ty in the newbuild business were added to the training pro gramme.,0.5235139125704465,M
,,services include installation commissioning testing training software hosting and maintenance product repairs and contracts undertaking extended warranty services.,0.5175663415915045,M
,,the supervisory board shall take account of the different educational and or professional backgrounds of its members giving due consideration to their knowledge skills and experience when describing the goals for the composition of the supervisory board.,0.5026976851837494,M
,,the workshops focus on a particular topic are provided in short sessions that are more easily incorporated into the working day and incorporate breakout sessions in which people can reflect and discuss together. given that the workshops bring together participants from all levels and groups they are also an excellent place for networking and connection. in over people were trained in eight workshops with more planned in .,0.5007167333404057,M
,,every year technical and crossfunctional training activities to support business are planned and developed in response to emerging macro themestraining focus.,0.5265956485877651,M
,,we have a programme of mandatory training to help our people understand their responsibilities. these include topics such as health and safety antibribery and corruption and cyber security as well as training to support our nurturing talent goals around diversity and inclusion. during employees carried out hours of training hours.,0.5726048344768504,M
,,for its customers and consumers the group develops processes adapted to local requirements see section . below,0.5323741188160044,M
,,these areas in turn affect a further cycles and subcycles and are formally documented in a corporate it tool.,0.5136555011051616,M
,,development and testing activities appear to be ongoing for various initiatives in multiple areas e.g.,0.5283303872030536,M
,,our technical academies cover production sales and customer service providing structured career and skills development which often enable employees to gain a formal qualification. we also run online masterclass sessions for employees to hear from internal and external experts.,0.5920776249395652,M
,,cosource specialists continue to bring expertise to support the team and delivery of the audit plan where relevant.,0.5345797510469789,M
,,intended to adhere closely to the principles of diversity and to reflect the geographic mix of the business insofar as possible to provide a range of technical skills and to include individuals with indepth knowledge of sodexos activities.,0.5532445285091339,M
,,during the reporting year around professionals were trained on products tools software tools and installation skills at the geberit information centres in europe and overseas and people took part in a wide range of webinars and alternative training formats.,0.5672880193055188,M
,,. in following a review of the cost items associated with training and an improvement in the traceability of information due to the introduction of new platforms new cost items associated with training have been included such as those associated with training platforms and development of elearning courses among others.,0.5502847308651404,M
,,plant employees receive workstation training including environmental aspects particularly chemical risks arising from handling storage and spills and the sorting of waste.,0.5109265423623216,M
,,following employee onboarding our regional offices provide tailored programming on a quarterly basis to create opportunities around soft and technical skill building. popular topics include effective communication in the workplace challenging conversions setting goals careers amp connections everyday inclusion creating psychological safety and banishing imposter syndrome. programming also includes crossfunctional business acumen workshops that provide additional opportunities for managers to increase their knowledge and share it with peers.,0.5037752253662198,M
,,the key skills and expertise that the supervisory board must have collectively as a whole are in particular knowledge skills and professional experience,0.5226773716872533,M
,,definition of the communications and training materials specifically reserved for the roles identified with the data protection organisational model.,0.5117512490535784,M
,,this part elearning course aims to strengthen the health and safety culture at all levels of the organization increase the perception of hazards for each high risk activity increase employees knowledge of the risk control measures and ensure that veolias standards are known and understood by all employees including external stakeholders subcontractors service providers suppliers customers and that they are effectively adopted.,0.5036291942353253,M
,,the others category includes general installations and fittings and fixtures furniture office and it equipment.,0.5171749089403984,M
,,technical advisors working in the field who are in daily contact with plumbers sanitary engineers and architects.,0.5377445142577588,M
,,our technical training academy established in february continues to go from strength to strength. we are the only employer provider in the water sector to have been inspected by ofsted and received an overall good rating. we launched our digital skills academy a new learning portal for employees to access digital learning content to upskill,0.5024513192089383,M
,,it includes comprehensive education and training through internal and external seminars amongst others to provide employees with the knowledge and tools to enable them to eliminate injuries and illness at work and at home. best practices and lessons learned from incidents relating to the workplace and travel are shared via documentation or information systems. in addition by teaming up with an external travel safety security and health services company employees have constant access to information on preventive measures to eliminate or minimize risks.,0.5281156667279944,M
,,when commissioning service providers it must also be ensured that they have the appropriate qualifications and the necessary ex perience to assess the occupational safety situation.,0.519440881442361,M
,,in addition to this internal procedure group companies in agreement with the relevant scientific associations in the sector actively participate in the organization of events on topics of current interest. these activities aim also at training laboratory staff from a scientific point of view helping to enhancing skills and furthering the latest scientific information. events involving leading healthcare professionals including institutional members such as the higher institute of health in italy are proactively supported.,0.5198214617096579,M
,,specific training for safety officers responsible company figures and employee representatives and grassroots information on safety matters to all employees with particular reference to courses on health and safety at work fire fighting first aid and mandatory special operations onshoreoffshore,0.531382790992286,M
,,vi. rendering of services of a diverse nature among them engineering construction advisory and consultancy services in connection with the activities relating to its corporate purpose as well as participation in natural gas markets management activities to the extent they are compatible with the activities permitted for the company by law.,0.5078688492452823,M
,,personnel development offers qualification and training measures tailored to individual employee needs including in the areas of social skills project and quality management technology and it applications. in addition to inperson and virtual training the selflearning tool linkedin learning supplements training with around courses on topics relevant to work. at around users the use rate among eligible employees increased by in compared with . the users viewed courses and spent more than hours training in doing so. personnel development offers qualification and training measures tailored to individual employee needs including in the areas of social skills project and quality management technology and it applications.,0.5059193963732923,M
,,in addition the company has adopted an internal mentoring program mymentoring which has been combined with those indicated above. a total of different courses were followed in .,0.535991036173602,M
,,as part of our energy and resources activities we provide project management cleaning grounds maintenance as well as catering services to support operations in remote areas away from regional centres or near communities with little infrastructure. our first priority remains the health and safety of our employees and all individuals working on those remote locations.,0.51009656218524,M
,,it includes verifying issues such as food safety and traceability certification to conduct work particularly in facilities management along with financial due diligence checks.,0.5054623306428523,M
,,active and ongoing assistance sharing of risks and experience and pooling of financial and technical expertise,0.5026756199742397,M
,,labor transportlogistics catering maintenance amp security mainly local project related services equipment and materials local and worldwide,0.5016562861956405,M
,,advanced technology consultancy projectbased and managed services and managed resource programs where we take on responsibility for delivering outcomebased services are agreed contractually under a statement of work. we offer these services in the higherlevel professionals segment to deliver innovative it and engineering solutions.,0.5245509939349566,M
,,guarantee a continual process of hse training for staff. this process can be broken down into several phases updating the hse training matrix which identifies the training needs based on professional roles definition and standardisation of the courses on a dedicated platform provision of the courses monitoring and reporting on the training activities,0.5625699734720814,M
,,the functions encapsulate the necessary inhouse expertise to adapt to emerging threats. operating under a iso information security management system certification the cybersecurity controls and associated harmonised policies are constantly being evaluated and applied where deemed relevant across the enlarged group.,0.5175963462413082,M
,,equipping our colleagues with the skills they need to succeed now and in the future through various skills and career programmes and,0.5031456585735004,M
,,these actions are carried out by means of it charters distributing information on best cybersecurity practices and specific actions targeting the various communities exposed to specific risks such as accountants cfos and treasury managers. awarenessraising and training elearning courses are regularly set up and carried out. furthermore several group entities are iso or nist certified or have an equivalent certification.,0.5037006888762248,M
,,while our divisions serve different markets there is much common ground in the qualities and skill sets required in our technical teams as they enable us to deliver efficiently and create new products for the future. we see opportunities to leverage this common ground more effectively by creating formal groupwide technical communities where groups of specialists can connect share problems and ideas and contribute to delivery of our strategy for example energy reduction projects. we plan to introduce a common technical career ladder across the group that will provide career visibility for individuals and enhance internal talent mobility.,0.5055940367423982,M
,,percentage of employees trained and certified security data protection and cybersecurity training share of salaried and nonsalaried employees trained and certified during the year on the topic of security including physical security health amp safety operational resilience amp information security data protection and cybersecurity.,0.5189943263777778,M
,,investing in the development of our employees through training is a priority which is reflected in the increase in the number of training hours per employee during the year. this year we created several virtual training modules on the topics of corporate responsibility data awareness and operations support which has enabled us to reach more employees at more sites.,0.5376220050149059,M
,,strengthening the skills and evolution of our employees is key to sustained business growth. hence the organisation creates an appropriate environment that fosters career development opportunities across different geographies and lines of work and facilitates the learning of new skills or reinforce the strengths of each individual.,0.5127342023277434,M
,,to strengthen this pillar a program was implemented that seeks to develop the enel groups fifteen competencies which consists of a series of courses that seek to acquire improve or expand skills required for future work.,0.5001090665589099,M
,,n identification and understanding of material issues based on a comprehensive examination of the industry i.e. msci the relevant guidelines i.e. gri sasb the upcoming laws and regulations i.e. csrd as well as monitoring the sector industry trends and best practices,0.5202604861869952,M
,,continued investment in tailored staff training including the launch of a new vulnerable customers curriculum specifically designed to expand the skills and knowledge of our customer facing colleagues.,0.5104343182347861,M
,,a fuller description of our responsibilities is provided on iaasas website at httpwww.iaasa.iepublications auditingstandardsinternationalstandardsonauditingforuseiniredescriptionoftheauditorsresponsibilitiesfor.,0.5026655153955637,M
,,group it has the expertise to swiftly develop software and it solutions for the group based on the groups needs. part of this development work takes place in the software development centers sdcs around the world. the strategic goal is to safeguard and successively increase the proportion of inhouse services relating to software products for the business processes.,0.5004796543356147,M
,,considerable care is taken to provide supervisory board members with comprehensive highquality information in preparation for meetings and to send them these information packages in a timely manner.,0.5140689124030714,M
,,interested end users receive additional advice and support from qualified specialists after they register in the crm system.,0.5355680828474341,M
,,this program helps to significantly improve and harmonize the management of health and safety events strengthen the benchmark between geographies and build a reliable database and a predictive risk approach. the tool is designed to anticipate and manage various health and safety training courses certifications and authorizations. alerts are generated to anticipate expired authorizations and certifications. this process is used to systematically manage all sensitive training courses e.g. chemicals confined spaces explosive atmospheres hot works working at height consignment etc. and issue a health and safety passport for each employees that can be presented at any time in paper or digital format to a supervisor auditor client or any other stakeholder.,0.5276124556288705,M
,,the role of this department is to build and deliver a digital training offer content and tools for the group as well as a transversal group training offer for zonesbus through business academies leadership amp culture digital and innovation health amp safety business amp operations transversal functions ecological transformation.,0.5497540483193397,M
,,the group develops informationbased analytics and decision tools for professional and business customers in the risk scientific technical amp medical stm legal and exhibitions sectors. the market segments section describes each areas business model strategic priorities market opportunities and competition showing how the group is positioned to create value for shareholders over the longer term.,0.5197017786566372,M
,,more specifically with reference to the requirements and expertise of the individual members and of the board as a whole the following has emerged,0.5142407379441041,M
,,these cover topics such as industrial and site impact product operation supply chain or chemical substances.,0.5002739363052192,M
,,in three sites were subject to formal notices described below. for each of them a solution was presented to the environmental authorities as soon as possible.,0.5042752444797974,E
,,on disposal of property plant and equipment the cost and related accumulated depreciation and impairments are derecognised from the consolidated financial statements and the net amount less any proceeds is taken to the income statement.,0.5342450407238306,E
,,in the case of packaging materials geberits goal also as part of ecodesign workshops is to keep amounts as low as possible to continuously increase the share of recycled material and to simplify the recycling and return processes. efforts to reduce packaging amounts are already starting to bear fruit. for example certain packaging levels are being omitted bags reduced in size or thinner foils used while instructions are printed directly on the packaging rather than on paper or replaced by a qr code. in addition care is being taken to avoid the use of polystyrene eps wherever possible and where necessary to replace it with recyclable cardboard. a good example here is the redesign of the packaging for the sanitary flush unit.,0.5176360793935891,E
,,we significantly changed our methodology for collecting and reporting our water and waste data in . total figures are based on available source data and estimated if appropriate where source data is not available. in particular both actual and estimated data at the companylevel is limited for all types of solid and liquid waste and therefore the figures shown are likely to be underestimated. we expect to continue to improve these disclosures going forward. data prior to compiled under the previous methodology as well as further information on our basis of preparation for this data can be found at www.halma.com.,0.6163247418587625,E
,,health and safety risks for individuals working at the sites and for local residents and the risks relating to the activities environmental impact are subject to enhanced preventive measures which are carried out in the framework of regular inspection programmes and major capital expenditures see section .,0.5115668326322247,E
,,to protect the receiving environment the collection treatment and discharge of urban industrial and commercial wastewater is governed by directive of may as amended concerning the treatment of urban wastewater.,0.6620858970467848,E
,,this included downstream transportation and distribution of products purchased goods or services use of sold products endoflife treatment of sold products upstream transportation and distribution employee commuting business travel fuel and energy related activities and waste generated in operations. since undertaking the initial exercise we have added processing of sold products for sold oil and waste products. we endeavor to report this figure on an annual basis. we are aware that in future further categories may be included within the scope of our scope calculation.,0.6624585415958761,E
,,optimizing the closed resource cycle requires not only a reduction of production waste but also a reduction of the scrap rate. wherever possible production waste e.g. burnt brick waste noncoated plastic waste is returned into the production process. production waste that cannot be recycled internally is recycled externally or if this is not possible disposed of by certified waste management companies using stateoftheart methods.,0.6021242573287053,E
,,wastewater from customers drains and rain water from roads and rooftops flows into our combined sewers to be taken for cleaning. in excessive rainfall when sewer capacity is overloaded storm overflows allow rain water mixed with wastewater to flow directly into rivers or the sea through a separate pipe to help prevent flooding of streets homes and businesses.,0.5246076609110258,E
,,perpetuation of actions undertaken to improve the recovery rate of used solvents cleaning and purging solvents at all sites e.g. installation of manual purge boxes at the busan site this year.,0.5303730523405787,E
,,in we recycled percent of our waste and have started to develop specific roadmaps to eliminate the landfilling of the remaining recoverable waste. for bauxite tailings and residue specifically the tailings dry backfill tdb methodology implemented in has eliminated the need to build new tailings storage facilities in paragominas. we continue rampd activities into bauxite residue reuse. in percent of tailings generated at our mine were diverted to temporary storage for drying with the tdb method.,0.5049493039890341,E
,,utilise an abstraction licence we purchased from a decommissioned power station at rugeley and build a new water treatment works to accommodate new source of water.,0.5084413593525341,E
,,achieve the environmentally sound management of chemicals and all wastes throughout their life cycle in accordance with agreed international frameworks and significantly reduce their release to air water and soil in order to minimize their adverse impacts on human health and the environment,0.6447225099362299,E
,,we comply with national regulations regarding the discharge of effluents. please see www.bakkafrost.comsustainability for data on effluents.,0.5235613896465028,E
,,specific aspects concerning the environment e.g. emissions water withdrawal and discharge waste disposal.,0.6187452137193915,E
,,further information about the waste produced as well as its recycling and disposal is presented in the waste section of the chapter on environmental responsibility.,0.6592741695626839,E
,,y there were advances in waste management and conversion of waste into new resources in . the circular material use rate p.p. compared to the previous year the municipal waste recycling rate p.p. and the municipal waste separate collection rate p.p. increased.,0.5854601552887394,E
,,expenses related to the decontamination and restoration of contaminated sites waste disposal and other expenses arising from compliance with environmental legislation are recorded in the year in which they are incurred.,0.6400228146374112,E
,,climate protection and active noise abatement are cornerstones of the environmental strategy waste management is another key area of action,0.5276932221819347,E
,,protect the environment preventive approach risk management responsible use of natural resources and waste,0.5569367059159119,E
,,for certain applications we treat production wastewater and reuse it. in we recycled a total of million m of water m of water.,0.611312410206814,E
,,. types of waste generated their classification under locally applicable legislation and proper grouping and reporting in line with internal criteria established uniformly at group level,0.7021685980900185,E
,,the incident causes costs to fulfill contractual obligations as well as costs for transportation storage destruction and disposal of contaminated products. it also includes costs for cleaning including dismantling disinfecting and reassembling all contaminated product lines,0.5488866340654611,E
,,the impact points and the site checklist will be used to gather data on criteria in the fields of climate protection and energy emissions water and waste. however the focus will also be on aspects such as the appearance of the factory commitment to biodiversity protection of soil avoidance of operational disruptions functioning environmental compliance management improvement of resource efficiency towards a circular economy and environmentally neutral mobility management for employee and goods transport. these methods will allow us to implement pinpointed reduction measures where they will have the greatest impact.,0.5153726447772179,E
,,upstream transportation and distribution purchased goods and services capital goods waste generated in operations fuel and energyrelated activities business travel and employee commuting,0.5531853210543001,E
,,two billion people in the world lack basic sanitation services. furthermore more than of the wastewater used by humans is discharged untreated into rivers and seas. in response to these problems acciona uses innovative treatments in developing water treatment projects including biological treatment minimising sludge and reusing treated water.,0.5220379900058875,E
,,we run educational programmes for customers promoting safe use of the waste water system including appropriate disposal of wet wipes and cooking fat.,0.5598173293429876,E
,,the objective underlying regulation is the availability of drinking water which complies with directives and a satisfactory chemical ecological and quantitative status for groundwater and surface water and a wastewater treatment system that protects the receiving environment.,0.5536464475857078,E
,,with respect to the crossborder transportation of waste regulation of june sets out conditions for monitoring and inspecting waste transfers and clarifies current procedures for monitoring the transfer of nonhazardous waste for recycling. it was amended by the regulation of may which required member states to implement inspection plans by january at the latest with a view to ensuring more effective inspections.,0.546398111398604,E
,,we then visited a farm in the leamington spa area to see firsthand the catchment management work our agricultural advisers undertake with local farmers. this activity included increased biodiversity habitats through wildflower buffer strips along the edges of fields together with investment in agricultural machinery to reduce drift when applying chemicals. this not only saves farmers money but also protects the wider environment and water courses. the final part of the visit was to see our new thermal hydrolysis process thp which was being installed at finham waste water treatment works. this process takes the biosolids that are a product of the waste water treatment process and puts them under pressure and high temperature to improve the amount of green energy that can be generated.,0.5162522308553096,E
,,waste water systems provide an essential service supporting the daytoday routines of our customers and protecting the environment public health and homes from flooding. these systems are facing increased stresses from climate change and population growth and there is growing public media and political attention on the water quality of the nations rivers. there is also a shift in communities attitudes towards rivers evidenced through an increased focus on river quality and the main contributors to river health and the desire for more recreational use.,0.5945167171945288,E
,,hydro has an ambition to recycle thousand tons of postconsumer scrap by . to reach our ambitions we are improving our processes to combine process scrap with postconsumer scrap recycling. the technology is being rolled out to hydros remelting and recycling plants. these investments,0.5138175439384273,E
,,the hierarchical approach to water management aims to maximise reuse where possible and reduction of consumption in all operational sites and projects particularly those in waterstressed areas.,0.5663911842041953,E
,,in addition lower waste management capacity for example due to the incident at the tank farm of currenta gmbh amp co. ohg in leverkusen germany in may also limit our production capacity. among other measures we countered this through the establishment of alternative disposal methods and temporary increased use of the european waste management market a targeted adjustment in the timing of our maintenance shutdowns and deliberate decisions between inhouse production or external procurement of intermediates in order to secure production capacity for our end products. waste management capacity difficulties largely eased in fiscal year and so did not have any notable negative impact on our production capacities.,0.5305390063616245,E
,,our waste management and prevention program is monitored by iso. we work with authorized waste management vendors to reduce landfill disposal. used it equipment is cleaned of all data and software and donated to nongovernmental organizations or disposed of by an authorized and certified recycler which dismantles and removes all hazardous materials according to local and international electronic waste disposal guidelines. in india where of our hazardous waste is generated we have implemented a hazardous waste disposal program to ensure that authorized vendors dispose of such waste according to international guidelines and regulations.,0.5632703971111546,E
,,to promote rational water consumption the company installs separate downspout systems dual flush cisterns taps with aerators and shutoff valves in wet rooms in all its developments. acciona uses all its technical potential to collect and reuse rainwater.,0.5147800284198273,E
,,water and waste water revenue is recognised when the service is provided and includes an estimate of the amount of mains water and waste water charges unbilled at the year end. the accrual is estimated using a defined methodology based upon a measure of unbilled water consumed by tariff which is calculated from historical billing information.,0.5168916999376231,E
,,at some locations e.g. in chemnitz our subsidiary tag immobilien service gmbh is in charge of waste management. here too the volume of residual waste is reduced and that of recyclable materials increased with stringent waste separation and appropriate consultation. larger waste facilities were converted to chipbased waste volume recording for example at the nauen and angermünde sites. at some sites tag immobilien service gmbh expanded its waste management especially in the professional disposal of bulky waste as large housing estates generate vast volumes of bulky waste. the amount increased especially during the corona pandemic.,0.6114757299084305,E
,,guidelines have been developed to improve water management and reuse all waters wherever possible whatever the project phase. in addition we are developing awareness initiatives to enhance the site practices regarding water management.,0.5756037983571448,E
,,onboard waste is divided into three categories namely singleuse waste food waste and reusable waste and are used to apply the respective waste reduction concept. singleuse waste refers to materials that become waste after being used once inflight or after a flight event without any defined recycling processes. food waste means all food disposed of during or after the flight event. reusable waste includes materials that are already treated as part of a circular system at the passenger airlines but later leave this circular system and become waste without any downstream recycling processes.,0.5326648642277501,E
,,in the waste management segment nearly all activities are carried out by the subsidiary herambiente owned by hera and owned by ewhl european waste holdings limited which manages and operates treatment plants for the recovery and disposal of municipal waste as well as hazardous and nonhazardous special waste. this subsidiary acquired aliplast s.p.a. in and became the first company in italy to achieve full integration of the plastic recycling cycle collecting and processing nearly thousand tonnes of plastic waste per year and producing highquality regenerated polymers. this segment is also subject to a regulatory framework both at the national and european levels and operates under longterm concessions granted by public authorities located mostly in more populated and industrialized areas with high rates of waste collection.,0.5172076802495419,E
,,this can be seen in when although the activity was increasing the final textile waste of the hth division decreased by tonnes in compared to tonnes in .,0.5040953019248302,E
,,wastewater in natural environments the water used in production processes and sanitation facilities is treated internally and externally before it is released into natural environments. it may impact the receiving environment in the event of a failure in the water treatment system.,0.5785717127488761,E
,,discharges from one biological wastewater treatment plant constitutes more than of total cod and suspended solids discharges in kemira. the decrease in discharge of cod between and is due to operational changes and therefore changes in the composition of the wastewater and thus lower oxygen content.,0.5241747113663653,E
,,we are therefore committed to the responsible use of water. in our own business activities and beyond we use our products to advance the united nations sustainable development goal sdg clean water and sanitation for all. the products of our liquid purification t echnologies business unit in particular make a major contribution. for example the lewatit ion exchange resin is used in the processing and reuse of process water and removes unwanted substances.,0.5361074319131904,E
,,responsible waste management also plays an important role in planning the building and during the construction phase. once the buildings are completed we equip them with waste containers that allow for waste separation.,0.5756088978868571,E
,,the parameters for water quality correspond with the european bat defined for the fertilizer sector. to the extent to which they are monitored discharges and quality parameters are reported according to national regulations and sites permits. collected rainwater discharged from the product handling areas is only included in the figures if the site is required to collect and monitor it. sewage water is also included in the figures but the treatment of sewage water is not reported separately.,0.5916199775609722,E
,,cash flows from investing activities include m cash flows from operating activities include m costs of disposal paid during the year to december that are not a movement in the cash balance of the disposal group as they were borne centrally,0.5134040896439084,E
,,we delivered a improvement in water efficiency this year and cumulatively water use rates have improved by against levels. the water volume we recycled or reused in our own production is over m representing of our total withdrawals.,0.5216983900910291,E
,,organize iso certified sustainable events in order to minimize our negative environmental impact in the areas of waste water energy and air quality and maximize our positive social and economic impacts of such events,0.5394654790370985,E
,,this was due on the one hand to the redeclaration in el dorado and on the other hand to more detailed reporting at the sites in the lower rhine region. through the increased efforts with regard to waste and improved data provision from the site utility company a large volume of waste was reclassified from other forms of disposal to the other categories.,0.5711909816598586,E
,,suppliers are asked to promote the safe and environmentally responsible procurement manufacture transport distribution use and disposal of their products and services. we require suppliers to comply with all applicable local national and international laws relating to land water and resources and to adhere to the appropriate standards when handling mercury chemicals and hazardous waste among other things.,0.5531300634564742,E
,,waste means any substance or object arising from our routine operations which we discard or intend to discard.,0.5197895633004743,E
,,at storage sites and transport pipelines in the public sector a preventive maintenance programme is in place for all tanks and equipment containing hazardous products. the systematic inspection of tanks containing hazardous products and their associated pipes is carried out in accordance with international standards during various periodic visits. moreover to prevent groundwater and soil pollution in the event of accidental spreading storage tanks are with some exceptions installed in watertight retention basins lined with concrete or clay compounds. these basins are kept shut. they are opened manually after checks have been performed confi rming the absence of pollutants.,0.5749806609945339,E
,,most of kemiras waste is production waste. other waste categories are nonproduction waste and disposed products that are defined as follows,0.572178584964681,E
,,waste generated by the company is collected and classified according to the regulations in force in the different countries and managed by third party waste management facilities. since the diasorin group is responsible for proper waste disposal the company carries out regular audits on the offsite disposal facilities to verify the adequacy of the procedures applied. during the pandemic emergency these activities were carried out with less intensity to comply with the restrictions imposed by the pandemic.,0.6392656646102182,E
,,this includes kilotonnes of hazardous primarily chemical waste. the overall increase in the volume of waste produced has been driven in part by increased production activities following the impact of covid.,0.6183734535099311,E
,,waste management services taxonomy activity collection and transport of nonhazardous waste in source segregated fractions,0.7006473997355575,E
,,our approach to managing water impacts in our direct operations is outlined in our group environment policy which is complemented by our water security standard and our soil and groundwater protection standard as well as our water recycling and reduction targets for our direct operations. for our tobacco supply chain our supplier code of conduct scoc is complemented by our leaf supplier manual lsm which includes requirements for water protection planning and water extraction for irrigation.,0.5309130004846285,E
,,nhw represents more than of waste generated by the tanneries with sludge from onsite effluent treatment alone accounting for more than half of this nhw. atsource sorting of waste streams is in place on sites and of the waste produced is evacuated to approved channels. onsite waste storage is optimised to prevent any pollution risk sheltered storage areas retention basins etc. and regular awarenessraising initiatives focusing on sorting and the layout of work areas are carried out among employees.,0.6299143513894123,E
,,the group receives income from developers and domestic customers for new connections to the water and waste water networks either in the form of infrastructure assets or cash. the more significant examples of these transactions are,0.5360141651294275,E
,,production waste at suppliers can only be influenced by geberit to a limited extent. by complying with the code of conduct for suppliers providers undertake among other things to reduce the quantity of waste they produce. the matter is also addressed during visits to suppliers and audits. packaging waste that occurs when raw materials and semifinished products are delivered to production and logistics can be influenced to a greater extent. for example agreements with suppliers can stipulate that reusable containers are used instead of disposable ones or that silo deliveries are made rather than supplying goods in sacks.,0.5171137267902225,E
,,there are plans to install a filter belt system to dewater filter sludge from the site in . this will significantly reduce sludge volumes by up to which will in turn reduce transport and disposal costs and associated ghg emissions.,0.5460748842203763,E
,,the preservation of natural resources for example by using raw materials as efficiently as possible and identification of further potential are ongoing tasks in the context of our environmental responsibility and expertise. we are focused firstly on responsible use of water as a resource which includes both water consumption and water quality. secondly we endeavor to fulfill our ecological responsibility with regard to waste. the clear focus is compliance with all legal requirements. in line with circular economy lanxess strives to enforce the waste hierarchy prevention reuse disposal around the world.,0.5099490924292182,E
,,the water used for this purpose must meet stringent quality requirements to ensure product quality and patient safety. fresenius kabis global environmental standard operating procedures and working instructions include instructions for the responsible handling of water including the control of wastewater. each of fresenius kabis manufacturing sites is required to evaluate its environmental impact e. g. from water usage and wastewater. water management measures consider a reduction in water and wastewater volumes and monitor the quality and authorized withdrawal of water and discharge of wastewater.,0.5299192834820805,E
,,the training helps the factories gain a better understanding of the updated zdhc wastewater quality guidelines such as key updates and their relevant impact on their facility. it also explains when the new version will be implemented as well as how to do a wastewater root cause analysis and create corrective actions when there is a case of noncompliance.,0.5109418167900746,E
,,the scope of the remediation in vermont is defined and largely completed future operation and maintenance obligations remain. without admitting liability sg ppl has signed consent orders with the environmental regulators in new york in in vermont in and with respect to two different areas and in new hampshire in pursuant to which sg ppl has agreed to complete investigations implement interim or final remediation measures at its current and former facilities and in the case of vermont and new hampshire fund construction of water lines. responsibility if any is expected to be shared with other parties as regards in particular the hoosick falls site .,0.5126022376838104,E
,,in our site in hilden germany pictured below also installed a solvent recovery unit. the cleaning solvents used at the site can now be distilled internally. as a result waste at the site for the year was reduced by more than representing tons.,0.5464989536445414,E
,,we rely on water sources such as reservoirs rivers and boreholes from which abstraction licences permit us to take water in a safe and sustainable way to be treated and supplied to customers. we rely on natural watercourses to take wastewater back into the environment. we use bioresources from wastewater and break it down into biogas which we use to generate renewable energy and biosolids which we treat to provide a highquality fertiliser for farmers. we face risks from both severe dry weather when we must manage resilience of water supply and from severe rainfall when we must cope with the risk of flooding.,0.5631851983206904,E
,,the group is organised into three operating segments. the water segment comprises the regulated water and wastewater services undertaken by south west water and the regulated water services undertaken by bristol water. the aggregation of these two operating segments reflects in the opinion of management the similar economic characteristics services offered classes of customers and the regulatory environment that these businesses share. the nonhousehold retail business reflects the services provided by pennon water services. other segments including pennon group plc are not reportable segments as they are not reported to chief decision makers.,0.5253693390426466,E
,,by using waste materials and byproducts from other industries as alternative raw materials and fuels we also promote the circular economy see circular economy section .,0.5054215149764453,E
,,in support of the global agenda for natures recovery and as a contribution to the un decade on ecosystem restoration heidelberg materials plans to include biodiversity measures in all reclamation plans and report annually on the land reclaimed by the company. reclamation plans like these are an integral part of local authority approval processes setting the targets and timetables for the reclamation of mining sites. even while a quarry is still in operation we apply a policy of reclaiming those areas of the quarry that are no longer used unless there are exceptional circumstances.,0.5062055806302992,E
,,collection of data to build a benchmark on the volume of waste per site and per category of waste. this benchmark is updated in march of each year,0.5939273861555516,E
,,the reduction and safe handling of waste is promoted at the plants within the scope of environmental management according to iso . at geberit all waste is disposed of and recycled by licensed disposal companies who are visited and inspected as part of external audits.,0.563964395535436,E
,,no group results are available for waste management in fiscal year . although no effects can yet be reported at group level we report on the measures initiated in and related progress in the business segments. for we assess to include at least business segment waste kpis in the group nonfinancial report. furthermore no incidents were recorded in which the respective environment or the general public were directly harmed.,0.5876968517869094,E
,,in connection with the preservation of biodiversity in our quarries there are provisions for reclamation obligations which relate to obligations to backfill and re store raw material quarrying sites.,0.5520440114690355,E
,,we manage the waste from our activities including sludge in a sustainable way with the vast majority going to beneficial use such as recycling or fertiliser for land.,0.6583389991218427,E
,,subsequent expenditure on an item of property plant and equipment is capitalized at cost only when it is probable that future economic benefits associated with the item will flow to the company and the cost of the item can be measured reliably. repair and maintenance costs are expensed as incurred. gains and losses on disposal or retirement of items of property plant and equipment are determined by comparing the proceeds received with the carrying amounts and are included in the consolidated income statements.,0.5108369205596773,E
,,our water withdrawal covers of total headcount. water consumption was estimated based on a discharge factor taken from the sydney water utility provider. the generated waste covers estimated based on extrapolation from actual data received from of the total temenos population excluding population working in serviced offices with less than ten employees. the intensity ratios were calculated based on monthly average consumptions of energywater per average monthly employee headcount for the period december to november .,0.520174821487021,E
,,total waste generated by our locations increased by in primarily due to the partial return of employees to offices. of waste generated at all of our locations was recycled and diverted from landfill through recycling composting and energy generation from waste. of the waste produced at our reporting locations excluding estimated data was recycled.,0.5585148031691954,E
,,the main statutes governing waste management activities are the resource conservation and recovery act the clean water act the toxic substances control act the comprehensive environmental response compensation and liability act as amended also known as cercla or superfund law and the clean air act all of which are administered either by the epa or state agencies to which the epa delegates enforcement powers. each state in which the group operates also has its own laws and regulations governing the production collection and processing of waste including in most cases the design operation maintenance closure and postclosure maintenance of landfill sites and other hazardous and nonhazardous waste management facilities.,0.592645537288478,E
,,. manufacture of bathroom furniture this primarily generates wood waste that can be recycled externally.,0.5796791378380401,E
,,we also have various guidelines that help us manage global data and correctly report on environmental indicators relating to energy greenhouse gas emissions and water. in we plan to extend these guidelines to other indicators such as waste and wastewater in line with internal and external reporting requirements. in preparation for this step in we began setting up new global management procedures for waste and wastewater. we also trained employees involved in the respective reporting processes.,0.6281904727204409,E
,,control the risk of accidental pollution of surface water by installing the means needed to confine water from accidental spillages and that used for firefighting. since late the tangier plant designed not to discharge any industrial waste has accordingly had a basin that enables it to confine any accidental pollution and avoid,0.5223421296106243,E
,,rainwater that may have been polluted through contact with roadways is increasingly being treated before being discharged into the environment service stations requiring them are equipped with rainwater collection and treatment systems whenever road repair work is planned.,0.5321188790231318,E
,,see the environment chapter for information about how we manage waste and work to reduce emissions to air water and soil.,0.5990013629683173,E
,,the production plant concerned is subject to the german environmental impact assessment act uvpg which includes an assessment of the impact on water in accordance with directive ec. this dnsh criterion is not applicable for economic activity renewal of waste water collection and treatment at lanxess because the waste water is not used for irrigation.,0.5615854067599912,E
,,they can therefore not only review its development and ongoing compliance with local legislative requirements but also make forecasts and launch or extend to an increasingly larger number of units those specific actions andor projects coordinated at central level including initiatives aimed at achieving grouplevel targets see the actions to prevent waste generation throughout the prysmian value chain section for further information. of note in this context are,0.5293226037424743,E
,,other eligible activities include manufacture of equipment for the production and use of hydrogen electricity generation from geothermal energy material recovery from nonhazardous waste.,0.5022266773714231,E
,,those processes which involve control specialist and business functions for various purposes specifically include,0.503798912884706,E
,,the retail amp marketing activity generates virtually no hazardous waste other than in the storage activity. the only hazardous waste produced is mainly made up of residues and sludge which are treated as required by locally applicable standards as outlined below in respect of the storage activity.,0.5214042073906077,E
,,for internal sites oversight of environmental actions occurs in different ways. the industrial affairs department and its ehs officers exert a first level of control within the context of a water energy carbon waste plan that is updated each year. in the context of this effort the audit and risk management department conducts audits on the critical topics included in the groups risk map see chapter risk factors and management . lastly external controls are performed on the herms groups suppliers to ensure all entities are covered. the industrial affairs department consolidates the results of these audits as part of an ongoing process of improvement.,0.548331799628268,E
,,all our production units shall comply with environmental permits. compliance with these permits and statutory requirements is a minimum expectation for all our operations. the control of discharges and emissions complies with each sites environmental permits and is monitored and reported to the local environmental authorities as required. any exceedances and incidents related to any noncompliance with permits and statutory requirements are reported investigated and corrective actions are taken. any foreseeable risks of noncompliance with known future regulatory and permit requirements are also identified as environmental critical issues to ensure requisite followup and closure.,0.5562264107312562,E
,,however the water impact is taken into account in the design of new production units with the implementation from the start of operation of key best practices. in addition the latest leather goods workshops benefit from a rainwater recovery and treatment system to supply washrooms. this recovered water represents of the total consumed in .,0.5537938569818983,E
,,during we have undertaken analysis of our waste processing and disposal practices completing a study of the waste generated from our manufacturing plants and the fate of each type. we have identified preliminary goals including provisional targets which will be finalised and subject to sbt validation alongside our scope target at the end of . we are also developing roadmaps with site manufacturing teams reaffirming baselines and opportunities for reducing waste and minimising environmental impact.,0.5897708528764669,E
,,water is withdrawn from and discharged to municipalthird party sources with the exception of one facility which utilises a ground water source not located in a waterscarce area. the amount withdrawn from ground water is estimated to be approximately of total water withdrawal.,0.5481984373207415,E
,,the production sites likely to generate industrial wastewater are equipped with detoxification stations or wastewater treatment installations of the zero liquid discharge type. for heavy metals these installations have discharge rates lower than the value limits set by the regulations.,0.6241530409053552,E
,,goals that include carbon neutrality across global operations and diversion of nonhazardous waste generated at manufacturing sites and distribution centers.,0.5012068970465215,E
,,we report emissions to air land and water for those substances which may have an impact on people or the environment co nox and sox vocs hazardous and nonhazardous waste. definitions are in the sustainability statements.,0.5379420599495616,E
,,completing the construction of the waterhub sm in the u.s. a major water recycling facility with a capacity of m in the u.s,0.5371153531009035,E
,,the requirement set by the dnsh biodiversity and ecosystems is met for all three taxonomyeligible economic activities.,0.5326039929638966,A
,,fertilisation and soil disturbance by livestock has a favourable effect on flora and fauna increasing biodiversity. for this reason the international union for conservation of nature iucn is assessing its classification as a naturebased solution.,0.5095808549524253,A
,,the group seeks to secure quality supplies of natural and renewable materials obtained while fully respecting biodiversity.,0.5038933771361425,A
,,in addition we want to implement biodiversity management plans at all locations within one kilometre of a recognised area of high biodiversity value. the aim is to put this measure into action at of our quarries by and at of our nonextraction sites by . to further understand our environmental impacts we plan to undertake net impact assessments at all our extraction sites based on the reclamation plans approved by the local administration.,0.5013167212288158,A
,,we also recognise there are many opportunities with regard to resource efficiency new products markets capital flow and financing reputational capital ecosystem protection restoration and regeneration and sustainable use of natural resources.,0.5666130454295156,A
,,irrigation systems are also set up on other farms to produce fodder for local farmers or to irrigate sugar cane plantations on neighbouring agriculture farms in an industrial ecology scheme.,0.5629823723277767,A
,,link to our strategy the extraction of raw materials such as limestone sand and gravel has an impact on nature and ecosystems. however quarries and aggregates pits in intensively cultivated landscapes world wide can also contribute to the conservation of habitats and biodiversity and are refuges for rare animal and plant species.,0.5160402269204305,A
,,. map the identified economic activities against the descriptions of the taxonomy activities included in annex and in the delegated climate acts,0.5178158074692952,A
,,protection of ecosystems supporting biodiversity and health of ecosystems by understanding and addressing the impacts of our operations and products to plants animal species and protected areas.,0.5472445960789175,A
,,c protected areas with an assigned iucn international union for conservation of nature management category.,0.5130926528615588,A
,,the mining permit included a number of different requirements regarding the specific animal and plant species we should work proactively to conserve. for example the local landscape especially around nearby lake satojärvi is not only an important roost for migratory birds but also a breeding ground. in we counted no fewer than different species breeding in the area. were trying to help them by building new nests to mitigate the impact of mining on bird life. it has entailed everything from building three artificial nests for golden eagles to a great number of bird boxes modified to suit goldeneyes and smews.,0.5151247511208865,A
,,.a mobilise and significantly increase financial resources from all sources to conserve and sustainably use biodiversity and ecosystems.,0.5708753220002823,A
,,make sustainable use of resources combining or replacing nonrenewable resources with renewable resources in key areas such as the use of materials and facilities and water consumption.,0.5267812489580481,A
,,the monitoring of these actions continued in . the objective is ultimately also to monitor and support breeders agropastoral practices aimed at preserving the resource and the biotope.,0.5090103249693336,A
,,outward impact our business operations including conventional agricultural practices rely on the use of natural resources such as forest products soil and water. failure to preserve and protect the biodiversity where we operate could negatively impact ecosystems as well as farmers and communities.,0.5027711041406412,A
,,all renewable and nonrenewable environmental resources and processes that provide goods or services i.e. energy database,0.5020611877078952,A
,,the results obtained over the years have demonstrated the effectiveness and benefits of the use of livestock for example in the growth of plant cover resulting from the animals activity.,0.5663376984542694,A
,,include innovative solutions to reduce the impact of operations through efficient use of natural resources protection of biodiversity and water resources,0.5318340291102651,A
,,the conservation and sustainable use of natural resources along with the protection and restoration of ecosystems is vital to shape a healthy future and tackle the environmental drivers of disease. we are committed to reducing our impact on the planet through the efficient circular use of natural resources across the value chain. this includes responsible sourcing consumption production and disposal. we also invest in nature and aim to protect biodiversity to improve both environmental and societal health.,0.5070528938466742,A
,,high value and other uses of industrial land includes off.shortices and retail uses such as trade counters car showrooms and selfstorage facilities.,0.5142175735362376,A
,,an economic activity is said to be eligible if it is identified in the delegated acts as having a high potential to contribute to at least one of the six environmental objectives irrespective of whether the activity meets the technical criteria set out in those delegated acts,0.5670761457432361,A
,,by ensure the conservation restoration and sustainable use of terrestrial and inland freshwater ecosystems and their services in particular forests wetlands mountains and drylands in line with obligations under international agreements.,0.5396859964821402,A
,,it provides an extra income for farmers and provides them with areas to graze their livestock and clearing efficiency is improved.,0.5451442067345298,A
,,the analysis shows that no more than of production sites overlap with natura protected areas and more than half of these sites have less than overlap. most of the production sites have this overlap because they are located near major canals rivers or other bodies of water for historical reasons and generally these waterways are particularly attractive for animals and plants. in the netherlands for example clay qualifies as renewable raw material because it is deposited in the rivers. by extracting clay in these areas water level safety is guaranteed and natural habitats are created. being close to waterways also means they can be used for waterbased transport of products. the same goes for production sites that have overlap with ramsar protected sites.,0.5675519584309873,A
,,we rely on natural resources to supply water and take back wastewater after treatment as well as to generate renewable energy.,0.5058404988169762,A
,,natural capital and biodiversity management is one of the key areas for enags as is reflected in the companys health and safety environment and quality policy. the control and minimisation of our impacts on the environment also produces direct internal benefits by improving the use of resources ensuring the sustainability of our business and generating confidence in our stakeholders.,0.5022156392460657,A
,,finally in addition to the seeds cultivation in degraded or marginal land eni has diversified its types of feedstock with agricultural waste and residues.,0.501075774677278,A
,,subtopics resource conservation procurement of sustainableregional materials incl. waste managementrecyclingcircularity environmental manage ment system land use and nature conservation biodiversity waterwastewater management,0.5025858565398835,A
,,optimizing the management of resources to preserve them mainly in regions where they are scarce consists in,0.5691565285248935,A
,,the manufacture of animal feeds and the provision of other products and services for the agriculture sector.,0.6360868027665544,A
,,in order to verify adherence to the requirements on biodiversity and ecosystems the relevant areas were identified. where biodiversitysensitive areas are located close to a production site we checked whether a nature conservation assessment had been performed and whether nature conservation measures had been defined in the environmental approvals and subsequently implemented. we also checked whether changes had occurred in an areas conservation status.,0.5018537991402333,A
,,the taxonomy has identified eligible economic activities that substantially contribute to each of these environmental objectives. linked to these eligible activities are technical screening criteria that define whether the activity is considered sustainable or not aligned.,0.5174007410876524,A
,,we manage our land in a way that safeguards habitats and protects wildlife that makes its home in rivers and other water bodies.,0.5101048465383576,A
,,where necessary or as agreed with the local authorities prysmian plants take part in conservation including for example,0.5344687478979844,A
,,moreover an impact study incorporating issues relating to animal and plant life and the preservation of natural environments is carried out prior to establishing any new industrial site.,0.50699427303104,A
,,carry out activities in a manner respectful of natural habitats performing advanced feasibility analyses of new plants monitoring protected areas in the territories where the group is present and when required contributing to their protection,0.5761731190764868,A
,,environmental aspects e such as climate change incl. co and other emissions energy consumption efficient use of raw materials and equipment prevention and management of pollution ecosystems biodiversity and environmental aspects of the value chain,0.5288347792283318,A
,,.b mobilise significant resources from all sources and at all levels to finance sustainable forest management and provide adequate incentives to developing countries to advance such management including for conservation and reforestation.,0.5102739635648422,A
,,addition to the restoration of nature also be directed toward creating added value in the form of recreational areas or favorable conditions for other industries.,0.5147002086533611,A
,,a mineral resource is a concentration or occurrence of solid material of economic interest in or on the earths crust in such form grade or quality and quantity that there are reasonable prospects for eventual economic extraction. the location quantity grade or quality continuity and other geological characteristics of a mineral resource are known estimated or interpreted from specific geological evidence and knowledge including sampling. mineral resources are subdivided in order of increasing geological confidence into inferred indicated and measured categories.,0.5030410406137626,A
,,best environmental practices compliance with environmental regulations management of natural resources and consumption effluent and waste respect for biodiversity .,0.5123391080116902,A
,,exploitation land and mineral reserves are amortised using the unit of production method. borrowing costs that can be allocated directly or indirectly to the construction of large facilities with a creation period of more than months qualifying assets are capitalised as part of the cost in accordance with ias borrowing costs.,0.5281634887631483,A
,,.c enhance global support for efforts to combat poaching and trafficking of protected species including by increasing the capacity of local communities to pursue sustainable livelihood opportunities.,0.5233531247456171,A
,,natural resources are finite and we believe that all businesses have a responsibility to use them respectfully and safely minimising consumption and preventing pollution.,0.5398165647258439,A
,,through their location in rural areas the production sites are involved in various biodiversity initiatives while tertiary or mixeduse sites also carry out initiatives. these are presented in,0.5044167648245139,A
,,we monitored of our directly contracted farmers in for deforestation and natural ecosystems conversion. we also trained our farmers and field technicians on best practices for resource preservation such as the use of sustainable wood for tobacco curing forest conservation biodiversity integrated pest management and soil and water management. in attendees were reported to have received this training.,0.5088485343147848,A
,,environmental impact assessments environmental risk assessments see the natural capital and biodiversity section in this chapter.,0.5067008193702501,A
,,creating a more viable society by developing natural resources into products and solutions in innovative and efficient ways,0.5064414092386772,A
,,ensure constant and continuous attention to the efficient use of natural resources in compliance with the highest technical and management standards.,0.5047745270792424,A
,,unser unternehmensbereich agricultural solutions konzentriert sich auf vier bereiche um landwirte zu unterstützen die richtige balan ce zwischen produktivität und nachhaltigkeit zu finden. schwerpunkte liegen auf den themen klimafreundlichere landwirtschaft nach haltige lösungen digitale landwirtschaft und intelligente produkt verantwortung. in diesem zusammenhang arbeiten wir mit landwirten zusammen um ausgewogene agrarsysteme zu schaffen die einen produktiven und effizienten anbau hoch wertiger lebensmittel ermöglichen und gleichzeitig die biodiversität auf dem feld fördern. hierzu beraten wir etwa bei der boden bearbeitung oder ermitteln geeignete maßnahmen zur verbesserung der biologischen vielfalt in agrarlandschaften. dabei kommt unsere langjährige erfahrung bei der messung und bewertung von nachhaltigkeit in der landwirtschaft zum tragen.,0.5231357685770595,A
,,because we recognise the ecological value of temporary nature we have committed to reserving of the land at of our active extraction sites for nature by . in this way we want to ensure that species can thrive alongside our active operations. temporary nature refers to the spontaneous development of vegetation within a quarry and its colonisation by appropriate species. these habitats may only exist for a few years due to expansion or reclamation but they then reemerge in other suitable locations on the site. in we will record the current proportion of land reserved for nature in our quarries as a basis for measuring future developments.,0.5352830748907274,A
,,bakkafrost faroe islands fishmeal fish oil and feed production at our feed mill havsbrn broodstock hatcheries marine farming including farming service vessels harvesting processing including smokery production of packaging boxes including for rd party electricity and heating produced at our biogas site,0.5039999015766119,A
,,by ensure sustainable food production systems and implement resilient agricultural practices that increase productivity and production that help maintain ecosystems that strengthen capacity for adaptation to climate change extreme weather drought flooding and other disasters and that progressively improve land and soil quality.,0.5027690651196159,A
,,jede art von ländlicher bewirtschaftung zum beispiel land und forstwirtschaft trägt zu veränderungen in der biologischen vielfalt bei biodiversitätsverlusttreiber landnutzungswandel. tätigkeiten wie die bodenbearbeitung entwässerung düngung und der einsatz von pflanzenschutzmitteln können auswirkungen auf flora und fauna haben indem sie etwa nahrungsquellen beeinflussen. diese auswirkungen zu minimieren und dabei die notwendige produktivität zu gewährleisten ist eine der größten herausforderungen für landwirte.,0.505544967223868,A
,,s implementation of strict standards detailing best practices specific to each supply chain covering depending on the species a broad range of areas such as farming and slaughtering practices transportation traceability employee working conditions and training the environmental performance of farms and their safety the promotion of biodiversity conservation of species and assistance to communities and populations,0.5180627200937394,A
,,site location and management of spaces such as the presence of protected natural areas on or near the site or rare or threatened species management of green spaces as well as management of invasive species lighting etc.,0.5414985331594051,A
,,a mineral resource is a concentration or occurrence of material of intrinsic economic interest in or on the earths crust in such form quality and quantity that there are reasonable prospects for eventual economic extraction. the location quantity grade geological characteristics and continuity of a mineral resource are known estimated or interpreted from specific geological evidence and knowledge. mineral resources are subdivided in order of increasing geological confidence into inferred indicated and measured categories.,0.5058973245107977,A
,,the production sites by their activity and their location therefore play a key role in the preservation of species the protection of biodiversity and the local economy. the effectiveness of their actions comes from strong local integration thanks in particular to relationships with the various authorities in charge of nature protection egg collectors and landowners,0.5101043716199042,A
