;Unnamed: 0.1;Unnamed: 0;Symbol;Description_page;Name;Company is Active;Company Founded Date;Country of Primary Listing Iso3;CUSIP;Date Of First Trade;Entity Country HQ;Entity Credit Parent;NACE;Exchange Name (FS);FE Ticker;ISIN;Primary Equity Listing;Proper Name;Public Company;Region Ticker;Sec is Primary Issue;Sec Type;SEDOL;NACE_letter;Report;NACE_lvl_3;NACE_lvl_2;Description;Description_clean
11;11;11;LU0611262873;;KSG Agro SA;1;2010.0;POL;L5903L107;20110505.0;UKR;0BRK63-E;1.5;WARSAW;KSG-PL;LU0611262873;B42XFB;KSG Agro SA;1.0;KSG-PL;1;SHARE;B42XFB0;A;KSG Agro SA1.pdf;1.5;1;"## PRINCIPAL ACTIVITIES

KSG Agro S.A., separately referred to as 'KSG Agro' or the 'Company' and together with its subsidiaries referred to as the 'Group', remains among the largest vertically integrated agricultural groups in the Dnipropetrovsk region of Ukraine, present in all major sectors of the agricultural market, including production, storage, processing and sale of agricultural products. Its key operating activities are breeding of pigs, processing of pork and production of wheat and sunflower.

The Company did not carry out any activities in research and development in the current period.

## IMPACT OF THE WAR EVENTS IN UKRAINE

On 24 February 2022, Russia started a full-scale invasion of Ukraine. Because the Group's key assets and operations are  in  Ukraine,  the  Group  might  be  significantly  affected  by  these  events.  Management's  analysis  of  the  risks  and uncertainties  surrounding  the  Invasion,  as  well  as  management's  strategy  and  actions  to  mitigate  those  risks,  are outlined  in  Note  3  to  the  consolidated  financial  statements.  The  outcome  of  the  Invasion,  however,  is  impossible  to predict at this time.

Since  the  start  of  the  Russian  Invasion,  no  fighting  occurred  in  close  vicinity  to  the  Group's  assets. And  due  to  the successful counter-offensive by the Ukrainian Armed Forces, by the end of 2022 the front lines have moved even further away. The Group's pig farm and its crop fields are located on the western bank of the Dnipro river, which is now fully controlled by the Ukrainian government.

During  2022,  the  Group  had  successfully  completed  its  sowing  and  harvesting  campaigns,  and  does  not  expect significant interruptions to its production cycle in the near future. As at the date of this report, the Group's spring sowing campaign of 2023 has also started.

As presented in the accompanying consolidated financial statements as at and for the year ended 31 December 2022, the Group has negative equity and net loss for the current period.

Despite the above, management believes that the Group will still continue to operate as a going concern.

Where possible, the judgments and estimates used in the accompanying consolidated financial statements were updated to  reflect  the  impact  of  the  ongoing  war events. However, adopting a more conservative approach, management only considered the events that had an unfavourable effect on such judgments and estimates. See Note 6 to the consolidated financial statements for details.

## OPERATIONAL HIGHLIGHTS

The Group continues to implement its simple strategy of focusing on three winter crops, two summer crops and pigs of a single breed. The Group's products, being basic food products, are always in demand, and remain in especially high demand in 2022, during war time.

## Crop Farming

After careful deliberation, management decided not to adjust its crop mix in view of the probable future shifts in both local and global demand for certain crops as a result of Russia's invasion of Ukraine. The Group shall preserve its current ratio of 60% winter crops (wheat, barley, rapeseed) and 40% summer crops (sunflower, corn). In the long-term perspective, this had proven to be a more rational approach agronomically.

The weather in 2022 was not as graceful to agricultural producers as last year, but the yields on crops were no less than budgeted. Both the sowing and the harvesting campaigns were carried out as planned, without major interruptions. This was achieved by forming  sufficient  strategic  reserves  of  seeds,  fertilisers  and  fuel  during  March  and April,  and  even earlier.

In March 2022, the Group also secured additional financing from TASCOMBANK, the Group's main lender, to prepay key production costs (fertiliser, fuel, feed components, and salaries) ahead of their anticipated price increases, as well as to fund the wartime reserve of key production supplies.";The company, together with its subsidiaries, operates as one of the largest vertically integrated agricultural groups in Ukraine, engaging in the production, storage, processing, and sale of agricultural products. The company's key activities include breeding pigs, processing pork, and producing wheat and sunflower. The Group focuses on three winter crops and two summer crops, maintaining a crop ratio of 60% winter crops (wheat, barley, rapeseed) and 40% summer crops (sunflower, corn). This strategy is designed to ensure a steady supply of basic food products, which remain in high demand, especially during wartime. The Group has also secured additional financing to cover key production costs and maintain strategic reserves of essential supplies.
2;2;2;ID1000167901;;PT Cilacap Samudera Fishing Industry Tbk;0;1999.0;IDN;Y129H6108;20220527.0;IDN;@NA;3.12;INDONESIA;ASHA-ID;ID1000167901;BMBMZG;PT Cilacap Samudera Fishing Industry Tbk;1.0;ASHA-ID;0;SHARE;BMBMZG9;A;PT Cilacap Samudera Fishing Industry Tbk3.pdf;3.1;3;"## Riwayat Singkat Perseroan

The Company at Glance

PT Dharma Samudera Fishing Industries Tbk atau 'Perseroan' pada  mulanya  berfokus  pada  kegiatan  usaha  penangkapan ikan  cakalang  dan  kakap  merah  dengan  target  penjualan ekspor. Seiring berjalannya waktu, pada tahun 1983, Perseroan memulai operasional pabrik pertamanya yang ditandai dengan pendirian pabriknya di Kendari, Sulawesi Tenggara.

Selanjutnya  dalam  rangka  memperluas  pangsa  pasar  yang dimiliki,  Perseroan  berekspansi  ke  industri  pengolahan  ikan terpadu yang mencakup aktivitas pengolahan. Sejak saat itu, Perseroan  dapat  menghasilkan  produk-produk  hasil  olahan laut  yang  mengandung  protein  tinggi  dan  bernilai  tambah, seperti ikan filet, tuna, gurita, cumi-cumi, dan produk bernilai tambah lainnya.

Menapaki  lebih  dari  2  (dua)  dekade  perjalanan  bisnisnya  di industri perikanan, pada 24 Maret 2000, Perseroan memantapkan  langkah  untuk  melakukan  penawaran  umum perdana saham di Bursa Efek Indonesia (BEI) - dahulu dikenal sebagai Bursa Efek Jakarta, dengan kode saham: 'DSFI'. Aksi korporasi ini menjadi bagian dari inisiatif strategis Perseroan dalam rangka memperkuat struktur permodalan dan branding kepada para investor dan mitra bisnisnya.

Sampai  dengan  akhir 2022, Perseroan berhasil  menjaga kesinambungan  usaha  dengan  tingkat  profitabilitas  positif ditengah bergejolaknya kondisi perekonomian dunia.

Dalam  mengelola  usahanya,  Perseroan  berkomitmen  untuk selalu  memperhatikan  nilai-nilai  keberlanjutan  pada  segala aspek.  Tidak  hanya  berfokus  pada  kinerja  keuangan  semata, Perseroan juga mengedepankan keselarasan dan harmonisasi bisnis  serta  pemberian  manfaat  yang  optimal  kepada  para pemangku kepentingan. Perseroan meyakini dengan terbentuknya  ekosistem  usaha  yang  saling  menguntungkan satu  sama  lain  maka  keberlangsungan  usaha  pada  jangka panjang akan tetap terjaga.

PT Dharma Samudera Fishing Industries Tbk or 'the Company' initially focused on the business activities of catching skipjack and red snapper with a target of export sales.  Over  time,  in 1983,  the  Company  started  its  first  production  operations which  was  marked  by  the  establishment  of  its  factory  in Kendari, Southeast Sulawesi.

Furthermore, in order to expand its market share, the Company expanded into the integrated fish processing industry which includes  processing  activities.  Since  then,  the  Company  has been able to produce processed marine products that contain high protein and added value, such as fish filets, tuna, octopus, squid, and other value-added products.

Treading more than 2 (two) decades of its business journey in the fisheries industry, on March 24, 2000, the Company took steps  to  conduct  an  initial  public  offering  of  shares  on  the Indonesia Stock Exchange (IDX) - formerly known as Jakarta Stock Exchange, with ticker code: 'DSFI'. This corporate action was  part  of  the  Company's  strategic  initiatives  in  order  to strengthen its capital structure and branding to their investors and business partners.

Until  the  end  of  2022,  the  Company  managed  to  maintain business  continuity  with  a  positive  profitability  level  amidst the uncertainties in the global economy.

In managing its business, the Company is committed to always consider  sustainability values  in all  aspects.  Not  merely focusing on financial performance, the Company also promotes  business  alignment  and  harmonization  as  well  as provides  optimal  benefits  to  stakeholders.  The  Company believes  that  by  establishing  a  mutually  beneficial  business ecosystem, long-term business continuity will be maintained.";"The company initially focused on the business activities of catching skipjack and red snapper with a target of export sales. Over time, in 1983, the Company started its first production operations which was marked by the establishment of its factory in Kendari, Southeast Sulawesi.

Furthermore, in order to expand its market share, the Company expanded into the integrated fish processing industry which includes processing activities. Since then, the Company has been able to produce processed marine products that contain high protein and added value, such as fish filets, tuna, octopus, squid, and other value-added products.

In managing its business, the Company is committed to always consider sustainability values in all aspects. Not merely focusing on financial performance, the Company also promotes business alignment and harmonization as well as provides optimal benefits to stakeholders. The Company believes that by establishing a mutually beneficial business ecosystem, long-term business continuity will be maintained."
21;21;21;AU000000CSS3;;Clean Seas Seafood Limited;1;2000.0;AUS;Q2508T119;20051212.0;AUS;007SZ9-E;3.21;ASX;CSS-AU;AU000000CSS3;B0PFW9;Clean Seas Seafood Limited;1.0;CSS-AU;1;SHARE;B0PFW92;A;Clean Seas Seafood Limited2.pdf;3.2;3;"For personal use only

<!-- image -->

## Our Story: Ocean to Plate

Clean Seas is the global leader in the full cycle breeding, production and sale of Yellowtail Kingfish and is renowned world-wide for its exceptionally high quality fish. Our company is recognised for innovation and it's high degree of expertise in the farming of Yellowtail Kingfish. We are the largest producer of aquaculture Yellowtail Kingfish outside of Japan. Our diverse customer base has long appreciated the consistently high quality of our fish and our reliability in supplying our fresh and frozen range to markets all over the world 52 weeks of the year.

<!-- image -->

## Contents

| WHOWEARE                          |   2 |
|-----------------------------------|-----|
| WHATWEDO                          |   3 |
| CHAIRMAN'S REPORT                 |   8 |
| FY 22 PERFORMANCE HIGHLIGHTS      |   9 |
| MEETOURBOARDANDMANAGEMENT         |  11 |
| OUR COMPETITIVE ADVANTAGE         |  12 |
| STRATEGIC OBJECTIVES              |  14 |
| CONSOLIDATED FINANCIAL STATEMENTS |  16 |";The company is the global leader in the full cycle breeding, production and sale of Yellowtail Kingfish and is renowned world-wide for its exceptionally high quality fish. Our company is recognised for innovation and its high degree of expertise in the farming of Yellowtail Kingfish. We are the largest producer of aquaculture Yellowtail Kingfish outside of Japan. Our diverse customer base has long appreciated the consistently high quality of our fish and our reliability in supplying our fresh and frozen range to markets all over the world 52 weeks of the year.
186;186;186;CA53272L2021;56.0;Liminal BioSciences Inc.;1;1994.0;USA;53272L202;20120515.0;CAN;003PH0-E;21.1;NASDAQ;LMNL-US;CA53272L2021;53272L20;Liminal BioSciences Inc.;1.0;LMNL-US;1;SHARE;BQXLM50;C;Liminal BioSciences Inc.1.pdf;21.1;21;"## B. Business Overview

We are a development stage biopharmaceutical company focused on discovering and developing novel and distinctive small molecule therapeutics  that  modulate  G  protein-coupled  receptors,  or  GPCR,  pathways.  We  are  designing  proprietary  novel  small  molecule therapeutic candidates with the intent of developing best/first in class therapeutics for the treatment of metabolic, inflammatory and fibrotic diseases with significant unmet medical needs, using our integrated drug discovery platform, medicinal chemistry expertise and deep understanding of the GPCR biology.

Our pipeline is currently made up of three development programs. The candidate we selected for clinical development, LMNL6511, a selective antagonist for the GPR84 receptor, is expected to commence a Phase 1 clinical trial in the second half of 2023. We are also developing potential OXER1 antagonists and GPR40 agonists, both of which are at the preclinical stage. In addition to these priority development programs, we continue to explore other development opportunities to add to our pipeline.

We believe that our drug discovery platform and deep understanding of GPCRs allows us to identify small molecule candidates that can accurately target GPCRs where other drug discovery approaches have been unsuccessful. Our drug discovery platform leverages a fully integrated chemistry and biology expertise supported by our broad in vivo capabilities, which allows us to investigate our preclinical drug candidates'  efficacy  in  a  wide  variety  of  animal  models  and  enables  us  to  develop  small  molecule  therapeutic  candidates  for  the treatment  of  various  metabolic,  inflammatory  and  fibrotic  diseases.  We  aim  to  develop  best  or  first-in-class  therapies  targeting indications  with  significant  unmet  needs,  where  a  novel  small  molecule  approach  may  be  better  suited  using  our  drug  discovery platform, specialized know-how and data-driven development plans.

We are led by a strong, experienced team with proven track records in the discovery, development, and approval of biopharmaceuticals. Our team's extensive experience in clinical development, and regulatory success is backed by our data driven philosophy.

## GPCRs

G proteins, also known as guanine nucleotide binding proteins, act as molecular switches inside cells and are involved in transmitting signals.  GPCRs  regulate  numerous  diverse  physiological  and  pathological  processes.  Due  to  their  abundance,  broad  distribution,  and crucial involvement in cellular physiology and biochemistry, GPCRs represent the largest family of receptors in the human genome and hold significant importance in the development of therapeutics.

Around 35% of all approved drugs target GPCRs, yet only around 16% of GPCR pathways have an approved drug, providing us with a significant opportunity for discovery and development of novel small molecule therapeutics for GPCR pathways.

All of our development programs target seven transmembrane GPCRs (7TM GPCR's), where the receptor protein passes through the cell membrane seven times. These receptors are easily accessible to hydrophilic drugs due to their presence on the cell surface, and their non-uniform expression enables selectivity in modulating physiological processes. Agonists and antagonists of 7TM GPCRs receptors are utilized for treating various diseases in all organ systems. An agonist is a drug that binds to a target and mimics the action of the natural ligand. An antagonist is a drug that binds to a receptor and prevents other molecules (such as the natural ligand) from binding.";"We are a development stage biopharmaceutical company focused on discovering and developing novel and distinctive small molecule therapeutics that modulate G protein-coupled receptors, or GPCR, pathways. We are designing proprietary novel small molecule therapeutic candidates with the intent of developing best/first in class therapeutics for the treatment of metabolic, inflammatory and fibrotic diseases with significant unmet medical needs, using our integrated drug discovery platform, medicinal chemistry expertise and deep understanding of the GPCR biology.

Our pipeline is currently made up of three development programs. The candidate we selected for clinical development, LMNL6511, a selective antagonist for the GPR84 receptor, is expected to commence a Phase 1 clinical trial in the second half of 2023. We are also developing potential OXER1 antagonists and GPR40 agonists, both of which are at the preclinical stage. In addition to these priority development programs, we continue to explore other development opportunities to add to our pipeline.

We believe that our drug discovery platform and deep understanding of GPCRs allows us to identify small molecule candidates that can accurately target GPCRs where other drug discovery approaches have been unsuccessful. Our drug discovery platform leverages a fully integrated chemistry and biology expertise supported by our broad in vivo capabilities, which allows us to investigate our preclinical drug candidates' efficacy in a wide variety of animal models and enables us to develop small molecule therapeutic candidates for the treatment of various metabolic, inflammatory and fibrotic diseases. We aim to develop best or first-in-class therapies targeting indications with significant unmet needs, where a novel small molecule approach may be better suited using our drug discovery platform, specialized know-how and data-driven development plans.

We are led by a strong, experienced team with proven track records in the discovery, development, and approval of biopharmaceuticals. Our team's extensive experience in clinical development, and regulatory success is backed by our data driven philosophy."
189;189;189;FR0013183985;1.0;Gensight Biologics SA;1;2012.0;FRA;F4374K117;20160713.0;FRA;0D2XZT-E;21.2;EURONEXT PARIS;SIGHT-FR;FR0013183985;BD07M0;Gensight Biologics SA;1.0;SIGHT-FR;1;SHARE;BD07M05;C;Gensight Biologics SA1.pdf;21.2;21;"<!-- image -->

## GenSight Biologics Reports Full Year 2022 Consolidated Financial Results

- Efforts to reduce cash burn in 2023 while  securing LUMEVOQ ®  manufacturing and preparing for commercial launch in Europe in H1 2024
- PPQ campaign to start early May 2023 with results expected in Q3 2023
- Cash runway confirmed to June 2023
- Advanced discussions on refinancing bridge with certain shareholders ongoing, targeted closing in coming weeks

Paris,  France,  March  24,  2023,  7:30  am  CET -  GenSight  Biologics  (Euronext:  SIGHT,  ISIN: FR0013183985,  PEA-PME eligible), a biopharma company focused on developing and commercializing innovative gene therapies for retinal neurodegenerative diseases and central nervous system disorders, today reported its full year 2022 consolidated financial results, as approved by the Board of Directors on March  23,  2023.  Audit  procedures  on  the  Company's  2022  consolidated  financial  statements were completed by the Company's statutory auditors. Final certification will take place after the completion of procedures required before the Universal Registration Document is filed with the French market authority ( Autorité des Marchés Financiers ).

'We are now focusing our efforts and resources on securing the upcoming LUMEVOQ validation campaign with  our  manufacturing  partner  in  the  US,  while  discussing a  financing  bridge  with  certain  existing shareholders to extend  the cash runway beyond  the results of this campaign expected  in  Q3  2023, ' commented Thomas Gidoin ,  Chief  Financial  Officer of  GenSight  Biologics. 'The combination  of this financing bridge targeted to close in the coming weeks and the EIB Tranche B expected in Q3 upon the success of the validation campaign would extend our cash runway to the end of 2023.'

## Annual  Consolidated  Financial Statements  (IFRS) for the Year  Ending  December  31,  2022  and December 31, 2021

| In million euros                         | 2021   | 2022   |
|------------------------------------------|--------|--------|
| Operating income                         | 7.7    | 4.9    |
| Research and development expenses        | (22.9) | (19.3) |
| Sales and marketing expenses             | (5.5)  | (8.0)  |
| General and administrative expenses      | (7.4)  | (5.4)  |
| Operating profit (loss)                  | (28.1) | (27.8) |
| Financial profit (loss)                  | (0.5)  | 0.2    |
| Net profit (loss)                        | (28.6) | (27.6) |
| EPS (in € per share)                     | (0.63) | (0.60) |
| Net cash flows from operating activities | (17.1) | (33.8) |
| Net cash flows from investing activities | (0.0)  | 0.2    |
| Net cash flows from financing activities | 23.7   | 0.1    |
| Net cash flows                           | 6.6    | (33.5) |
| Cash and cash equivalents at closing     | 44.3   | 10.6   |";The company Biologics is a biopharma company focused on developing and commercializing innovative gene therapies for retinal neurodegenerative diseases and central nervous system disorders. The company is currently concentrating its efforts and resources on securing the upcoming LUMEVOQ validation campaign with its manufacturing partner in the US. Additionally, GenSight is discussing a financing bridge with certain existing shareholders to extend its cash runway beyond the results of the validation campaign expected in Q3 2023.
192;192;192;AT0000A18XM4;12.0;ams-OSRAM AG;1;1981.0;CHE;A0400Q115;20080423.0;AUT;05ZTWT-E;26.11;US OTC;@NA;AT0000A18XM4;BPF054;ams-OSRAM AG;1.0;AUKUF-US;0;SHARE;BPFJ772;C;ams-OSRAM AG1.pdf;26.1;26;"## Our company

ams OSRAM is a global leader in optical solutions with a focus on lighting and sensing technologies. We are known for our imagination, deep engineering expertise and worldwide industrial manufacturing capacities. Our innovative products and technologies enable radically new applications that make life better for everyone. Using the full spectrum of light, we capture, analyze and visualize the information our environment provides. We enable humans and machines to comprehend and interact with the world around us: to make journeys safer, medical diagnoses more accurate and everyday moments of communication a richer experience.

Pursuing our vision to become the uncontested leader in optical solutions, we continuously advance our technologies in sensing, illumination and visualization. We offer what we believe to be an unparalleled portfolio of optical solutions and technologies: from high-quality light emitters and optical components to light sensors, micro-modules, ICs and the related software and algorithms.

Optical semiconductor solutions are a key enabling technology, making many other innovations possible across industries. Our deep system understanding, paired with our leading expertise in the areas of emitting, directing, sensing and processing light, makes us the partner of choice for many industries. We enable our customers in the automotive, consumer, industrial, and healthcare sectors to create innovative, market-changing applications and thus maintain their competitive edge.

With a view to creating technologies for growth markets, we continue to add to our innovation roadmap through significant R&amp;D investments and strategic acquisitions, strengthening our excellent IP position with more than 15,000 patents. We continually invest in our leading semiconductor expertise and world-class manufacturing network to live up to our reputation of reliably bringing top quality to the world at scale.

Systematically executing our strategy for innovation and technology leadership, we move towards realizing our vision while pursuing long-term profitable growth for our company and its stakeholders.

## Our business

As a global leader in optical technologies, we harness the full spectrum of light to make life better. From product idea to tangible design through to the manufacturing process, we enable our customers to create high performance optical applications for the automotive, consumer, industrial and healthcare markets. What differentiates us, is our broad technology spectrum covering the emission of light as well as its detection through sensing and intelligent processing. We serve the value chain of optical solutions with our innovative products and solutions, which are designed for best-in class performance, size, cost and energy efficiency.

We are experts in the development and integration of a wide range of optical technologies, from single components through to complex systems. This enables us to be a market and innovation leader, serve our customers as trusted partners and differentiate ourselves in the marketplace.

## Automotive: Reliability drives innovation

The automotive industry is changing. New technologies and innovative mobility concepts are making vehicles continually safer and smarter. The rise of e-mobility places new demands on automotive design and requires new energy-efficient solutions. As a long-standing innovation leader in optical semiconductor technologies, we play an important role in redefining mobility. We turn ideas into tomorrow's technologies with the highest quality and reliability, proving our trusted partnership with the automotive sector.

Optical technologies are a key element of new mobility concepts. The combination of optical sensors and light emitters makes our product portfolio special. We offer real added value for safety and comfort in road traffic. Our innovative solutions for interior and exterior lighting and sensing complement each other in high quality and precision and are tailored to the requirements of the respective application areas. Based on our advanced highly-pixelated matrix LEDs we enable intelligent lighting and visualization solutions for dynamic headlights that can instantly adapt the light beam to the traffic situation. Advanced driver assistance systems are the backbone of automated and autonomous driving. With our innovative technologies, we enable reliable and highly efficient solutions to protect passengers and traffic participants.

The new mobility is transforming the car interior into a living space. High-resolution displays, smart surfaces, seamless human-machine interaction and adaptable ambient lighting solutions are gaining importance. Our optical solutions enable a high level of comfort and a more attractive user experience with high precision and energy efficiency.

We provide a spectrum of technologies to make automotive mobility safer, more comfortable and more sustainable.";"As a global leader in optical technologies, we harness the full spectrum of light to make life better. From product idea to tangible design through to the manufacturing process, we enable our customers to create high performance optical applications for the automotive, consumer, industrial and healthcare markets. What differentiates us, is our broad technology spectrum covering the emission of light as well as its detection through sensing and intelligent processing. We serve the value chain of optical solutions with our innovative products and solutions, which are designed for best-in class performance, size, cost and energy efficiency.

We are experts in the development and integration of a wide range of optical technologies, from single components through to complex systems. This enables us to be a market and innovation leader, serve our customers as trusted partners and differentiate ourselves in the marketplace."
441;441;441;VN000000HC37;;HaiPhong Construction Joint Stock Corporation No3;0;1993.0;VNM;Y2985N107;20191212.0;VNM;@NA;41.1;HANOI;@NA;VN000000HC37;BD5DK2;HaiPhong Construction Joint Stock Corporation No3;1.0;HC3-VN;1;SHARE;BD5DK26;F;HaiPhong Construction Joint Stock Corporation No33.pdf;41.1;41;"Mr. LE CAO QUYEN Chairman of the Board

<!-- image -->

## '

Power Engineering Consulting Joint Stock Company 4 (EVNPECC4), formerly known as the  Southern  Power  Planning  and  Designing  Sub-Institute,  was  established  in  1976  with  the mission of renovating, restoring and rebuilding the power system for the southern provinces to meet people's living needs and restore the economy after the war. Recently, EVNPECC4 has become one of the leading power engineering consulting companies in Vietnam.

With  46  years  of  experience  in  power  engineering  consulting  fields,  EVNPECC4  has developed a workforce of highly professional engineers and experts, fully capable of researching and advising economic - technical - technological solutions for energy projects/works contributing to improving efficiency, stability and reliability of the Vietnamese power system.

Aiming to become a leading enterprise in power engineering consulting field, EVNPECC4 has built and developed a strong Vietnamese brand in the domestic and international markets. We are committed to accelerating digital transformation, applying big data and artificial intelligence based on the energy 4.0 platform to improve efficiency and benefits for customers and partners. We are committed to continuous innovation and creating sustainable value for the community and society.

Lorem ipsum dolor sit To achieve today's accomplishments, we would like to express our deep gratitude to the leaders of Vietnam Electricity, Ministries, Departments, customers, partners, shareholders and generations of  employees who have accompanied EVNPECC4 throughout the formation and development process.

amet, consectetuer We look forward to continuing gaining your trust and cooperation in the future. Sincerely yours!

adipiscing elit, sed Chairman of the Board

diam

<!-- image -->

mod tincid- unt ut

Lorem ipsum

dolor sit amet,

consec-

laoreet Le Cao Quyen

tetuer adipiscing

elit, sed diam

nonummy nibh euis-

mod tincid- unt ut

dolore magna

aliquam erat volut-

pat. Ut wisi enim a

mi

v";"The company was established in 1976 with the mission of renovating, restoring and rebuilding the power system for the southern provinces to meet people's living needs and restore the economy after the war. Recently, EVNPECC4 has become one of the leading power engineering consulting companies in Vietnam.

With 46 years of experience in power engineering consulting fields, EVNPECC4 has developed a workforce of highly professional engineers and experts, fully capable of researching and advising economic - technical - technological solutions for energy projects/works contributing to improving efficiency, stability and reliability of the Vietnamese power system.

Aiming to become a leading enterprise in power engineering consulting field, EVNPECC4 has built and developed a strong Vietnamese brand in the domestic and international markets. We are committed to accelerating digital transformation, applying big data and artificial intelligence based on the energy 4.0 platform to improve efficiency and benefits for customers and partners. We are committed to continuous innovation and creating sustainable value for the community and society."
489;489;489;MYL5398OO002;5.0;Gamuda Bhd.;1;1976.0;MYS;Y2679X106;20171031.0;MYS;05HXD5-E;42.11;US OTC;@NA;MYL5398OO002;635988;Gamuda Bhd.;1.0;GMUAF-US;0;SHARE;B02GQV8;F;Gamuda Bhd.1.pdf;42.1;42;"## OVERVIEW OF GAMUDA

## Our Vision

We  lead  the  region  in  innovative  breakthrough solutions for large-scale public infrastructure and property developments.

## Our Mission

We  reliably  deliver  innovative  infrastructure solutions  and  premier  townships  for  our stakeholders  through  our  core  businesses  in engineering  and  construction,  property developments and infrastructure concessions.

## Our Values

We also  believe  in  creating  a  high-performance work culture that's fair and welcoming to all.

<!-- image -->

<!-- image -->

<!-- image -->

Adopt open and honest communication

2

<!-- image -->

<!-- image -->

<!-- image -->

Develop our people

<!-- image -->

5

3

<!-- image -->

<!-- image -->

<!-- image -->

## Who We Are

Gamuda Berhad is a global engineering, property and infrastructure company that provides innovative solutions  and  delivers  sustainable  developments.  We  have  grown  to  become  Malaysia's  leading infrastructure and property developer since our founding in 1976. Gamuda's differentiated strengths and expertise underscore our growth of nearly five decades.

We believe that profitability and sustainability are not mutually exclusive. This is why Environmental, Social and Governance (ESG) have long been emphasised in Gamuda's business strategy. The Gamuda Green Plan 2025 formalised our decades-long commitment to sustainability. It outlines our overarching approach to ESG, risks and opportunities, strategic priorities and plans.

We are a regional player operating in Malaysia, Vietnam, Australia, Taiwan, Singapore, United Kingdom, India, Bahrain and Qatar.

## Our Expertise

The cornerstone  of  our  delivery  capabilities  relies  on  a  long-term  commitment  to  understanding  the environment, connecting people and communities, as well as focusing on positive contributions through our projects.

<!-- image -->

<!-- image -->

<!-- image -->

<!-- image -->

TUNNELLING

RAIL AND METRO SYSTEMS

ROADS AND EXPRESSWAYS

AIRPORTS

DAM

WATER TREATMENT PLANT

<!-- image -->

<!-- image -->

<!-- image -->

BRIDGES

URBAN REGENERATION

<!-- image -->

MARKET CAPITALISATION

<!-- image -->

billion

RM10

URBAN TRANSFORMATION

POWER PLANT

PORTS

<!-- image -->

<!-- image -->

<!-- image -->

<!-- image -->

MARINE STRUCTURE

<!-- image -->

<!-- image -->

Committed to SBTi

<!-- image -->

<!-- image -->

BUILDINGS

SYSTEMS AND TRAINS

TOWNSHIPS

<!-- image -->

<!-- image -->

<!-- image -->

<!-- image -->

DIGITAL IBS

<!-- image -->

presence in

countries

9

Business  Ambition  for  1.5°C Campaign Member

<!-- image -->

Official  supporter  of  TCFD

<!-- image -->

<!-- image -->";"The company is a global engineering, property and infrastructure company that provides innovative solutions and delivers sustainable developments. We have grown to become Malaysia's leading infrastructure and property developer since our founding in 1976. Gamuda's differentiated strengths and expertise underscore our growth of nearly five decades.

We believe that profitability and sustainability are not mutually exclusive. This is why Environmental, Social and Governance (ESG) have long been emphasised in Gamuda's business strategy. The Gamuda Green Plan 2025 formalised our decades-long commitment to sustainability. It outlines our overarching approach to ESG, risks and opportunities, strategic priorities and plans.

We are a regional player operating in Malaysia, Vietnam, Australia, Taiwan, Singapore, United Kingdom, India, Bahrain and Qatar."
447;447;447;FDS0FNU4;7.0;China Energy Engineering Corp. Ltd.;1;2014.0;HKG;FDS0FNU49;;CHN;0FQKHT-E;42.22;@NA;@NA;@NA;BZ1JH1;China Energy Engineering Corp. Ltd.;1.0;@NA;0;SHARE;@NA;F;China Energy Engineering Corp. Ltd.1.pdf;42.2;42;"<!-- image -->

## COMPANY PROFILE AND CORPORATE GOVERNANCE

## · Company Profile

Founded on 19 December 2014, the Company is a joint stock company with limited liability established and cosponsored by  China  Energy  Engineering  Group  Co.,  Ltd.  ( 中國能源建設集團有限公司 )  (a  central  enterprise  supervised  and administered by the State-owned Assets Supervision and Administration Commission of the State Council), and its wholly-owned subsidiary, Electric Power Planning and Engineering Institute Co., Ltd. ( 電力規劃總院有限公司 ). The Company issued H shares under the initial public offering on 10 December 2015 and listed on the main board of The Stock Exchange of Hong Kong Limited (the 'Stock Exchange') (Stock Code: 3996.HK), and formally listed on the main board of the Shanghai Stock Exchange on 28 September 2021 (Stock Code: 601868.SH), realizing the listing of 'A+H' shares.

The Company is an ultra large comprehensive group company that provides systematic, integrated, life cycle and package of development solutions and services to industries such as energy and power, infrastructure in the PRC as well as over the world. Its main businesses cover traditional energy, new energy and integrated intelligent energy, water  conservancy  and  water  affairs,  eco-environmental  protection,  comprehensive  transportation,  municipal administration, property construction, real estate (new urbanization), building materials (cement, sand and stone aggregate, etc.), civil explosive, equipment manufacturing, capital (finance) and other fields, with a complete industrial chain integrating planning and consulting, evaluations and review, survey and design, construction and contracting and management, operational maintenance and investment operation, technical services, equipment manufacturing and building materials. The Company aims to become a world class group of 'four types' and 'six businesses' with global competitiveness ('four types' refers to the shared and integrated type, green and low-carbon type, digital smart type and healthy and civilized type; 'six businesses' refers to a first-class energy integration solution provider, a first-class EPC contractor, a first-class infrastructure investors, a first-class comprehensive ecological environment management  provider,  a  first-class  urban  comprehensive  development  operator,  a  first-class  building  materials, industrial products and equipment provider).

The Company successfully ranked as one of the Fortune 500 for nine consecutive years. In 2022, the Company ranked 269th in the Global 500, 2nd in the Top 150 Global Engineering Design Firms, 11th in the Top 250 Global Engineering Contractors, and 16th in the Top 225 International Engineering Design Firms. The Company has set up over 200 overseas branch offices in more than 90 countries and regions with its businesses extending to over 140 countries and regions outside China.

The Company always insists on 'empowering beautiful China and building a better world' as the starting and standing point, follows the concept of social responsibility of 'independent innovation, contributing to the society, scientific development and building harmony society', upholds the organizational mission of 'Bringing the Energy to the World' and the strategic vision of 'industry-leading and world-class', and always put the promotion of highquality corporate development through all its work. The Company continues to enhance enterprise competitiveness, innovation, control, influence and risk resistance, and is committed to providing first-class quality project , products and services for China and the world, and creating maximum value for customers, shareholders, employees and society.";"The Company is an ultra large comprehensive group company that provides systematic, integrated, life cycle and package of development solutions and services to industries such as energy and power, infrastructure in the PRC as well as over the world. Its main businesses cover traditional energy, new energy and integrated intelligent energy, water conservancy and water affairs, eco-environmental protection, comprehensive transportation, municipal administration, property construction, real estate (new urbanization), building materials (cement, sand and stone aggregate, etc.), civil explosive, equipment manufacturing, capital (finance) and other fields, with a complete industrial chain integrating planning and consulting, evaluations and review, survey and design, construction and contracting and management, operational maintenance and investment operation, technical services, equipment manufacturing and building materials. The Company aims to become a world class group of 'four types' and 'six businesses' with global competitiveness ('four types' refers to the shared and integrated type, green and low-carbon type, digital smart type and healthy and civilized type; 'six businesses' refers to a first-class energy integration solution provider, a first-class EPC contractor, a first-class infrastructure investors, a first-class comprehensive ecological environment management provider, a first-class urban comprehensive development operator, a first-class building materials, industrial products and equipment provider). The Company continues to enhance enterprise competitiveness, innovation, control, influence and risk resistance, and is committed to providing first-class quality project, products and services for China and the world, and creating maximum value for customers, shareholders, employees and society."
461;461;461;MYL5219OO000;4.0;Pestech International Bhd.;1;2011.0;MYS;Y6801F107;20120530.0;MYS;0CDGSW-E;42.99;MALAYSIA;5219-MY;MYL5219OO000;B8095F;Pestech International Bhd.;1.0;5219-MY;1;SHARE;B8095F2;F;Pestech International Bhd.1.pdf;42.9;42;"<!-- image -->

## About PESTECH

PESTECH International Berhad ('PESTECH' or 'the Company') is a Malaysian integrated electrical power technology company listed on the Main Market of Bursa Malaysia Securities Berhad (stock code: PESTECH 5219) since 2012.

The  Company  derived  its  name  from  ' P ow e r S ystem Tech nology' and our core businesses are divided into six segments comprising of:

<!-- image -->

Ivory Coast

PESTECH involves in project management, engineering, digitalisation, manufacturing, installation,  testing  and  commissioning  of  electrical  power  infrastructures  for  power grid  and  rail  network.  To  date,  the  Company  has  expanded  its  market  reach  into countries  in  the  regions  such  as  Cambodia,  Philippines,  Thailand,  Myanmar  and Papua New Guinea with growing number of other countries. Our commitment is to deliver  the  best  to  PESTECH  clients  by  investing  in  talent  development  as  well  as state-of-the-art  technology.  We  strive  to  build  a  culture  of  service  excellence, create  magic  moments  for  our  customers  to  get  us  noticed,  remembered  and referred. In PESTECH, we are committed to add value to our clients and shareholders.

Combining our proactive services and competitive products together with the strong uphold of the Company's vision, we are confident that PESTECH will continue to be a sustainable electrical infrastructure builder of choice.

<!-- image -->";"The company involves in project management, engineering, digitalisation, manufacturing, installation, testing and commissioning of electrical power infrastructures for power grid and rail network. To date, the Company has expanded its market reach into countries in the regions such as Cambodia, Philippines, Thailand, Myanmar and Papua New Guinea with a growing number of other countries. Our commitment is to deliver the best to the companies clients by investing in talent development as well as state-of-the-art technology. We strive to build a culture of service excellence, create magic moments for our customers to get us noticed, remembered and referred. We are committed to add value to our clients and shareholders.

Combining our proactive services and competitive products together with the strong uphold of the Company's vision, we are confident that the company will continue to be a sustainable electrical infrastructure builder of choice."
888;888;888;CA36468M1005;6.0;Gamelancer Media Corp;1;1999.0;CAN;36468M100;20210507.0;CAN;@NA;58.19;CNQ;@NA;CA36468M1005;BLCXNS;Gamelancer Media Corp;1.0;GMNG-CA;1;SHARE;BLCXNS2;J;Gamelancer Media Corp1.pdf;58.1;58;"<!-- image -->

## GENERAL DEVELOPMENT OF THE BUSINESS

Gamelancer is a media and entertainment company that structures and builds creative marketing campaigns for brands and owns and operates a social media network of over 54 channels across TikTok,  Snapchat  and  Instagram  where  it  sells  direct  advertising  for  clients  and  partners ( Gamelancer Media ). Gamelancer develops brand, agency and creator relationships through its strategic partnerships with TikTok North America and Snap Inc., and operates a business with Snapchat where it creates Snapchat Discover shows which generate monthly recurring revenue.

## Three-Year History

## Acquisitions:

## Wondr Gaming Corporation (May 3, 2021):

In  connection  with  the  listing  of  the  Company's  Common  Shares  on  the  CSE,  the  Company completed  a  three-cornered  amalgamation  (the  ' Wondr  Transaction ')  with  Wondr  Gaming Corporation, formerly 1Wondr Gaming Corporation (' Wondr '),  pursuant  to  which  the  Company acquired all of the issued and outstanding common shares of Wondr in exchange for Common Shares of the Company.  The Wondr Transaction was carried out in accordance with the terms and conditions of an amalgamation agreement dated October 20, 2020 between the Company, Wondr and 2778533 Ontario Inc. (the ' Wondr Agreement ').    Pursuant  to  the  Wondr  Agreement,  the Company issued an aggregate of 134,735,966 Common Shares to the former Wondr shareholders, such that upon completion of the Wondr Transaction the total issued and outstanding Common Shares  of  the  Company  was  151,348,045,  with  the  former  Wondr  shareholders  holding approximately 89% of the total number of the issued and outstanding Common Shares and the original  shareholders  of  the  Company  following  the  consolidation  (as  described  below)  holding approximately 11% of the outstanding Common shares.

Prior to the completion of the Wondr Transaction, the Company consolidated its Common Shares on the basis of 30 pre-consolidation shares for one post-consolidation Common Share and the Company changed its name from 'Transglobe Internet and Telecom Co., Ltd.' to 'Wondr Gaming Corp.'

## Enterprise Gaming Canada Inc. (June 1, 2021):

The Company completed the acquisition of Enterprise Gaming Canada Inc. (' Enterprise '), owner of a proprietary Non-Fungible Token (' NFT ') platform, pursuant to a binding agreement dated May 17, 2021.  Pursuant to the agreement, the Company issued an aggregate of 4,000,000 Common Shares at a deemed price of $0.25 per Common Share, to the shareholders of Enterprise on a prorata basis.

The Common Shares issued in connection with the acquisition of Enterprise were subject to a fourmonth  resale  restriction  and  an  18-month  voluntary  escrow  agreement  between  the  selling shareholders of Enterprise and the Company.";The company is a media and entertainment company that structures and builds creative marketing campaigns for brands and owns and operates a social media network of over 54 channels across TikTok, Snapchat, and Instagram where it sells direct advertising for clients and partners. The company develops brand, agency, and creator relationships through its strategic partnerships with TikTok North America and Snap Inc., and operates a business with Snapchat where it creates Snapchat Discover shows which generate monthly recurring revenue.
816;816;816;SI0031101247;;Grad d.d.;0;1990.0;SVN;X3206N109;20210520.0;SVN;@NA;58.29;LJUBLJANA;@NA;SI0031101247;B04DSR;Grad d.d.;1.0;GRDO-SI;0;SHARE;B04DSR7;J;Grad d.d.3.pdf;58.2;58;"<!-- image -->

<!-- image -->

For more information on Group companies, please refer to Section 9.6.1 of the 2022 Annual Report.

## PRESENTATION OF ACTIVITIES OF THE UNIOR GROUP

UNIOR d.d. is the parent company in the UNIOR Group whose activities are carried out as part of three production programmes: Forge, Hand Tools, and Special Machines, all presented in further detail in Sections 3.3 and 3.4 of the 2022 Annual Report.

As at 31/12/2022, the UNIOR Group consists of not only its parent company but also 14 subsidiaries generating revenue on the global level by engaging in five activities, the production of forgings, hand tools, special machines, machine tools, and tourism. The UNIOR Group also includes three associates.

As at 31/12/2022, forgings are produced and sold by not only the Forge Programme of the parent company but also by three subsidiaries: the Croatia-based UNIOR VINKOVCI d.o.o., the China-based NINGBO UNIOR FORGING Co. Ltd., and the Slovenia-based UNIOR IN d.o.o. UNIOR VINKOVCI d.o.o. and  NINGBO  UNIOR  FORGING  Co.  Ltd.  are  engaged  in  the  production  of  steel  forgings  for  the automotive  and  power  industry.  UNIOR  IN  d.o.o.  is  a  sheltered  workshops  that  performs  simple production, processing, control tasks and renders other forged and sintered product services. One of our suppliers of steel used to produce forgings is our associate Štore Steel d.o.o.

In terms of development, our Forge activity is focused on the production of complex forgings with high safety requirements used as car components where the majority of our revenue is generated. In terms of its development, the production forming part of the Forge activity is focused on producing forgings as parts of steering mechanisms of cars used in all drive assemblies of cars, including electric, and on producing forgings used for connecting rods used in internal combustion engines and hybrid vehicles which experienced a growth trend among sold cars in 2022. On the Group level, vehicle electrification trends and projections of industry associations of car manufacturers where the option of preserving vehicles using internal combustion engines using synthetic or e-fuels that can render these vehicles carbon neutral are proactively followed. As part of the adopted Medium-term business plan for the 20222026 period, it is taken into account that the sales volume of connecting rods is to fall in the future. As";"The companies activities are carried out as part of three production programmes: Forge, Hand Tools, and Special Machines, all presented in further detail in Sections 3.3 and 3.4 of the 2022 Annual Report.
The majority of our revenue is generated from the production of complex forgings with high safety requirements used as car components. The production focuses on forgings for steering mechanisms and connecting rods for internal combustion engines and hybrid vehicles, aligning with trends in vehicle electrification and carbon neutrality. The Group is also adapting its business model to anticipate a decline in sales volume of connecting rods in the future, as outlined in the Medium-term business plan for 2022-2026."
835;835;835;FI0009007728;;Teleste Corporation;1;1954.0;FIN;X89488104;19990330.0;FIN;05J5HY-E;61.1;OMX NORDIC HELSINKI;TLT1V-FI;FI0009007728;565393;Teleste Corporation;1.0;TLT1V-FI;1;SHARE;5653937;J;Teleste Corporation1.pdf;61.1;61;"## Teleste Networks

We offer broadband network and video headend solutions and technologies for telecommunications network operators� Our smart and innovative portfolio allows operators to ensure top-quality broadband and TV services for their subscribers while reducing the total cost of network ownership and maintaining flexibility towards technology changes�

We have decades of experience in broadband network and video headend technologies and how they are best utilised for offering future-proof services with extremely high availability� Our main market areas are in Europe but we aim for growth especially in North America�

## DIGITALIZATION ACCELERATED BY WORLD CRISES

High-speed broadband connectivity has proved its immense value to our societies during the pandemic, enabling work from home, remote education and more� Retrospectively, we can now confirm the robustness and scalability of cable infrastructure as cable operators were able to cope well with the sudden surge in traffic during 2020 and 2021� And while the impact of the pandemic is gradually disappearing in Europe and North America, hybrid work is here to stay and accelerating digitalization is innovating new virtual applications like telemedicine, esports etc� requiring highly reliable and low-latency connectivity for our homes�

In addition, the trend of complementing broadcast TV services with streaming media over internet is continuing, offering access to content anytime anywhere - on any device�

Modern broadband networks make all this possible� In Europe, millions of households are receiving their high-speed internet through networks built with Teleste products� We at Teleste take pride in helping societies to maintain their everyday operations during the pandemic while enabling new digital innovations in the future�

## FIXED NETWORKS MOVING TO 10G CAPABLE INFRASTRUCTURE - DOCSIS 4.0 IS THE ANSWER

While distributed access architecture is reaching maturity, the cable industry has outlined its technology roadmap for the next decade under the DOCSIS 4�0 version of the cable broadband standard� /This next version of DOCSIS introduces a set of technologies promising 10 Gbps speeds to consumers over existing last-mile coax networks� With this promise, cable infrastructure will maintain its competitiveness compared to fibre-to-the-home networks for the next 10+ years�

We are expecting that this industry roadmap will create an investment wave to increase speed and capacity particularly in the North American networks� In Europe, with imminent competition from fibre-to-the-home infrastructure, we are expecting several operators with cable assets to overbuild their existing last-mile coax with fibre during the next 10 years� As a result, the upcoming investment wave in Europe for DOCSIS 4�0 will be more limited compared to the DOCSIS 3�1 wave�

During 2022, the cable industry has been able to demonstrate that the DOCSIS 4�0 10G promise is a realistic proposition� In April, CableLabs organized a 10G showcase event, where Charter Communications, the world's 2nd largest cable operator, was demonstrating a DOCSIS 4�0 endto-end system built with early product prototypes from selected technology vendors� A similar demonstration was repeated at the SCTE CableTec Expo event in September� Teleste's DOCSIS 4�0 compliant 1�8 GHz amplifier prototypes were selected for both demonstrations�

/The demand for DOCSIS 4�0 &amp; 1�8 GHz capable network passives has started in minor volumes during 2022� /The amplifier market will start in volumes in 2023, when both new products and operators are ready for mass deployments� /The deployments are expected to start first in North America due to existing network constraints�

Teleste has proven its thought leadership globally around 1�8 GHz transmission technologies and we believe we are the clear industry leader, being able to deliver compatible products in 2023�";"We offer broadband network and video headend solutions and technologies for telecommunications network operators. Our smart and innovative portfolio allows operators to ensure top-quality broadband and TV services for their subscribers while reducing the total cost of network ownership and maintaining flexibility towards technology changes. 

We have decades of experience in broadband network and video headend technologies and how they are best utilized for offering future-proof services with extremely high availability. Our main market areas are in Europe but we aim for growth especially in North America. 

Modern broadband networks make all this possible. In Europe, millions of households are receiving their high-speed internet through networks built with Teleste products. We at Teleste take pride in helping societies to maintain their everyday operations during the pandemic while enabling new digital innovations in the future. 

We are expecting that this industry roadmap will create an investment wave to increase speed and capacity particularly in the North American networks. In Europe, with imminent competition from fibre-to-the-home infrastructure, we are expecting several operators with cable assets to overbuild their existing last-mile coax with fibre during the next 10 years. As a result, the upcoming investment wave in Europe for DOCSIS 4.0 will be more limited compared to the the company 3.1 wave. 

The demand for the company 4.0 & 1.8 GHz capable network passives has started in minor volumes during 2022. The amplifier market will start in volumes in 2023, when both new products and operators are ready for mass deployments. The deployments are expected to start first in North America due to existing network constraints. 

The company has proven its thought leadership globally around 1.8 GHz transmission technologies and we believe we are the clear industry leader, being able to deliver compatible products in 2023."
853;853;853;BA100TLKMRA2;10.0;Telekom Srpske AD;1;1996.0;BIH;X89741106;20080415.0;BIH;06LZWH-E;61.2;BANJA LUKA;@NA;BA100TLKMRA2;B4W3Y0;Telekom Srpske AD;1.0;TLKM.R.A-BA;1;SHARE;B4W3Y02;J;Telekom Srpske AD2.pdf;61.2;61;"## Telekom Srbija a.d. Beograd mts.rs

Telekom  Srbija  is  one  of  the  leading  telecommunications  operators  in  the territory of Serbia in all business segments. It was set up on 23 May 1997 in the process of the structural and ownership transformation of the PTT system of Serbia, as a single-member joint stock company. From June that same year, it was owned by three shareholders: JP PTT saobraćaja 'Srbija' (present-day JP 'Pošta Srbije'), Telecom Italia and OTE Greece. In 1998, it began to provide mobile services. In 2006, we introduced 3G technology and the provision of ADSL Internet services.

As  early  as  in  2007,  Telekom  Srbija  became  the  leader  in  the  sphere  of telecommunications  and  began  to  expand  to  the markets  of  BosniaHerzegovina and Montenegro. This is how Telekom Srbija Group was set up. In the following years, it successfully kept abreast of market demands and also recognized the importance of introducing fresh services, creating the potential for entering new markets. Apart from the basic telecommunications services, at  present  it  is  substantially  focused  on  the  development  and  provision  of multimedia, financial and digital products and services, as well as projects of exceptional importance for all people in the diaspora. Telekom Srbija has no branches.

The ownership structure of Telekom Srbija is detailed on the website of the Central  Securities  Depository  and  Clearing  Registry.  Telekom  Srbija  has ownership in the following subsidiaries:

## Telekom Srpske a.d. Banja Luka mtel.ba

One of the three national telecom operators in Bosnia-Herzegovina, it offers unique  communications  solutions  integrated  under  the  corporate  brand  of m:tel. The following subsidiaries are owned by it:

-  MTEL d.o.o. Podgorica (49% ownership)
-  MTEL Global d.o.o. Beograd (41% ownership)
-  Logosoft  d.o.o.  Sarajevo,  100%  it  owns  Mts  Sistemi  i  integracije,  Beograd (100% share)
-  Blicnet d.o.o. Banja Luka (100% stake)
-  Financ d.o.o. Banja Luka (100% stake)

## mtel d.o.o. Podgorica mtel.me

In April 2007, mtel Podgorica  obtained a third-operator licence in the territory of Montenegro. Its ownership structure is as follows: 51% Telekom Srbija, 49% Mtel Banja Luka.

After obtaining the licence for the operation of the mobile network, a stateof-the-art mobile network was built within a period of only 77 days, a period unrecorded so far.

## ARENA CHANNELS GROUP d.o.o. Beograd tvarenasport.com

Arena Channels Group is a company dealing with cable telecommunciations via the Arena Sport TV channel and is the holder of the broadcasting rights for sports channels in the territory of the Republic of Serbia, Bosnia-Herzegovina, Montenegro, North Macedonia, Croatia and Slovenia.

Arena Channels Group broadcasts the signal of Euronews Serbia, which is a branded affiliation of Euronews and which broadcasts local, regional, national and international news on TV and digital platforms produced by its own team of journalists and correspondents. Euronews Serbia is an information channel committed to objective, impartial and accurate reporting, which the Euronews family and its media promote wherever they are present.

Thanks to the successful cooperation between Bloomberg Media and Arena Channels  Group,  launched  was  Bloomberg  Adria,  the  first  pan-regional multiplatform  business  news  network  in  Southeast  Europe,  with  centers in Serbia, Croatia, Slovenia, Bosnia-Herzegovina and North  Macedonia. Bloomberg  Adria  covers  business  and  financial  news,  analysis  and  data  on the growing community of business decision-makers and future leaders in the region, via electronic (TV), print and digital media as well as mobile and social networks. Bloomberg Adria relies on the strength of Bloomberg journalists and analysts around the world in the creation and successful operation of the new platform,  which  combines  local  reporting  and  coverage  of  the  broad  global economy and markets.

Arena Channels Group owns the following subsidiaries:

-  MTEL Swiss SA Ženeva (63,24% stake)
-  HD WIN Arena sport d.o.o. Zagreb (100% stake)
-  Arena News Channels d.o.o. Beograd (100% stake)
-  Arena sport d.o.o. Ljubljana (50% stake)
-  ACG d.o.o.  Sarajevo,  100%  it  owns  Arena  Sport  BH  doo  Sarajevo  (100% stake).

## Mtel Global d.o.o. Beograd mtel.global

Mtel Global was created by integrating the companies which belong to Telekom";The company is one of the leading telecommunications operators in Serbia, providing a range of services across all business segments. It began offering mobile services in 1998 and introduced 3G technology and ADSL Internet services in 2006. The company expanded into Bosnia-Herzegovina and Montenegro in 2007, establishing the Telekom Srbija Group. Currently, it focuses on developing and providing multimedia, financial, and digital products and services, as well as projects aimed at the diaspora. Telekom Srbija has no branches and operates through various subsidiaries, enhancing its service offerings and market reach.
940;940;940;US27579R1041;;East West Bancorp, Inc.;1;1998.0;USA;27579R104;19990208.0;USA;0026S8-E;64.19;NASDAQ;EWBC-US;US27579R1041;27579R10;East West Bancorp, Inc.;1.0;EWBC-US;1;SHARE;2487407;K;East West Bancorp, Inc.1.pdf;64.1;64;"<!-- image -->

E ast  West Banking Corporation (EastWest) is one of the largest universal banks in the Philippines today. ;IGLYPH&lt;c=3,font=/IEFOJR+GillSans&gt; GEXIVGLYPH&lt;c=3,font=/IEFOJR+GillSans&gt; XSGLYPH&lt;c=3,font=/IEFOJR+GillSans&gt; XLIGLYPH&lt;c=3,font=/IEFOJR+GillSans&gt; ½RERGMEPGLYPH&lt;c=3,font=/IEFOJR+GillSans&gt; RIIHWGLYPH&lt;c=3,font=/IEFOJR+GillSans&gt; SJGLYPH&lt;c=3,font=/IEFOJR+GillSans&gt; GSRWYQIVWGLYPH&lt;c=16,font=/IEFOJR+GillSans&gt; GLYPH&lt;c=3,font=/IEFOJR+GillSans&gt; QMHHPIGLYPH&lt;c=17,font=/IEFOJR+GillSans&gt;QEVOIXGLYPH&lt;c=3,font=/IEFOJR+GillSans&gt; GPMIRXWGLYPH&lt;c=16,font=/IEFOJR+GillSans&gt; GLYPH&lt;c=3,font=/IEFOJR+GillSans&gt; ERHGLYPH&lt;c=3,font=/IEFOJR+GillSans&gt; XLIGLYPH&lt;c=3,font=/IEFOJR+GillSans&gt; QEWWGLYPH&lt;c=3,font=/IEFOJR+GillSans&gt; EJ¾YIRXGLYPH&lt;c=18,font=/IEFOJR+GillSans&gt; GLYPH&lt;c=3,font=/IEFOJR+GillSans&gt;

Our multiple customer touch points include our network SJGLYPH&lt;c=3,font=/IEFOJR+GillSans&gt; GLYPH&lt;c=24,font=/IEFOJR+GillSans&gt;GLYPH&lt;c=26,font=/IEFOJR+GillSans&gt;GLYPH&lt;c=28,font=/IEFOJR+GillSans&gt;GLYPH&lt;c=3,font=/IEFOJR+GillSans&gt; WXSVIWGLYPH&lt;c=16,font=/IEFOJR+GillSans&gt; GLYPH&lt;c=3,font=/IEFOJR+GillSans&gt; SJGLYPH&lt;c=3,font=/IEFOJR+GillSans&gt; [LMGLGLYPH&lt;c=3,font=/IEFOJR+GillSans&gt; GLYPH&lt;c=23,font=/IEFOJR+GillSans&gt;GLYPH&lt;c=29,font=/IEFOJR+GillSans&gt;GLYPH&lt;c=22,font=/IEFOJR+GillSans&gt;GLYPH&lt;c=3,font=/IEFOJR+GillSans&gt; EVIGLYPH&lt;c=3,font=/IEFOJR+GillSans&gt; )EWX;IWXGLYPH&lt;c=3,font=/IEFOJR+GillSans&gt; TEVIRXGLYPH&lt;c=3,font=/IEFOJR+GillSans&gt; FEROGLYPH&lt;c=3,font=/IEFOJR+GillSans&gt; WXSVIWGLYPH&lt;c=3,font=/IEFOJR+GillSans&gt; ERHGLYPH&lt;c=3,font=/IEFOJR+GillSans&gt; GLYPH&lt;c=27,font=/IEFOJR+GillSans&gt;GLYPH&lt;c=26,font=/IEFOJR+GillSans&gt;GLYPH&lt;c=3,font=/IEFOJR+GillSans&gt; EVIGLYPH&lt;c=3,font=/IEFOJR+GillSans&gt; WXSVIWGLYPH&lt;c=3,font=/IEFOJR+GillSans&gt; SJGLYPH&lt;c=3,font=/IEFOJR+GillSans&gt; )EWX;IWXGLYPH&lt;c=3,font=/IEFOJR+GillSans&gt; 6YVEPGLYPH&lt;c=3,font=/IEFOJR+GillSans&gt; &amp;EROGLYPH&lt;c=16,font=/IEFOJR+GillSans&gt; GLYPH&lt;c=3,font=/IEFOJR+GillSans&gt; GLYPH&lt;c=25,font=/IEFOJR+GillSans&gt;GLYPH&lt;c=28,font=/IEFOJR+GillSans&gt;GLYPH&lt;c=24,font=/IEFOJR+GillSans&gt;GLYPH&lt;c=3,font=/IEFOJR+GillSans&gt; %81WGLYPH&lt;c=3,font=/IEFOJR+GillSans&gt; REXMSR[MHIGLYPH&lt;c=16,font=/IEFOJR+GillSans&gt; GLYPH&lt;c=3,font=/IEFOJR+GillSans&gt; MRXIVRIXGLYPH&lt;c=3,font=/IEFOJR+GillSans&gt; FEROMRKGLYPH&lt;c=3,font=/IEFOJR+GillSans&gt; JSVGLYPH&lt;c=3,font=/IEFOJR+GillSans&gt; MRHMZMHYEPWGLYPH&lt;c=3,font=/IEFOJR+GillSans&gt; ERHGLYPH&lt;c=3,font=/IEFOJR+GillSans&gt; GSVTSVEXIWGLYPH&lt;c=3,font=/IEFOJR+GillSans&gt;GLYPH&lt;c=12,font=/IEFOJR+GillSans&gt;)EWX; IWXGLYPH&lt;c=3,font=/IEFOJR+GillSans&gt;3RPMRIGLYPH&lt;c=13,font=/IEFOJR+GillSans&gt;GLYPH&lt;c=16,font=/IEFOJR+GillSans&gt; GLYPH&lt;c=3,font=/IEFOJR+GillSans&gt;QSFMPIGLYPH&lt;c=3,font=/IEFOJR+GillSans&gt;FEROMRKGLYPH&lt;c=3,font=/IEFOJR+GillSans&gt;GLYPH&lt;c=12,font=/IEFOJR+GillSans&gt;)EWX; IWXGLYPH&lt;c=3,font=/IEFOJR+GillSans&gt; 1SFMPIGLYPH&lt;c=13,font=/IEFOJR+GillSans&gt;GLYPH&lt;c=16,font=/IEFOJR+GillSans&gt; GLYPH&lt;c=3,font=/IEFOJR+GillSans&gt; TLSRIGLYPH&lt;c=3,font=/IEFOJR+GillSans&gt; FEROMRKGLYPH&lt;c=16,font=/IEFOJR+GillSans&gt; GLYPH&lt;c=3,font=/IEFOJR+GillSans&gt; ERHGLYPH&lt;c=3,font=/IEFOJR+GillSans&gt; GLYPH&lt;c=22,font=/IEFOJR+GillSans&gt;GLYPH&lt;c=24,font=/IEFOJR+GillSans&gt;GLYPH&lt;c=17,font=/IEFOJR+GillSans&gt;,SYVGLYPH&lt;c=3,font=/IEFOJR+GillSans&gt; )EWX;IWXGLYPH&lt;c=3,font=/IEFOJR+GillSans&gt; 'YWXSQIVGLYPH&lt;c=3,font=/IEFOJR+GillSans&gt; Service.

EastWest is a subsidiary of Filinvest Development 'SVTSVEXMSRGLYPH&lt;c=3,font=/IEFOJR+GillSans&gt; GLYPH&lt;c=12,font=/IEFOJR+GillSans&gt;*('GLYPH&lt;c=13,font=/IEFOJR+GillSans&gt;GLYPH&lt;c=16,font=/IEFOJR+GillSans&gt; GLYPH&lt;c=3,font=/IEFOJR+GillSans&gt; SRIGLYPH&lt;c=3,font=/IEFOJR+GillSans&gt; SJGLYPH&lt;c=3,font=/IEFOJR+GillSans&gt; XLIGLYPH&lt;c=3,font=/IEFOJR+GillSans&gt; GSYRXV]´WGLYPH&lt;c=3,font=/IEFOJR+GillSans&gt; PIEHMRKGLYPH&lt;c=3,font=/IEFOJR+GillSans&gt; conglomerates with diverse interests  ranging  from  real IWXEXIGLYPH&lt;c=16,font=/IEFOJR+GillSans&gt; GLYPH&lt;c=3,font=/IEFOJR+GillSans&gt; FEROMRKGLYPH&lt;c=16,font=/IEFOJR+GillSans&gt; GLYPH&lt;c=3,font=/IEFOJR+GillSans&gt; WYKEVGLYPH&lt;c=16,font=/IEFOJR+GillSans&gt; GLYPH&lt;c=3,font=/IEFOJR+GillSans&gt; LSWTMXEPMX]GLYPH&lt;c=16,font=/IEFOJR+GillSans&gt; GLYPH&lt;c=3,font=/IEFOJR+GillSans&gt; TS[IVGLYPH&lt;c=3,font=/IEFOJR+GillSans&gt; KIRIVEXMSRGLYPH&lt;c=16,font=/IEFOJR+GillSans&gt; GLYPH&lt;c=3,font=/IEFOJR+GillSans&gt; XSGLYPH&lt;c=3,font=/IEFOJR+GillSans&gt; MRJVEWXVYGXYVIGLYPH&lt;c=18,font=/IEFOJR+GillSans&gt; GLYPH&lt;c=3,font=/IEFOJR+GillSans&gt; 7MRGIGLYPH&lt;c=3,font=/IEFOJR+GillSans&gt; GLYPH&lt;c=22,font=/IEFOJR+GillSans&gt;GLYPH&lt;c=20,font=/IEFOJR+GillSans&gt;GLYPH&lt;c=21,font=/IEFOJR+GillSans&gt;GLYPH&lt;c=22,font=/IEFOJR+GillSans&gt;GLYPH&lt;c=16,font=/IEFOJR+GillSans&gt; GLYPH&lt;c=3,font=/IEFOJR+GillSans&gt; )EWX;IWXGLYPH&lt;c=3,font=/IEFOJR+GillSans&gt; LEWGLYPH&lt;c=3,font=/IEFOJR+GillSans&gt; FIIRGLYPH&lt;c=3,font=/IEFOJR+GillSans&gt; XVEHMRKGLYPH&lt;c=3,font=/IEFOJR+GillSans&gt; YRHIVGLYPH&lt;c=3,font=/IEFOJR+GillSans&gt; XLIGLYPH&lt;c=3,font=/IEFOJR+GillSans&gt; W]QFSPGLYPH&lt;c=3,font=/IEFOJR+GillSans&gt; ³);´GLYPH&lt;c=3,font=/IEFOJR+GillSans&gt; MRGLYPH&lt;c=3,font=/IEFOJR+GillSans&gt; XLIGLYPH&lt;c=3,font=/IEFOJR+GillSans&gt; 4LMPMTTMRIGLYPH&lt;c=3,font=/IEFOJR+GillSans&gt; 7XSGOGLYPH&lt;c=3,font=/IEFOJR+GillSans&gt; )\GLERKIGLYPH&lt;c=3,font=/IEFOJR+GillSans&gt; GLYPH&lt;c=12,font=/IEFOJR+GillSans&gt;47)GLYPH&lt;c=13,font=/IEFOJR+GillSans&gt;GLYPH&lt;c=18,font=/IEFOJR+GillSans&gt; GLYPH&lt;c=3,font=/IEFOJR+GillSans&gt; -XGLYPH&lt;c=3,font=/IEFOJR+GillSans&gt; MWGLYPH&lt;c=3,font=/IEFOJR+GillSans&gt; RSXGLYPH&lt;c=3,font=/IEFOJR+GillSans&gt; EJ½PMEXIHGLYPH&lt;c=3,font=/IEFOJR+GillSans&gt; [MXLGLYPH&lt;c=3,font=/IEFOJR+GillSans&gt; ER]GLYPH&lt;c=3,font=/IEFOJR+GillSans&gt; JSVIMKRGLYPH&lt;c=3,font=/IEFOJR+GillSans&gt; ½RERGMEPGLYPH&lt;c=3,font=/IEFOJR+GillSans&gt; MRWXMXYXMSRGLYPH&lt;c=3,font=/IEFOJR+GillSans&gt; [LMGLGLYPH&lt;c=3,font=/IEFOJR+GillSans&gt; QE]GLYPH&lt;c=3,font=/IEFOJR+GillSans&gt; FIEVGLYPH&lt;c=3,font=/IEFOJR+GillSans&gt; XLIGLYPH&lt;c=3,font=/IEFOJR+GillSans&gt; WEQIGLYPH&lt;c=3,font=/IEFOJR+GillSans&gt; REQIGLYPH&lt;c=18,font=/IEFOJR+GillSans&gt;

%WGLYPH&lt;c=3,font=/IEFOJR+GillSans&gt; SJGLYPH&lt;c=3,font=/IEFOJR+GillSans&gt; IRHGLYPH&lt;c=17,font=/IEFOJR+GillSans&gt;GLYPH&lt;c=22,font=/IEFOJR+GillSans&gt;GLYPH&lt;c=20,font=/IEFOJR+GillSans&gt;GLYPH&lt;c=22,font=/IEFOJR+GillSans&gt;GLYPH&lt;c=22,font=/IEFOJR+GillSans&gt;GLYPH&lt;c=16,font=/IEFOJR+GillSans&gt; GLYPH&lt;c=3,font=/IEFOJR+GillSans&gt; )EWX;IWXGLYPH&lt;c=3,font=/IEFOJR+GillSans&gt; LEHGLYPH&lt;c=3,font=/IEFOJR+GillSans&gt; GLYPH&lt;c=27,font=/IEFOJR+GillSans&gt;GLYPH&lt;c=16,font=/IEFOJR+GillSans&gt;GLYPH&lt;c=22,font=/IEFOJR+GillSans&gt;GLYPH&lt;c=25,font=/IEFOJR+GillSans&gt;GLYPH&lt;c=23,font=/IEFOJR+GillSans&gt;GLYPH&lt;c=14,font=/IEFOJR+GillSans&gt;GLYPH&lt;c=3,font=/IEFOJR+GillSans&gt; JYPPGLYPH&lt;c=17,font=/IEFOJR+GillSans&gt;XMQIGLYPH&lt;c=3,font=/IEFOJR+GillSans&gt; IQTPS]IIWGLYPH&lt;c=18,font=/IEFOJR+GillSans&gt; GLYPH&lt;c=3,font=/IEFOJR+GillSans&gt;

*SVGLYPH&lt;c=3,font=/IEFOJR+GillSans&gt;QSVIGLYPH&lt;c=3,font=/IEFOJR+GillSans&gt;MRJSVQEXMSRGLYPH&lt;c=16,font=/IEFOJR+GillSans&gt; GLYPH&lt;c=3,font=/IEFOJR+GillSans&gt;ZMWMXGLYPH&lt;c=3,font=/IEFOJR+GillSans&gt;[[[ GLYPH&lt;c=18,font=/IEFOJR+GillSans&gt;IEWX[IWXFERO IV GLYPH&lt;c=18,font=/IEFOJR+GillSans&gt;GSQ

## Brand Pillars

-  Insightful expertise directed towards your priorities
-  Dedication to making banking easier for you
-  Entrepreneurial spirit to realize our collective best potential

## Service Pillars

Personable: ;EVQGLYPH&lt;c=3,font=/IEFOJR+GillSans-Light&gt;ERHGLYPH&lt;c=3,font=/IEFOJR+GillSans-Light&gt;TSWMXMZIGLYPH&lt;c=3,font=/IEFOJR+GillSans-Light&gt;EXXMXYHI GLYPH&lt;c=16,font=/IEFOJR+GillSans-Light&gt; GLYPH&lt;c=3,font=/IEFOJR+GillSans-Light&gt;KIRYMRIGLYPH&lt;c=3,font=/IEFOJR+GillSans-Light&gt;WIRXMQIRXGLYPH&lt;c=16,font=/IEFOJR+GillSans-Light&gt; GLYPH&lt;c=3,font=/IEFOJR+GillSans-Light&gt;ERHGLYPH&lt;c=3,font=/IEFOJR+GillSans-Light&gt;TIV WSREPGLYPH&lt;c=3,font=/IEFOJR+GillSans-Light&gt;GSRGIV RGLYPH&lt;c=3,font=/IEFOJR+GillSans-Light&gt;JSVGLYPH&lt;c=3,font=/IEFOJR+GillSans-Light&gt;XLIGLYPH&lt;c=3,font=/IEFOJR+GillSans-Light&gt;GYWXSQIV´ WGLYPH&lt;c=3,font=/IEFOJR+GillSans-Light&gt;[IPPGLYPH&lt;c=17,font=/IEFOJR+GillSans-Light&gt;FIMRKGLYPH&lt;c=3,font=/IEFOJR+GillSans-Light&gt;ERHGLYPH&lt;c=3,font=/IEFOJR+GillSans-Light&gt; business affairs

Dependable: Dedicated to making banking as easy as possible for the customer - taking the effort away whenever we can but with professional regard for due process

Proactive: Actively listening, offering the right information at the right time, considering what the customer needs with XLSYKLXJYPGVSWWGLYPH&lt;c=17,font=/IEFOJR+GillSans-Light&gt;WIPPMRK

## Vision

8SGLYPH&lt;c=3,font=/IEFOJR+GillSans-Light&gt;FIGLYPH&lt;c=3,font=/IEFOJR+GillSans-Light&gt;EGLYPH&lt;c=3,font=/IEFOJR+GillSans-Light&gt;[ SV PHGLYPH&lt;c=17,font=/IEFOJR+GillSans-Light&gt;GPEWWGLYPH&lt;c=3,font=/IEFOJR+GillSans-Light&gt;FEROGLYPH&lt;c=3,font=/IEFOJR+GillSans-Light&gt;ERGLSVIHGLYPH&lt;c=3,font=/IEFOJR+GillSans-Light&gt;SRGLYPH&lt;c=3,font=/IEFOJR+GillSans-Light&gt;WIV ZMGIGLYPH&lt;c=3,font=/IEFOJR+GillSans-Light&gt;I\GIPPIRGIGLYPH&lt;c=3,font=/IEFOJR+GillSans-Light&gt;MRGLYPH&lt;c=3,font=/IEFOJR+GillSans-Light&gt; our chosen markets

## Mission

To create value:

For our chosen markets, by providing them with excellent service in the delivery of integrated and innovative products, VIWTSRWMZIGLYPH&lt;c=3,font=/IEFOJR+GillSans-Light&gt; XSGLYPH&lt;c=3,font=/IEFOJR+GillSans-Light&gt; XLIMVGLYPH&lt;c=3,font=/IEFOJR+GillSans-Light&gt; GYVVIRXGLYPH&lt;c=3,font=/IEFOJR+GillSans-Light&gt; ERHGLYPH&lt;c=3,font=/IEFOJR+GillSans-Light&gt; JYXYVIGLYPH&lt;c=3,font=/IEFOJR+GillSans-Light&gt; ½RERGMEPGLYPH&lt;c=3,font=/IEFOJR+GillSans-Light&gt; RIIHWGLYPH&lt;c=16,font=/IEFOJR+GillSans-Light&gt; GLYPH&lt;c=3,font=/IEFOJR+GillSans-Light&gt; EXGLYPH&lt;c=3,font=/IEFOJR+GillSans-Light&gt; XLIGLYPH&lt;c=3,font=/IEFOJR+GillSans-Light&gt; best value

For  our  employees, by  continuously  providing  them  with opportunities  to  develop  their  full  potential  and  by  giving recognition and rewards commensurate to their contribution

For our community, by committing ourselves to improving the quality of life of those around us through the support for various charities and involvement in outreach activities

For  our  regulators, by  uncompromisingly  adhering  to  the highest standards of business ethics and corporate governance

For our shareholders, by managing the bank professionally and prudently to consistently achieve optimal possible returns

<!-- image -->

## One Tree. One Heart. ONE FILINVEST

## One Filinvest Values

EastWest is backed by the strength and resources of our parent company, Filinvest Development Corporation (FDC), one of the country's leading conglomerates which has interests in banking, real estate, hospitality and tourism, power generation, infrastructure, and sugar.

As the universal banking arm of the Filinvest Group, we share One Filinvest  Values which guide all Filinvest companies in enabling Filipinos to achieve their dreams.

- Customer Centricity Keep our customers top of mind.
- Change for the Better Innovation and agility rule our quest for operational excellence.

## Filinvest Family

Invest in bringing out the best in ourselves and our team.

- Entrepreneurial Mindset Pursue new opportunities and take ownership of our decisions.
- 6KDUHGGLYPH&lt;c=3,font=/IEFOJR+GillSans-SemiBold&gt;%HQH¼W Grow hand in hand with our stakeholders.
- Trustworthiness Deserve and preserve trust.";The company operates as one of the largest universal banks in the Philippines, providing a wide range of financial services. Its business model focuses on multiple customer touchpoints, including a network of branches and digital platforms, to enhance customer accessibility and convenience. The bank aims to deliver excellent service through integrated and innovative products, ensuring that customer needs are prioritized. EastWest is dedicated to making banking easier for customers by streamlining processes and actively listening to their requirements. Additionally, the bank emphasizes its commitment to ethical business practices and corporate governance, aiming to achieve optimal returns for shareholders while contributing positively to the community.
945;945;945;SG1E32850828;;New Toyo International Holdings Ltd;1;1975.0;SGP;Y6304R103;19970404.0;SGP;05JFJM-E;64.2;SINGAPORE;N08-SG;SG1E32850828;663554;New Toyo International Holdings Ltd;1.0;N08-SG;1;SHARE;6635547;K;New Toyo International Holdings Ltd1.pdf;64.2;64;"## INTRODUCTION

New  Toyo,  established  in  1975, has  become  one  of  the  major producers of specialty packaging materials in the Asia Pacific Region. With our presence in Singapore, Malaysia, Vietnam, Dubai, Indonesia and China, we  cater to both global and domestic  customers.  Our  focus for  over  four  decades  has  been on  enhancing  and  refining  the quality of our products and meeting our clients'  requirements. With  the  increasing  number  of packaging  material  applications, we continuously improve our capabilities to stay up-to-date with the latest developments and boost productivity to remain competitive.";The company, established in 1975, has become one of the major producers of specialty packaging materials in the Asia Pacific Region. With our presence in Singapore, Malaysia, Vietnam, Dubai, Indonesia and China, we cater to both global and domestic customers. Our focus for over four decades has been on enhancing and refining the quality of our products and meeting our clients' requirements. With the increasing number of packaging material applications, we continuously improve our capabilities to stay up-to-date with the latest developments and boost productivity to remain competitive.
912;912;912;INE414G01012;;Muthoot Finance Limited;1;1939.0;IND;Y6190C103;20110506.0;IND;06JX6R-E;64.92;BSE INDIA;533398-IN;INE414G01012;B40MFF;Muthoot Finance Limited;1.0;533398-IN;1;SHARE;B40MFF3;K;Muthoot Finance Limited3.pdf;64.9;64;"<!-- image -->

## BUSINESS REVIEW

## Diversifying our growth

## Muthoot Finance

We are India's largest gold loan company in terms of loan portfolio and have always focused on providing financial services to the unserved or underserved sections of the society. We lend against security of 'Household Used Gold Ornaments' (HUGO) and do not deal in gold bullion. We endeavour to understand the specific requirements of individuals to be able to make funds available to them with alacrity. We provide free insured locker for the gold pledged; and the lending rates and other loan charges are intimated to each customer upfront to maintain transparency and ensure their complete understanding. We do not have any hidden charges or additional fees other than those specified. We also offer services like online gold loan, loan withdrawals, loan renewals, interest payments and loan repayments via our mobile app, iMuthoot, as well as the Muthoot online platform.

## Our offerings

## Core service

<!-- image -->

Gold loans

## Other services

<!-- image -->

Money transfer services

<!-- image -->

Personal loans

<!-- image -->

Corporate loans

## Snapshot FY22

&gt;4,600 Total branches

J 39,543 million PAT

## Highlights FY22

- Net worth increased to ₹183,445 million compared to ₹152,389 million in FY21
- Total income increased by 5% to reach ₹110,984 million compared to ₹105,744 million
- Profit after tax increased by 6% to reach ₹39,543 million compared to ₹37,222 million
- Branch network crossed 4,600
- Loan assets under management increased to ₹580,532 million compared to ₹526,223 million in the previous year
- Bolstered Loan@Home offerings to ensure our customers have access to credit from the comfort of their homes

J 5,80,532million Loan assets under

<!-- image -->

<!-- image -->

Business loans

<!-- image -->

Collection service

J 1,10,984 million Income

<!-- image -->";"We are India's largest gold loan company in terms of loan portfolio and have always focused on providing financial services to the unserved or underserved sections of the society. We lend against security of 'Household Used Gold Ornaments' (HUGO) and do not deal in gold bullion. We endeavour to understand the specific requirements of individuals to be able to make funds available to them with alacrity. We provide free insured locker for the gold pledged; and the lending rates and other loan charges are intimated to each customer upfront to maintain transparency and ensure their complete understanding. We do not have any hidden charges or additional fees other than those specified. We also offer services like online gold loan, loan withdrawals, loan renewals, interest payments and loan repayments via our mobile app, iMuthoot, as well as the Muthoot online platform."
918;918;918;JP3502200003;;Daiwa Securities Group Inc.;0;1902.0;JPN;J11718111;19930913.0;JPN;05HWCT-E;66.12;EURONEXT PARIS;@NA;JP3502200003;625144;Daiwa Securities Group Inc.;1.0;DAWA-FR;0;SHARE;4276830;K;Daiwa Securities Group Inc.3.pdf;66.1;66;"## (ii) Status by category described in segment information

- The status of net operating revenue and ordinary income analyzed by segment is as follows.

|                          |                              | Net operating revenue            | Net operating revenue            | Net operating revenue            | Net operating revenue   | Ordinary income (loss)           | Ordinary income (loss)           | Ordinary income (loss)           | Ordinary income (loss)   |
|--------------------------|------------------------------|----------------------------------|----------------------------------|----------------------------------|-------------------------|----------------------------------|----------------------------------|----------------------------------|--------------------------|
|                          |                              | Three months ended June 30, 2021 | Three months ended June 30, 2022 | Year-on-year increase (decrease) | Composition ratio       | Three months ended June 30, 2021 | Three months ended June 30, 2022 | Year-on-year increase (decrease) | Composition ratio        |
| Retail Segment           | Retail Segment               | 47,356                           | 40,393                           | (14.7)%                          | 38.1%                   | 10,037                           | 6,298                            | (37.2)%                          | 28.7%                    |
| Wholesale Segment        | Wholesale Segment            | 46,751                           | 35,965                           | (23.1)%                          | 33.9%                   | 11,328                           | (2,672)                          | -                                | -                        |
|                          | Global Markets               | 31,682                           | 24,491                           | (22.7)%                          | 23.1%                   | 7,795                            | (2,073)                          | -                                | -                        |
|                          | Global Investment Banking    | 15,068                           | 11,474                           | (23.9)%                          | 10.8%                   | 3,144                            | (1,155)                          | -                                | -                        |
| Asset Management Segment | Asset Management Segment     | 17,352                           | 18,605                           | 7.2%                             | 17.5%                   | 10,000                           | 11,173                           | 11.7%                            | 50.9%                    |
|                          | Securities asset management  | 11,096                           | 11,306                           | 1.9%                             | 10.6%                   | 5,184                            | 5,309                            | 2.4%                             | 24.2%                    |
|                          | Real estate asset management | 6,255                            | 7,299                            | 16.7%                            | 6.9%                    | 4,816                            | 5,863                            | 21.7%                            | 26.7%                    |
| Investment Segment       | Investment Segment           | 2,757                            | 3,689                            | 33.8%                            | 3.5%                    | 1,824                            | 4,483                            | 145.7%                           | 20.4%                    |
| Other, adjustments, etc. | Other, adjustments, etc.     | 12,502                           | 7,466                            | -                                | 7.0%                    | 1,730                            | (1,196)                          | -                                | -                        |
| Consolidated total       | Consolidated total           | 126,721                          | 106,122                          | (16.3)%                          | 100.0%                  | 34,922                           | 18,085                           | (48.2)%                          | 100.0%                   |

(Millions of yen)

(Note) The composition ratio of ordinary income (loss) displays a percentage of the ordinary income of each segment among the total ordinary income of segments for which ordinary income was recorded in the three months ended June 30, 2022.

## Retail Segment:

The main sources of earnings in the Retail Segment are commissions on products and services related to asset management for individual investors and unlisted companies in Japan. Factors that may have a major impact on operating results include changes in domestic and overseas financial markets and economic conditions that affect investment trends, as well as the development and underwriting status of products to address customer needs, and the type of sales strategies employed.

Equity revenue decreased for the three months ended June 30, 2022, primarily due to a decrease in brokerage commission as well  as  a  decrease  in  offering  commission  income  caused  by  a  year-on-year  decline  in  public  offerings  and  secondary distribution of stocks. Bond revenue decreased, primarily due to a decline in offering and secondary distribution. Due to a decline in the sales amount, sales commission income for equity investment trusts also decreased.

As a result, net operating revenue in the Retail Segment for the three months ended June 30, 2022 decreased by 14.7% year on year to 40.3 billion yen, and ordinary income decreased by 37.2% to 6.2 billion yen. Net operating revenue and ordinary income in the Retail Segment for the three months ended June 30, 2022 as a proportion of the consolidated net operating revenue and consolidated ordinary income for the entire Group were 38.1% and 28.7%, respectively.

The impact of the spread of COVID-19 on the performance in the Retail Segment for the three months ended June 30, 2022 was limited.

## Wholesale Segment:

The Wholesale Segment comprises the Global Markets, which conducts sales and trading of securities targeted at institutional investors, etc. and Global Investment Banking, which conducts underwriting of securities issued by industrial corporations and financial corporations, etc. and M&amp;A advisory services.

Main sources of earnings of Global Markets are trading commissions from the buying and selling of marketable securities for institutional investors and trading income. Changing market trends with geopolitical risks and international economic conditions, etc. and the associated change in customer flows are factors that have a major impact on operating results.

Global Markets had a decrease in revenue and a decrease in profit. Equity revenue decreased because of a decline in customer flows attributed to market uncertainty as  well as difficulties in managing positions. For fixed income revenue, although";"The main sources of earnings in the Retail Segment are commissions on products and services related to asset management for individual investors and unlisted companies in Japan. Factors that may have a major impact on operating results include changes in domestic and overseas financial markets and economic conditions that affect investment trends, as well as the development and underwriting status of products to address customer needs, and the type of sales strategies employed.

Equity revenue decreased for the three months ended June 30, 2022, primarily due to a decrease in brokerage commission as well as a decrease in offering commission income caused by a year-on-year decline in public offerings and secondary distribution of stocks. Bond revenue decreased, primarily due to a decline in offering and secondary distribution. Due to a decline in the sales amount, sales commission income for equity investment trusts also decreased.

As a result, net operating revenue in the Retail Segment for the three months ended June 30, 2022 decreased by 14.7% year on year to 40.3 billion yen, and ordinary income decreased by 37.2% to 6.2 billion yen. Net operating revenue and ordinary income in the Retail Segment for the three months ended June 30, 2022 as a proportion of the consolidated net operating revenue and consolidated ordinary income for the entire Group were 38.1% and 28.7%, respectively.

The Wholesale Segment comprises the Global Markets, which conducts sales and trading of securities targeted at institutional investors, etc. and Global Investment Banking, which conducts underwriting of securities issued by industrial corporations and financial corporations, etc. and M&A advisory services.

Main sources of earnings of Global Markets are trading commissions from the buying and selling of marketable securities for institutional investors and trading income. Changing market trends with geopolitical risks and international economic conditions, etc. and the associated change in customer flows are factors that have a major impact on operating results."
1223;1223;1223;AU000000MMS5;;Mcmillan Shakespeare Limited;1;1988.0;AUS;Q58998107;20040315.0;AUS;006FG8-E;77.11;ASX;MMS-AU;AU000000MMS5;B00G1Q;Mcmillan Shakespeare Limited;1.0;MMS-AU;1;SHARE;B00G1Q0;N;Mcmillan Shakespeare Limited1.pdf;77.1;77;"MMS  ANNUAL REPORT 2022

B

## Annual General Meeting

The Annual General Meeting of the members of McMillan Shakespeare Limited A.B.N. 74 107 233 983 will be held virtually and in person on 28 October 2022 at 10.00am. Please refer to the AGM notice for further details.

mmsg.com.au

The McMillan Shakespeare Group is a provider of salary packaging, novated leasing, disability plan management and support co-ordination, asset management and related financial products and services.

Through its subsidiaries, it offers a breadth of services and expertise, designed to responsibly deliver longterm value to its customers. The Group employs a highly committed team of c.1,300 people across Australia, New Zealand and the United Kingdom and domestically manages programs for some of the largest public sector, corporate and charitable organisations.

Header

<!-- image -->

SUBHEADER

<!-- image -->

<!-- image -->

<!-- image -->

<!-- image -->

<!-- image -->

<!-- image -->

<!-- image -->

<!-- image -->";"The company is a provider of salary packaging, novated leasing, disability plan management and support co-ordination, asset management and related financial products and services.

Through its subsidiaries, it offers a breadth of services and expertise, designed to responsibly deliver longterm value to its customers. The Group employs a highly committed team of c.1,300 people across Australia, New Zealand and the United Kingdom and domestically manages programs for some of the largest public sector, corporate and charitable organisations."
1202;1202;1202;BMG8766E1093;;Textainer Group Holdings Limited;1;1979.0;USA;G8766E109;20191211.0;BMU;06679M-E;77.39;JSE;TXT-ZA;BMG8766E1093;G8766E10;Textainer Group Holdings Limited;1.0;TXT-ZA;0;SHARE;BKDZ8P2;N;Textainer Group Holdings Limited1.pdf;77.3;77;"<!-- image -->

## About Us

Textainer Group Holdings Limited (NYSE: TGH) is one of the world's largest lessors of intermodal containers based on fleet size, with a total fleet of approximately 2.7 million containers, representing 4.4 million twenty-foot equivalent units (TEU). Containers are an integral component of intermodal trade, providing a secure and cost-effective method of transporting freight by ship, rail or truck, and making it possible to move cargo around the world without repeated packing and unpacking.

Operating since 1979, Textainer leases containers to roughly 200 shipping lines and other lessees, including the world's leading international shipping lines as measured by the total TEU capacity of their container vessels. We supply standard dry freight, specialized and refrigerated containers, and lease tank containers through our relationship with Trifleet Leasing. The Company also proudly serves as a longstanding supplier to the U.S. military. We believe our scale, global presence, customer service, market knowledge and extensive history with our customers make us one of the most reliable suppliers of leased containers.

Textainer also leads the resale industry, having secured its status as one of the largest sellers of used containers.

Textainer operates a network of 14 offices and 400 depots across all time zones. We have employees in major trading centers worldwide, dedicated to providing customers with the highest-quality equipment and exceptional service. Our leasing, resale and operations activities service locations across the globe from three regional offices:

CRANFORD, NJ North, Central and South America

LONDON, UK Europe, the Mediterranean, the Middle East, India and Africa

SINGAPORE Northeast Asia, Southeast Asia and Australia";The company) is one of the world's largest lessors of intermodal containers based on fleet size, with a total fleet of approximately 2.7 million containers, representing 4.4 million twenty-foot equivalent units (TEU). Operating since 1979, Textainer leases containers to roughly 200 shipping lines and other lessees, including the world's leading international shipping lines as measured by the total TEU capacity of their container vessels. We supply standard dry freight, specialized and refrigerated containers, and lease tank containers through our relationship with Trifleet Leasing. The Company also proudly serves as a longstanding supplier to the U.S. military. We believe our scale, global presence, customer service, market knowledge and extensive history with our customers make us one of the most reliable suppliers of leased containers. Textainer also leads the resale industry, having secured its status as one of the largest sellers of used containers.
1238;1238;1238;US10948C1071;;BrightView Holdings, Inc.;1;2013.0;USA;10948C107;20180628.0;USA;0GL2M1-E;81.3;NYSE;BV-US;US10948C1071;10948C10;BrightView Holdings, Inc.;1.0;BV-US;1;SHARE;BG0ZML1;N;BrightView Holdings, Inc.1.pdf;81.3;81;"## General Risk Factors

- Natural disasters, terrorist attacks and other external events could adversely affect our business.
- We face risks related to heightened inflation, recession, financial market disruptions and other economic conditions.
- Failure to meet environmental, social and governance ('ESG') expectations or standards or achieve our ESG goals could adversely affect our business, results of operations, financial condition, or stock price.
- Our stock price may change significantly, and you may not be able to resell shares of our common stock at or above the price you paid or at all, and you could lose all or part of your investment as a result.
- If securities analysts do not publish research or reports about our business or if they downgrade our stock or our sector, our stock price and trading volume could decline.
- Maintaining the requirements of being a public company may strain our resources, divert management's attention and affect our ability to attract and retain qualified Board members.
- Failure to comply with requirements to maintain effective internal controls could have a material adverse effect on our business and stock price.

## Item 1. Business

BrightView Holdings, Inc. is a holding company that conducts substantially all of its activity through its direct, wholly-owned operating  subsidiary,  BrightView  Landscapes,  LLC  ('BrightView')  and  its  consolidated  subsidiaries.  The  holding  company  and BrightView  are  collectively  referred  to  on  Form  10-K  (the  'Annual  Report')  as  'we,'  'us,'  'our,'  'ourselves,'  'Company,'  or 'BrightView.' Prior to its initial public offering completed in July 2018 (the 'IPO'), the Company was a wholly-owned subsidiary of BrightView Parent L.P. ('Parent'), an affiliate of Kohlberg Kravis Roberts &amp; Co. Inc. ('KKR'). The Parent and Company were formed through a series of transactions entered into by KKR to acquire the Company on December 18, 2013 (the 'KKR Acquisition').  The Parent was dissolved in August 2018 following the IPO.

## Our Company

We are the largest provider of commercial landscaping services in the United States, with revenues approximately 6 times those of  our  next  largest  commercial  landscaping  competitor.  We  provide  commercial  landscaping  services,  ranging  from  landscape maintenance and enhancements to tree care and landscape development. We operate through a differentiated and integrated national service model which systematically delivers services at the local level by combining our network of over 290 branches with a qualified service partner network. Our branch delivery model underpins our position as a single-source end-to-end landscaping solution provider to our diverse customer base at the national, regional and local levels, which we believe represents a significant competitive advantage. We  believe  our  commercial  customer  base  understands  the  financial  and  reputational  risk  associated  with  inadequate  landscape maintenance and considers our services to be essential and non-discretionary.

We operate through two segments: Maintenance Services and Development Services. Our maintenance services are primarily self-performed  through  our  national  branch  network  and  are  route-based  in  nature.  Our  development  services  are  comprised  of sophisticated design, coordination and installation of landscapes at some of the most recognizable corporate, athletic and university complexes and showcase highly visible work that is paramount to our customers' perception of our brand as a market leader.

<!-- image -->

As the number one player in the highly attractive and growing $83 billion commercial landscape maintenance and snow removal market, we believe our size and scale present several compelling value propositions for our customers, and allow us to offer a singlesource landscaping services solution to a diverse group of commercial customers across all 50 U.S. states. We serve a broad range of end  market  verticals,  including  corporate  and  commercial  properties,  Homeowners  Associations  (HOAs),  public  parks,  hotels  and resorts, hospitals and other healthcare facilities, educational institutions, restaurants and retail, and golf courses, among others. We are also the Official Field Consultant for Major League Baseball. Our diverse customer base includes approximately 9,500 office parks and corporate campuses, 7,500 residential communities, and 550 educational institutions. We believe that due to our unmatched geographic scale  and  breadth  of  service  offerings,  we  are  the  only  commercial  landscaping  services  provider  able  to  service  clients  whose geographically disperse locations require a broad range of landscaping services delivered consistently and with high quality. Our top ten customers accounted for approximately 10% of our fiscal 2022 revenues, with no single customer accounting for more than 2% of our fiscal 2022 revenues.

Our business model is characterized by stable, recurring revenues, a scalable operating model, strong operating margins, limited capital  expenditures  and  low  working  capital  requirements  that  together  generate  significant  Free  Cash  Flow.  For  the  year  ended September 30, 2022, we generated net service revenues of $2,774.6 million, net income of $14.0 million and Adjusted EBITDA of $287.9 million, with a net income margin of 0.5% and an Adjusted EBITDA margin of 10.4%.";"The company is a holding company that conducts substantially all of its activity through its direct, wholly-owned operating subsidiary and its consolidated subsidiaries. We are the largest provider of commercial landscaping services in the United States, with revenues approximately 6 times those of our next largest commercial landscaping competitor. We provide commercial landscaping services, ranging from landscape maintenance and enhancements to tree care and landscape development. We operate through a differentiated and integrated national service model which systematically delivers services at the local level by combining our network of over 290 branches with a qualified service partner network. Our branch delivery model underpins our position as a single-source end-to-end landscaping solution provider to our diverse customer base at the national, regional and local levels, which we believe represents a significant competitive advantage. We believe our commercial customer base understands the financial and reputational risk associated with inadequate landscape maintenance and considers our services to be essential and non-discretionary.

We operate through two segments: Maintenance Services and Development Services. Our maintenance services are primarily self-performed through our national branch network and are route-based in nature. Our development services are comprised of sophisticated design, coordination and installation of landscapes at some of the most recognizable corporate, athletic and university complexes and showcase highly visible work that is paramount to our customers' perception of our brand as a market leader.

As the number one player in the highly attractive and growing $83 billion commercial landscape maintenance and snow removal market, we believe our size and scale present several compelling value propositions for our customers, and allow us to offer a single-source landscaping services solution to a diverse group of commercial customers across all 50 U.S. states. Our business model is characterized by stable, recurring revenues, a scalable operating model, strong operating margins, limited capital expenditures and low working capital requirements that together generate significant Free Cash Flow. For the year ended September 30, 2022, we generated net service revenues of $2,774.6 million, net income of $14.0 million and Adjusted EBITDA of $287.9 million, with a net income margin of 0.5% and an Adjusted EBITDA margin of 10.4%."