Symbol,Description_page,Unnamed: 0,Name,Company is Active,Company Founded Date,Country of Primary Listing Iso3,CUSIP,Date Of First Trade,Entity Country HQ,Entity Credit Parent,NACE,Exchange Name (FS),FE Ticker,ISIN,Primary Equity Listing,Proper Name,Public Company,Region Ticker,Sec is Primary Issue,Sec Type,SEDOL,NACE_letter,Report,NACE_lvl_3,NACE_lvl_2
CA05335P1099,,0,Auxly Cannabis Group Inc.,1,1987.0,CAN,05335P109,19960301.0,CAN,003V9K-E,1.3,TORONTO,XLY-CA,CA05335P1099,BDGMQB,Auxly Cannabis Group Inc.,1.0,XLY-CA,1,SHARE,BDGMQB3,A,Auxly Cannabis Group Inc.2.pdf,01.3,1
JP3947800003,,1,"MEGMILK SNOW BRAND Co., Ltd.",1,2009.0,JPN,J41966102,20220727.0,JPN,0833Y1-E,1.41,US OTC,@NA,JP3947800003,B3ZC07,"MEGMILK SNOW BRAND Co., Ltd.",1.0,MMSBF-US,0,SHARE,BKQN701,A,"MEGMILK SNOW BRAND Co., Ltd.2.pdf",01.4,1
ID1000167901,,2,PT Cilacap Samudera Fishing Industry Tbk,0,1999.0,IDN,Y129H6108,20220527.0,IDN,@NA,3.12,INDONESIA,ASHA-ID,ID1000167901,BMBMZG,PT Cilacap Samudera Fishing Industry Tbk,1.0,ASHA-ID,0,SHARE,BMBMZG9,A,PT Cilacap Samudera Fishing Industry Tbk3.pdf,03.1,3
JP3843250006,,3,Hokuto Corporation,1,1964.0,JPN,J2224T102,19941202.0,JPN,05HY7N-E,1.3,TOKYO,1379-JP,JP3843250006,643271,Hokuto Corporation,1.0,1379-JP,1,SHARE,6432715,A,Hokuto Corporation1.pdf,01.3,1
VN000000VTQ6,,4,Viet Trung Quang Binh Joint Stock Co,0,1961.0,VNM,Y937XS108,,VNM,@NA,2.3,HANOI,@NA,VN000000VTQ6,BMCR2W,Viet Trung Quang Binh Joint Stock Co,1.0,VTQ-VN,0,SHARE,BMCR2W8,A,Viet Trung Quang Binh Joint Stock Co3.pdf,02.3,2
MYL9776OO005,,5,Sinmah Capital Bhd,1,1994.0,MYS,Y8020Z104,19960417.0,MYS,05JHFK-E,1.47,MALAYSIA,9776-MY,MYL9776OO005,680913,Sinmah Capital Bhd,1.0,9776-MY,1,SHARE,6809137,A,Sinmah Capital Bhd2.pdf,01.4,1
US91532E1055,,6,Unrivaled Brands Inc,1,2008.0,USA,91532E105,20110318.0,USA,00BN7S-E,1.19,US OTC,@NA,US91532E1055,91532E10,Unrivaled Brands Inc,1.0,UNRV-US,1,SHARE,BKX7FG8,A,Unrivaled Brands Inc3.pdf,01.1,1
CA75867R1047,,7,Refined Metals Corp,1,2013.0,CAN,75867R104,20170605.0,CAN,0JS8DD-E,1.19,CNQ,@NA,CA75867R1047,BPBRTM,Refined Metals Corp,1.0,RMC-CA,1,SHARE,BPBRTM9,A,Refined Metals Corp1.pdf,01.1,1
MYL7176OO000,,8,TPC Plus Bhd.,1,1978.0,MYS,Y8937B109,20031218.0,MYS,006507-E,1.47,MALAYSIA,7176-MY,MYL7176OO000,672565,TPC Plus Bhd.,1.0,7176-MY,1,SHARE,6725653,A,TPC Plus Bhd.3.pdf,01.4,1
INE233P01017,,9,Saptarishi Agro Industries Ltd.,1,1992.0,IND,Y7T169117,20041223.0,IND,@NA,1.3,BSE INDIA,@NA,INE233P01017,BCZSGM,Saptarishi Agro Industries Ltd.,1.0,519238-IN,1,SHARE,BCZSGM6,A,Saptarishi Agro Industries Ltd.2.pdf,01.3,1
ARP331091024,,10,Cresud SA,1,1936.0,ARG,P3311R127,19850102.0,ARG,001MSF-E,1.61,BUENOS AIRES,CRES-AR,ARP331091024,223338,Cresud SA,1.0,CRES-AR,1,SHARE,2233387,A,Cresud SA1.pdf,01.6,1
LU0611262873,,11,KSG Agro SA,1,2010.0,POL,L5903L107,20110505.0,UKR,0BRK63-E,1.5,WARSAW,KSG-PL,LU0611262873,B42XFB,KSG Agro SA,1.0,KSG-PL,1,SHARE,B42XFB0,A,KSG Agro SA1.pdf,01.5,1
FDS18XV9,,12,"Shandong Fengxiang Co., Ltd.",1,1996.0,HKG,FDS18XV91,,CHN,08KLR8-E,1.47,@NA,@NA,@NA,BMHWY6,"Shandong Fengxiang Co., Ltd.",1.0,@NA,0,SHARE,@NA,A,"Shandong Fengxiang Co., Ltd.1.pdf",01.4,1
CA92556L1085,,13,Vibe Growth Corporation,1,2011.0,CAN,92556L108,20190405.0,CAN,0KS9TH-E,1.3,US OTC,@NA,CA92556L1085,BJH82S,Vibe Growth Corporation,1.0,VIBEF-US,0,SHARE,BJV9BS3,A,Vibe Growth Corporation3.pdf,01.3,1
US54928U1097,,14,"Luca, Inc.",0,2008.0,USA,54928U109,20100119.0,CHN,09SK21-E,1.13,US OTC,LUCC-US,US54928U1097,54928U10,"Luca, Inc.",1.0,LUCC-US,1,SHARE,BD8RLZ5,A,"Luca, Inc.2.pdf",01.1,1
LK0297N00008,,15,Kahawatte Plantations PLC,1,1992.0,LKA,Y44954108,19990610.0,LKA,081QN4-E,1.61,COLOMBO,KAHA.N0000-LK,LK0297N00008,613927,Kahawatte Plantations PLC,1.0,KAHA.N0000-LK,1,SHARE,6139276,A,Kahawatte Plantations PLC1.pdf,01.6,1
INE594O01015,,16,R J Bio-Tech Ltd.,0,2005.0,IND,Y73126107,20130925.0,IND,@NA,1.5,BSE INDIA,@NA,INE594O01015,BF49P8,R J Bio-Tech Ltd.,1.0,536456-IN,0,SHARE,BF49P80,A,R J Bio-Tech Ltd.2.pdf,01.5,1
CA13765U2002,,17,"Cannara Biotech, Inc.",1,2017.0,CAN,13765U200,20190118.0,CAN,0JR0W6-E,1.3,US OTC,@NA,CA13765U2002,BMZMHL,"Cannara Biotech, Inc.",1.0,LOVFF-US,0,SHARE,BMZMHM5,A,"Cannara Biotech, Inc.1.pdf",01.3,1
RO87WII43RS1,,18,DN Agrar Group S.A,0,,ROU,X1841M106,,ROU,@NA,1.41,BUCHAREST SPOT,@NA,RO87WII43RS1,BMC50N,DN Agrar Group S.A,1.0,DN-RO,0,SHARE,BMC50N9,A,DN Agrar Group S.A1.pdf,01.4,1
BE0003898187,,19,SIPEF group,1,1919.0,BEL,B7911E134,20080730.0,BEL,05J9FN-E,1.19,LONDON,@NA,BE0003898187,481174,SIPEF group,1.0,0JSU-GB,0,SHARE,B28MH66,A,SIPEF group3.pdf,01.1,1
US09689V1008,,20,Body & Mind Inc.,1,1998.0,CAN,09689V100,20120124.0,CAN,0HR2VH-E,1.3,CNQ,@NA,US09689V1008,BFD4XL,Body & Mind Inc.,1.0,BAMM-CA,1,SHARE,BFD4XL5,A,Body & Mind Inc.1.pdf,01.3,1
AU000000CSS3,,21,Clean Seas Seafood Limited,1,2000.0,AUS,Q2508T119,20051212.0,AUS,007SZ9-E,3.21,ASX,CSS-AU,AU000000CSS3,B0PFW9,Clean Seas Seafood Limited,1.0,CSS-AU,1,SHARE,B0PFW92,A,Clean Seas Seafood Limited2.pdf,03.2,3
CA68405H1001,,22,Optimi Health Corp.,1,2020.0,CAN,68405H100,20210225.0,CAN,@NA,1.3,CNQ,@NA,CA68405H1001,BMDKP9,Optimi Health Corp.,1.0,OPTI-CA,1,SHARE,BMDKP94,A,Optimi Health Corp.1.pdf,01.3,1
INE008Z01020,,23,Shree Ram Proteins Ltd.,1,2008.0,IND,Y7764A127,20180205.0,IND,@NA,1.19,NSE INDIA,@NA,INE008Z01020,BP4Y40,Shree Ram Proteins Ltd.,1.0,SRPL-IN,1,SHARE,BP4Y400,A,Shree Ram Proteins Ltd.1.pdf,01.1,1
NO0010310956,,25,SalMar ASA,1,1991.0,NOR,R7445C102,20070508.0,NOR,05LH44-E,3.21,OSLO,SALM-NO,NO0010310956,B1W5NW,SalMar ASA,1.0,SALM-NO,1,SHARE,B1W5NW2,A,SalMar ASA1.pdf,03.2,3
US3930572033,,26,Green Hygienics Holdings Inc.,1,2008.0,USA,393057203,20110311.0,USA,00BGWW-E,1.3,US OTC,@NA,US3930572033,39305720,Green Hygienics Holdings Inc.,1.0,GRYN-US,1,SHARE,BY9CSC2,A,Green Hygienics Holdings Inc.1.pdf,01.3,1
PLBMSEP00011,,27,Biomass Energy Project SA,1,2011.0,POL,X0R3ZY106,20121207.0,POL,@NA,1.63,WARSAW,@NA,PLBMSEP00011,B7HKL8,Biomass Energy Project SA,1.0,BEP-PL,1,SHARE,B7HKL86,A,Biomass Energy Project SA2.pdf,01.6,1
GG00BDG13C09,,28,Agriterra Ltd,1,2004.0,GBR,G0129M118,20050210.0,MOZ,006WC2-E,1.42,LONDON,AGTA-GB,GG00BDG13C09,BDG13C,Agriterra Ltd,1.0,AGTA-GB,1,SHARE,BDG13C0,A,Agriterra Ltd1.pdf,01.4,1
MYL2135OO001,,29,Gopeng Bhd.,1,1912.0,MYS,Y28179102,19850731.0,MYS,@NA,1.61,MALAYSIA,2135-MY,MYL2135OO001,637859,Gopeng Bhd.,1.0,2135-MY,1,SHARE,6378596,A,Gopeng Bhd.2.pdf,01.6,1
BMG0620W2019,,30,Asian Citrus Holdings Limited,1,2003.0,HKG,G0620W201,20091126.0,HKG,@NA,1.26,HONG KONG,73-HK,BMG0620W2019,B4R29H,Asian Citrus Holdings Limited,1.0,73-HK,1,SHARE,B4R29H6,A,Asian Citrus Holdings Limited2.pdf,01.2,1
CA39328G1072,,31,Green Rise Foods Inc,1,2017.0,CAN,39328G107,20171129.0,CAN,0HG22V-E,1.13,TSX VENTURE,@NA,CA39328G1072,39328G10,Green Rise Foods Inc,1.0,GRF-CA,1,SHARE,BN6N9B7,A,Green Rise Foods Inc1.pdf,01.1,1
US36255V1070,,33,"GSRX Industries, Inc.",0,2006.0,USA,36255V107,20071218.0,USA,0H360B-E,1.19,US OTC,@NA,US36255V1070,36255V10,"GSRX Industries, Inc.",1.0,GSRX-US,1,SHARE,BYVJCG3,A,"GSRX Industries, Inc.1.pdf",01.1,1
CA45074T1021,,34,"iAnthus Capital Holdings, Inc.",1,2013.0,CAN,45074T102,20160908.0,USA,0GHTT0-E,1.19,US OTC,ITHUF-US,CA45074T1021,BD1R60,"iAnthus Capital Holdings, Inc.",1.0,ITHUF-US,0,SHARE,BD5M5C8,A,"iAnthus Capital Holdings, Inc.1.pdf",01.1,1
INE857P01021,,36,Shivamshree Businesses Ltd.,0,1983.0,IND,Y7938J137,20140704.0,IND,0DS2BJ-E,1.41,BSE INDIA,@NA,INE857P01021,BTN1V0,Shivamshree Businesses Ltd.,1.0,538520-IN,0,SHARE,BTN1V09,A,Shivamshree Businesses Ltd.2.pdf,01.4,1
INE354D01017,,37,Simran Farms Limited,1,1984.0,IND,Y7987G109,20010921.0,IND,05T1CT-E,1.47,BSE INDIA,@NA,INE354D01017,641019,Simran Farms Limited,1.0,519566-IN,1,SHARE,6410197,A,Simran Farms Limited2.pdf,01.4,1
CA0042721005,,38,Acadian Timber Corp.,1,2005.0,CAN,004272100,20100426.0,CAN,094RG0-E,2.3,US OTC,@NA,CA0042721005,B5TS41,Acadian Timber Corp.,1.0,ACAZF-US,0,SHARE,B5W35L7,A,Acadian Timber Corp.1.pdf,02.3,2
KYG215791008,,39,China Modern Dairy Holdings Ltd.,1,2005.0,HKG,G21579100,20101126.0,CHN,0B6R23-E,1.41,HONG KONG,1117-HK,KYG215791008,B3PZ2V,China Modern Dairy Holdings Ltd.,1.0,1117-HK,1,SHARE,B3PZ2V5,A,China Modern Dairy Holdings Ltd.1.pdf,01.4,1
ZW0009011082,,40,Border Timbers Limited,1,1979.0,ZWE,V1145F106,20090317.0,ZWE,06S1R0-E,2.1,ZIMBABWE,BRDR-ZW,ZW0009011082,611238,Border Timbers Limited,1.0,BRDR-ZW,1,SHARE,6112385,A,Border Timbers Limited1.pdf,02.1,2
INE689E01014,,41,Hisar Spinning Mills Ltd.,1,1992.0,IND,Y32257100,20050418.0,IND,0B0KB4-E,1.16,BSE INDIA,@NA,INE689E01014,B04CPN,Hisar Spinning Mills Ltd.,1.0,521068-IN,1,SHARE,B04CPN9,A,Hisar Spinning Mills Ltd.1.pdf,01.1,1
ZAE000029757,,43,Astral Foods Limited,1,2001.0,ZAF,S0752H102,20010409.0,ZAF,05J613-E,1.47,JSE,ARL-ZA,ZAE000029757,634283,Astral Foods Limited,1.0,ARL-ZA,1,SHARE,6342836,A,Astral Foods Limited1.pdf,01.4,1
MU0117U00026,,44,Golden Agri-Resources Ltd,1,1996.0,SGP,V39076134,20071126.0,SGP,05J2PF-E,1.19,FRANKFURT,@NA,MU0117U00026,616447,Golden Agri-Resources Ltd,1.0,4G3A-DE,0,SHARE,B29MKH7,A,Golden Agri-Resources Ltd1.pdf,01.1,1
AU000000RGI7,,45,Roto-Gro International Ltd.,0,2015.0,AUS,Q81802110,20170210.0,AUS,@NA,1.19,ASX,@NA,AU000000RGI7,BDC4ZS,Roto-Gro International Ltd.,1.0,RGI-AU,1,SHARE,BDC4ZS3,A,Roto-Gro International Ltd.1.pdf,01.1,1
NZRBCE0001S3,,46,ArborGen Holdings Limited,1,2001.0,NZL,Q0465M101,20010327.0,NZL,05J4F1-E,2.3,NEW ZEALAND,ARB-NZ,NZRBCE0001S3,634142,ArborGen Holdings Limited,1.0,ARB-NZ,1,SHARE,6341424,A,ArborGen Holdings Limited1.pdf,02.3,2
MYL4243OO001,,47,WTK Holdings Bhd.,1,1970.0,MYS,Y9649X108,19880324.0,MYS,05J1C6-E,2.1,MALAYSIA,4243-MY,MYL4243OO001,677142,WTK Holdings Bhd.,1.0,4243-MY,1,SHARE,6771429,A,WTK Holdings Bhd.3.pdf,02.1,2
CA45569M1095,,48,Indigenous Bloom Hemp Corp,1,2014.0,CAN,45569M109,20160218.0,CAN,@NA,1.3,US OTC,@NA,CA45569M1095,BN2ZW6,Indigenous Bloom Hemp Corp,1.0,VRTHF-US,0,SHARE,BN2ZWC9,A,Indigenous Bloom Hemp Corp2.pdf,01.3,1
US92347N2071,,49,"Veritas Farms, Inc.",1,2011.0,USA,92347N207,20161024.0,USA,@NA,1.19,US OTC,@NA,US92347N2071,92347N20,"Veritas Farms, Inc.",1.0,VFRM-US,1,SHARE,BJSFXZ5,A,"Veritas Farms, Inc.1.pdf",01.1,1
KR7030720007,,50,"Dongwon Fisheries Co., Ltd",1,1970.0,KOR,Y2098M103,19961007.0,KOR,062H0Q-E,3.21,KOREA,030720-KR,KR7030720007,626257,"Dongwon Fisheries Co., Ltd",1.0,030720-KR,1,SHARE,6262570,A,"Dongwon Fisheries Co., Ltd1.pdf",03.2,3
CA5475721075,,51,"Lowell Farms, Inc.",1,2005.0,CAN,547572107,20190501.0,USA,0KVW5Q-E,1.5,US OTC,@NA,CA5475721075,BMV3MM,"Lowell Farms, Inc.",1.0,LOWLF-US,0,SHARE,BMVC5P8,A,"Lowell Farms, Inc.1.pdf",01.5,1
MYQ0095OO008,,52,MAG Holdings Berhad,1,2004.0,MYS,Y4737L108,20050823.0,MYS,007H5C-E,3.21,MALAYSIA,@NA,MYQ0095OO008,B0HWY4,MAG Holdings Berhad,1.0,0095-MY,1,SHARE,B0HWY40,A,MAG Holdings Berhad1.pdf,03.2,3
CA01444Q1046,,53,"Aleafia Health, Inc.",1,2007.0,CAN,01444Q104,20110729.0,CAN,0J9K17-E,1.19,TORONTO,AH-CA,CA01444Q1046,BDRXWQ,"Aleafia Health, Inc.",1.0,AH-CA,1,SHARE,BDRXWQ2,A,"Aleafia Health, Inc.3.pdf",01.1,1
CA68621J1049,,54,"Organto Foods, Inc.",1,2007.0,CAN,68621J104,20091231.0,CAN,0FZ9M4-E,1.13,US OTC,@NA,CA68621J1049,BDFG15,"Organto Foods, Inc.",1.0,OGOFF-US,0,SHARE,BDFG6R2,A,"Organto Foods, Inc.1.pdf",01.1,1
FR0010641449,,55,AgroGeneration SA,1,2007.0,FRA,F0170C101,20100301.0,FRA,07H3NP-E,1.19,EURONEXT PARIS,ALAGR-FR,FR0010641449,B6028J,AgroGeneration SA,1.0,ALAGR-FR,1,SHARE,B6028J2,A,AgroGeneration SA1.pdf,01.1,1
INE019B01010,,56,Transchem Limited,1,1976.0,IND,Y8968G118,20051213.0,IND,@NA,1.3,BSE INDIA,@NA,INE019B01010,B0TMBD,Transchem Limited,1.0,500422-IN,1,SHARE,B0TMBD6,A,Transchem Limited1.pdf,01.3,1
US42370R2031,,57,"Hemp Naturals, Inc.",1,2015.0,USA,42370R203,20170816.0,USA,@NA,1.3,US OTC,@NA,US42370R2031,42370R20,"Hemp Naturals, Inc.",1.0,HPMM-US,1,SHARE,BLPNR32,A,"Hemp Naturals, Inc.3.pdf",01.3,1
CA05353D1033,,58,Avant Brands Inc,1,2012.0,CAN,05353D103,20180710.0,CAN,0JNQDY-E,1.19,US OTC,@NA,CA05353D1033,BL6JPP,Avant Brands Inc,1.0,AVTBF-US,0,SHARE,BL6JWQ7,A,Avant Brands Inc1.pdf,01.1,1
INE448G01010,,59,Nath Bio-Genes (India) Ltd.,1,1993.0,IND,Y6S00H102,20140128.0,IND,@NA,1.5,BSE INDIA,537291-IN,INE448G01010,BJBPXY,Nath Bio-Genes (India) Ltd.,1.0,537291-IN,1,SHARE,BJBPXY1,A,Nath Bio-Genes (India) Ltd.1.pdf,01.5,1
MYL2453OO008,,60,Kluang Rubber Co. (Malaya) Bhd.,1,1959.0,MYS,Y4809H100,19900110.0,MYS,@NA,1.19,MALAYSIA,2453-MY,MYL2453OO008,649563,Kluang Rubber Co. (Malaya) Bhd.,1.0,2453-MY,1,SHARE,6495633,A,Kluang Rubber Co. (Malaya) Bhd.2.pdf,01.1,1
CL0001763912,,61,Empresas AquaChile S.A.,1,1998.0,CHL,P3764P107,20110519.0,CHL,00B15R-E,3.21,SANTIAGO,AQUACHILE-CL,CL0001763912,B4R4YK,Empresas AquaChile S.A.,1.0,AQUACHILE-CL,1,SHARE,B4R4YK0,A,Empresas AquaChile S.A.3.pdf,03.2,3
FDSF2C04,,62,Balangoda Plantations PLC,1,1992.0,LKA,FDSF2C047,,LKA,081QMY-E,1.61,@NA,@NA,@NA,607300,Balangoda Plantations PLC,1.0,@NA,0,SHARE,@NA,A,Balangoda Plantations PLC1.pdf,01.6,1
CA46501D1087,,63,Isracann Biosciences Inc.,1,2010.0,CAN,46501D108,20111129.0,CAN,@NA,1.19,CNQ,@NA,CA46501D1087,BJRBVR,Isracann Biosciences Inc.,1.0,IPOT-CA,1,SHARE,BJRBVR2,A,Isracann Biosciences Inc.1.pdf,01.1,1
US0162301040,,64,"Alico, Inc.",1,1960.0,USA,016230104,19841105.0,USA,000BQ3-E,1.23,NASDAQ,ALCO-US,US0162301040,01623010,"Alico, Inc.",1.0,ALCO-US,1,SHARE,2016425,A,"Alico, Inc.1.pdf",01.2,1
CA88105E1088,,65,TerrAscend Corp.,1,2017.0,CAN,88105E108,20171117.0,CAN,0GX90K-E,1.19,US OTC,TRSSF-US,CA88105E1088,BDG1S2,TerrAscend Corp.,1.0,TRSSF-US,0,SHARE,BDFDQ73,A,TerrAscend Corp.2.pdf,01.1,1
CI0000000196,,66,Societe Africaine de Plantations d' Heveas SA,1,1956.0,CIV,V8461X108,19990310.0,CIV,077NCR-E,2.3,IVORY COAST,SPHC-CI,CI0000000196,601588,Societe Africaine de Plantations d' Heveas SA,1.0,SPHC-CI,1,SHARE,6015882,A,Societe Africaine de Plantations d' Heveas SA2.pdf,02.3,2
BW0000002005,,68,Seed Co International Ltd.,0,2000.0,BWA,V7707V108,20181011.0,BWA,0CNL8T-E,1.19,ZIMBABWE,SCIL-ZW,BW0000002005,BZ0682,Seed Co International Ltd.,1.0,SCIL-ZW,0,SHARE,BGV7J04,A,Seed Co International Ltd.1.pdf,01.1,1
CA34348Q1028,,69,"Flower One Holdings, Inc.",1,2007.0,CAN,34348Q102,20181012.0,CAN,0K6FVV-E,1.19,US OTC,@NA,CA34348Q1028,BGPF6B,"Flower One Holdings, Inc.",1.0,FLOOF-US,0,SHARE,BF8RW45,A,"Flower One Holdings, Inc.2.pdf",01.1,1
ES0127232017,,70,Ecolumber SA,1,2004.0,ESP,E4186T109,20131111.0,ESP,099KYN-E,2.1,SPAIN,ECO-ES,ES0127232017,B7NYX2,Ecolumber SA,1.0,ECO-ES,1,SHARE,B7NYX20,A,Ecolumber SA1.pdf,02.1,2
ID1000170400,,71,PT Aman Agrindo Tbk,0,2013.0,IDN,Y009D5108,20220803.0,IDN,@NA,1.14,INDONESIA,@NA,ID1000170400,BQFNGF,PT Aman Agrindo Tbk,1.0,GULA-ID,0,SHARE,BQFNGF2,A,PT Aman Agrindo Tbk2.pdf,01.1,1
CA71716K1012,,72,PharmaCielo Ltd.,1,2014.0,CAN,71716K101,20190128.0,CAN,0KK4WN-E,1.19,US OTC,@NA,CA71716K1012,BH4KPJ,PharmaCielo Ltd.,1.0,PCLOF-US,0,SHARE,BHNG092,A,PharmaCielo Ltd.1.pdf,01.1,1
CA2241301043,,73,Craftport Cannabis Corp,1,2009.0,CAN,224130104,20171227.0,CAN,0HL5Z7-E,1.3,US OTC,@NA,CA2241301043,BPBPKL,Craftport Cannabis Corp,1.0,BHHKF-US,0,SHARE,BPLFB83,A,Craftport Cannabis Corp1.pdf,01.3,1
NO0010829765,,74,Andfjord Salmon AS,1,2014.0,NOR,R0R33Y108,20190827.0,NOR,0JQDXX-E,3.21,OSLO,ANDF-NO,NO0010829765,BJGTLN,Andfjord Salmon AS,1.0,ANDF-NO,1,SHARE,BJGTLN3,A,Andfjord Salmon AS1.pdf,03.2,3
JP3962200006,,75,"Yonkyu Co., Ltd.",1,1963.0,JPN,J9777L105,19931126.0,JPN,@NA,3.21,TOKYO,9955-JP,JP3962200006,688996,"Yonkyu Co., Ltd.",1.0,9955-JP,1,SHARE,6889968,A,"Yonkyu Co., Ltd.1.pdf",03.2,3
AU0000195000,,76,Rare Foods Australia Ltd,1,2011.0,AUS,Q70560133,20171114.0,AUS,@NA,3.21,ASX,RFA-AU,AU0000195000,BNKLVH,Rare Foods Australia Ltd,1.0,RFA-AU,1,SHARE,BNKLVH7,A,Rare Foods Australia Ltd1.pdf,03.2,3
NGELLAHLAKE8,,77,Ellah Lakes Plc,1,1980.0,NGA,V32442101,20000502.0,NGA,@NA,3.21,NIGERIA,@NA,NGELLAHLAKE8,622580,Ellah Lakes Plc,1.0,ELLAHLAKES-NG,1,SHARE,6225807,A,Ellah Lakes Plc2.pdf,03.2,3
US22905K1051,2.0,78,Cryomass Technologies Inc.,1,2011.0,USA,22905K105,20140602.0,USA,00DXPV-E,1.5,US OTC,@NA,US22905K1051,22905K10,Cryomass Technologies Inc.,1.0,CRYM-US,1,SHARE,BMYTJC1,A,Cryomass Technologies Inc.1.pdf,01.5,1
US1305051005,,80,California Orchard Company,0,1919.0,USA,130505100,19940715.0,USA,@NA,1.26,US OTC,@NA,US1305051005,13050510,California Orchard Company,1.0,CAOX-US,0,SHARE,B02W3B5,A,California Orchard Company1.pdf,01.2,1
CA3620061083,,81,Gnomestar Craft Inc,0,2011.0,CAN,362006108,20140328.0,CAN,@NA,1.19,CNQ,@NA,CA3620061083,BM9PQF,Gnomestar Craft Inc,1.0,GNOM-CA,1,SHARE,BM9PQF6,A,Gnomestar Craft Inc1.pdf,01.1,1
LK0286N00001,,83,Balangoda Plantations PLC,1,1992.0,LKA,Y0549K106,19980603.0,LKA,081QMY-E,1.61,COLOMBO,BALA.N0000-LK,LK0286N00001,607300,Balangoda Plantations PLC,1.0,BALA.N0000-LK,1,SHARE,6073006,A,Balangoda Plantations PLC1.pdf,01.6,1
PR5666051015,,84,"Margo Caribe, Inc.",0,1987.0,USA,566605101,19870209.0,PRI,@NA,1.19,US OTC,MRGO-US,PR5666051015,56660510,"Margo Caribe, Inc.",1.0,MRGO-US,1,SHARE,2546029,A,"Margo Caribe, Inc.1.pdf",01.1,1
MYL5135OO008,,85,Sarawak Plantation Bhd.,1,1997.0,MYS,Y7526J101,20070828.0,MYS,0608V9-E,1.19,MALAYSIA,5135-MY,MYL5135OO008,B23WT1,Sarawak Plantation Bhd.,1.0,5135-MY,1,SHARE,B23WT10,A,Sarawak Plantation Bhd.2.pdf,01.1,1
AU000000CAN2,,86,Cann Group Ltd.,1,2014.0,AUS,Q2045T101,20171204.0,AUS,@NA,1.3,US OTC,@NA,AU000000CAN2,BYP34X,Cann Group Ltd.,1.0,CNGGF-US,0,SHARE,BF2VR60,A,Cann Group Ltd.1.pdf,01.3,1
FI4000496328,,87,FIFAX Plc,0,2012.0,FIN,X2878J107,20211025.0,ALA,@NA,3.21,OMX NORDIC HELSINKI,FIFAX-FI,FI4000496328,BMV4YF,FIFAX Plc,1.0,FIFAX-FI,0,SHARE,BMV4YF7,A,FIFAX Plc1.pdf,03.2,3
CA55344L1022,,88,MPX International Corp.,1,2018.0,CAN,55344L102,20190305.0,CAN,0KLDT5-E,1.19,US OTC,@NA,CA55344L1022,BG0B1V,MPX International Corp.,1.0,MPXOF-US,0,SHARE,BJJMS49,A,MPX International Corp.3.pdf,01.1,1
NZSANE0001S0,,89,Sanford Limited,1,1881.0,NZL,Q82719164,19870506.0,NZL,05HN6F-E,3.21,NEW ZEALAND,SAN-NZ,NZSANE0001S0,677418,Sanford Limited,1.0,SAN-NZ,1,SHARE,6774183,A,Sanford Limited1.pdf,03.2,3
FR0000052516,,94,Vilmorin & Cie SA,1,1990.0,FRA,F9768K102,19931109.0,FRA,002NFR-E,1.19,EURONEXT PARIS,RIN-FR,FR0000052516,B0WM39,Vilmorin & Cie SA,1.0,RIN-FR,1,SHARE,B0WM393,A,Vilmorin & Cie SA2.pdf,01.1,1
KW0EQ0605026,,96,Palms Agro Production Co. KSCC,1,1982.0,KWT,M7803L137,20031204.0,KWT,@NA,1.19,KUWAIT,@NA,KW0EQ0605026,659102,Palms Agro Production Co. KSCC,1.0,PAPCO-KW,1,SHARE,6591025,A,Palms Agro Production Co. KSCC1.pdf,01.1,1
KR7086060001,5.0,97,"Gene Bio Tech Co., Ltd.",1,2000.0,KOR,Y2684U105,20060428.0,KOR,07D351-E,1.63,KOREA,@NA,KR7086060001,B11R10,"Gene Bio Tech Co., Ltd.",1.0,086060-KR,1,SHARE,B11R103,A,"Gene Bio Tech Co., Ltd.1.pdf",01.6,1
INE112B01013,,98,Omega Ag-Seeds (Punjab) Ltd.,1,1992.0,IND,Y64753117,20110420.0,IND,@NA,1.61,BSE INDIA,@NA,INE112B01013,B03M0C,Omega Ag-Seeds (Punjab) Ltd.,1.0,519479-IN,1,SHARE,B03M0C4,A,Omega Ag-Seeds (Punjab) Ltd.3.pdf,01.6,1
VGG2423W1077,,100,Cora Gold Ltd.,1,2012.0,GBR,G2423W107,20171009.0,VGB,0GTTYN-E,7.29,LONDON,CORA-GB,VGG2423W1077,BF012B,Cora Gold Ltd.,1.0,CORA-GB,1,SHARE,BF012B2,B,Cora Gold Ltd.1.pdf,07.2,7
CA00827Y1060,,101,Affinity Metals Corp,1,1978.0,CAN,00827Y106,19960301.0,CAN,@NA,7.29,TSX VENTURE,@NA,CA00827Y1060,BF01YN,Affinity Metals Corp,1.0,AFF-CA,1,SHARE,BF01YN8,B,Affinity Metals Corp2.pdf,07.2,7
CA31422Y1007,,102,FE Battery Metals Corp.,1,1966.0,CAN,31422Y100,19960301.0,CAN,003PXH-E,7.29,CNQ,FE-CA,CA31422Y1007,BMH4D8,FE Battery Metals Corp.,1.0,FE-CA,1,SHARE,BMH4D87,B,FE Battery Metals Corp.2.pdf,07.2,7
CA13321L1085,,103,Cameco Corporation,1,1988.0,CAN,13321L108,19991122.0,CAN,001XGZ-E,7.21,FRANKFURT,@NA,CA13321L1085,216616,Cameco Corporation,1.0,CJ6-DE,0,SHARE,5821080,B,Cameco Corporation1.pdf,07.2,7
AU000000LTR4,,104,Liontown Resources Limited,0,2006.0,AUS,Q5569M105,,AUS,008W6C-E,7.29,BERNE,@NA,AU000000LTR4,B1J89V,Liontown Resources Limited,1.0,@NA,0,SHARE,BLNP0F3,B,Liontown Resources Limited1.pdf,07.2,7
CA88651M1086,,105,"Tier One Silver, Inc.",1,2020.0,CAN,88651M108,20210609.0,CAN,@NA,9.9,TSX VENTURE,@NA,CA88651M1086,BKPLQ2,"Tier One Silver, Inc.",1.0,TSLV-CA,1,SHARE,BKPLQ21,B,"Tier One Silver, Inc.1.pdf",09.9,9
CA5912552034,,106,Metallica Metals Corp,1,1987.0,CAN,591255203,19960301.0,CAN,0041GH-E,7.29,CNQ,@NA,CA5912552034,BNLYVF,Metallica Metals Corp,1.0,MM-CA,1,SHARE,BNLYVF3,B,Metallica Metals Corp1.pdf,07.2,7
CA5362161047,,107,Lion One Metals Limited,1,1996.0,CAN,536216104,20101217.0,CAN,0BGG48-E,7.29,US OTC,@NA,CA5362161047,B609Z0,Lion One Metals Limited,1.0,LOMLF-US,0,SHARE,B644TG8,B,Lion One Metals Limited1.pdf,07.2,7
CA89154B1022,,108,Total Energy Services Inc.,1,1996.0,CAN,89154B102,20210208.0,CAN,07NSCV-E,9.1,LONDON,@NA,CA89154B1022,B4YSN6,Total Energy Services Inc.,1.0,0S9F-GB,0,SHARE,BF2HFP3,B,Total Energy Services Inc.3.pdf,09.1,9
US6386841000,,109,Nationwide Utilities Corp.,0,1997.0,USA,638684100,20000331.0,CAN,@NA,9.1,US OTC,@NA,US6386841000,63868410,Nationwide Utilities Corp.,1.0,NWUC-US,1,SHARE,B1F6XB1,B,Nationwide Utilities Corp.1.pdf,09.1,9
AU0000066169,,110,Australian Silica Quartz Group Limited,1,2006.0,AUS,Q1R79X104,20071022.0,AUS,@NA,7.29,ASX,ASQ-AU,AU0000066169,BKYBGX,Australian Silica Quartz Group Limited,1.0,ASQ-AU,1,SHARE,BKYBGX3,B,Australian Silica Quartz Group Limited1.pdf,07.2,7
US9267952045,,111,Viking Energy Group Inc,1,1989.0,USA,926795204,19980615.0,USA,002RW1-E,6.1,US OTC,VKIN-US,US9267952045,92679520,Viking Energy Group Inc,1.0,VKIN-US,1,SHARE,BMY9RT4,B,Viking Energy Group Inc1.pdf,06.1,6
AU000000S320,,112,South32 Ltd.,1,2015.0,AUS,Q86668102,20150518.0,AUS,0F0Z8L-E,7.29,LONDON,S32-GB,AU000000S320,BWSW5D,South32 Ltd.,1.0,S32-GB,0,SHARE,BWSW5C8,B,South32 Ltd.1.pdf,07.2,7
AU0000203796,,113,Odessa Minerals Limited,1,1935.0,AUS,Q3728J121,19880112.0,AUS,@NA,8.92,ASX,ODE-AU,AU0000203796,BMGQ6B,Odessa Minerals Limited,1.0,ODE-AU,1,SHARE,BMGQ6B8,B,Odessa Minerals Limited1.pdf,08.9,8
AU0000114522,,114,Firefinch Limited,1,2005.0,AUS,Q3917G102,20160901.0,AUS,@NA,7.29,US OTC,@NA,AU0000114522,BKPJ9T,Firefinch Limited,1.0,EEYMF-US,0,SHARE,BLNBND0,B,Firefinch Limited1.pdf,07.2,7
PHY0163E1213,,115,APC Group Inc.,1,1993.0,PHL,Y0163E121,19951215.0,PHL,@NA,6.1,PHILIPPINES,APC-PH,PHY0163E1213,BL4P7K,APC Group Inc.,1.0,APC-PH,1,SHARE,BL4P7K6,B,APC Group Inc.2.pdf,06.1,6
CA59125A1030,,116,Metallum Resources Inc,1,1993.0,CAN,59125A103,19960924.0,CAN,0NQ19Y-E,7.29,TSX VENTURE,MZN-CA,CA59125A1030,BNG0WZ,Metallum Resources Inc,1.0,MZN-CA,1,SHARE,BNG0WZ3,B,Metallum Resources Inc1.pdf,07.2,7
AU0000188021,,117,Group 6 Metals Limited,1,1917.0,AUS,Q53050219,19850102.0,AUS,0690HJ-E,7.29,ASX,G6M-AU,AU0000188021,BL57Y4,Group 6 Metals Limited,1.0,G6M-AU,1,SHARE,BL57Y44,B,Group 6 Metals Limited1.pdf,07.2,7
CA92863W2013,,118,Volcanic Gold Mines Inc.,1,2007.0,CAN,92863W201,20080417.0,CAN,@NA,7.29,TSX VENTURE,@NA,CA92863W2013,BJP0FH,Volcanic Gold Mines Inc.,1.0,VG-CA,1,SHARE,BJP0FH9,B,Volcanic Gold Mines Inc.1.pdf,07.2,7
PHY2088F1004,,119,DMCI Holdings Inc.,1,1995.0,PHL,Y2088F100,19960102.0,PHL,05JG1N-E,9.9,PHILIPPINES,DMC-PH,PHY2088F1004,627248,DMCI Holdings Inc.,1.0,DMC-PH,1,SHARE,6272483,B,DMCI Holdings Inc.1.pdf,09.9,9
AU000000HGO6,,120,Hillgrove Resources Limited,1,1952.0,AUS,Q4613A266,,AUS,05K4YX-E,7.29,US OTC,@NA,AU000000HGO6,642615,Hillgrove Resources Limited,1.0,HLGVF-US,0,SHARE,B2PKGX3,B,Hillgrove Resources Limited2.pdf,07.2,7
CA8536061010,,121,Standard Lithium Ltd.,0,1998.0,CAN,853606101,,CAN,003PSJ-E,8.91,COSTA RICA,@NA,CA8536061010,BDSFRL,Standard Lithium Ltd.,1.0,@NA,0,SHARE,BM9MDB2,B,Standard Lithium Ltd.1.pdf,08.9,8
AU0000173304,,122,Eastern Metals Limited,1,,AUS,Q3369K106,20211025.0,AUS,@NA,7.29,ASX,@NA,AU0000173304,BLGT1G,Eastern Metals Limited,1.0,EMS-AU,1,SHARE,BLGT1G0,B,Eastern Metals Limited2.pdf,07.2,7
CA04016A1012,,123,Argonaut Gold Inc.,1,2007.0,CAN,04016A101,20180129.0,USA,0B4X67-E,7.29,LONDON,@NA,CA04016A1012,B50H72,Argonaut Gold Inc.,1.0,0UIK-GB,0,SHARE,BD6T971,B,Argonaut Gold Inc.1.pdf,07.2,7
CA74360U1021,,124,Prospera Energy Inc.,1,2003.0,CAN,74360U102,20130513.0,CAN,062NMG-E,6.1,US OTC,@NA,CA74360U1021,BYWCS9,Prospera Energy Inc.,1.0,GXRFF-US,0,SHARE,BYWCSB8,B,Prospera Energy Inc.1.pdf,06.1,6
AU000000ADD1,,125,Adavale Resources Limited,1,1969.0,AUS,Q0102R109,20000111.0,AUS,@NA,7.29,ASX,@NA,AU000000ADD1,619866,Adavale Resources Limited,1.0,ADD-AU,1,SHARE,6198664,B,Adavale Resources Limited3.pdf,07.2,7
CA8851491040,,126,Thor Explorations Ltd.,1,1968.0,CAN,885149104,19960301.0,CAN,082L4Q-E,7.29,TSX VENTURE,THX-CA,CA8851491040,B413SZ,Thor Explorations Ltd.,1.0,THX-CA,1,SHARE,B413SZ6,B,Thor Explorations Ltd.3.pdf,07.2,7
AU000000SFM9,,127,Santa Fe Minerals Ltd.,1,2011.0,AUS,Q8227L105,20111007.0,AUS,0BVFH8-E,7.29,ASX,@NA,AU000000SFM9,BD394R,Santa Fe Minerals Ltd.,1.0,SFM-AU,1,SHARE,BD394R9,B,Santa Fe Minerals Ltd.1.pdf,07.2,7
GB00B0T29327,,128,Oriole Resources PLC,1,2005.0,GBR,G6779P103,20060104.0,GBR,007WPZ-E,7.29,LONDON,ORR-GB,GB00B0T29327,B0T293,Oriole Resources PLC,1.0,ORR-GB,1,SHARE,B0T2932,B,Oriole Resources PLC1.pdf,07.2,7
CA95805V1085,,129,Western Copper and Gold Corporation,1,2006.0,CAN,95805V108,20060515.0,CAN,@NA,7.29,TORONTO,WRN-CA,CA95805V1085,B71LVL,Western Copper and Gold Corporation,1.0,WRN-CA,1,SHARE,B71LVL8,B,Western Copper and Gold Corporation3.pdf,07.2,7
GB00B0C18177,,130,Anglo Asian Mining PLC,1,2004.0,GBR,G0449Q104,20050729.0,AZE,007H4M-E,7.29,LONDON,AAZ-GB,GB00B0C18177,B0C181,Anglo Asian Mining PLC,1.0,AAZ-GB,1,SHARE,B0C1817,B,Anglo Asian Mining PLC1.pdf,07.2,7
CA13551Y1016,,131,"Canadian Copper, Inc.",1,,CAN,13551Y101,20220726.0,CAN,@NA,7.29,CNQ,@NA,CA13551Y1016,BLD72P,"Canadian Copper, Inc.",1.0,CCI-CA,1,SHARE,BLD72P3,B,"Canadian Copper, Inc.1.pdf",07.2,7
CA74841L1013,,132,Quimbaya Gold Inc,1,2020.0,CAN,74841L101,20220307.0,CAN,0P9FKZ-E,7.29,CNQ,@NA,CA74841L1013,74841L10,Quimbaya Gold Inc,1.0,QIM-CA,1,SHARE,BMYS7K2,B,Quimbaya Gold Inc1.pdf,07.2,7
AU0000221632,,133,Olympio Metals Limited,1,2010.0,AUS,Q2989L148,20211223.0,AUS,@NA,7.29,US OTC,@NA,AU0000221632,BKPJL3,Olympio Metals Limited,1.0,COPGF-US,0,SHARE,BMGJRW5,B,Olympio Metals Limited1.pdf,07.2,7
JE00BNNMKT29,,134,Serinus Energy plc,0,1987.0,GBR,G8052E110,20171214.0,GBR,00BN02-E,9.1,LONDON,@NA,JE00BNNMKT29,BNNMKT,Serinus Energy plc,1.0,@NA,0,SHARE,BBVHS24,B,Serinus Energy plc1.pdf,09.1,9
US8283311087,,135,Silver Verde May Mining Company,0,1906.0,USA,828331108,19990723.0,USA,@NA,7.29,US OTC,@NA,US8283311087,82833110,Silver Verde May Mining Company,1.0,SIVE-US,0,SHARE,B031X66,B,Silver Verde May Mining Company2.pdf,07.2,7
CA09261Q1072,,136,Blackrock Silver Corp,1,1999.0,CAN,09261Q107,20000720.0,CAN,003RTB-E,7.29,TSX VENTURE,BRC-CA,CA09261Q1072,BNGHFP,Blackrock Silver Corp,1.0,BRC-CA,1,SHARE,BNGHFP5,B,Blackrock Silver Corp2.pdf,07.2,7
VGG5520W1023,,137,Lefroy Exploration Ltd.,1,1990.0,AUS,G5520W102,19890919.0,AUS,00827P-E,7.29,ASX,@NA,VGG5520W1023,BD8C97,Lefroy Exploration Ltd.,1.0,LEX-AU,1,SHARE,BD8C978,B,Lefroy Exploration Ltd.1.pdf,07.2,7
ID1000103302,,138,PT Ancora Indonesia Resources Tbk,1,2003.0,IDN,Y712A2107,20080314.0,IDN,07D9FC-E,9.9,INDONESIA,OKAS-ID,ID1000103302,B131M3,PT Ancora Indonesia Resources Tbk,1.0,OKAS-ID,1,SHARE,B131M33,B,PT Ancora Indonesia Resources Tbk3.pdf,09.9,9
AU0000178071,,139,Hamelin Gold Limited,1,,AUS,Q44430108,20211105.0,AUS,@NA,7.29,ASX,@NA,AU0000178071,BN11TH,Hamelin Gold Limited,1.0,HMG-AU,1,SHARE,BN11TH2,B,Hamelin Gold Limited1.pdf,07.2,7
CA2006977045,,140,Commerce Resources Corp.,1,1999.0,CAN,200697704,20010824.0,CAN,@NA,7.29,TSX VENTURE,CCE-CA,CA2006977045,BJP2G3,Commerce Resources Corp.,1.0,CCE-CA,1,SHARE,BJP2G38,B,Commerce Resources Corp.3.pdf,07.2,7
CA1363693039,,141,"Canadian Metals, Inc.",1,2012.0,CAN,136369303,20130702.0,CAN,00FCY2-E,7.29,CNQ,@NA,CA1363693039,BK81M3,"Canadian Metals, Inc.",1.0,CME-CA,1,SHARE,BK81M31,B,"Canadian Metals, Inc.2.pdf",07.2,7
CA2652692096,,142,Dundee Precious Metals Inc.,1,1983.0,CAN,265269209,19891218.0,CAN,05HG5S-E,7.29,TORONTO,DPM-CA,CA2652692096,B00VD0,Dundee Precious Metals Inc.,1.0,DPM-CA,1,SHARE,B00VD03,B,Dundee Precious Metals Inc.1.pdf,07.2,7
AU000000BRB3,,143,Breaker Resources NL,1,2010.0,AUS,Q1727Y107,20120420.0,AUS,0CGF0S-E,7.29,ASX,BRB-AU,AU000000BRB3,B6R29X,Breaker Resources NL,1.0,BRB-AU,1,SHARE,B6R29X6,B,Breaker Resources NL1.pdf,07.2,7
CA1568671038,,144,Cerro Grande Mining Corporation,1,1990.0,CAN,156867103,19891218.0,CHL,003MYL-E,7.29,CNQ,CEG-CA,CA1568671038,266328,Cerro Grande Mining Corporation,1.0,CEG-CA,1,SHARE,2663285,B,Cerro Grande Mining Corporation2.pdf,07.2,7
AU000000HFR1,,145,Highfield Resources Limited,1,2011.0,AUS,Q45628106,20120207.0,ESP,@NA,8.91,ASX,HFR-AU,AU000000HFR1,B3X0JY,Highfield Resources Limited,1.0,HFR-AU,1,SHARE,B3X0JY4,B,Highfield Resources Limited2.pdf,08.9,8
CA31816R1091,,146,FireFox Gold Corp.,1,2005.0,CAN,31816R109,20181221.0,CAN,@NA,7.29,TSX VENTURE,FFOX-CA,CA31816R1091,BHK15N,FireFox Gold Corp.,1.0,FFOX-CA,1,SHARE,BHK15N9,B,FireFox Gold Corp.2.pdf,07.2,7
AU000000CUE9,,147,Cue Energy Resources Limited,1,1981.0,AUS,Q3048N190,19960110.0,AUS,05JMC2-E,6.1,ASX,CUE-AU,AU000000CUE9,623939,Cue Energy Resources Limited,1.0,CUE-AU,1,SHARE,6239392,B,Cue Energy Resources Limited1.pdf,06.1,6
AU000000AZY0,,148,Antipa Minerals Limited,1,2010.0,AUS,Q0425J107,20110420.0,AUS,@NA,7.29,ASX,AZY-AU,AU000000AZY0,B4PPZZ,Antipa Minerals Limited,1.0,AZY-AU,1,SHARE,B4PPZZ7,B,Antipa Minerals Limited1.pdf,07.2,7
GB00BP41S218,,149,Savannah Energy Plc,1,2014.0,GBR,G781AA104,,GBR,0DT0XK-E,6.1,US OTC,@NA,GB00BP41S218,BP41S2,Savannah Energy Plc,1.0,SVNNF-US,0,SHARE,BPY9GH6,B,Savannah Energy Plc1.pdf,06.1,6
CA26932P1027,,150,"E2Gold, Inc.",1,2018.0,CAN,26932P102,20201230.0,CAN,@NA,7.29,TSX VENTURE,ETU-CA,CA26932P1027,BLGZQG,"E2Gold, Inc.",1.0,ETU-CA,1,SHARE,BLGZQG3,B,"E2Gold, Inc.1.pdf",07.2,7
CA45782J1075,,151,Inomin Mines Inc,1,2012.0,CAN,45782J107,20131223.0,CAN,@NA,7.29,TSX VENTURE,@NA,CA45782J1075,45782J10,Inomin Mines Inc,1.0,MINE-CA,1,SHARE,BZ0X6R2,B,Inomin Mines Inc1.pdf,07.2,7
AU000000MAY8,,152,Melbana Energy Limited,1,1994.0,AUS,Q5954T103,19980327.0,AUS,05JMVN-E,6.1,ASX,MAY-AU,AU000000MAY8,BZCQ3P,Melbana Energy Limited,1.0,MAY-AU,1,SHARE,BZCQ3P6,B,Melbana Energy Limited1.pdf,06.1,6
CA2372342089,,153,"Dark Star Minerals, Inc.",1,2021.0,CAN,237234208,20230310.0,CAN,@NA,8.92,CNQ,@NA,CA2372342089,23723420,"Dark Star Minerals, Inc.",1.0,BATT-CA,1,SHARE,BNHN4G6,B,"Dark Star Minerals, Inc.2.pdf",08.9,8
US69924M1099,,154,Paramount Gold Nevada Corp,1,1992.0,USA,69924M109,20150410.0,USA,00GJZ6-E,7.29,NYSE AMERICAN,PZG-US,US69924M1099,69924M10,Paramount Gold Nevada Corp,1.0,PZG-US,1,SHARE,BWTXL22,B,Paramount Gold Nevada Corp1.pdf,07.2,7
PHY6350R1069,,155,Nickel Asia Corp.,1,1977.0,PHL,Y6350R106,20220927.0,PHL,008KK2-E,7.29,US OTC,@NA,PHY6350R1069,B5BNBK,Nickel Asia Corp.,1.0,NCKAF-US,0,SHARE,BMG7387,B,Nickel Asia Corp.1.pdf,07.2,7
CA0209361009,,156,Altius Minerals Corporation,1,1997.0,CAN,020936100,19971031.0,CAN,003M92-E,7.29,TORONTO,ALS-CA,CA0209361009,212235,Altius Minerals Corporation,1.0,ALS-CA,1,SHARE,2122355,B,Altius Minerals Corporation1.pdf,07.2,7
CA5503721063,,157,Lundin Mining Corporation,0,1994.0,CAN,550372106,,CAN,06LBVF-E,7.29,MEXICO,@NA,CA5503721063,286685,Lundin Mining Corporation,1.0,LUNN-MX,0,SHARE,BP48ZV0,B,Lundin Mining Corporation1.pdf,07.2,7
AU000000TPD5,,158,Talon Energy Ltd,1,2011.0,AUS,Q88129137,20191004.0,AUS,@NA,6.1,US OTC,@NA,AU000000TPD5,B9BBMR,Talon Energy Ltd,1.0,TPDDF-US,0,SHARE,BDDR1T4,B,Talon Energy Ltd2.pdf,06.1,6
CA68616T1093,,159,Orezone Gold Corporation,1,2008.0,CAN,68616T109,20090406.0,CAN,00BRF7-E,7.29,US OTC,@NA,CA68616T1093,B5BVW1,Orezone Gold Corporation,1.0,ORZCF-US,0,SHARE,B3QN092,B,Orezone Gold Corporation2.pdf,07.2,7
SG1H00001443,,160,RH Petrogas Limited,1,1987.0,SGP,Y8973D100,19930729.0,SGP,08BSB0-E,6.1,SINGAPORE,T13-SG,SG1H00001443,690427,RH Petrogas Limited,1.0,T13-SG,1,SHARE,6904270,B,RH Petrogas Limited1.pdf,06.1,6
IL0004750209,,161,Newmed Energy Limited Partnership,1,1993.0,ISR,M27612122,19981103.0,ISR,05JSXV-E,6.1,TEL AVIV,NWMD-IL,IL0004750209,624588,Newmed Energy Limited Partnership,1.0,NWMD-IL,1,SHARE,6245883,B,Newmed Energy Limited Partnership2.pdf,06.1,6
CA06968L1004,,162,Baru Gold Corp,1,1996.0,CAN,06968L100,20010423.0,CAN,063626-E,7.29,TSX VENTURE,BARU-CA,CA06968L1004,BMCCSW,Baru Gold Corp,1.0,BARU-CA,1,SHARE,BMCCSW5,B,Baru Gold Corp1.pdf,07.2,7
CA4820723035,,163,Jura Energy Corporation,1,2002.0,CAN,482072303,19960301.0,CAN,06H5Q3-E,6.1,TSX VENTURE,JEC-CA,CA4820723035,B88MKT,Jura Energy Corporation,1.0,JEC-CA,1,SHARE,B88MKT2,B,Jura Energy Corporation1.pdf,06.1,6
AU000000CHK3,,164,Cohiba Minerals Limited,1,2011.0,AUS,Q26027153,20120201.0,AUS,@NA,7.29,ASX,@NA,AU000000CHK3,B5TW8G,Cohiba Minerals Limited,1.0,CHK-AU,1,SHARE,B5TW8G3,B,Cohiba Minerals Limited1.pdf,07.2,7
CA00143Y1034,,165,AIML Innovations Inc,1,1983.0,CAN,00143Y103,20120606.0,CAN,003TY1-E,7.29,US OTC,@NA,CA00143Y1034,BMFDND,AIML Innovations Inc,1.0,AIMLF-US,0,SHARE,BM8CH77,B,AIML Innovations Inc2.pdf,07.2,7
AU0000138190,,166,Pure Hydrogen Corporation Limited,1,2007.0,AUS,Q7778T111,20230228.0,AUS,@NA,6.1,US OTC,@NA,AU0000138190,BLR70Z,Pure Hydrogen Corporation Limited,1.0,PHCLF-US,0,SHARE,BP0TT93,B,Pure Hydrogen Corporation Limited1.pdf,06.1,6
CA75889D1096,,167,Regency Silver Corp,1,2017.0,CAN,75889D109,20220426.0,CAN,@NA,7.29,TSX VENTURE,@NA,CA75889D1096,BMXLRC,Regency Silver Corp,1.0,RSMX-CA,1,SHARE,BMXLRC4,B,Regency Silver Corp2.pdf,07.2,7
GB00BYX0MB92,,168,United Oil & Gas Plc,1,2015.0,GBR,G9350E109,20151110.0,GBR,@NA,9.1,LONDON,UOG-GB,GB00BYX0MB92,BYX0MB,United Oil & Gas Plc,1.0,UOG-GB,1,SHARE,BYX0MB9,B,United Oil & Gas Plc1.pdf,09.1,9
AU000000SVY1,,169,Stavely Minerals Ltd,1,2006.0,AUS,Q8T075105,20191018.0,AUS,0DMVJ9-E,7.29,US OTC,@NA,AU000000SVY1,BKZG8V,Stavely Minerals Ltd,1.0,STVMF-US,0,SHARE,BK71LK2,B,Stavely Minerals Ltd1.pdf,07.2,7
CA74358Q1054,,170,Prospect Ridge Resources Corp.,1,2020.0,CAN,74358Q105,20210531.0,CAN,@NA,7.29,CNQ,@NA,CA74358Q1054,BN6KGV,Prospect Ridge Resources Corp.,1.0,PRR-CA,1,SHARE,BN6KGV7,B,Prospect Ridge Resources Corp.1.pdf,07.2,7
ID1000103708,,171,PT Radiant Utama Interinsco Tbk,1,1984.0,IDN,Y7131S108,20060712.0,IDN,06LBP3-E,9.1,INDONESIA,RUIS-ID,ID1000103708,B1917W,PT Radiant Utama Interinsco Tbk,1.0,RUIS-ID,1,SHARE,B1917W1,B,PT Radiant Utama Interinsco Tbk1.pdf,09.1,9
CA77208R1082,,172,Rock Edge Resources Ltd.,0,2020.0,CAN,77208R108,20220407.0,CAN,@NA,7.29,CNQ,@NA,CA77208R1082,77208R10,Rock Edge Resources Ltd.,1.0,REDG-CA,0,SHARE,BNDQT53,B,Rock Edge Resources Ltd.1.pdf,07.2,7
AU0000185597,,173,Labyrinth Resources Limited,1,1970.0,AUS,Q7162D110,20010716.0,AUS,0691SV-E,7.29,ASX,LRL-AU,AU0000185597,BL55PB,Labyrinth Resources Limited,1.0,LRL-AU,1,SHARE,BL55PB2,B,Labyrinth Resources Limited1.pdf,07.2,7
GB00B90XFF12,,174,Sound Energy plc,1,2005.0,GBR,G8274B118,20161117.0,GBR,007DKL-E,9.1,US OTC,@NA,GB00B90XFF12,B90XFF,Sound Energy plc,1.0,SNEGF-US,0,SHARE,BD8GLL8,B,Sound Energy plc1.pdf,09.1,9
CA7241121077,,175,Pipestone Energy Corp.,1,2019.0,CAN,724112107,20121203.0,CAN,0KJ2Z3-E,6.1,US OTC,@NA,CA7241121077,BH42KD,Pipestone Energy Corp.,1.0,BKBEF-US,0,SHARE,BH42KF5,B,Pipestone Energy Corp.2.pdf,06.1,6
US7045511000,,176,Peabody Energy Corporation,1,1883.0,USA,704551100,20170403.0,USA,0026HZ-E,5.2,NYSE,BTU-US,US7045511000,70455110,Peabody Energy Corporation,1.0,BTU-US,1,SHARE,BDVPZV0,B,Peabody Energy Corporation1.pdf,05.2,5
CA8970021017,,177,"Trojan Gold, Inc.",1,2012.0,CAN,897002101,20220322.0,CAN,@NA,7.29,US OTC,@NA,CA8970021017,BMFM6J,"Trojan Gold, Inc.",1.0,TRJGF-US,0,SHARE,BLFK056,B,"Trojan Gold, Inc.2.pdf",07.2,7
CA7393011092,,178,Power Nickel Inc,1,1987.0,CAN,739301109,19960301.0,CAN,003X6C-E,7.29,TSX VENTURE,PNPN-CA,CA7393011092,BL6JPL,Power Nickel Inc,1.0,PNPN-CA,1,SHARE,BL6JPL3,B,Power Nickel Inc1.pdf,07.2,7
AU0000141137,,179,Australasian Metals Limited,1,2018.0,AUS,Q07949102,20210513.0,AUS,@NA,7.29,ASX,@NA,AU0000141137,BMYZB0,Australasian Metals Limited,1.0,A8G-AU,1,SHARE,BMYZB01,B,Australasian Metals Limited3.pdf,07.2,7
CA15748D1069,,180,Chakana Copper Corp.,1,2011.0,CAN,15748D106,20180226.0,CAN,@NA,7.29,US OTC,CHKKF-US,CA15748D1069,BFZ3TY,Chakana Copper Corp.,1.0,CHKKF-US,0,SHARE,BDRTGX5,B,Chakana Copper Corp.2.pdf,07.2,7
CA0832981090,,181,"Benton Resources, Inc.",1,2011.0,CAN,083298109,20120801.0,CAN,@NA,7.29,TSX VENTURE,@NA,CA0832981090,B802M9,"Benton Resources, Inc.",1.0,BEX-CA,1,SHARE,B802M94,B,"Benton Resources, Inc.1.pdf",07.2,7
AU0000115172,,182,Antilles Gold Ltd,1,1984.0,AUS,Q0425D100,19850822.0,AUS,05KD5W-E,7.29,ASX,PGI-AU,AU0000115172,BMW6KJ,Antilles Gold Ltd,1.0,AAU-AU,1,SHARE,BMW6KJ8,B,Antilles Gold Ltd1.pdf,07.2,7
CA68634K1066,,184,Orla Mining Ltd.,1,2007.0,CAN,68634K106,20200918.0,CAN,0GQ6F4-E,7.29,MEXICO,@NA,CA68634K1066,BYZGJ9,Orla Mining Ltd.,1.0,OLAN-MX,0,SHARE,BMFJM87,B,Orla Mining Ltd.1.pdf,07.2,7
CA7319164090,,185,PolyMet Mining Corp.,1,1981.0,CAN,731916409,20180129.0,USA,003X37-E,7.29,LONDON,@NA,CA7319164090,BLBP6T,PolyMet Mining Corp.,1.0,0VD6-GB,0,SHARE,BN15FY3,B,PolyMet Mining Corp.1.pdf,07.2,7
GB00BMH19X50,,186,AltynGold Plc,1,2004.0,GBR,G03679100,20210609.0,GBR,005YSG-E,7.29,KAZAKHSTAN,@NA,GB00BMH19X50,BMH19X,AltynGold Plc,1.0,GB.ALTN-KZ,0,SHARE,BMCR2S4,B,AltynGold Plc1.pdf,07.2,7
AU000000LSA2,,187,Lachlan Star Limited,1,1970.0,AUS,Q5430Q152,20030922.0,AUS,071FZX-E,7.29,US OTC,@NA,AU000000LSA2,626658,Lachlan Star Limited,1.0,LSLCF-US,0,SHARE,B02P0G8,B,Lachlan Star Limited2.pdf,07.2,7
CA88576E1088,,188,Three Valley Copper Corp,1,1997.0,CAN,88576E108,20040913.0,CAN,0GV40R-E,7.29,TSX VENTURE,TVC-CA,CA88576E1088,BP0PLX,Three Valley Copper Corp,1.0,TVC.H-CA,1,SHARE,BP0PLX9,B,Three Valley Copper Corp1.pdf,07.2,7
KYG876361257,,189,Tethys Petroleum Limited.,1,2003.0,CAN,G87636125,20120417.0,CYM,008PHW-E,9.1,US OTC,@NA,KYG876361257,BGRC22,Tethys Petroleum Limited.,1.0,TETHF-US,0,SHARE,BGRC248,B,Tethys Petroleum Limited.1.pdf,09.1,9
CA13960M1023,,190,Capella Minerals Limited,1,2005.0,CAN,13960M102,20021204.0,CAN,007XF6-E,7.29,US OTC,@NA,CA13960M1023,BMBTLT,Capella Minerals Limited,1.0,CMILF-US,0,SHARE,BMBTLV7,B,Capella Minerals Limited1.pdf,07.2,7
CA91688R1082,,191,Ur-Energy Inc.,1,,CAN,91688R108,20080724.0,USA,006Y9H-E,7.21,NYSE AMERICAN,URG-US,CA91688R1082,B0CJW8,Ur-Energy Inc.,1.0,URG-US,0,SHARE,B0WW4L2,B,Ur-Energy Inc.2.pdf,07.2,7
AU0000072019,,192,Paterson Resources Limited,1,2006.0,AUS,Q73768105,20061018.0,AUS,@NA,7.29,ASX,PSL-AU,AU0000072019,BK8RSN,Paterson Resources Limited,1.0,PSL-AU,1,SHARE,BK8RSN1,B,Paterson Resources Limited1.pdf,07.2,7
CY0101162119,,193,SeaBird Exploration Plc,1,1996.0,NOR,M8260M105,20101125.0,CYP,06FGVR-E,9.1,LONDON,@NA,CY0101162119,B5TQ1L,SeaBird Exploration Plc,1.0,0MO8-GB,0,SHARE,B5LFQV1,B,SeaBird Exploration Plc1.pdf,09.1,9
CA00149L1058,,194,AJN Resources Inc.,1,2016.0,CAN,00149L105,20180730.0,CAN,0HY1ZS-E,7.29,CNQ,@NA,CA00149L1058,00149L10,AJN Resources Inc.,1.0,AJN-CA,1,SHARE,BF2JMJ2,B,AJN Resources Inc.3.pdf,07.2,7
US76760M2008,,195,Rise Gold Corp,1,2007.0,CAN,76760M200,20160201.0,CAN,009Z02-E,7.29,CNQ,RISE-CA,US76760M2008,BK0ZCC,Rise Gold Corp,1.0,RISE-CA,1,SHARE,BK0ZCC0,B,Rise Gold Corp1.pdf,07.2,7
CA72765P1080,,196,Platinex Inc.,1,1998.0,CAN,72765P108,20131001.0,CAN,@NA,7.29,US OTC,@NA,CA72765P1080,B0P20B,Platinex Inc.,1.0,PANXF-US,0,SHARE,B23S4K2,B,Platinex Inc.2.pdf,07.2,7
AU0000139941,,197,92 Energy Ltd.,1,2020.0,AUS,Q6815X101,20210415.0,AUS,@NA,7.21,ASX,@NA,AU0000139941,BN927Z,92 Energy Ltd.,1.0,92E-AU,1,SHARE,BN927Z1,B,92 Energy Ltd.1.pdf,07.2,7
US5927701012,,198,Mexco Energy Corporation,1,1972.0,USA,592770101,19900713.0,USA,000ZBC-E,6.1,NYSE AMERICAN,MXC-US,US5927701012,59277010,Mexco Energy Corporation,1.0,MXC-US,1,SHARE,2435428,B,Mexco Energy Corporation1.pdf,06.1,6
JE00BFZ1D698,,199,Predator Oil & Gas Holdings Plc,1,2017.0,GBR,G72090106,20180524.0,GBR,@NA,6.1,LONDON,@NA,JE00BFZ1D698,BFZ1D6,Predator Oil & Gas Holdings Plc,1.0,PRD-GB,1,SHARE,BFZ1D69,B,Predator Oil & Gas Holdings Plc1.pdf,06.1,6
CA53272L2021,56.0,200,Liminal BioSciences Inc.,1,1994.0,USA,53272L202,20120515.0,CAN,003PH0-E,21.1,NASDAQ,LMNL-US,CA53272L2021,53272L20,Liminal BioSciences Inc.,1.0,LMNL-US,1,SHARE,BQXLM50,C,Liminal BioSciences Inc.1.pdf,21.1,21
PHY2290T1044,,201,Emperador Inc.,1,2001.0,PHL,Y2290T104,20220714.0,PHL,09GZMF-E,11.02,SINGAPORE,EMI-SG,PHY2290T1044,BFG0SH,Emperador Inc.,1.0,EMI-SG,0,SHARE,BPLG528,C,Emperador Inc.1.pdf,11.0,11
DE0007664005,,202,Volkswagen AG,1,1937.0,DEU,D94523145,19880929.0,DEU,001YFZ-E,29.2,LONDON,@NA,DE0007664005,549716,Volkswagen AG,1.0,0P6N-GB,0,SHARE,0308908,C,Volkswagen AG1.pdf,29.2,29
FR0013183985,1.0,203,Gensight Biologics SA,1,2012.0,FRA,F4374K117,20160713.0,FRA,0D2XZT-E,21.2,EURONEXT PARIS,SIGHT-FR,FR0013183985,BD07M0,Gensight Biologics SA,1.0,SIGHT-FR,1,SHARE,BD07M05,C,Gensight Biologics SA1.pdf,21.2,21
KYG9830R1002,,204,Xin Point Holdings Limited,1,2002.0,HKG,G9830R100,20170628.0,CHN,0GLJSP-E,29.31,HONG KONG,1571-HK,KYG9830R1002,BD8P8F,Xin Point Holdings Limited,1.0,1571-HK,1,SHARE,BD8P8F8,C,Xin Point Holdings Limited1.pdf,29.3,29
KYG459991025,,205,Hop Fung Group Holdings Limited,1,1983.0,HKG,G45999102,20030924.0,HKG,05T4K8-E,17.21,HONG KONG,2320-HK,KYG459991025,669175,Hop Fung Group Holdings Limited,1.0,2320-HK,1,SHARE,6691754,C,Hop Fung Group Holdings Limited1.pdf,17.2,17
AT0000A18XM4,12.0,206,ams-OSRAM AG,1,1981.0,CHE,A0400Q115,20080423.0,AUT,05ZTWT-E,26.11,US OTC,@NA,AT0000A18XM4,BPF054,ams-OSRAM AG,1.0,AUKUF-US,0,SHARE,BPFJ772,C,ams-OSRAM AG1.pdf,26.1,26
FDS0SZ3K,,207,Kiniksa Pharmaceuticals Ltd.,1,2015.0,USA,FDS0SZ3K2,,USA,@NA,21.2,@NA,@NA,@NA,G5269C10,Kiniksa Pharmaceuticals Ltd.,1.0,@NA,0,SHARE,@NA,C,Kiniksa Pharmaceuticals Ltd.1.pdf,21.2,21
KYG4644K1022,9.0,208,Hua Medicine Ltd.,1,2009.0,HKG,G4644K102,20180914.0,CHN,0C853K-E,21.2,HONG KONG,2552-HK,KYG4644K1022,BF3S3D,Hua Medicine Ltd.,1.0,2552-HK,1,SHARE,BF3S3D9,C,Hua Medicine Ltd.1.pdf,21.2,21
US80512Q3039,,209,"Save Foods, Inc.",1,2009.0,USA,80512Q303,20100119.0,ISR,00C0NL-E,20.41,NASDAQ,SVFD-US,US80512Q3039,80512Q30,"Save Foods, Inc.",1.0,SVFD-US,1,SHARE,BMHLYH4,C,"Save Foods, Inc.1.pdf",20.4,20
US8716551069,,210,"Sypris Solutions, Inc.",1,1997.0,USA,871655106,19940518.0,USA,0014K8-E,29.31,NASDAQ,SYPR-US,US8716551069,87165510,"Sypris Solutions, Inc.",1.0,SYPR-US,1,SHARE,2226332,C,"Sypris Solutions, Inc.1.pdf",29.3,29
FI0009013296,,211,Neste Corporation,1,1948.0,FIN,X5688A109,20050418.0,FIN,05LP7T-E,19.2,OMX NORDIC HELSINKI,NESTE-FI,FI0009013296,B06YV4,Neste Corporation,1.0,NESTE-FI,1,SHARE,B06YV46,C,Neste Corporation2.pdf,19.2,19
DE000ENER6Y0,,212,Siemens Energy AG,1,1866.0,DEU,D6T47E106,20200928.0,DEU,0H3J8P-E,27.33,XETRA,ENR-DE,DE000ENER6Y0,BMTVQK,Siemens Energy AG,1.0,ENR-DE,1,SHARE,BMTVQK9,C,Siemens Energy AG1.pdf,27.3,27
THB056010002,,213,i-Tail Corporation Public Company Limited,1,1977.0,THA,Y417DU116,20221209.0,THA,@NA,10.2,THAILAND,ITC-TH,THB056010002,BN72NP,i-Tail Corporation Public Company Limited,1.0,ITC-TH,1,SHARE,BN72NP5,C,i-Tail Corporation Public Company Limited1.pdf,10.2,10
ID1000153307,,214,PT Cisadane Sawit Raya Tbk,1,1983.0,IDN,Y163EF100,20200109.0,IDN,0KJ9FX-E,10.41,INDONESIA,@NA,ID1000153307,BJ9TG2,PT Cisadane Sawit Raya Tbk,1.0,CSRA-ID,1,SHARE,BJ9TG24,C,PT Cisadane Sawit Raya Tbk1.pdf,10.4,10
MYQ0128OO007,13.0,215,Frontken Corp. Bhd.,1,1996.0,MYS,Y26510100,20060711.0,MYS,06HKDD-E,26.11,MALAYSIA,0128-MY,MYQ0128OO007,B18TLC,Frontken Corp. Bhd.,1.0,0128-MY,1,SHARE,B18TLC4,C,Frontken Corp. Bhd.1.pdf,26.1,26
INE0LCL01028,,216,Avalon Technologies Limited,1,1999.0,IND,Y0S1KY112,20230418.0,IND,@NA,27.12,BSE INDIA,543896-IN,INE0LCL01028,BMTQ4G,Avalon Technologies Limited,1.0,543896-IN,1,SHARE,BMTQ4G6,C,Avalon Technologies Limited1.pdf,27.1,27
US70014A1043,,217,Park Aerospace Corp.,1,1954.0,USA,70014A104,19841105.0,USA,000T49-E,30.3,NYSE,PKE-US,US70014A1043,70014A10,Park Aerospace Corp.,1.0,PKE-US,1,SHARE,BK9TGC1,C,Park Aerospace Corp.1.pdf,30.3,30
ID1000122203,,218,PT Surya Esa Perkasa Tbk,1,2006.0,IDN,Y83134109,20120201.0,IDN,0CC2SK-E,19.2,INDONESIA,ESSA-ID,ID1000122203,B6X8NL,PT Surya Esa Perkasa Tbk,1.0,ESSA-ID,1,SHARE,B6X8NL4,C,PT Surya Esa Perkasa Tbk1.pdf,19.2,19
US0326541051,6.0,219,"Analog Devices, Inc.",0,1965.0,USA,032654105,19981201.0,USA,000C4B-E,26.11,FRANKFURT,@NA,US0326541051,03265410,"Analog Devices, Inc.",1.0,ANL-DE,0,SHARE,5579130,C,"Analog Devices, Inc.1.pdf",26.1,26
KYG645451090,,220,New Focus Auto Tech Holdings Limited,1,2002.0,HKG,G64545109,20050228.0,HKG,006XCR-E,29.31,HONG KONG,360-HK,KYG645451090,B0692W,New Focus Auto Tech Holdings Limited,1.0,360-HK,1,SHARE,B0692W6,C,New Focus Auto Tech Holdings Limited1.pdf,29.3,29
NL0015000YE1,,221,TME Pharma N.V.,1,2015.0,FRA,N64938116,20180904.0,NLD,0FTX3J-E,21.1,FRANKFURT,@NA,NL0015000YE1,BKPSGC,TME Pharma N.V.,1.0,0N6A-DE,0,SHARE,BPXX958,C,TME Pharma N.V.2.pdf,21.1,21
BD0606MNCR02,,222,Monno Ceramic Industries Limited.,1,1981.0,BGD,Y61377100,19960402.0,BGD,@NA,23.41,DHAKA,@NA,BD0606MNCR02,660152,Monno Ceramic Industries Limited.,1.0,MONNOCERA-BD,1,SHARE,6601526,C,Monno Ceramic Industries Limited.1.pdf,23.4,23
JP3766500007,,223,"Hakudo Co., Ltd.",1,1932.0,JPN,J1803M108,20000309.0,JPN,@NA,24.42,TOKYO,7637-JP,JP3766500007,621668,"Hakudo Co., Ltd.",1.0,7637-JP,1,SHARE,6216685,C,"Hakudo Co., Ltd.3.pdf",24.4,24
SG1CF0000001,,224,GS Holdings Ltd. (Singapore),1,2014.0,SGP,Y2899Y108,20160118.0,SGP,0FZ85T-E,10.89,SINGAPORE,@NA,SG1CF0000001,BD72K1,GS Holdings Ltd. (Singapore),1.0,43A-SG,1,SHARE,BD72K10,C,GS Holdings Ltd. (Singapore)1.pdf,10.8,10
US74535X1063,,225,"Puget Technologies, Inc.",0,2010.0,USA,74535X106,20121115.0,USA,00DQ4M-E,13.99,US OTC,@NA,US74535X1063,74535X10,"Puget Technologies, Inc.",1.0,PUGE-US,1,SHARE,B7XWKY5,C,"Puget Technologies, Inc.1.pdf",13.9,13
DE0005874846,,226,InTiCa Systems AG,0,2000.0,DEU,D37525116,20090126.0,DEU,006L0F-E,29.31,LONDON,@NA,DE0005874846,B03JB6,InTiCa Systems AG,1.0,0J9S-GB,0,SHARE,B28JLF4,C,InTiCa Systems AG2.pdf,29.3,29
KW0EQ0500979,,227,Boubyan Petrochemical Co. (K.S.C.),1,1995.0,KWT,M2033T109,19971017.0,KWT,06BXVG-E,20.14,KUWAIT,BPCC-KW,KW0EQ0500979,600020,Boubyan Petrochemical Co. (K.S.C.),1.0,BPCC-KW,1,SHARE,6000208,C,Boubyan Petrochemical Co. (K.S.C.)1.pdf,20.1,20
CA18451F1027,,228,Clean Seed Capital Group Ltd.,1,2010.0,CAN,18451F102,20110928.0,CAN,00D1H2-E,28.3,TSX VENTURE,CSX-CA,CA18451F1027,B3QXDD,Clean Seed Capital Group Ltd.,1.0,CSX-CA,1,SHARE,B3QXDD7,C,Clean Seed Capital Group Ltd.1.pdf,28.3,28
THA472010000,,229,Ubon Bio Ethanol Public Company Limited,1,,THA,Y901CV118,20210930.0,THA,@NA,19.2,THAILAND,UBE-TH,THA472010000,BPGN1M,Ubon Bio Ethanol Public Company Limited,1.0,UBE-TH,1,SHARE,BPGN1M6,C,Ubon Bio Ethanol Public Company Limited1.pdf,19.2,19
FR0000121485,,230,Kering SA,1,1963.0,FRA,F5433L103,20030813.0,FRA,05HFMZ-E,15.12,US OTC,@NA,FR0000121485,550507,Kering SA,1.0,PPRUF-US,0,SHARE,B030Q86,C,Kering SA1.pdf,15.1,15
CA74167P1080,,231,Primo Water Corporation,1,1955.0,USA,74167P108,19920616.0,USA,000F9Z-E,11.07,NYSE,PRMW-US,CA74167P1080,74167P10,Primo Water Corporation,1.0,PRMW-US,1,SHARE,BLKNZP5,C,Primo Water Corporation3.pdf,11.0,11
CH0126639464,,232,CALIDA Holding AG,1,1941.0,CHE,H12015147,20170905.0,CHE,05JC3P-E,14.14,LONDON,@NA,CH0126639464,546174,CALIDA Holding AG,1.0,0QP3-GB,0,SHARE,BKJ90Q3,C,CALIDA Holding AG1.pdf,14.1,14
MYQ0163OO004,,233,Careplus Group Bhd.,1,2010.0,MYS,Y11388108,20101206.0,MYS,0B6TTK-E,22.19,MALAYSIA,0163-MY,MYQ0163OO004,B3WLCQ,Careplus Group Bhd.,1.0,0163-MY,1,SHARE,B3WLCQ1,C,Careplus Group Bhd.1.pdf,22.1,22
MYL2828OO001,,234,C.I. Holdings Bhd.,1,1978.0,MYS,Y16292107,19851001.0,MYS,05JCZP-E,25.99,MALAYSIA,2828-MY,MYL2828OO001,615990,C.I. Holdings Bhd.,1.0,2828-MY,1,SHARE,6159906,C,C.I. Holdings Bhd.1.pdf,25.9,25
GRS484003009,,235,Sidma Steel S.A.,0,1931.0,GRC,X78420100,20171214.0,GRC,06C9MK-E,19.1,LONDON,@NA,GRS484003009,B0790W,Sidma Steel S.A.,1.0,0ONX-GB,0,SHARE,B28MG70,C,Sidma Steel S.A.1.pdf,19.1,19
KR7013310008,,236,"A-JIN INDUSTRY CO.,LTD",1,1978.0,KOR,Y0033J102,20151222.0,KOR,09JF90-E,29.31,KOREA,013310-KR,KR7013310008,BDCWS1,"A-JIN INDUSTRY CO.,LTD",1.0,013310-KR,1,SHARE,BDCWS11,C,"A-JIN INDUSTRY CO.,LTD2.pdf",29.3,29
NGFLOURMILL0,,237,Flour Mills Nigeria Plc,1,1960.0,NGA,V35663109,20000502.0,NGA,06P17W-E,10.61,NIGERIA,FLOURMILL-NG,NGFLOURMILL0,622677,Flour Mills Nigeria Plc,1.0,FLOURMILL-NG,1,SHARE,6226770,C,Flour Mills Nigeria Plc2.pdf,10.6,10
FR0010120402,,238,Theraclion SA,1,2004.0,FRA,F9334Q104,20140425.0,FRA,07HW1W-E,32.5,EURONEXT PARIS,ALTHE-FR,FR0010120402,B04TNZ,Theraclion SA,1.0,ALTHE-FR,1,SHARE,B04TNZ8,C,Theraclion SA1.pdf,32.5,32
MYL7004OO004,,239,MCE Holdings Bhd.,1,1990.0,MYS,Y61719103,19971126.0,MYS,0060GF-E,29.31,MALAYSIA,7004-MY,MYL7004OO004,601732,MCE Holdings Bhd.,1.0,7004-MY,1,SHARE,6017327,C,MCE Holdings Bhd.1.pdf,29.3,29
PHY1973T1008,,240,"D&L Industries, Inc.",1,1963.0,PHL,Y1973T100,20210114.0,PHL,072NLQ-E,10.89,US OTC,@NA,PHY1973T1008,B99R1B,"D&L Industries, Inc.",1.0,DALQF-US,0,SHARE,BH4KPV0,C,"D&L Industries, Inc.1.pdf",10.8,10
EGS33321C018,,241,Dice Sports & Casual Wear Manufacturers SAE,1,1989.0,EGY,M2805X106,20080807.0,EGY,08S05K-E,14.19,EGYPT,DSCW-EG,EGS33321C018,B3BM69,Dice Sports & Casual Wear Manufacturers SAE,1.0,DSCW-EG,1,SHARE,B3BM696,C,Dice Sports & Casual Wear Manufacturers SAE1.pdf,14.1,14
JP3627400009,,242,Toda Kogyo Corp.,1,1823.0,JPN,J84420108,19850102.0,JPN,05J20J-E,32.99,TOKYO,4100-JP,JP3627400009,689350,Toda Kogyo Corp.,1.0,4100-JP,1,SHARE,6893505,C,Toda Kogyo Corp.1.pdf,32.9,32
INE338Y01016,,243,Omfurn India Ltd.,0,1997.0,IND,Y6S23U106,20171013.0,IND,@NA,31.01,NSE INDIA,@NA,INE338Y01016,BZ1HHM,Omfurn India Ltd.,1.0,OMFURN-IN,0,SHARE,BZ1HHM5,C,Omfurn India Ltd.1.pdf,31.0,31
FR0000038606,,244,Manitou BF SA,1,1957.0,FRA,F59766109,19860815.0,FRA,05HYYK-E,28.22,EURONEXT PARIS,MTU-FR,FR0000038606,572404,Manitou BF SA,1.0,MTU-FR,1,SHARE,5724048,C,Manitou BF SA1.pdf,28.2,28
QA0006929846,,245,Qatar Industrial Manufacturing Co.,1,1990.0,QAT,M8179V105,19960612.0,QAT,06CSFF-E,32.99,DOHA,QIMD-QA,QA0006929846,671396,Qatar Industrial Manufacturing Co.,1.0,QIMD-QA,1,SHARE,6713960,C,Qatar Industrial Manufacturing Co.2.pdf,32.9,32
FR0000120644,,246,Danone SA,1,1955.0,FRA,F12033134,20060221.0,FRA,001YMJ-E,10.51,LONDON,@NA,FR0000120644,B1Y9TB,Danone SA,1.0,0KFX-GB,0,SHARE,B1Y95C6,C,Danone SA1.pdf,10.5,10
JE00B783TY65,,247,Aptiv PLC,1,1994.0,USA,G6095L109,20111117.0,IRL,00D7D5-E,29.31,NYSE,APTV-US,JE00B783TY65,G6095L10,Aptiv PLC,1.0,APTV-US,1,SHARE,B783TY6,C,Aptiv PLC1.pdf,29.3,29
GB0009039941,,248,Reach plc,1,1904.0,GBR,G7464Q109,19880516.0,GBR,05HWR3-E,18.11,LONDON,RCH-GB,GB0009039941,090399,Reach plc,1.0,RCH-GB,1,SHARE,0903994,C,Reach plc1.pdf,18.1,18
JP3174410005,,249,Oji Holdings Corp.,1,1873.0,JPN,J6031N109,20041110.0,JPN,05HWFL-E,17.21,US OTC,@NA,JP3174410005,665770,Oji Holdings Corp.,1.0,OJIPF-US,0,SHARE,B05PHR5,C,Oji Holdings Corp.2.pdf,17.2,17
ES0105221008,,250,Pangaea Oncology SA,1,2006.0,ESP,E7879K103,20161229.0,ESP,0GQTVM-E,32.5,SPAIN,PANG-ES,ES0105221008,BZBYGT,Pangaea Oncology SA,1.0,PANG-ES,1,SHARE,BZBYGT6,C,Pangaea Oncology SA2.pdf,32.5,32
US90353W1036,,251,Ubiquiti Inc.,1,2003.0,USA,90353W103,20111014.0,USA,08DLR6-E,26.3,NYSE,UI-US,US90353W1036,90353W10,Ubiquiti Inc.,1.0,UI-US,1,SHARE,BK9Z6V8,C,Ubiquiti Inc.1.pdf,26.3,26
MYL6203OO003,,252,Khee San Bhd.,1,1994.0,MYS,Y4756A108,19960913.0,MYS,05JG32-E,10.82,MALAYSIA,6203-MY,MYL6203OO003,648904,Khee San Bhd.,1.0,6203-MY,1,SHARE,6489045,C,Khee San Bhd.1.pdf,10.8,10
GB0005991111,,253,Mpac Group PLC,1,1912.0,GBR,G61908102,19850102.0,GBR,05J3P8-E,28.95,LONDON,MPAC-GB,GB0005991111,059911,Mpac Group PLC,1.0,MPAC-GB,1,SHARE,0599111,C,Mpac Group PLC1.pdf,28.9,28
DE0007314007,,254,Heidelberger Druckmaschinen AG,1,1850.0,DEU,D3166C103,20030919.0,DEU,05HJPT-E,28.99,US OTC,@NA,DE0007314007,536722,Heidelberger Druckmaschinen AG,1.0,HBGRF-US,0,SHARE,B01DK63,C,Heidelberger Druckmaschinen AG3.pdf,28.9,28
US74275C2052,4.0,255,"Processa Pharmaceuticals, Inc.",1,2011.0,USA,74275C205,20131113.0,USA,0HR2WY-E,21.2,NASDAQ,PCSA-US,US74275C2052,74275C20,"Processa Pharmaceuticals, Inc.",1.0,PCSA-US,1,SHARE,BL3SW90,C,"Processa Pharmaceuticals, Inc.2.pdf",21.2,21
FR0004024222,,256,Interparfums,1,1989.0,FRA,F5262B119,20081027.0,FRA,05J1T9-E,20.42,LONDON,@NA,FR0004024222,443383,Interparfums,1.0,0IUJ-GB,0,SHARE,B28JK46,C,Interparfums1.pdf,20.4,20
KYG9005B1041,12.0,257,Transcenta Holding Limited,1,,HKG,G9005B104,20210929.0,CHN,0KHBCN-E,21.2,HONG KONG,6628-HK,KYG9005B1041,BMHT0W,Transcenta Holding Limited,1.0,6628-HK,1,SHARE,BMHT0W5,C,Transcenta Holding Limited1.pdf,21.2,21
US23954D1090,4.0,258,"Day One Biopharmaceuticals, Inc.",1,2018.0,USA,23954D109,20210527.0,USA,@NA,21.2,NASDAQ,DAWN-US,US23954D1090,23954D10,"Day One Biopharmaceuticals, Inc.",1.0,DAWN-US,1,SHARE,BLB0YH0,C,"Day One Biopharmaceuticals, Inc.1.pdf",21.2,21
BD0633SPKCR2,,259,Shinepukur Ceramics Limited.,1,1997.0,BGD,Y7747G100,20081215.0,BGD,07NR1R-E,23.41,DHAKA,@NA,BD0633SPKCR2,B3K8XC,Shinepukur Ceramics Limited.,1.0,SPCERAMICS-BD,1,SHARE,B3K8XC7,C,Shinepukur Ceramics Limited.2.pdf,23.4,23
US5962781010,,260,Middleby Corporation,1,1888.0,USA,596278101,20180129.0,USA,000Q0V-E,28.99,LONDON,@NA,US5962781010,59627810,Middleby Corporation,1.0,0K1G-GB,0,SHARE,BG05X63,C,Middleby Corporation1.pdf,28.9,28
US8683581024,,261,"Superior Group of Companies, Inc.",1,1920.0,USA,868358102,19841105.0,USA,0025NM-E,14.12,NASDAQ,SGC-US,US8683581024,86835810,"Superior Group of Companies, Inc.",1.0,SGC-US,1,SHARE,2864301,C,"Superior Group of Companies, Inc.3.pdf",14.1,14
KR7277880001,,262,"TSI Co.,Ltd",1,2011.0,KOR,Y8T7CS113,20171030.0,KOR,0HHF55-E,25.21,KOREA,277880-KR,KR7277880001,BD0Y8M,"TSI Co.,Ltd",1.0,277880-KR,1,SHARE,BD0Y8M0,C,"TSI Co.,Ltd1.pdf",25.2,25
JP3270790003,,263,"Kringle Pharma, Inc.",1,2001.0,JPN,J3660T101,20201228.0,JPN,@NA,21.1,TOKYO,4884-JP,JP3270790003,BMYDDJ,"Kringle Pharma, Inc.",1.0,4884-JP,1,SHARE,BMYDDJ8,C,"Kringle Pharma, Inc.2.pdf",21.1,21
BD0643LSCL09,,264,LafargeHolcim Bangladesh Ltd.,1,1997.0,BGD,Y5348Y108,20040107.0,BGD,06HHJ2-E,23.51,DHAKA,LHBL-BD,BD0643LSCL09,672890,LafargeHolcim Bangladesh Ltd.,1.0,LHBL-BD,1,SHARE,6728908,C,LafargeHolcim Bangladesh Ltd.1.pdf,23.5,23
INE802D01023,,265,Indag Rubber Limited,1,1978.0,IND,Y3913R145,20020123.0,IND,@NA,22.11,BSE INDIA,509162-IN,INE802D01023,BWZMTB,Indag Rubber Limited,1.0,509162-IN,1,SHARE,BWZMTB8,C,Indag Rubber Limited3.pdf,22.1,22
US8832031012,,266,Textron Inc.,1,1923.0,USA,883203101,19841105.0,USA,000XP9-E,30.3,NYSE,TXT-US,US8832031012,88320310,Textron Inc.,1.0,TXT-US,1,SHARE,2885937,C,Textron Inc.1.pdf,30.3,30
US15114L1044,13.0,267,"Cell Source, Inc.",1,2012.0,USA,15114L104,20140313.0,USA,00FD5M-E,21.1,US OTC,@NA,US15114L1044,15114L10,"Cell Source, Inc.",1.0,CLCS-US,1,SHARE,BNN83Y6,C,"Cell Source, Inc.1.pdf",21.1,21
TH0267010Z05,,268,Thai Central Chemical Public Co. Ltd.,1,1973.0,THA,Y8616G130,19911113.0,THA,05J5QV-E,20.15,THAILAND,TCCC-TH,TH0267010Z05,688628,Thai Central Chemical Public Co. Ltd.,1.0,TCCC-TH,1,SHARE,6886282,C,Thai Central Chemical Public Co. Ltd.2.pdf,20.1,20
KYG5257K1076,6.0,269,Kingboard Laminates Holdings Limited,1,1988.0,HKG,G5257K107,20161205.0,HKG,06M0T0-E,26.11,HONG KONG CONNECT - SHENZHEN,1888-SZSC,KYG5257K1076,B1HHFV,Kingboard Laminates Holdings Limited,1.0,@NA,0,SHARE,BD8NKK1,C,Kingboard Laminates Holdings Limited1.pdf,26.1,26
JP3905200006,,270,Mizuno Corporation,1,1994.0,JPN,J46023123,20110509.0,JPN,05HZY5-E,14.19,US OTC,@NA,JP3905200006,659796,Mizuno Corporation,1.0,MIZUF-US,0,SHARE,B3BJ255,C,Mizuno Corporation1.pdf,14.1,14
JP3621000003,,271,"Toray Industries, Inc.",1,1926.0,JPN,J89494116,19850102.0,JPN,05HWH8-E,13.1,TOKYO,3402-JP,JP3621000003,689714,"Toray Industries, Inc.",1.0,3402-JP,1,SHARE,6897143,C,"Toray Industries, Inc.1.pdf",13.1,13
IT0003132476,,272,Eni S.p.A.,1,1953.0,ITA,T3643A145,20050418.0,ITA,05DZHK-E,19.2,XETRA,@NA,IT0003132476,714505,Eni S.p.A.,1.0,ENI-DE,0,SHARE,B07LWK9,C,Eni S.p.A.1.pdf,19.2,19
BMG2113Q1217,,273,China Ocean Industry Group Limited,0,1998.0,HKG,G2113Q121,19980723.0,HKG,08XXBT-E,16.1,HONG KONG,651-HK,BMG2113Q1217,BK71VB,China Ocean Industry Group Limited,1.0,651-HK,1,SHARE,BK71VB3,C,China Ocean Industry Group Limited1.pdf,16.1,16
MT0000070103,,274,Simonds Farsons Cisk P.L.C.,1,1928.0,MLT,X7843Y105,19960131.0,MLT,0060S9-E,11.05,MALTA,@NA,MT0000070103,500804,Simonds Farsons Cisk P.L.C.,1.0,SFC-MT,1,SHARE,5008043,C,Simonds Farsons Cisk P.L.C.2.pdf,11.0,11
CH0012142631,,275,Clariant AG,1,1995.0,CHE,H14843165,19950630.0,CHE,05HL3L-E,20.59,SIX SWISS,CLN-CH,CH0012142631,711399,Clariant AG,1.0,CLN-CH,1,SHARE,7113990,C,Clariant AG1.pdf,20.5,20
MYL5222OO004,,276,FGV Holdings Bhd.,1,2007.0,MYS,Y2477B108,20120628.0,MYS,088T2P-E,10.41,MALAYSIA,5222-MY,MYL5222OO004,B8L1DR,FGV Holdings Bhd.,1.0,5222-MY,1,SHARE,B8L1DR5,C,FGV Holdings Bhd.1.pdf,10.4,10
SE0010415281,,277,Anoto Group AB,1,1996.0,SWE,W04975335,20071214.0,SWE,05J21W-E,26.2,LONDON,@NA,SE0010415281,BYXH7R,Anoto Group AB,1.0,0RUQ-GB,0,SHARE,BD0P492,C,Anoto Group AB1.pdf,26.2,26
NZARXE0001S1,,278,Aroa Biosurgery Ltd,1,2008.0,AUS,Q05263118,20200724.0,NZL,07LY57-E,32.5,ASX,ARX-AU,NZARXE0001S1,BPBKR7,Aroa Biosurgery Ltd,1.0,ARX-AU,1,SHARE,BPBKR79,C,Aroa Biosurgery Ltd2.pdf,32.5,32
JP3936600000,,279,Yamashin-Filter Corp.,1,1956.0,JPN,J96264106,20141008.0,JPN,08YXGV-E,28.25,TOKYO,6240-JP,JP3936600000,BQQD1C,Yamashin-Filter Corp.,1.0,6240-JP,1,SHARE,BQQD1C3,C,Yamashin-Filter Corp.1.pdf,28.2,28
US88338N2062,,280,"TherapeuticsMD, Inc.",1,1907.0,USA,88338N206,20020128.0,USA,0C472F-E,21.2,NASDAQ,TXMD-US,US88338N2062,88338N20,"TherapeuticsMD, Inc.",1.0,TXMD-US,1,SHARE,BPX3N12,C,"TherapeuticsMD, Inc.1.pdf",21.2,21
KYG549581067,3.0,281,Hansoh Pharmaceutical Group Company Limited,1,2015.0,HKG,G54958106,20190911.0,CHN,0JYJX8-E,21.2,HONG KONG CONNECT - SHENZHEN,3692-SZSC,KYG549581067,BJYKB7,Hansoh Pharmaceutical Group Company Limited,1.0,@NA,0,SHARE,BKLJN73,C,Hansoh Pharmaceutical Group Company Limited1.pdf,21.2,21
SE0010831321,,282,Fluicell AB,1,2012.0,SWE,W3R32E101,20180418.0,SWE,@NA,21.1,OMX NORDIC STOCKHOLM,FLUI-SE,SE0010831321,BF3SZ1,Fluicell AB,1.0,FLUI-SE,1,SHARE,BF3SZ11,C,Fluicell AB1.pdf,21.1,21
INE313D01013,,283,Mohota Industries Ltd.,1,1898.0,IND,Y8792U119,20030219.0,IND,068N60-E,13.99,BSE INDIA,@NA,INE313D01013,659151,Mohota Industries Ltd.,1.0,530047-IN,1,SHARE,6591519,C,Mohota Industries Ltd.1.pdf,13.9,13
NO0003070609,3.0,284,IDEX Biometrics ASA,1,1996.0,NOR,R33736100,20101116.0,NOR,06JNND-E,26.11,LONDON,@NA,NO0003070609,537421,IDEX Biometrics ASA,1.0,0MTP-GB,0,SHARE,B43BZJ1,C,IDEX Biometrics ASA1.pdf,26.1,26
MYL3867OO008,12.0,285,Malaysian Pacific Industries Bhd.,1,1962.0,MYS,Y56939104,19880323.0,MYS,05HXJ3-E,26.11,MALAYSIA,3867-MY,MYL3867OO008,655669,Malaysian Pacific Industries Bhd.,1.0,3867-MY,1,SHARE,6556693,C,Malaysian Pacific Industries Bhd.1.pdf,26.1,26
JP3201200007,,286,Olympus Corp.,1,1919.0,JPN,J61240107,20031126.0,JPN,05HWHD-E,26.6,US OTC,@NA,JP3201200007,665880,Olympus Corp.,1.0,OCPNF-US,0,SHARE,B02K7C8,C,Olympus Corp.1.pdf,26.6,26
JP3981400009,,287,"Rengo Co., Ltd.",1,1909.0,JPN,J64382104,19850102.0,JPN,05HT4M-E,17.29,TOKYO,3941-JP,JP3981400009,673220,"Rengo Co., Ltd.",1.0,3941-JP,1,SHARE,6732200,C,"Rengo Co., Ltd.1.pdf",17.2,17
GB00BZC0LC10,,288,Victoria PLC,1,1933.0,GBR,G93509100,20210506.0,GBR,05JGF1-E,13.93,US OTC,@NA,GB00BZC0LC10,BZC0LC,Victoria PLC,1.0,VCCTF-US,0,SHARE,BG1FRN7,C,Victoria PLC1.pdf,13.9,13
TW0008291006,,289,"ShineMore Technology Materials Co., Ltd.",1,1997.0,TWN,Y7747F110,20040712.0,TWN,07CYVX-E,26.11,TAIPEI,8291-TW,TW0008291006,B01SF8,"ShineMore Technology Materials Co., Ltd.",1.0,8291-TW,1,SHARE,B01SF85,C,"ShineMore Technology Materials Co., Ltd.3.pdf",26.1,26
DE0006916604,,290,Pfeiffer Vacuum Technology AG,1,1956.0,DEU,D6058X101,20080805.0,DEU,0019WF-E,28.13,LONDON,@NA,DE0006916604,549923,Pfeiffer Vacuum Technology AG,1.0,0FQR-GB,0,SHARE,B28L8N7,C,Pfeiffer Vacuum Technology AG1.pdf,28.1,28
INE501W01021,,291,Sintex Plastics Technology Ltd.,1,2015.0,IND,Y8T6LY112,20170808.0,IND,0GLVJG-E,22.29,BSE INDIA,540653-IN,INE501W01021,BYT2MD,Sintex Plastics Technology Ltd.,1.0,540653-IN,1,SHARE,BYT2MD1,C,Sintex Plastics Technology Ltd.1.pdf,22.2,22
LT0000109324,,292,Utenos Trikotazas AB,0,1967.0,LTU,X0R4VR129,20171214.0,LTU,05VT1F-E,14.19,LONDON,@NA,LT0000109324,539717,Utenos Trikotazas AB,1.0,0IYO-GB,0,SHARE,B28N167,C,Utenos Trikotazas AB1.pdf,14.1,14
AU0000119331,,293,Mayfield Group Holdings Limited,1,1985.0,AUS,Q5848S105,19880125.0,AUS,05JM8Y-E,27.11,ASX,@NA,AU0000119331,BMW7P7,Mayfield Group Holdings Limited,1.0,MYG-AU,1,SHARE,BMW7P74,C,Mayfield Group Holdings Limited1.pdf,27.1,27
INE294G01026,,294,Raj Oil Mills Limited,1,1943.0,IND,Y71827102,20090812.0,IND,078R10-E,10.41,BSE INDIA,533093-IN,INE294G01026,BMH5DR,Raj Oil Mills Limited,1.0,533093-IN,1,SHARE,BMH5DR9,C,Raj Oil Mills Limited1.pdf,10.4,10
KYG3931M1024,9.0,295,Global Lighting Technologies Inc.,1,2000.0,TWN,G3931M102,20110728.0,TWN,068LWX-E,26.11,TAIWAN,4935-TW,KYG3931M1024,B6QH3G,Global Lighting Technologies Inc.,1.0,4935-TW,1,SHARE,B6QH3G3,C,Global Lighting Technologies Inc.1.pdf,26.1,26
GB00BLF79J41,,296,Abingdon Health PLC,1,2008.0,GBR,G00524101,20201215.0,GBR,@NA,32.5,LONDON,ABDX-GB,GB00BLF79J41,BLF79J,Abingdon Health PLC,1.0,ABDX-GB,1,SHARE,BLF79J4,C,Abingdon Health PLC1.pdf,32.5,32
DE000A1YCMM2,6.0,297,SolarWorld AG,0,1998.0,DEU,D7045Y145,20071116.0,DEU,05J5CJ-E,26.11,LONDON,@NA,DE000A1YCMM2,BJ8RK0,SolarWorld AG,1.0,0QJC-GB,0,SHARE,BJFLSH3,C,SolarWorld AG1.pdf,26.1,26
INE014B01011,,298,TECIL Chemicals & Hydro Power Ltd,1,1945.0,IND,Y8563G117,19961023.0,IND,@NA,20.59,BSE INDIA,@NA,INE014B01011,BYQHB5,TECIL Chemicals & Hydro Power Ltd,1.0,506680-IN,1,SHARE,BYQHB54,C,TECIL Chemicals & Hydro Power Ltd2.pdf,20.5,20
INE09BN01011,,299,Aveer Foods Ltd.,0,2019.0,IND,Y048BX107,20230106.0,IND,@NA,10.89,BSE INDIA,@NA,INE09BN01011,BNNM6L,Aveer Foods Ltd.,1.0,543737-IN,0,SHARE,BNNM6L6,C,Aveer Foods Ltd.3.pdf,10.8,10
RU000A0ET7Y7,,300,Rosseti Moscow Region PJSC,1,2005.0,RUS,X6983P106,20060210.0,RUS,06HLNG-E,35.11,MICEX,MSRS-MIC,RU000A0ET7Y7,B59FT7,Rosseti Moscow Region PJSC,1.0,MSRS-RU,1,SHARE,B59FT70,D,Rosseti Moscow Region PJSC1.pdf,35.1,35
TW0006639008,,301,Grand Green Energy Corp.,1,2008.0,TWN,Y2845V109,20181031.0,TWN,@NA,35.22,TAIPEI,@NA,TW0006639008,BF29XS,Grand Green Energy Corp.,1.0,6639-TW,1,SHARE,BF29XS8,D,Grand Green Energy Corp.1.pdf,35.2,35
NZMELE0002S7,,302,Meridian Energy Limited,1,1998.0,NZL,Q5997E121,20131029.0,NZL,0616M6-E,35.11,ASX,MEZ-AU,NZMELE0002S7,BWFD05,Meridian Energy Limited,1.0,MEZ-AU,0,SHARE,BWFD513,D,Meridian Energy Limited1.pdf,35.1,35
VN000000ITS9,,303,Vinacomin - Investment. Trading and Service Joint Stock Co,0,1986.0,VNM,Y937CJ101,,VNM,@NA,35.22,HANOI,@NA,VN000000ITS9,BD97FF,Vinacomin - Investment. Trading and Service Joint Stock Co,1.0,ITS-VN,0,SHARE,BD97FF2,D,Vinacomin - Investment. Trading and Service Joint Stock Co1.pdf,35.2,35
KYG5636J1022,,304,Xinda Investment Holdings Limited,1,2004.0,HKG,G5636J102,20120112.0,CHN,0C9H6G-E,35.22,HONG KONG,1281-HK,KYG5636J1022,BXC39B,Xinda Investment Holdings Limited,1.0,1281-HK,1,SHARE,BXC39B1,D,Xinda Investment Holdings Limited1.pdf,35.2,35
HK0392044647,,305,Beijing Enterprises Holdings Limited,1,1997.0,HKG,Y07702122,20161205.0,HKG,05HYT6-E,35.22,HONG KONG CONNECT - SHENZHEN,392-SZSC,HK0392044647,608169,Beijing Enterprises Holdings Limited,1.0,@NA,0,SHARE,BD8NDZ7,D,Beijing Enterprises Holdings Limited1.pdf,35.2,35
NO0010607781,,306,EAM Solar ASA,1,2011.0,NOR,R1R52H109,20130326.0,NOR,0C69V6-E,35.11,OSLO,EAM-NO,NO0010607781,B947JJ,EAM Solar ASA,1.0,EAM-NO,1,SHARE,B947JJ1,D,EAM Solar ASA1.pdf,35.1,35
US05605H1005,,308,"BWX Technologies, Inc.",1,1867.0,USA,05605H100,20100712.0,USA,0656DF-E,35.11,NYSE,BWXT-US,US05605H1005,05605H10,"BWX Technologies, Inc.",1.0,BWXT-US,1,SHARE,BZ0W624,D,"BWX Technologies, Inc.1.pdf",35.1,35
NZNWFE0001S1,,309,NZ Windfarms Ltd.,1,2002.0,NZL,Q6750U104,20051222.0,NZL,@NA,35.11,NEW ZEALAND,NWF-NZ,NZNWFE0001S1,B0P1HB,NZ Windfarms Ltd.,1.0,NWF-NZ,1,SHARE,B0P1HB7,D,NZ Windfarms Ltd.2.pdf,35.1,35
TH8906010005,,310,Absolute Clean Energy PCL,1,2015.0,THA,Y000VB112,20191113.0,THA,0KDFPH-E,35.22,THAILAND,ACE-TH,TH8906010005,BKF9GY,Absolute Clean Energy PCL,1.0,ACE-TH,1,SHARE,BKF9GY7,D,Absolute Clean Energy PCL1.pdf,35.2,35
ID1000137201,,311,PT Cikarang Listrindo Tbk,1,1992.0,IDN,Y1292T104,20160614.0,IDN,06TZWK-E,35.11,INDONESIA,POWR-ID,ID1000137201,BDHBG7,PT Cikarang Listrindo Tbk,1.0,POWR-ID,1,SHARE,BDHBG75,D,PT Cikarang Listrindo Tbk1.pdf,35.1,35
PLPLSEP00013,,312,Polenergia S.A.,1,1997.0,POL,X6577K109,20050513.0,POL,05LVGG-E,35.11,WARSAW,PEP-PL,PLPLSEP00013,B08NHD,Polenergia S.A.,1.0,PEP-PL,1,SHARE,B08NHD2,D,Polenergia S.A.1.pdf,35.1,35
LV0000101079,,314,VEF AS,1,1991.0,LVA,X9722S100,20041229.0,LVA,@NA,35.11,OMX BALTIC RIGA,@NA,LV0000101079,717095,VEF AS,1.0,VEF1R-LV,1,SHARE,7170951,D,VEF AS2.pdf,35.1,35
MYL5272OO009,,315,Ranhill Utilities Bhd.,1,1973.0,MYS,Y7189E100,20030214.0,MYS,0DRKGB-E,35.11,MALAYSIA,5272-MY,MYL5272OO009,BD0CP7,Ranhill Utilities Bhd.,1.0,5272-MY,1,SHARE,BD0CP78,D,Ranhill Utilities Bhd.3.pdf,35.1,35
PK0008901016,,316,Sui Northern Gas Pipelines Limited,1,1963.0,PAK,Y8184G108,19921113.0,PAK,05J3LQ-E,35.22,PAKISTAN STOCK EXCHANGE,SNGP-PK,PK0008901016,685794,Sui Northern Gas Pipelines Limited,1.0,SNGP-PK,1,SHARE,6857943,D,Sui Northern Gas Pipelines Limited1.pdf,35.2,35
IT0004093263,,317,Ascopiave S.p.A.,1,2004.0,ITA,T0448P103,20061212.0,ITA,05ZLNK-E,35.22,MILAN,ASC-IT,IT0004093263,B1JMNT,Ascopiave S.p.A.,1.0,ASC-IT,1,SHARE,B1JMNT3,D,Ascopiave S.p.A.1.pdf,35.2,35
MYL3069OO001,,318,Mega First Corp. Bhd.,1,1966.0,MYS,Y5944H103,19900423.0,MYS,05JBWW-E,35.22,MALAYSIA,3069-MY,MYL3069OO001,657574,Mega First Corp. Bhd.,1.0,3069-MY,1,SHARE,6575740,D,Mega First Corp. Bhd.1.pdf,35.2,35
KYG8972T1067,,319,Towngas Smart Energy Company Limited,0,2000.0,HKG,G8972T106,,HKG,05JLRN-E,35.22,BERNE,@NA,KYG8972T1067,634546,Towngas Smart Energy Company Limited,1.0,@NA,0,SHARE,BL63HZ3,D,Towngas Smart Energy Company Limited1.pdf,35.2,35
OM0000003141,,320,Barka Water and Power Company SAOG,1,2000.0,OMN,M0185P115,20050112.0,OMN,0B99LH-E,35.11,OMAN,BWPC-OM,OM0000003141,B04V0T,Barka Water and Power Company SAOG,1.0,BWPC-OM,1,SHARE,B04V0T7,D,Barka Water and Power Company SAOG1.pdf,35.1,35
ROTGNTACNOR8,,321,S.N.T.G.N. Transgaz SA,1,2000.0,ROU,X7936L101,20150121.0,ROU,071FQB-E,35.22,LONDON,@NA,ROTGNTACNOR8,B29NM9,S.N.T.G.N. Transgaz SA,1.0,0JZK-GB,0,SHARE,B2PB5N9,D,S.N.T.G.N. Transgaz SA1.pdf,35.2,35
SG9999011118,,322,SIMEC Atlantis Energy Ltd.,1,2005.0,GBR,Y7951A104,20201001.0,GBR,0JMMDS-E,35.11,US OTC,@NA,SG9999011118,BJ0XKM,SIMEC Atlantis Energy Ltd.,1.0,SMAYF-US,0,SHARE,BGMJVK3,D,SIMEC Atlantis Energy Ltd.1.pdf,35.1,35
PK0098301010,,323,Nishat Chunian Power Limited,1,2007.0,PAK,Y63488103,20091027.0,PAK,088G1C-E,35.11,PAKISTAN STOCK EXCHANGE,NCPL-PK,PK0098301010,B57CQ5,Nishat Chunian Power Limited,1.0,NCPL-PK,1,SHARE,B57CQ50,D,Nishat Chunian Power Limited2.pdf,35.1,35
IE00BH3XCL94,,324,EQTEC PLC,1,2005.0,GBR,G3084U117,20081020.0,IRL,00BJPZ-E,35.11,LONDON,EQT-GB,IE00BH3XCL94,BH3XCL,EQTEC PLC,1.0,EQT-GB,1,SHARE,BH3XCL9,D,EQTEC PLC1.pdf,35.1,35
DE000A11QW68,,325,7C Solarparken AG,1,2005.0,DEU,D6974F127,20080811.0,DEU,0FB0MW-E,35.11,LONDON,@NA,DE000A11QW68,BNJZSP,7C Solarparken AG,1.0,0QV6-GB,0,SHARE,BNY7T88,D,7C Solarparken AG1.pdf,35.1,35
BRCMIGACNOR6,,326,Companhia Energetica de Minas Gerais SA,1,1952.0,BRA,P2577R102,19931101.0,BRA,05HX9G-E,35.11,SAO PAULO,CMIG3-BR,BRCMIGACNOR6,B1YBRG,Companhia Energetica de Minas Gerais SA,1.0,CMIG3-BR,0,SHARE,B1YBRK4,D,Companhia Energetica de Minas Gerais SA1.pdf,35.1,35
NZMRPE0001S2,,327,Mercury NZ Ltd.,1,1998.0,NZL,Q5971Q108,20130510.0,NZL,007XQW-E,35.22,ASX,MCY-AU,NZMRPE0001S2,B8W6K5,Mercury NZ Ltd.,1.0,MCY-AU,0,SHARE,B8W6KN4,D,Mercury NZ Ltd.1.pdf,35.2,35
IT0001207098,,328,Acea S.p.A.,1,2008.0,ITA,T0040K106,20071102.0,ITA,05HGSK-E,35.11,LONDON,@NA,IT0001207098,572812,Acea S.p.A.,1.0,0MHD-GB,0,SHARE,B28DWV9,D,Acea S.p.A.1.pdf,35.1,35
SGXZ25336314,,329,"Maxeon Solar Technologies, Ltd.",1,2019.0,USA,Y58473102,20200826.0,SGP,0LLZQ8-E,35.22,NASDAQ,MAXN-US,SGXZ25336314,Y5847310,"Maxeon Solar Technologies, Ltd.",1.0,MAXN-US,1,SHARE,BMH1V17,D,"Maxeon Solar Technologies, Ltd.1.pdf",35.2,35
US36976L1070,,331,General European Strategic Investments Inc,1,1998.0,USA,36976L107,19991206.0,USA,@NA,35.22,US OTC,@NA,US36976L1070,36976L10,General European Strategic Investments Inc,1.0,GESI-US,1,SHARE,BKY4193,D,General European Strategic Investments Inc1.pdf,35.2,35
FDSD77C6,,332,"Beijing Jingneng Clean Energy Co., Ltd.",1,2010.0,HKG,FDSD77C60,,CHN,0BL8TM-E,35.11,@NA,@NA,@NA,B688XD,"Beijing Jingneng Clean Energy Co., Ltd.",1.0,@NA,0,SHARE,@NA,D,"Beijing Jingneng Clean Energy Co., Ltd.2.pdf",35.1,35
CZ0005112300,,333,CEZ as,1,1992.0,CZE,X2337V121,19940607.0,CZE,05HWYY-E,35.11,FRANKFURT,@NA,CZ0005112300,562403,CEZ as,1.0,CEZ-DE,0,SHARE,5626995,D,CEZ as1.pdf,35.1,35
VN000000EIC5,,335,EVN International Joint Stock Co,0,2007.0,VNM,Y23639100,,VNM,@NA,35.11,HANOI,@NA,VN000000EIC5,BD6V9L,EVN International Joint Stock Co,1.0,EIC-VN,0,SHARE,BD6V9L1,D,EVN International Joint Stock Co3.pdf,35.1,35
TW0009918003,,336,"Shin Shin Natural Gas Co., Ltd.",1,1971.0,TWN,Y7753P101,19940614.0,TWN,@NA,35.22,TAIWAN,9918-TW,TW0009918003,644331,"Shin Shin Natural Gas Co., Ltd.",1.0,9918-TW,1,SHARE,6443319,D,"Shin Shin Natural Gas Co., Ltd.1.pdf",35.2,35
CA8934631091,,337,"TransAlta Renewables, Inc.",1,2013.0,CAN,893463109,20130809.0,CAN,00FKTN-E,35.11,TORONTO,RNW-CA,CA8934631091,BCZLSL,"TransAlta Renewables, Inc.",1.0,RNW-CA,1,SHARE,BCZLSL8,D,"TransAlta Renewables, Inc.3.pdf",35.1,35
GB0008794710,,339,Telecom Plus PLC,1,1996.0,GBR,G8729H108,19970606.0,GBR,05J4BC-E,35.11,LONDON,TEP-GB,GB0008794710,087947,Telecom Plus PLC,1.0,TEP-GB,1,SHARE,0879471,D,Telecom Plus PLC2.pdf,35.1,35
KZ1C00000959,,340,Kazakhstan Electricity Grid Operating Co.,1,1996.0,KAZ,Y4S4B6101,20141223.0,KAZ,06KW07-E,35.11,KAZAKHSTAN,KEGC-KZ,KZ1C00000959,BTLK3X,Kazakhstan Electricity Grid Operating Co.,1.0,KEGC-KZ,1,SHARE,BTLK3X5,D,Kazakhstan Electricity Grid Operating Co.3.pdf,35.1,35
HK0000179108,,341,HK Electric Investments & HK Electric Investments Ltd.,1,2013.0,HKG,Y32359104,20160426.0,HKG,0DHBSN-E,35.11,US OTC,@NA,HK0000179108,BJ3WDZ,HK Electric Investments & HK Electric Investments Ltd.,1.0,HKCVF-US,0,SHARE,BVCXP97,D,HK Electric Investments & HK Electric Investments Ltd.1.pdf,35.1,35
TH0344B10Z07,,342,Eastern Power Group Public Co. Ltd.,1,1990.0,THA,Y2218L118,19930714.0,THA,00636T-E,35.22,THAILAND,EP-TH,TH0344B10Z07,B13J3C,Eastern Power Group Public Co. Ltd.,1.0,EP-TH,1,SHARE,B13J3C3,D,Eastern Power Group Public Co. Ltd.2.pdf,35.2,35
PK0100501011,,343,Lalpir Power Ltd.,1,1994.0,PAK,Y5S093106,20130820.0,PAK,0CSLPR-E,35.11,PAKISTAN STOCK EXCHANGE,LPL-PK,PK0100501011,BCZQ69,Lalpir Power Ltd.,1.0,LPL-PK,1,SHARE,BCZQ697,D,Lalpir Power Ltd.3.pdf,35.1,35
JP3573000001,,344,"TOKYO GAS Co., Ltd.",1,1885.0,JPN,J87000113,19991005.0,JPN,05HWDF-E,35.22,FRANKFURT,@NA,JP3573000001,689544,"TOKYO GAS Co., Ltd.",1.0,TOG-DE,0,SHARE,5791699,D,"TOKYO GAS Co., Ltd.1.pdf",35.2,35
CH0039651184,,345,Energiedienst Holding AG,1,1908.0,CHE,H2223U110,,CHE,05HZC4-E,35.11,US OTC,@NA,CH0039651184,451285,Energiedienst Holding AG,1.0,ENGDF-US,0,SHARE,B02NX52,D,Energiedienst Holding AG1.pdf,35.1,35
PK0071101015,,346,Kohinoor Energy Limited,1,1994.0,PAK,Y4818R107,19960401.0,PAK,05JBT8-E,35.22,PAKISTAN STOCK EXCHANGE,KOHE-PK,PK0071101015,648831,Kohinoor Energy Limited,1.0,KOHE-PK,1,SHARE,6488310,D,Kohinoor Energy Limited2.pdf,35.2,35
SI0031105677,,347,Elektro Primorska d.d.,1,1947.0,SVN,X1944C104,20180309.0,SVN,@NA,35.11,LJUBLJANA,@NA,SI0031105677,BFZ18J,Elektro Primorska d.d.,1.0,EPRG-SI,1,SHARE,BFZ18J7,D,Elektro Primorska d.d.3.pdf,35.1,35
GRS393503008,,348,MYTILINEOS S.A.,1,1990.0,GRC,X56014131,20131219.0,GRC,05J2FV-E,35.22,US OTC,@NA,GRS393503008,589866,MYTILINEOS S.A.,1.0,MYTHF-US,0,SHARE,B83J5S2,D,MYTILINEOS S.A.1.pdf,35.2,35
JP3228600007,,349,"Kansai Electric Power Company, Incorporated",0,1951.0,JPN,J30169106,,JPN,05HWC3-E,35.11,BERNE,@NA,JP3228600007,648348,"Kansai Electric Power Company, Incorporated",1.0,@NA,0,SHARE,BHZL6W0,D,"Kansai Electric Power Company, Incorporated1.pdf",35.1,35
CA0158571053,,350,Algonquin Power & Utilities Corp.,1,1988.0,CAN,015857105,19971223.0,CAN,088G5Z-E,35.11,TORONTO,AQN-CA,CA0158571053,B51BMR,Algonquin Power & Utilities Corp.,1.0,AQN-CA,1,SHARE,B51BMR7,D,Algonquin Power & Utilities Corp.1.pdf,35.1,35
ES0105544003,,351,Opdenergy Holding SA,1,2005.0,ESP,E7S240101,20220722.0,ESP,08DW2G-E,35.22,SPAIN,OPDE-ES,ES0105544003,BL6K4N,Opdenergy Holding SA,1.0,OPDE-ES,1,SHARE,BL6K4N1,D,Opdenergy Holding SA1.pdf,35.2,35
BMG162521014,,352,Brookfield Infrastructure Partners L.P.,1,1905.0,USA,G16252101,20080110.0,BMU,009HPL-E,35.22,NYSE,BIP-US,BMG162521014,G1625210,Brookfield Infrastructure Partners L.P.,1.0,BIP-US,1,SHARE,B2NHY98,D,Brookfield Infrastructure Partners L.P.1.pdf,35.2,35
NO0010187032,,354,Magnora ASA,1,2001.0,NOR,R776D4103,20040728.0,NOR,0612B0-E,35.11,OSLO,MGN-NO,NO0010187032,B00RQ8,Magnora ASA,1.0,MGN-NO,1,SHARE,B00RQ80,D,Magnora ASA1.pdf,35.1,35
RU0009046767,,355,Rosseti Kuban PJSC,0,1944.0,RUS,X4620A103,19961129.0,RUS,05JC1S-E,35.11,RTS,KUBE-RUS,RU0009046767,B5BM73,Rosseti Kuban PJSC,1.0,@NA,0,SHARE,5148206,D,Rosseti Kuban PJSC1.pdf,35.1,35
BD0306SMTP03,,357,Summit Power Ltd.,1,1997.0,BGD,Y8183K100,20051121.0,BGD,06P52L-E,35.11,DHAKA,SUMITPOWER-BD,BD0306SMTP03,B0QY9L,Summit Power Ltd.,1.0,SUMITPOWER-BD,1,SHARE,B0QY9L9,D,Summit Power Ltd.2.pdf,35.1,35
IL0011233553,,358,Energix-Renewable Energies Ltd.,1,2006.0,ISR,M4047G115,20110505.0,ISR,0BRMHC-E,35.11,TEL AVIV,ENRG-IL,IL0011233553,B469X4,Energix-Renewable Energies Ltd.,1.0,ENRG-IL,1,SHARE,B469X43,D,Energix-Renewable Energies Ltd.1.pdf,35.1,35
LK0347N00001,,359,Vidullanka PLC,1,1997.0,LKA,Y9365R103,20050707.0,LKA,00C4SP-E,35.11,COLOMBO,VLL.N0000-LK,LK0347N00001,B09RC3,Vidullanka PLC,1.0,VLL.N0000-LK,1,SHARE,B09RC38,D,Vidullanka PLC3.pdf,35.1,35
AT0000741053,,360,EVN AG,1,1922.0,AUT,A19833101,19900215.0,AUT,05HWY1-E,35.11,VIENNA,EVN-AT,AT0000741053,429537,EVN AG,1.0,EVN-AT,1,SHARE,4295374,D,EVN AG1.pdf,35.1,35
BMG3775G1539,,361,GCL New Energy Holdings Limited,1,1992.0,HKG,G3775G153,20150114.0,HKG,05JLNV-E,35.11,US OTC,@NA,BMG3775G1539,BL9ZF8,GCL New Energy Holdings Limited,1.0,SMTLF-US,0,SHARE,BLBRDV8,D,GCL New Energy Holdings Limited1.pdf,35.1,35
FR0000031023,,362,Electricite de Strasbourg SA,1,1955.0,FRA,F29421108,20171020.0,FRA,05J07M-E,35.11,LONDON,@NA,FR0000031023,400240,Electricite de Strasbourg SA,1.0,0J74-GB,0,SHARE,B28GY34,D,Electricite de Strasbourg SA1.pdf,35.1,35
KYG3066L1014,,363,ENN Energy Holdings Limited,1,1992.0,HKG,G3066L101,20200416.0,CHN,05J0Y5-E,35.22,MEXICO,@NA,KYG3066L1014,633393,ENN Energy Holdings Limited,1.0,2688N-MX,0,SHARE,BKSFJD2,D,ENN Energy Holdings Limited2.pdf,35.2,35
US9132591077,,364,Unitil Corporation,1,1984.0,USA,913259107,19850312.0,USA,000Y5L-E,35.11,NYSE,UTL-US,US9132591077,91325910,Unitil Corporation,1.0,UTL-US,1,SHARE,2925037,D,Unitil Corporation1.pdf,35.1,35
JME201900086,,365,Wigton Windfarm Ltd,1,2000.0,JAM,P9857A105,20190522.0,JAM,0H2NSB-E,35.22,KINGSTON,@NA,JME201900086,BJVH8Z,Wigton Windfarm Ltd,1.0,WIG-JM,1,SHARE,BJVH8Z3,D,Wigton Windfarm Ltd1.pdf,35.2,35
SG2B54957198,,366,Charisma Energy Services Limited,1,1997.0,SGP,Y1298X109,19980806.0,SGP,05JHQN-E,35.11,SINGAPORE,5QT-SG,SG2B54957198,612468,Charisma Energy Services Limited,1.0,5QT-SG,1,SHARE,6124681,D,Charisma Energy Services Limited2.pdf,35.1,35
FDS18Y86,,367,Jiaxing Gas Group Co. Ltd.,1,1998.0,HKG,FDS18Y861,,CHN,0L03HK-E,35.22,@NA,@NA,@NA,BMHWY7,Jiaxing Gas Group Co. Ltd.,1.0,@NA,0,SHARE,@NA,D,Jiaxing Gas Group Co. Ltd.3.pdf,35.2,35
JP3695600001,,368,"NIPPON GAS Co., Ltd.",1,1941.0,JPN,J50151117,20160428.0,JPN,05J0F8-E,35.22,US OTC,@NA,JP3695600001,664006,"NIPPON GAS Co., Ltd.",1.0,NPPGF-US,0,SHARE,B02JM31,D,"NIPPON GAS Co., Ltd.2.pdf",35.2,35
FR0010208488,,369,ENGIE SA.,1,1946.0,FRA,F7629A107,20221116.0,FRA,06X2JD-E,35.11,BULGARIA,@NA,FR0010208488,B0C2CQ,ENGIE SA.,1.0,GZF-BG,0,SHARE,BP396L1,D,ENGIE SA.1.pdf,35.1,35
PHY2558N1203,,370,First Philippine Holdings Corporation,1,1961.0,PHL,Y2558N120,20080619.0,PHL,05J1L0-E,35.22,US OTC,@NA,PHY2558N1203,620423,First Philippine Holdings Corporation,1.0,FPHHF-US,0,SHARE,B05PW81,D,First Philippine Holdings Corporation1.pdf,35.2,35
BMG1118Y1214,,371,"Binhai Investment Co., Ltd.",1,1999.0,HKG,G1118Y121,20000316.0,HKG,07TXMS-E,35.22,HONG KONG,2886-HK,BMG1118Y1214,BXRK3M,"Binhai Investment Co., Ltd.",1.0,2886-HK,1,SHARE,BXRK3M6,D,"Binhai Investment Co., Ltd.1.pdf",35.2,35
JO3100411011,,372,Jordan Electric Power Co.,1,1938.0,JOR,M6212Z109,19940526.0,JOR,05VCXR-E,35.11,AMMAN,JOEP-JO,JO3100411011,647716,Jordan Electric Power Co.,1.0,JOEP-JO,1,SHARE,6477169,D,Jordan Electric Power Co.1.pdf,35.1,35
DE0005220008,,373,EnBW Energie Baden-Wurttemberg AG,1,1997.0,DEU,D2542N106,19971103.0,DEU,05PCZC-E,35.11,XETRA,EBK-DE,DE0005220008,534110,EnBW Energie Baden-Wurttemberg AG,1.0,EBK-DE,1,SHARE,5341102,D,EnBW Energie Baden-Wurttemberg AG2.pdf,35.1,35
PS5006112997,,374,Palestine Electric Co.,1,1999.0,PSE,M7775P116,20081215.0,PSE,07F8GW-E,35.11,PALESTINE,@NA,PS5006112997,B1L3TM,Palestine Electric Co.,1.0,PEC-PS,1,SHARE,B1L3TM9,D,Palestine Electric Co.1.pdf,35.1,35
TRAAYENW91L0,,375,Ayen Enerji A.S.,1,1990.0,TUR,M1548E102,20010717.0,TUR,05ZQ5Y-E,35.11,ISTANBUL,AYEN.E-TR,TRAAYENW91L0,B03MPK,Ayen Enerji A.S.,1.0,AYEN.E-TR,1,SHARE,B03MPK7,D,Ayen Enerji A.S.1.pdf,35.1,35
NO0010607971,,377,Awilco LNG ASA,1,2011.0,NOR,R08083108,20110524.0,NOR,0BT655-E,35.22,OSLO,ALNG-NO,NO0010607971,B4KZMS,Awilco LNG ASA,1.0,ALNG-NO,1,SHARE,B4KZMS4,D,Awilco LNG ASA1.pdf,35.2,35
IT0003027817,,378,Iren S.p.A.,1,2010.0,ITA,T5551Y106,20001204.0,ITA,09W4PM-E,35.11,MILAN,IRE-IT,IT0003027817,478321,Iren S.p.A.,1.0,IRE-IT,1,SHARE,4783211,D,Iren S.p.A.1.pdf,35.1,35
BMG2112G1087,,379,Chinese People Holdings Co. Ltd.,1,1996.0,HKG,G2112G108,19970424.0,CHN,05W817-E,35.22,HONG KONG,681-HK,BMG2112G1087,628055,Chinese People Holdings Co. Ltd.,1.0,681-HK,1,SHARE,6280550,D,Chinese People Holdings Co. Ltd.1.pdf,35.2,35
ES0105456026,,380,Holaluz Clidom SA,1,2010.0,ESP,E6R68W127,20191129.0,ESP,0FWP7G-E,35.11,SPAIN,HLZ-ES,ES0105456026,BK6FJ4,Holaluz Clidom SA,1.0,HLZ-ES,1,SHARE,BK6FJ45,D,Holaluz Clidom SA3.pdf,35.1,35
US0185223007,,382,"ALLETE, Inc.",1,1906.0,USA,018522300,19841105.0,USA,000Q2K-E,35.11,NYSE,ALE-US,US0185223007,01852230,"ALLETE, Inc.",1.0,ALE-US,1,SHARE,B02R1L6,D,"ALLETE, Inc.1.pdf",35.1,35
IL0010826357,,383,Ellomay Capital Ltd,1,1987.0,ISR,M39927120,19951006.0,ISR,076V2G-E,35.11,NYSE AMERICAN,ELLO-US,IL0010826357,BFNX9T,Ellomay Capital Ltd,1.0,ELLO-US,0,SHARE,2637310,D,Ellomay Capital Ltd1.pdf,35.1,35
CH0024736404,,384,Edisun Power Europe AG,1,2005.0,CHE,H21476108,20080925.0,CHE,06XSYV-E,35.11,SIX SWISS,ESUN-CH,CH0024736404,B3D5MX,Edisun Power Europe AG,1.0,ESUN-CH,1,SHARE,B3D5MX9,D,Edisun Power Europe AG1.pdf,35.1,35
IT0001382024,,386,Acinque S.p.A.,1,2008.0,ITA,T01307106,19991027.0,ITA,07JNT9-E,35.11,MILAN,AC5-IT,IT0001382024,580663,Acinque S.p.A.,1.0,AC5-IT,1,SHARE,5806634,D,Acinque S.p.A.3.pdf,35.1,35
IT0001250932,,387,Hera S.p.A.,1,2002.0,ITA,T5250M106,,ITA,06GCRL-E,35.11,US OTC,@NA,IT0001250932,759800,Hera S.p.A.,1.0,HRASF-US,0,SHARE,B020CX4,D,Hera S.p.A.1.pdf,35.1,35
INE0LF301013,,388,Agni Green Power Ltd.,0,1995.0,IND,Y002LN105,,IND,@NA,35.11,NSE INDIA,@NA,INE0LF301013,BN6Q6F,Agni Green Power Ltd.,1.0,AGNI-IN,0,SHARE,BN6Q6F9,D,Agni Green Power Ltd.2.pdf,35.1,35
SE0007578141,,389,Minesto AB,1,2007.0,SWE,W5S58Y100,20151109.0,SWE,@NA,35.22,OMX NORDIC STOCKHOLM,MINEST-SE,SE0007578141,BYZYBF,Minesto AB,1.0,MINEST-SE,1,SHARE,BYZYBF6,D,Minesto AB1.pdf,35.2,35
TREODAS00014,,390,ODAS Elektrik Uretim Sanayi Ticaret A.S.,1,2010.0,TUR,M7516T104,20130523.0,TUR,0D5J6Z-E,35.11,ISTANBUL,ODAS.E-TR,TREODAS00014,B9XQQ6,ODAS Elektrik Uretim Sanayi Ticaret A.S.,1.0,ODAS.E-TR,1,SHARE,B9XQQ65,D,ODAS Elektrik Uretim Sanayi Ticaret A.S.1.pdf,35.1,35
JP3526600006,,392,"Chubu Electric Power Company,Incorporated",0,1985.0,JPN,J06510101,,JPN,05HWC8-E,35.11,BERNE,@NA,JP3526600006,619560,"Chubu Electric Power Company,Incorporated",1.0,@NA,0,SHARE,BHZL6V9,D,"Chubu Electric Power Company,Incorporated1.pdf",35.1,35
FDS0WQQL,,393,"Sichuan Energy Investment Development Co., Ltd.",1,2011.0,HKG,FDS0WQQL0,,CHN,0HGNZ5-E,35.11,@NA,@NA,@NA,BH3DMV,"Sichuan Energy Investment Development Co., Ltd.",1.0,@NA,0,SHARE,@NA,D,"Sichuan Energy Investment Development Co., Ltd.2.pdf",35.1,35
SG1R50925390,,395,Sembcorp Industries Ltd.,1,1998.0,SGP,Y79711159,19990408.0,SGP,003J9N-E,35.11,FRANKFURT,@NA,SG1R50925390,B08X16,Sembcorp Industries Ltd.,1.0,SBOA-DE,0,SHARE,B09K9S1,D,Sembcorp Industries Ltd.3.pdf,35.1,35
US55277P1049,,396,"MGE Energy, Inc.",1,2001.0,USA,55277P104,19841105.0,USA,003G1M-E,35.11,NASDAQ,MGEE-US,US55277P1049,55277P10,"MGE Energy, Inc.",1.0,MGEE-US,1,SHARE,2554163,D,"MGE Energy, Inc.1.pdf",35.1,35
US66765N1054,,397,Northwest Natural Holding Co.,1,1859.0,USA,66765N105,19841105.0,USA,0J62CK-E,35.22,NYSE,NWN-US,US66765N1054,66765N10,Northwest Natural Holding Co.,1.0,NWN-US,1,SHARE,BFNR303,D,Northwest Natural Holding Co.1.pdf,35.2,35
IT0005421919,,398,Agatos S.p.A.,1,2016.0,ITA,T9336J111,20131011.0,ITA,0GLQN7-E,35.11,MILAN,AGA-IT,IT0005421919,BMZ1GZ,Agatos S.p.A.,1.0,AGA-IT,1,SHARE,BMZ1GZ8,D,Agatos S.p.A.2.pdf,35.1,35
IT0005421885,,399,ESI S.p.A.,1,2018.0,ITA,T3R322119,20201026.0,ITA,@NA,35.22,MILAN,ESIGM-IT,IT0005421885,BN4NKX,ESI S.p.A.,1.0,ESIGM-IT,1,SHARE,BN4NKX8,D,ESI S.p.A.3.pdf,35.2,35
KYG237731073,,400,Consolidated Water Co. Ltd.,1,1973.0,USA,G23773107,19950517.0,CYM,001JV1-E,36.0,NASDAQ,CWCO-US,KYG237731073,G2377310,Consolidated Water Co. Ltd.,1.0,CWCO-US,1,SHARE,2099095,E,Consolidated Water Co. Ltd.1.pdf,36.0,36
AU0000010548,,401,Purifloh Limited,1,2007.0,AUS,Q7778K102,,AUS,@NA,38.11,US OTC,@NA,AU0000010548,BFXVNN,Purifloh Limited,1.0,PUFLF-US,0,SHARE,BKC9N27,E,Purifloh Limited1.pdf,38.1,38
AU000000PWN8,,402,Parkway Corporate Limited,1,2010.0,AUS,Q7357A103,20110513.0,AUS,@NA,38.11,ASX,PWN-AU,AU000000PWN8,B3XFT7,Parkway Corporate Limited,1.0,PWN-AU,1,SHARE,B3XFT72,E,Parkway Corporate Limited1.pdf,38.1,38
TW0008936006,,403,"Kuo Toong International Co., Ltd.",1,1978.0,TWN,Y5021K102,20020909.0,TWN,06RVQS-E,36.0,TAIPEI,8936-TW,TW0008936006,654197,"Kuo Toong International Co., Ltd.",1.0,8936-TW,1,SHARE,6541978,E,"Kuo Toong International Co., Ltd.1.pdf",36.0,36
US42726M1062,,404,"Heritage-Crystal Clean, Inc.",1,1999.0,USA,42726M106,20080312.0,USA,0649XT-E,38.11,NASDAQ,HCCI-US,US42726M1062,42726M10,"Heritage-Crystal Clean, Inc.",1.0,HCCI-US,1,SHARE,B2Q96P1,E,"Heritage-Crystal Clean, Inc.2.pdf",38.1,38
AU000000FLC5,,405,Fluence Corporation Limited,1,2017.0,AUS,Q3918T103,20170419.0,USA,0H6MB0-E,38.11,US OTC,@NA,AU000000FLC5,BDBS5F,Fluence Corporation Limited,1.0,EMFGF-US,0,SHARE,BDZ7SC4,E,Fluence Corporation Limited1.pdf,38.1,38
FR0000124141,,406,Veolia Environnement SA,1,1853.0,FRA,F9686M107,20191202.0,FRA,0024DP-E,36.0,@NA,@NA,FR0000124141,403187,Veolia Environnement SA,1.0,VVD.MIL-IT,0,SHARE,BGPKFW3,E,Veolia Environnement SA1.pdf,36.0,36
US46222Q1076,,407,"Ionix Technology, Inc.",1,2011.0,USA,46222Q107,20150508.0,CHN,00DDL2-E,39.0,US OTC,@NA,US46222Q1076,46222Q10,"Ionix Technology, Inc.",1.0,IINX-US,1,SHARE,BD2C0B5,E,"Ionix Technology, Inc.1.pdf",39.0,39
CA0964271096,,408,BluMetric Environmental Inc.,1,1985.0,CAN,096427109,20131227.0,CAN,0CV6NY-E,37.0,US OTC,@NA,CA0964271096,B8HCMD,BluMetric Environmental Inc.,1.0,SEPOF-US,0,SHARE,B8P4VS7,E,BluMetric Environmental Inc.2.pdf,37.0,37
US88583P1049,,409,374Water Inc,1,2021.0,USA,88583P104,19960522.0,USA,@NA,37.0,NASDAQ,@NA,US88583P1049,88583P10,374Water Inc,1.0,SCWO-US,1,SHARE,BL669V2,E,374Water Inc1.pdf,37.0,37
KYG1941T1094,,410,Capital Environment Holdings Limited,1,2000.0,HKG,G1941T109,20060713.0,HKG,008FF8-E,39.0,HONG KONG,3989-HK,KYG1941T1094,BN54NK,Capital Environment Holdings Limited,1.0,3989-HK,1,SHARE,BN54NK8,E,Capital Environment Holdings Limited1.pdf,39.0,39
JP3485600005,,411,"Daiseki Co., Ltd.",1,1945.0,JPN,J10773109,19950731.0,JPN,05J06M-E,38.11,TOKYO,9793-JP,JP3485600005,626316,"Daiseki Co., Ltd.",1.0,9793-JP,1,SHARE,6263164,E,"Daiseki Co., Ltd.1.pdf",38.1,38
US94106L1098,,412,"Waste Management, Inc.",1,1987.0,USA,94106L109,19880622.0,USA,0024XW-E,38.11,NYSE,WM-US,US94106L1098,94106L10,"Waste Management, Inc.",1.0,WM-US,1,SHARE,2937667,E,"Waste Management, Inc.1.pdf",38.1,38
US8839064065,,414,ThermoEnergy Corporation,0,1988.0,USA,883906406,20000920.0,USA,001JTN-E,39.0,US OTC,@NA,US8839064065,88390640,ThermoEnergy Corporation,1.0,TMEN-US,1,SHARE,2690380,E,ThermoEnergy Corporation1.pdf,39.0,39
FDS1L8MK,,415,"Anaergia, Inc.",1,2007.0,CAN,FDS1L8MK6,,CAN,0DCSRZ-E,38.11,@NA,@NA,@NA,BMBN7R,"Anaergia, Inc.",1.0,@NA,0,SHARE,@NA,E,"Anaergia, Inc.2.pdf",38.1,38
GRS428003008,,416,Thessaloniki Water and Sewage Company SA,1,1998.0,GRC,X8999M101,20071112.0,GRC,@NA,36.0,LONDON,@NA,GRS428003008,721705,Thessaloniki Water and Sewage Company SA,1.0,0GCY-GB,0,SHARE,B28MVM0,E,Thessaloniki Water and Sewage Company SA1.pdf,36.0,36
INE316A01038,,417,Eco Recycling Limited,1,1994.0,IND,Y80701116,20000601.0,IND,0BCHQB-E,38.11,BSE INDIA,@NA,INE316A01038,670746,Eco Recycling Limited,1.0,530643-IN,1,SHARE,6707468,E,Eco Recycling Limited3.pdf,38.1,38
US1307881029,,418,California Water Service Group,1,1926.0,USA,130788102,19841105.0,USA,001LYP-E,36.0,NYSE,CWT-US,US1307881029,13078810,California Water Service Group,1.0,CWT-US,1,SHARE,2165383,E,California Water Service Group1.pdf,36.0,36
BMG2116Y1057,,419,China Everbright Water Limited,1,2003.0,SGP,G2116Y105,20190508.0,CHN,0F8YMH-E,37.0,HONG KONG,1857-HK,BMG2116Y1057,BV54J1,China Everbright Water Limited,1.0,1857-HK,0,SHARE,BTZ0KW9,E,China Everbright Water Limited1.pdf,37.0,37
US9567211043,,420,West Virginia American Water Co.,0,1886.0,USA,956721104,19961015.0,USA,@NA,36.0,US OTC,@NA,US9567211043,95672110,West Virginia American Water Co.,1.0,WVAW-US,0,SHARE,B034FR0,E,West Virginia American Water Co.1.pdf,36.0,36
NO0010969108,,421,Norsk Titanium AS,1,2007.0,NOR,R6S29P109,20210518.0,NOR,082DDS-E,38.32,OSLO,NTI-NO,NO0010969108,BMV871,Norsk Titanium AS,1.0,NTI-NO,1,SHARE,BMV8716,E,Norsk Titanium AS1.pdf,38.3,38
KYG4465A1004,,422,Chiho Environmental Group Limited,1,2008.0,HKG,G4465A100,20210120.0,HKG,09VP16-E,38.32,US OTC,@NA,KYG4465A1004,B3SZGR,Chiho Environmental Group Limited,1.0,CIHEF-US,0,SHARE,BMWTZT2,E,Chiho Environmental Group Limited1.pdf,38.3,38
NO0010785967,,423,Quantafuel ASA,1,2014.0,NOR,R7050J103,20180619.0,NOR,0GNFC1-E,38.11,OSLO,QFUEL-NO,NO0010785967,BFZNKQ,Quantafuel ASA,1.0,QFUEL-NO,1,SHARE,BFZNKQ4,E,Quantafuel ASA1.pdf,38.1,38
CA43758P1080,,424,Homerun Resources Inc.,1,1980.0,CAN,43758P108,20080710.0,CAN,@NA,39.0,US OTC,@NA,CA43758P1080,BMDJ52,Homerun Resources Inc.,1.0,AKAVF-US,0,SHARE,BMD34W9,E,Homerun Resources Inc.1.pdf,39.0,39
BE0003825420,,426,Campine nv,1,1912.0,BEL,B21266125,19850227.0,BEL,05JMFY-E,38.32,EURONEXT BRUSSELS,CAMB-BE,BE0003825420,B0DKTZ,Campine nv,1.0,CAMB-BE,1,SHARE,B0DKTZ4,E,Campine nv1.pdf,38.3,38
FR0000039109,,427,Seche Environnement SA,1,1976.0,FRA,F8211M103,20080730.0,FRA,05J01M-E,38.11,LONDON,@NA,FR0000039109,536683,Seche Environnement SA,1.0,0OG6-GB,0,SHARE,B28LRP2,E,Seche Environnement SA2.pdf,38.1,38
SE0009414303,,429,Axolot Solutions Holding AB,1,2016.0,SWE,W6S19D102,20181121.0,SWE,@NA,38.11,OMX NORDIC STOCKHOLM,@NA,SE0009414303,BYXS1Z,Axolot Solutions Holding AB,1.0,AXOLOT-SE,1,SHARE,BYXS1Z0,E,Axolot Solutions Holding AB1.pdf,38.1,38
US9029741041,,430,"US Liquids, Inc.",0,1996.0,USA,902974104,19970820.0,USA,001Q7V-E,38.11,US OTC,USLQ-US,US9029741041,90297410,"US Liquids, Inc.",1.0,USLQ-US,1,SHARE,2100265,E,"US Liquids, Inc.3.pdf",38.1,38
TH7846010Z09,,432,WHA Utilities and Power Public Company Limited,1,2008.0,THA,Y95322148,20170410.0,THA,0GJ0R9-E,36.0,THAILAND,WHAUP-TH,TH7846010Z09,BYZ6CK,WHA Utilities and Power Public Company Limited,1.0,WHAUP-TH,1,SHARE,BYZ6CK4,E,WHA Utilities and Power Public Company Limited1.pdf,36.0,36
CA66706T1049,,433,"Northstar Clean Technologies, Inc.",1,2017.0,CAN,66706T104,20210713.0,CAN,0HVWVD-E,38.11,TSX VENTURE,@NA,CA66706T1049,BMYX94,"Northstar Clean Technologies, Inc.",1.0,ROOF-CA,1,SHARE,BMYX945,E,"Northstar Clean Technologies, Inc.1.pdf",38.1,38
BRSAPRACNOR9,,434,Compania de Saneamento Do Parana,1,1963.0,BRA,P2R269183,20050128.0,BRA,003VBN-E,36.0,SAO PAULO,@NA,BRSAPRACNOR9,276208,Compania de Saneamento Do Parana,1.0,SAPR3-BR,0,SHARE,2762074,E,Compania de Saneamento Do Parana1.pdf,36.0,36
INE063E01046,,435,Pondy Oxides & Chemicals Ltd.,1,1995.0,IND,Y70631174,20040420.0,IND,071RPD-E,38.32,BSE INDIA,532626-IN,INE063E01046,BWD1V3,Pondy Oxides & Chemicals Ltd.,1.0,532626-IN,1,SHARE,BWD1V33,E,Pondy Oxides & Chemicals Ltd.3.pdf,38.3,38
PLAQUA000014,,436,AQUA S.A.,1,1990.0,POL,X68188105,20100920.0,POL,0952ZG-E,36.0,WARSAW,@NA,PLAQUA000014,734128,AQUA S.A.,1.0,AQU-PL,1,SHARE,7341285,E,AQUA S.A.1.pdf,36.0,36
US7462283034,,438,Pure Cycle Corporation,1,1976.0,USA,746228303,19841105.0,USA,05XB2L-E,36.0,NASDAQ,PCYO-US,US7462283034,74622830,Pure Cycle Corporation,1.0,PCYO-US,1,SHARE,B00YZY0,E,Pure Cycle Corporation2.pdf,36.0,36
CA27900T1003,,439,Ecolomondo Corporation,1,2017.0,CAN,27900T100,20160517.0,CAN,0HKSWP-E,39.0,TSX VENTURE,@NA,CA27900T1003,BDZYGM,Ecolomondo Corporation,1.0,ECM-CA,1,SHARE,BDZYGM1,E,Ecolomondo Corporation3.pdf,39.0,39
FR0000039232,,443,Aurea SA,1,1892.0,FRA,F04977116,19870610.0,FRA,05JTB3-E,38.11,EURONEXT PARIS,AURE-FR,FR0000039232,406182,Aurea SA,1.0,AURE-FR,1,SHARE,4061821,E,Aurea SA1.pdf,38.1,38
AU0000186504,,446,Close the Loop Ltd.,1,2001.0,AUS,Q2533C107,20211202.0,AUS,@NA,38.11,ASX,CLG-AU,AU0000186504,BP8YQ5,Close the Loop Ltd.,1.0,CLG-AU,1,SHARE,BP8YQ55,E,Close the Loop Ltd.2.pdf,38.1,38
SG1CC2000006,,448,Union Steel Holdings Limited,1,1984.0,SGP,Y9114L159,20050815.0,SGP,007HKW-E,38.32,SINGAPORE,BLA-SG,SG1CC2000006,BDCBWH,Union Steel Holdings Limited,1.0,BLA-SG,1,SHARE,BDCBWH2,E,Union Steel Holdings Limited1.pdf,38.3,38
PLMOBRK00013,,451,Mo-BRUK S.A.,1,1985.0,POL,X5428X104,20100629.0,POL,09ZD4G-E,39.0,WARSAW,MBR-PL,PLMOBRK00013,B3YPG9,Mo-BRUK S.A.,1.0,MBR-PL,1,SHARE,B3YPG92,E,Mo-BRUK S.A.1.pdf,39.0,39
CA03253E1079,,454,"Anaergia, Inc.",1,2007.0,CAN,03253E107,20210820.0,CAN,0DCSRZ-E,38.11,US OTC,@NA,CA03253E1079,BMBN7R,"Anaergia, Inc.",1.0,ANRGF-US,0,SHARE,BNBTQZ3,E,"Anaergia, Inc.2.pdf",38.1,38
VN000000CTW4,,455,Can Tho Water Supply - Sewerage Joint Stock Co,0,1927.0,VNM,Y1R01M102,,VNM,@NA,37.0,HANOI,@NA,VN000000CTW4,BZ0C7T,Can Tho Water Supply - Sewerage Joint Stock Co,1.0,CTW-VN,0,SHARE,BZ0C7T8,E,Can Tho Water Supply - Sewerage Joint Stock Co1.pdf,37.0,37
FR001400CF13,,456,Europlasma SA,1,1992.0,FRA,F3365Y193,20180129.0,FRA,05KBJG-E,38.11,LONDON,@NA,FR001400CF13,BMGHMQ,Europlasma SA,1.0,0W8R-GB,0,SHARE,BMGHMV3,E,Europlasma SA1.pdf,38.1,38
JP3538540000,,458,TRE HOLDINGS CORPORATION,1,,JPN,J9298C105,20211001.0,JPN,@NA,38.11,TOKYO,9247-JP,JP3538540000,BMTPP3,TRE HOLDINGS CORPORATION,1.0,9247-JP,1,SHARE,BMTPP37,E,TRE HOLDINGS CORPORATION1.pdf,38.1,38
ES0105227013,,459,ASTURIANA DE LAMINADOS S.A,1,2006.0,ESP,E0R893111,20170619.0,ESP,0993KH-E,38.32,SPAIN,@NA,ES0105227013,BNYL8M,ASTURIANA DE LAMINADOS S.A,1.0,ELZ-ES,1,SHARE,BNYL8M7,E,ASTURIANA DE LAMINADOS S.A1.pdf,38.3,38
TW0006803000,,461,ECOVE Environment Corp,1,1999.0,TWN,Y4S91W120,20080901.0,TWN,07CRWR-E,38.11,TAIPEI,6803-TW,TW0006803000,B3CX57,ECOVE Environment Corp,1.0,6803-TW,1,SHARE,B3CX579,E,ECOVE Environment Corp2.pdf,38.1,38
NO0010708068,,464,Vow ASA,1,2011.0,NOR,R9T95S105,20140411.0,NOR,0DMXZY-E,38.11,OSLO,VOW-NO,NO0010708068,BLD330,Vow ASA,1.0,VOW-NO,1,SHARE,BLD3303,E,Vow ASA1.pdf,38.1,38
MYL5843OO007,,468,Kumpulan Perangsang Selangor Bhd.,1,1975.0,MYS,Y50504102,19960509.0,MYS,061LYH-E,36.0,MALAYSIA,5843-MY,MYL5843OO007,681277,Kumpulan Perangsang Selangor Bhd.,1.0,5843-MY,1,SHARE,6812771,E,Kumpulan Perangsang Selangor Bhd.1.pdf,36.0,36
US75088P1012,,469,Rainmaker Worldwide Inc,1,1998.0,USA,75088P101,20041203.0,CAN,05PP1C-E,36.0,US OTC,@NA,US75088P1012,75088P10,Rainmaker Worldwide Inc,1.0,RAKR-US,1,SHARE,BD5BLH2,E,Rainmaker Worldwide Inc2.pdf,36.0,36
JP3407200009,,470,"OSAKA Titanium Technologies Co., Ltd.",1,1937.0,JPN,J6281H109,20211213.0,JPN,05K0SJ-E,38.32,US OTC,@NA,JP3407200009,644771,"OSAKA Titanium Technologies Co., Ltd.",1.0,OSTTF-US,0,SHARE,B019MC1,E,"OSAKA Titanium Technologies Co., Ltd.1.pdf",38.3,38
BMG948001026,,471,Watlington Waterworks Ltd.,1,1932.0,BMU,G94800102,20100503.0,BMU,@NA,36.0,BERMUDA,@NA,BMG948001026,268584,Watlington Waterworks Ltd.,1.0,WATLINGTON-BM,1,SHARE,2685847,E,Watlington Waterworks Ltd.2.pdf,36.0,36
TH0961010Y04,,472,TTW Public Company Limited,1,2000.0,THA,Y9002L105,20080522.0,THA,060MBN-E,36.0,THAILAND,TTW-TH,TH0961010Y04,BL8VWT,TTW Public Company Limited,1.0,TTW-TH,1,SHARE,BL8VWT4,E,TTW Public Company Limited2.pdf,36.0,36
US3794631024,,473,"Global Water Resources, Inc.",1,2003.0,USA,379463102,20160428.0,USA,00B72K-E,36.0,NASDAQ,GWRS-US,US3794631024,37946310,"Global Water Resources, Inc.",1.0,GWRS-US,1,SHARE,BD2ZJQ2,E,"Global Water Resources, Inc.1.pdf",36.0,36
FR0010609206,,474,Orege SA,1,2004.0,FRA,F6775A101,20080429.0,FRA,076SMQ-E,37.0,EURONEXT PARIS,OREGE-FR,FR0010609206,B2R4YH,Orege SA,1.0,OREGE-FR,1,SHARE,B2R4YH3,E,Orege SA1.pdf,37.0,37
VN000000LAW5,,475,Long An Water Supply Sewerage Joint Stock Co,0,1979.0,VNM,Y5323B107,,VNM,@NA,37.0,HANOI,@NA,VN000000LAW5,BDDVYY,Long An Water Supply Sewerage Joint Stock Co,1.0,LAW-VN,0,SHARE,BDDVYY2,E,Long An Water Supply Sewerage Joint Stock Co2.pdf,37.0,37
INE0JM501013,,477,Nupur Recyclers Limited,1,2019.0,IND,FDS1OZ4G2,,IND,@NA,38.32,NSE INDIA,@NA,INE0JM501013,BMD1HF,Nupur Recyclers Limited,1.0,NRL-IN,1,SHARE,BMD1HF7,E,Nupur Recyclers Limited2.pdf,38.3,38
MYQ0089OO001,,478,Tex Cycle Technology (M) Bhd.,1,2004.0,MYS,Y8580E103,20050727.0,MYS,007DKN-E,38.11,MALAYSIA,0089-MY,MYQ0089OO001,B0F1KV,Tex Cycle Technology (M) Bhd.,1.0,0089-MY,1,SHARE,B0F1KV8,E,Tex Cycle Technology (M) Bhd.2.pdf,38.1,38
MYL5041OO008,,482,PBA Holdings Bhd.,1,2000.0,MYS,Y6797E106,20020418.0,MYS,05T4K1-E,36.0,MALAYSIA,5041-MY,MYL5041OO008,651035,PBA Holdings Bhd.,1.0,5041-MY,1,SHARE,6510354,E,PBA Holdings Bhd.2.pdf,36.0,36
US92534K1079,,483,"Vertex Energy, Inc.",1,2001.0,USA,92534K107,19921021.0,USA,078D0D-E,38.11,NASDAQ,VTNR-US,US92534K1079,92534K10,"Vertex Energy, Inc.",1.0,VTNR-US,1,SHARE,B02PH34,E,"Vertex Energy, Inc.2.pdf",38.1,38
FDS21IR2,,486,Ambipar Emergency Response,1,1995.0,USA,FDS21IR29,,BRA,@NA,38.11,@NA,@NA,@NA,G0253210,Ambipar Emergency Response,1.0,@NA,0,SHARE,@NA,E,Ambipar Emergency Response1.pdf,38.1,38
KYG6493Q1718,,487,New Universe Environmental Group Limited,1,1996.0,HKG,G6493Q171,20020712.0,HKG,05YYDZ-E,38.11,HONG KONG,436-HK,KYG6493Q1718,B1L6NT,New Universe Environmental Group Limited,1.0,436-HK,1,SHARE,B1L6NT3,E,New Universe Environmental Group Limited1.pdf,38.1,38
FDS0M891,,493,"Select Water Solutions, Inc.",1,2016.0,USA,FDS0M8914,,USA,0GZN8P-E,36.0,@NA,@NA,@NA,81617J30,"Select Water Solutions, Inc.",1.0,@NA,0,SHARE,@NA,E,"Select Water Solutions, Inc.2.pdf",36.0,36
US15957P3038,,496,"Charah Solutions, Inc.",1,2018.0,USA,15957P303,20180614.0,USA,0JK6SD-E,39.0,US OTC,CHRA-US,US15957P3038,15957P30,"Charah Solutions, Inc.",1.0,CHRA-US,1,SHARE,BMC8L35,E,"Charah Solutions, Inc.1.pdf",39.0,39
JP3322600002,,498,Sanix Incorporated,1,1975.0,JPN,J67242107,19960917.0,JPN,05HXBW-E,38.11,TOKYO,4651-JP,JP3322600002,685301,Sanix Incorporated,1.0,4651-JP,1,SHARE,6853015,E,Sanix Incorporated1.pdf,38.1,38
NO0010078850,,499,Cambi ASA,1,1996.0,NOR,R1506E107,20210209.0,NOR,06WFZZ-E,37.0,OSLO,CAMBI-NO,NO0010078850,B03LJ4,Cambi ASA,1.0,CAMBI-NO,1,SHARE,B03LJ46,E,Cambi ASA1.pdf,37.0,37
KYG9836P1081,,500,Yee Hop Holdings Ltd.,1,2015.0,HKG,G9836P108,20151218.0,HKG,0FMSBG-E,43.99,HONG KONG,1662-HK,KYG9836P1081,BZ02J6,Yee Hop Holdings Ltd.,1.0,1662-HK,1,SHARE,BZ02J69,F,Yee Hop Holdings Ltd.1.pdf,43.9,43
GRS191213008,,501,Ellaktor SA,1,1977.0,GRC,X1959E102,20140625.0,GRC,05HZ4F-E,41.2,US OTC,@NA,GRS191213008,420535,Ellaktor SA,1.0,ELLKF-US,0,SHARE,B4YKKK3,F,Ellaktor SA1.pdf,41.2,41
JP3100320005,2.0,502,URBAN LiKE INC.,1,2008.0,JPN,J94435104,20210728.0,JPN,@NA,41.2,TOKYO,@NA,JP3100320005,BP5D4T,URBAN LiKE INC.,1.0,2992-JP,1,SHARE,BP5D4T5,F,URBAN LiKE INC.1.pdf,41.2,41
VN000000HC37,,503,HaiPhong Construction Joint Stock Corporation No3,0,1993.0,VNM,Y2985N107,20191212.0,VNM,@NA,41.1,HANOI,@NA,VN000000HC37,BD5DK2,HaiPhong Construction Joint Stock Corporation No3,1.0,HC3-VN,1,SHARE,BD5DK26,F,HaiPhong Construction Joint Stock Corporation No33.pdf,41.1,41
INE956G01038,,504,VA Tech Wabag Limited,1,1995.0,IND,Y9356W111,20101013.0,IND,06ZXT6-E,42.22,BSE INDIA,533269-IN,INE956G01038,B63WX2,VA Tech Wabag Limited,1.0,533269-IN,1,SHARE,B63WX27,F,VA Tech Wabag Limited1.pdf,42.2,42
INE912H01013,,505,MBL Infrastructure Limited,1,1995.0,IND,Y5925J102,20100111.0,IND,06KY6P-E,42.11,BSE INDIA,533152-IN,INE912H01013,B1G00H,MBL Infrastructure Limited,1.0,533152-IN,1,SHARE,B1G00H7,F,MBL Infrastructure Limited1.pdf,42.1,42
BE0003602134,,506,Moury Construct SA,1,1973.0,BEL,B62067101,20171214.0,BEL,@NA,41.1,LONDON,@NA,BE0003602134,482175,Moury Construct SA,1.0,0NZS-GB,0,SHARE,B28KXF1,F,Moury Construct SA1.pdf,41.1,41
KYG715921022,,507,Polyfair Holdings Ltd.,1,2006.0,HKG,G71592102,20180223.0,HKG,@NA,43.99,HONG KONG,@NA,KYG715921022,BG0D07,Polyfair Holdings Ltd.,1.0,8532-HK,1,SHARE,BG0D077,F,Polyfair Holdings Ltd.1.pdf,43.9,43
AU0000032914,2.0,508,SRG Global Limited,1,1961.0,AUS,Q8661T101,20200408.0,AUS,009K5B-E,41.2,US OTC,@NA,AU0000032914,BFMZB8,SRG Global Limited,1.0,SRGGF-US,0,SHARE,BL1MSJ6,F,SRG Global Limited1.pdf,41.2,41
FDS0FNU4,7.0,509,China Energy Engineering Corp. Ltd.,1,2014.0,HKG,FDS0FNU49,,CHN,0FQKHT-E,42.22,@NA,@NA,@NA,BZ1JH1,China Energy Engineering Corp. Ltd.,1.0,@NA,0,SHARE,@NA,F,China Energy Engineering Corp. Ltd.1.pdf,42.2,42
IE00BWY4ZF18,,510,Cairn Homes PLC,1,2014.0,IRL,G1858L107,20170731.0,IRL,0FL22N-E,41.2,EURONEXT DUBLIN,C5H-IE,IE00BWY4ZF18,BF2NP0,Cairn Homes PLC,1.0,C5H-IE,1,SHARE,BF2NP06,F,Cairn Homes PLC1.pdf,41.2,41
MYL8834OO003,,511,Ireka Corp. Bhd.,1,1967.0,MYS,Y41768105,19931206.0,MYS,05JD14-E,41.1,MALAYSIA,8834-MY,MYL8834OO003,646703,Ireka Corp. Bhd.,1.0,8834-MY,1,SHARE,6467030,F,Ireka Corp. Bhd.1.pdf,41.1,41
US5526761086,19.0,512,"M.D.C. Holdings, Inc.",1,1972.0,USA,552676108,20180129.0,USA,000PMX-E,41.2,LONDON,@NA,US5526761086,55267610,"M.D.C. Holdings, Inc.",1.0,0JW5-GB,0,SHARE,BYZH843,F,"M.D.C. Holdings, Inc.1.pdf",41.2,41
INE0CU601026,,513,GMR Power and Urban Infra Ltd,1,2019.0,IND,Y2R3EY112,20220323.0,IND,@NA,42.11,BSE INDIA,@NA,INE0CU601026,BMX5H0,GMR Power and Urban Infra Ltd,1.0,543490-IN,1,SHARE,BMX5H04,F,GMR Power and Urban Infra Ltd2.pdf,42.1,42
INE854S01022,,514,Generic Engineering Construction & Projects Ltd.,1,1994.0,IND,Y2R9WR114,20151021.0,IND,@NA,41.1,BSE INDIA,539407-IN,INE854S01022,BDVPQD,Generic Engineering Construction & Projects Ltd.,1.0,539407-IN,1,SHARE,BDVPQD9,F,Generic Engineering Construction & Projects Ltd.1.pdf,41.1,41
MYL6998OO008,,515,Bintai Kinden Corp. Bhd.,1,1994.0,MYS,Y0888X107,19980123.0,MYS,05J26G-E,43.22,MALAYSIA,6998-MY,MYL6998OO008,608619,Bintai Kinden Corp. Bhd.,1.0,6998-MY,1,SHARE,6086190,F,Bintai Kinden Corp. Bhd.1.pdf,43.2,43
BMG0957L1090,16.0,516,Beijing Enterprises Water Group Limited,1,1992.0,HKG,G0957L109,20040831.0,HKG,05VD5M-E,42.22,FRANKFURT,@NA,BMG0957L1090,B01YCG,Beijing Enterprises Water Group Limited,1.0,HUN2-DE,0,SHARE,B020H51,F,Beijing Enterprises Water Group Limited2.pdf,42.2,42
BMG0957L1090,,516,Beijing Enterprises Water Group Limited,1,1992.0,HKG,G0957L109,20040831.0,HKG,05VD5M-E,42.22,FRANKFURT,@NA,BMG0957L1090,B01YCG,Beijing Enterprises Water Group Limited,1.0,HUN2-DE,0,SHARE,B020H51,F,Beijing Enterprises Water Group Limited2.pdf,42.2,42
ID1000122609,,517,PT Bekasi Fajar Industrial Estate Tbk,1,1989.0,IDN,Y711C5100,20210813.0,IDN,0CGSTN-E,41.2,US OTC,@NA,ID1000122609,B7NGK1,PT Bekasi Fajar Industrial Estate Tbk,1.0,PTBFF-US,0,SHARE,BMH4138,F,PT Bekasi Fajar Industrial Estate Tbk1.pdf,41.2,41
INE614Z01017,,518,Giriraj Civil Developers Ltd.,1,2005.0,IND,Y2R0GU106,,IND,0J41Y2-E,42.13,NSE INDIA,@NA,INE614Z01017,BFMJWV,Giriraj Civil Developers Ltd.,1.0,GIRIRAJ-IN,1,SHARE,BFMJWV4,F,Giriraj Civil Developers Ltd.2.pdf,42.1,42
ES0129743318,,519,Elecnor S.A.,1,1958.0,ESP,E39152181,20220616.0,ESP,05HTSN-E,42.22,US OTC,@NA,ES0129743318,B3CTJS,Elecnor S.A.,1.0,ELNRF-US,0,SHARE,BPMR8G5,F,Elecnor S.A.2.pdf,42.2,42
DE000A2QDNX9,,520,Compleo Charging Solutions AG,1,1999.0,DEU,D1T2Z9101,20201021.0,DEU,0H30X2-E,43.21,FRANKFURT,C0M-DE,DE000A2QDNX9,BM95XP,Compleo Charging Solutions AG,1.0,C0M-DE,1,SHARE,BM95XP5,F,Compleo Charging Solutions AG1.pdf,43.2,43
VN000000GTS3,,521,Saigon Traffic Construction Joint Stock Co,0,1975.0,VNM,Y7T9B7100,,VNM,@NA,42.11,HANOI,@NA,VN000000GTS3,BD5GJM,Saigon Traffic Construction Joint Stock Co,1.0,GTS-VN,0,SHARE,BD5GJM8,F,Saigon Traffic Construction Joint Stock Co3.pdf,42.1,42
MYL5219OO000,4.0,522,Pestech International Bhd.,1,2011.0,MYS,Y6801F107,20120530.0,MYS,0CDGSW-E,42.99,MALAYSIA,5219-MY,MYL5219OO000,B8095F,Pestech International Bhd.,1.0,5219-MY,1,SHARE,B8095F2,F,Pestech International Bhd.1.pdf,42.9,42
ID1000104003,,523,PT Total Bangun Persada Tbk,1,1970.0,IDN,Y7136Z107,20230512.0,IDN,06HM4Y-E,41.1,US OTC,@NA,ID1000104003,B17ZL7,PT Total Bangun Persada Tbk,1.0,PTTOF-US,0,SHARE,BMGCH68,F,PT Total Bangun Persada Tbk3.pdf,41.1,41
MX01LA080009,7.0,524,Sitios Latinoamerica SAB de CV,1,,MEX,P87026103,20220929.0,MEX,0PF09G-E,42.22,MEXICO,LASITEB.1-MX,MX01LA080009,BNTFDQ,Sitios Latinoamerica SAB de CV,1.0,LASITEB.1-MX,1,SHARE,BNTFDQ3,F,Sitios Latinoamerica SAB de CV1.pdf,42.2,42
DE0006636681,,525,va-Q-tec AG,1,2001.0,DEU,D8T66F105,20200824.0,DEU,07LX5D-E,43.31,US OTC,@NA,DE0006636681,BZ13VD,va-Q-tec AG,1.0,VAQTF-US,0,SHARE,BMFZVX3,F,va-Q-tec AG1.pdf,43.3,43
JP3266800006,,526,"Kumagai Gumi Co., Ltd.",1,1898.0,JPN,J36705150,19900731.0,JPN,05J2SG-E,41.2,US OTC,@NA,JP3266800006,649756,"Kumagai Gumi Co., Ltd.",1.0,KMGGF-US,0,SHARE,B06NQS2,F,"Kumagai Gumi Co., Ltd.1.pdf",41.2,41
CY0104851718,,527,Lanitis Golf Public Co. Ltd.,1,2007.0,CYP,M6703Z105,20160201.0,CYP,@NA,42.99,CYPRUS,@NA,CY0104851718,BVFD1C,Lanitis Golf Public Co. Ltd.,1.0,LAGLF-CY,1,SHARE,BVFD1C9,F,Lanitis Golf Public Co. Ltd.1.pdf,42.9,42
INE185U01035,,528,KCD Industries India Ltd.,0,2007.0,IND,Y4S9CA100,20171017.0,IND,@NA,42.99,BSE INDIA,@NA,INE185U01035,BMTY05,KCD Industries India Ltd.,1.0,540696-IN,0,SHARE,BMTY051,F,KCD Industries India Ltd.3.pdf,42.9,42
CH0212255803,,529,Burkhalter Holding AG,1,1959.0,CHE,H1145M115,20080620.0,CHE,05MNR8-E,43.21,SIX SWISS,BRKN-CH,CH0212255803,BB9706,Burkhalter Holding AG,1.0,BRKN-CH,1,SHARE,BB97064,F,Burkhalter Holding AG1.pdf,43.2,43
KYG5225A1168,,530,K.H. Group Holdings Ltd.,1,2006.0,HKG,G5225A116,20160318.0,HKG,@NA,43.99,HONG KONG,@NA,KYG5225A1168,BYYSB0,K.H. Group Holdings Ltd.,1.0,1557-HK,1,SHARE,BYYSB04,F,K.H. Group Holdings Ltd.1.pdf,43.9,43
PHY8080C1028,,531,SP New Energy Corporation,1,2016.0,PHL,Y8080C102,20211217.0,PHL,@NA,42.22,PHILIPPINES,@NA,PHY8080C1028,BL69HW,SP New Energy Corporation,1.0,SPNEC-PH,1,SHARE,BL69HW8,F,SP New Energy Corporation3.pdf,42.2,42
ID1000141906,,532,PT LCK Global Kedaton Tbk,1,2013.0,IDN,Y5199S101,20180116.0,IDN,@NA,42.22,INDONESIA,@NA,ID1000141906,BYVNKK,PT LCK Global Kedaton Tbk,1.0,LCKM-ID,1,SHARE,BYVNKK5,F,PT LCK Global Kedaton Tbk1.pdf,42.2,42
DE000A0STWH9,4.0,533,Deutsche Eigenheim Union AG,1,2007.0,DEU,D5S20K106,20211230.0,DEU,@NA,41.2,XETRA,JZ6-DE,DE000A0STWH9,BPCK36,Deutsche Eigenheim Union AG,1.0,JZ6-DE,1,SHARE,BPCK369,F,Deutsche Eigenheim Union AG1.pdf,41.2,41
INE061Z01011,,534,Devoted Construction Ltd.,0,2016.0,IND,Y2R5C8108,20181026.0,IND,@NA,41.2,BSE INDIA,@NA,INE061Z01011,BG12XW,Devoted Construction Ltd.,1.0,542002-IN,0,SHARE,BG12XW9,F,Devoted Construction Ltd.1.pdf,41.2,41
KYG2119N1060,,535,Chong Kin Group Holdings Ltd.,1,2016.0,HKG,G2119N106,20161017.0,HKG,0GCVP2-E,43.99,HONG KONG,1609-HK,KYG2119N1060,BD0BVK,Chong Kin Group Holdings Ltd.,1.0,1609-HK,1,SHARE,BD0BVK0,F,Chong Kin Group Holdings Ltd.1.pdf,43.9,43
PLBUDMX00013,8.0,536,Budimex SA,1,1968.0,POL,X0788V103,20081106.0,POL,05J1KN-E,41.2,LONDON,@NA,PLBUDMX00013,414933,Budimex SA,1.0,0LRV-GB,0,SHARE,B28FKZ5,F,Budimex SA1.pdf,41.2,41
IT0005339160,5.0,537,PLC S.p.A.,1,2006.0,ITA,T5R88H130,20071123.0,ITA,09P0KY-E,42.22,LONDON,@NA,IT0005339160,BGDSPZ,PLC S.p.A.,1.0,0MMX-GB,0,SHARE,BGDSQ15,F,PLC S.p.A.2.pdf,42.2,42
CA00089N1033,,538,ADF Group Inc.,1,1979.0,CAN,00089N103,20120501.0,CAN,003TJP-E,43.99,US OTC,@NA,CA00089N1033,244144,ADF Group Inc.,1.0,ADFJF-US,0,SHARE,B01JSJ0,F,ADF Group Inc.1.pdf,43.9,43
MYL9679OO001,,539,WCT Holdings Bhd.,1,1981.0,MYS,Y9532D102,20221018.0,MYS,0BFV25-E,42.99,US OTC,@NA,MYL9679OO001,BBP6LY,WCT Holdings Bhd.,1.0,WCTBF-US,0,SHARE,BNV0HD1,F,WCT Holdings Bhd.3.pdf,42.9,42
KYG8661K1013,7.0,540,Tai Kam Holdings Limited,1,2016.0,HKG,G8661K101,20161028.0,HKG,0GC6RD-E,42.99,HONG KONG,@NA,KYG8661K1013,BDFT8F,Tai Kam Holdings Limited,1.0,8321-HK,1,SHARE,BDFT8F3,F,Tai Kam Holdings Limited1.pdf,42.9,42
KYG5258Y1145,,541,Kingbo Strike Ltd.,1,1983.0,HKG,G5258Y114,20131230.0,HKG,@NA,43.21,HONG KONG,1421-HK,KYG5258Y1145,BQQ6QB,Kingbo Strike Ltd.,1.0,1421-HK,1,SHARE,BQQ6QB6,F,Kingbo Strike Ltd.1.pdf,43.2,43
INE291R01011,4.0,542,Athena Constructions Ltd.,0,2011.0,IND,Y0R7X4104,20150416.0,IND,0F1LM5-E,41.2,BSE INDIA,@NA,INE291R01011,BWWYV3,Athena Constructions Ltd.,1.0,539099-IN,0,SHARE,BWWYV33,F,Athena Constructions Ltd.1.pdf,41.2,41
AU0000207912,,543,Frontier Energy Limited,1,2009.0,AUS,Q8800B128,20091218.0,AUS,08BQ6W-E,42.22,ASX,@NA,AU0000207912,BNGHNB,Frontier Energy Limited,1.0,FHE-AU,1,SHARE,BNGHNB7,F,Frontier Energy Limited1.pdf,42.2,42
JP3380300008,,544,Shinnihon Corporation,1,1923.0,JPN,J73606105,20230217.0,JPN,05J4H0-E,41.2,US OTC,@NA,JP3380300008,680401,Shinnihon Corporation,1.0,SNHMF-US,0,SHARE,B05PMW5,F,Shinnihon Corporation1.pdf,41.2,41
MYL5226OO005,,545,Gabungan AQRS Bhd.,1,2010.0,MYS,Y26780109,20120731.0,MYS,0BYMDT-E,42.11,MALAYSIA,5226-MY,MYL5226OO005,B7RKJT,Gabungan AQRS Bhd.,1.0,5226-MY,1,SHARE,B7RKJT3,F,Gabungan AQRS Bhd.1.pdf,42.1,42
TH0086010Z09,,546,NEP Realty & Industry Public Co. Ltd.,1,1953.0,THA,Y6265F155,19880802.0,THA,05JD8N-E,41.2,THAILAND,NEP-TH,TH0086010Z09,B1XMN0,NEP Realty & Industry Public Co. Ltd.,1.0,NEP-TH,1,SHARE,B1XMN00,F,NEP Realty & Industry Public Co. Ltd.3.pdf,41.2,41
TW0003703005,7.0,547,Continental Holdings Corp.,1,1941.0,TWN,Y1753K105,19950427.0,TWN,09NF50-E,41.2,TAIWAN,3703-TW,TW0003703005,B58DQK,Continental Holdings Corp.,1.0,3703-TW,1,SHARE,B58DQK7,F,Continental Holdings Corp.1.pdf,41.2,41
TW0009906008,5.0,549,Hsin Ba Ba Corporation,1,1967.0,TWN,Y1754R109,19910920.0,TWN,05JLY5-E,41.2,TAIWAN,9906-TW,TW0009906008,622454,Hsin Ba Ba Corporation,1.0,9906-TW,1,SHARE,6224547,F,Hsin Ba Ba Corporation1.pdf,41.2,41
JP3627000007,,550,Toda Corporation,1,1881.0,JPN,J84377100,19850102.0,JPN,05HYW4-E,41.1,TOKYO,1860-JP,JP3627000007,689388,Toda Corporation,1.0,1860-JP,1,SHARE,6893884,F,Toda Corporation1.pdf,41.1,41
MYL5398OO002,5.0,551,Gamuda Bhd.,1,1976.0,MYS,Y2679X106,20171031.0,MYS,05HXD5-E,42.11,US OTC,@NA,MYL5398OO002,635988,Gamuda Bhd.,1.0,GMUAF-US,0,SHARE,B02GQV8,F,Gamuda Bhd.1.pdf,42.1,42
JP3407800006,,553,"Sumitomo Densetsu Co., Ltd.",1,1947.0,JPN,J77368108,19871026.0,JPN,05J2RP-E,42.22,TOKYO,1949-JP,JP3407800006,685868,"Sumitomo Densetsu Co., Ltd.",1.0,1949-JP,1,SHARE,6858689,F,"Sumitomo Densetsu Co., Ltd.1.pdf",42.2,42
MYL03042O008,16.0,554,BV Land Holdings Bhd.,1,2019.0,MYS,Y1028X106,20210409.0,MYS,0N7NY3-E,41.2,MALAYSIA,@NA,MYL03042O008,BL6CN2,BV Land Holdings Bhd.,1.0,03042-MY,1,SHARE,BL6CN29,F,BV Land Holdings Bhd.1.pdf,41.2,41
TW0002546009,8.0,556,"Kedge Construction Co., Ltd.",1,1982.0,TWN,Y4629Y101,20000107.0,TWN,@NA,41.2,TAIWAN,2546-TW,TW0002546009,612255,"Kedge Construction Co., Ltd.",1.0,2546-TW,1,SHARE,6122555,F,"Kedge Construction Co., Ltd.1.pdf",41.2,41
US3906071093,11.0,557,Great Lakes Dredge & Dock Corporation,1,1890.0,USA,390607109,20061227.0,USA,00279D-E,42.99,NASDAQ,GLDD-US,US3906071093,39060710,Great Lakes Dredge & Dock Corporation,1.0,GLDD-US,1,SHARE,B1LDZK9,F,Great Lakes Dredge & Dock Corporation1.pdf,42.9,42
INE370C01015,,558,Popular Estate Management Limited,1,1994.0,IND,Y5811K114,20090204.0,IND,083TML-E,41.2,BSE INDIA,@NA,INE370C01015,B03K4Y,Popular Estate Management Limited,1.0,531870-IN,1,SHARE,B03K4Y8,F,Popular Estate Management Limited1.pdf,41.2,41
ES0118900010,,559,"Ferrovial, S.A.",1,1952.0,ESP,E49512119,20050128.0,ESP,08D377-E,42.11,US OTC,@NA,ES0118900010,B03851,"Ferrovial, S.A.",1.0,FRRVF-US,0,SHARE,B045FF0,F,"Ferrovial, S.A.3.pdf",42.1,42
GB00BNYDGM91,,560,Eneraqua Technologies PLC,1,2021.0,GBR,G303AL103,20211122.0,GBR,0PDQMG-E,43.22,LONDON,ETP-GB,GB00BNYDGM91,BNYDGM,Eneraqua Technologies PLC,1.0,ETP-GB,1,SHARE,BNYDGM9,F,Eneraqua Technologies PLC2.pdf,43.2,43
NL0015000DY3,5.0,561,Corre Energy B.V.,1,2021.0,IRL,N2281Q103,20210923.0,NLD,0NH1BK-E,42.22,EURONEXT DUBLIN,CORRE-IE,NL0015000DY3,BK80W5,Corre Energy B.V.,1.0,CORRE-IE,1,SHARE,BK80W50,F,Corre Energy B.V.1.pdf,42.2,42
KYG0R8151046,7.0,562,Able Engineering Holdings Ltd.,1,1976.0,HKG,G0R815104,20170220.0,HKG,0GJZSW-E,41.2,HONG KONG,@NA,KYG0R8151046,BYMXJK,Able Engineering Holdings Ltd.,1.0,1627-HK,1,SHARE,BYMXJK7,F,Able Engineering Holdings Ltd.2.pdf,41.2,41
RSHOLDE58279,,563,Energoprojekt Holding ad Beograd,1,1951.0,SRB,X1943L105,20070604.0,SRB,070F94-E,42.11,BELGRADE,ENHL-RS,RSHOLDE58279,B1W73C,Energoprojekt Holding ad Beograd,1.0,ENHL-RS,1,SHARE,B1W73C8,F,Energoprojekt Holding ad Beograd1.pdf,42.1,42
CA88577D1096,5.0,564,Three Sixty Solar Ltd,1,1994.0,CAN,88577D109,20161230.0,CAN,@NA,42.22,US OTC,@NA,CA88577D1096,BNNGYS,Three Sixty Solar Ltd,1.0,VSOLF-US,0,SHARE,BNNGYV4,F,Three Sixty Solar Ltd2.pdf,42.2,42
SG1BA3000001,,565,Yongnam Holdings Limited,1,1994.0,SGP,Y9843A169,19991011.0,SGP,05KJDH-E,43.99,SINGAPORE,AXB-SG,SG1BA3000001,BXNSP0,Yongnam Holdings Limited,1.0,AXB-SG,1,SHARE,BXNSP06,F,Yongnam Holdings Limited1.pdf,43.9,43
JP3443600006,,566,TAISEI CORP,0,1873.0,JPN,J79561148,,JPN,05HWMG-E,41.2,BERNE,@NA,JP3443600006,687010,TAISEI CORP,1.0,@NA,0,SHARE,BHZL0W8,F,TAISEI CORP1.pdf,41.2,41
MYL4723OO002,,567,JAKS Resources Bhd.,1,1987.0,MYS,Y4255M108,20040701.0,MYS,0608C4-E,42.11,MALAYSIA,4723-MY,MYL4723OO002,B01R1Y,JAKS Resources Bhd.,1.0,4723-MY,1,SHARE,B01R1Y0,F,JAKS Resources Bhd.2.pdf,42.1,42
INE484K01017,,568,Bhanot Construction & Housing Ltd.,0,1976.0,IND,Y0R83M105,20121121.0,IND,@NA,41.2,BSE INDIA,@NA,INE484K01017,B92D72,Bhanot Construction & Housing Ltd.,1.0,534740-IN,1,SHARE,B92D720,F,Bhanot Construction & Housing Ltd.2.pdf,41.2,41
AU000000DEM4,7.0,569,De.mem Ltd.,1,2013.0,AUS,Q32195101,20220729.0,AUS,@NA,42.22,US OTC,@NA,AU000000DEM4,BZBG34,De.mem Ltd.,1.0,DEMEF-US,0,SHARE,BJP55Y1,F,De.mem Ltd.1.pdf,42.2,42
FR0000076887,7.0,570,AST Groupe,1,1993.0,FRA,F04295105,20140131.0,FRA,05WTB1-E,41.2,LONDON,@NA,FR0000076887,B036Z8,AST Groupe,1.0,0J2S-GB,0,SHARE,B28F602,F,AST Groupe2.pdf,41.2,41
SG1X13940751,3.0,571,Boustead Singapore Limited,1,1828.0,SGP,V12756165,19850102.0,SGP,05JBKY-E,41.1,SINGAPORE,F9D-SG,SG1X13940751,620707,Boustead Singapore Limited,1.0,F9D-SG,1,SHARE,6207076,F,Boustead Singapore Limited1.pdf,41.1,41
SG1X13940751,,571,Boustead Singapore Limited,1,1828.0,SGP,V12756165,19850102.0,SGP,05JBKY-E,41.1,SINGAPORE,F9D-SG,SG1X13940751,620707,Boustead Singapore Limited,1.0,F9D-SG,1,SHARE,6207076,F,Boustead Singapore Limited1.pdf,41.1,41
JP3667600005,18.0,572,JGC Holdings Corporation,1,1928.0,JPN,J26945105,20080605.0,JPN,05HWQH-E,42.22,US OTC,@NA,JP3667600005,647346,JGC Holdings Corporation,1.0,JGCCF-US,0,SHARE,B3BHSP1,F,JGC Holdings Corporation1.pdf,42.2,42
ID1000107600,,573,PT Wijaya Karya (Persero) Tbk,1,1960.0,IDN,Y7148V102,20220727.0,IDN,06Y8PV-E,42.99,US OTC,@NA,ID1000107600,B28V4M,PT Wijaya Karya (Persero) Tbk,1.0,WKAPF-US,0,SHARE,BKMG168,F,PT Wijaya Karya (Persero) Tbk2.pdf,42.9,42
GB0000961622,2.0,574,Balfour Beatty plc,1,1909.0,GBR,G3224V108,20031119.0,GBR,05HX10-E,42.11,US OTC,@NA,GB0000961622,009616,Balfour Beatty plc,1.0,BAFBF-US,0,SHARE,B02SQJ2,F,Balfour Beatty plc1.pdf,42.1,42
JP3400050005,,576,"SPACE CO., LTD.",1,1948.0,JPN,J7655J101,20220621.0,JPN,05J9WZ-E,41.2,US OTC,@NA,JP3400050005,683629,"SPACE CO., LTD.",1.0,SPAEF-US,0,SHARE,BMZNMH8,F,"SPACE CO., LTD.1.pdf",41.2,41
FI4000081138,,578,Lehto Group PLC,1,2008.0,FIN,X5000P107,20160511.0,FIN,08DXFV-E,41.1,LONDON,@NA,FI4000081138,BD3CKX,Lehto Group PLC,1.0,0RFZ-GB,0,SHARE,BYQNJ69,F,Lehto Group PLC1.pdf,41.1,41
ID1000136807,,579,PT Mitra Pemuda Tbk,0,1968.0,IDN,Y712EP102,20160210.0,IDN,@NA,42.99,INDONESIA,@NA,ID1000136807,BDDJSW,PT Mitra Pemuda Tbk,1.0,MTRA-ID,1,SHARE,BDDJSW2,F,PT Mitra Pemuda Tbk2.pdf,42.9,42
VN000000TV14,,580,Power Engineering Consulting Joint Stock Company 1,1,1960.0,VNM,Y708AD101,20100924.0,VNM,09RXNY-E,42.22,HANOI,@NA,VN000000TV14,B42RW4,Power Engineering Consulting Joint Stock Company 1,1.0,TV1-VN,1,SHARE,B42RW44,F,Power Engineering Consulting Joint Stock Company 11.pdf,42.2,42
JP3254200003,,581,"EXEO Group, Inc.",1,1954.0,JPN,J38232104,19850102.0,JPN,05HZ5S-E,42.22,TOKYO,1951-JP,JP3254200003,649942,"EXEO Group, Inc.",1.0,1951-JP,1,SHARE,6499420,F,"EXEO Group, Inc.1.pdf",42.2,42
US7458671010,,582,"PulteGroup, Inc.",1,1950.0,USA,745867101,19841105.0,USA,000V2H-E,41.2,NYSE,PHM-US,US7458671010,74586710,"PulteGroup, Inc.",1.0,PHM-US,1,SHARE,2708841,F,"PulteGroup, Inc.1.pdf",41.2,41
BMG126341046,,583,Blue River Holdings Limited,1,1993.0,HKG,G12634104,19931028.0,HKG,003JQ0-E,41.1,HONG KONG,498-HK,BMG126341046,BMB08X,Blue River Holdings Limited,1.0,498-HK,1,SHARE,BMB08X1,F,Blue River Holdings Limited3.pdf,41.1,41
US55405W1045,,584,MYR Group Inc.,1,1995.0,USA,55405W104,20080812.0,USA,000QTC-E,42.22,NASDAQ,MYRG-US,US55405W1045,55405W10,MYR Group Inc.,1.0,MYRG-US,1,SHARE,B3CLS18,F,MYR Group Inc.1.pdf,42.2,42
US07556Q8814,9.0,585,"Beazer Homes USA, Inc.",1,1985.0,USA,07556Q881,19940223.0,USA,000CPQ-E,41.2,NYSE,BZH-US,US07556Q8814,07556Q88,"Beazer Homes USA, Inc.",1.0,BZH-US,1,SHARE,B8KHZT0,F,"Beazer Homes USA, Inc.1.pdf",41.2,41
CL0001896498,,586,Echeverria Izquierdo SA,1,2007.0,CHL,P3589W105,20120803.0,CHL,0CNJR9-E,42.11,SANTIAGO,EISA-CL,CL0001896498,B8294F,Echeverria Izquierdo SA,1.0,EISA-CL,1,SHARE,B8294F3,F,Echeverria Izquierdo SA1.pdf,42.1,42
GRS087003000,,587,Intracom Holdings SA,1,1977.0,GRC,X3967S107,19981005.0,GRC,05HXC2-E,42.11,FRANKFURT,@NA,GRS087003000,BFX3DL,Intracom Holdings SA,1.0,INTA-DE,0,SHARE,BGL6XN2,F,Intracom Holdings SA1.pdf,42.1,42
CA0565331026,,588,Badger Infrastructure Solutions Ltd,1,1992.0,CAN,056533102,19960321.0,CAN,0BCZRQ-E,43.12,TORONTO,BDGI-CA,CA0565331026,BLCW7S,Badger Infrastructure Solutions Ltd,1.0,BDGI-CA,1,SHARE,BLCW7S7,F,Badger Infrastructure Solutions Ltd1.pdf,43.1,43
GRS403003007,,589,Technical Olympic S.A.,0,1965.0,GRC,X8936X152,20071109.0,GRC,05HZCT-E,42.99,LONDON,@NA,GRS403003007,488816,Technical Olympic S.A.,1.0,0P0R-GB,0,SHARE,B28MSH4,F,Technical Olympic S.A.3.pdf,42.9,42
JP3993800006,,590,"Watanabe Sato Co., Ltd.",1,1923.0,JPN,J95028106,19940223.0,JPN,05JH4G-E,42.11,TOKYO,1807-JP,JP3993800006,694130,"Watanabe Sato Co., Ltd.",1.0,1807-JP,1,SHARE,6941307,F,"Watanabe Sato Co., Ltd.3.pdf",42.1,42
ES0125220311,,591,Acciona SA,1,1931.0,ESP,E0008Z109,20041101.0,ESP,05HJVH-E,41.2,US OTC,@NA,ES0125220311,557910,Acciona SA,1.0,ACXIF-US,0,SHARE,B02T9S5,F,Acciona SA1.pdf,41.2,41
MYQ0262OO004,,592,Sunview Group Bhd,0,2021.0,MYS,Y8T59K100,20221017.0,MYS,@NA,43.21,MALAYSIA,0262-MY,MYQ0262OO004,BPWBMC,Sunview Group Bhd,1.0,0262-MY,0,SHARE,BPWBMC1,F,Sunview Group Bhd2.pdf,43.2,43
FDS0ABX8,11.0,593,"Yunnan Water Investment Co., Limited",1,2011.0,HKG,FDS0ABX88,,CHN,0F1FKQ-E,42.22,@NA,@NA,@NA,BY2ZF6,"Yunnan Water Investment Co., Limited",1.0,@NA,0,SHARE,@NA,F,"Yunnan Water Investment Co., Limited1.pdf",42.2,42
GRS145003000,74.0,594,GEK Terna Holding Real Estate Construction SA,1,1959.0,GRC,X3125P102,20151022.0,GRC,060Y26-E,41.1,US OTC,@NA,GRS145003000,442170,GEK Terna Holding Real Estate Construction SA,1.0,GKTRF-US,0,SHARE,BRGWDY3,F,GEK Terna Holding Real Estate Construction SA1.pdf,41.1,41
NO0003679102,,595,NRC Group ASA,1,1966.0,NOR,R6450E102,19920227.0,NOR,05JM6L-E,42.13,OSLO,NRC-NO,NO0003679102,518157,NRC Group ASA,1.0,NRC-NO,1,SHARE,5181579,F,NRC Group ASA1.pdf,42.1,42
HRDLKVRA0006,,596,Dalekovod d.d.,1,1949.0,HRV,X1767H107,20010313.0,HRV,05X6DP-E,42.22,ZAGREB,DLKV-HR,HRDLKVRA0006,706612,Dalekovod d.d.,1.0,DLKV-HR,1,SHARE,7066124,F,Dalekovod d.d.1.pdf,42.2,42
MYQ0241OO008,,597,Siab Holdings Bhd,1,2020.0,MYS,Y775L7101,20220228.0,MYS,0Q9Y37-E,41.1,MALAYSIA,0241-MY,MYQ0241OO008,BNRNV2,Siab Holdings Bhd,1.0,0241-MY,1,SHARE,BNRNV21,F,Siab Holdings Bhd3.pdf,41.1,41
ES0154653911,,598,"Inmobiliaria del Sur, S.A.",1,1945.0,ESP,E89575315,19900626.0,ESP,05HVMW-E,41.2,SPAIN,ISUR-ES,ES0154653911,B19DFV,"Inmobiliaria del Sur, S.A.",1.0,ISUR-ES,1,SHARE,B19DFV2,F,"Inmobiliaria del Sur, S.A.2.pdf",41.2,41
US87265H1095,2.0,599,"Tri Pointe Homes, Inc.",1,2009.0,USA,87265H109,20130131.0,USA,0FMYYY-E,41.2,NYSE,TPH-US,US87265H1095,87265H10,"Tri Pointe Homes, Inc.",1.0,TPH-US,1,SHARE,B92CQF3,F,"Tri Pointe Homes, Inc.1.pdf",41.2,41
INE04AK01028,,600,SBC Exports Ltd.,1,2011.0,IND,Y753RF120,20190704.0,IND,0KV60Y-E,46.47,BSE INDIA,@NA,INE04AK01028,BNZF4X,SBC Exports Ltd.,1.0,542725-IN,1,SHARE,BNZF4X1,G,SBC Exports Ltd.2.pdf,46.4,46
INE963D01015,,601,Alka Diamond Industries Limited,0,1989.0,IND,Y0032T119,20120416.0,IND,@NA,46.48,BSE INDIA,@NA,INE963D01015,B03PJ2,Alka Diamond Industries Limited,1.0,531581-IN,0,SHARE,B03PJ26,G,Alka Diamond Industries Limited1.pdf,46.4,46
INE685Z01033,,602,Rajnish Wellness Ltd.,0,2015.0,IND,Y7S88H154,20180709.0,IND,0JK2Q0-E,46.46,BSE INDIA,@NA,INE685Z01033,BQ0MTV,Rajnish Wellness Ltd.,1.0,541601-IN,0,SHARE,BQ0MTV1,G,Rajnish Wellness Ltd.2.pdf,46.4,46
GB0031274896,,603,Marks and Spencer Group plc,1,1884.0,GBR,G5824M107,20131122.0,GBR,05G2M9-E,47.19,MEXICO,@NA,GB0031274896,312748,Marks and Spencer Group plc,1.0,MKSN-MX,0,SHARE,B84NPQ1,G,Marks and Spencer Group plc1.pdf,47.1,47
US63888P4063,,604,Natural Health Trends Corp.,1,1988.0,USA,63888P406,19950622.0,HKG,@NA,47.99,NASDAQ,NHTC-US,US63888P4063,63888P40,Natural Health Trends Corp.,1.0,NHTC-US,1,SHARE,2490847,G,Natural Health Trends Corp.1.pdf,47.9,47
BMG3958B1046,,605,Golden Resources Development International Limited,1,1946.0,HKG,G3958B104,19910423.0,HKG,@NA,47.11,HONG KONG,677-HK,BMG3958B1046,637619,Golden Resources Development International Limited,1.0,677-HK,1,SHARE,6376192,G,Golden Resources Development International Limited1.pdf,47.1,47
PLDKTRA00013,,606,Dektra S.A.,0,1997.0,POL,X182A6105,20110614.0,POL,@NA,46.73,WARSAW,@NA,PLDKTRA00013,B3LL21,Dektra S.A.,1.0,DKR-PL,0,SHARE,B3LL217,G,Dektra S.A.1.pdf,46.7,46
TW0006134000,,607,"Wanshih Electronic Co., Ltd",1,1987.0,TWN,Y95158104,20020108.0,TWN,06RVV6-E,46.52,TAIPEI,6134-TW,TW0006134000,642708,"Wanshih Electronic Co., Ltd",1.0,6134-TW,1,SHARE,6427089,G,"Wanshih Electronic Co., Ltd1.pdf",46.5,46
US07712Y2081,,608,Da Zhong Trading Group Holding Company,1,2007.0,USA,07712Y208,20080811.0,CHN,@NA,46.9,US OTC,@NA,US07712Y2081,07712Y20,Da Zhong Trading Group Holding Company,1.0,DZGH-US,1,SHARE,BP93BC3,G,Da Zhong Trading Group Holding Company1.pdf,46.9,46
PLGRMNK00014,,609,Mennica Skarbowa SA,1,2011.0,POL,X3248F106,20120511.0,POL,@NA,47.77,WARSAW,@NA,PLGRMNK00014,B83N7G,Mennica Skarbowa SA,1.0,MNS-PL,1,SHARE,B83N7G6,G,Mennica Skarbowa SA1.pdf,47.7,47
MYL7016OO008,,610,Chuan Huat Resources Bhd.,1,1957.0,MYS,Y1605D101,19970806.0,MYS,05JG8Y-E,46.74,MALAYSIA,7016-MY,MYL7016OO008,601837,Chuan Huat Resources Bhd.,1.0,7016-MY,1,SHARE,6018375,G,Chuan Huat Resources Bhd.1.pdf,46.7,46
HK0000812955,,611,King Stone Energy Group Limited,1,1981.0,HKG,Y4773P138,20040527.0,HKG,05JHG9-E,46.71,US OTC,@NA,HK0000812955,BPBS3P,King Stone Energy Group Limited,1.0,YNSKF-US,0,SHARE,BMBYXF0,G,King Stone Energy Group Limited1.pdf,46.7,46
HK0128011282,,612,ENM Holdings Limited,1,1966.0,HKG,Y2298U103,20030919.0,HKG,05J5SY-E,47.71,US OTC,@NA,HK0128011282,632150,ENM Holdings Limited,1.0,ENMHF-US,0,SHARE,B01F393,G,ENM Holdings Limited1.pdf,47.7,47
US0865161014,,613,"Best Buy Co., Inc.",1,1966.0,USA,086516101,20141106.0,USA,000CSN-E,47.42,LONDON,@NA,US0865161014,08651610,"Best Buy Co., Inc.",1.0,0R18-GB,0,SHARE,BSJC6N7,G,"Best Buy Co., Inc.1.pdf",47.4,47
JP3161170000,,614,"Echo Trading Co., Ltd.",1,1971.0,JPN,J12663100,19950511.0,JPN,05JCL0-E,47.78,TOKYO,7427-JP,JP3161170000,630868,"Echo Trading Co., Ltd.",1.0,7427-JP,1,SHARE,6308689,G,"Echo Trading Co., Ltd.1.pdf",47.7,47
US36320A2033,,615,"Galaxy Next Generation, Inc.",1,1991.0,USA,36320A203,20010718.0,USA,0033LJ-E,46.52,US OTC,GAXY-US,US36320A2033,36320A20,"Galaxy Next Generation, Inc.",1.0,GAXY-US,1,SHARE,BNBRKG6,G,"Galaxy Next Generation, Inc.2.pdf",46.5,46
JP3250600008,,616,"YU-WA Creation Holdings Co., Ltd.",1,1971.0,JPN,J3805M102,19991001.0,JPN,@NA,47.71,TOKYO,7615-JP,JP3250600008,617457,"YU-WA Creation Holdings Co., Ltd.",1.0,7615-JP,1,SHARE,6174578,G,"YU-WA Creation Holdings Co., Ltd.1.pdf",47.7,47
KYG464281016,,617,Huili Resources (Group) Limited,1,2010.0,HKG,G46428101,20120112.0,HKG,0C9C9S-E,46.71,HONG KONG,1303-HK,KYG464281016,B6RVBW,Huili Resources (Group) Limited,1.0,1303-HK,1,SHARE,B6RVBW6,G,Huili Resources (Group) Limited3.pdf,46.7,46
INE0D9X01018,,618,Jetmall Spices & Masala Ltd.,0,1947.0,IND,Y4S3GH104,20210419.0,IND,0NCW19-E,46.39,BSE INDIA,@NA,INE0D9X01018,BNYK8V,Jetmall Spices & Masala Ltd.,1.0,543286-IN,0,SHARE,BNYK8V3,G,Jetmall Spices & Masala Ltd.1.pdf,46.3,46
KYG711391022,,619,Ping An Healthcare and Technology Company Limited,1,2014.0,HKG,G71139102,20180504.0,CHN,0HYKNF-E,47.73,FRANKFURT,@NA,KYG711391022,BDRYVB,Ping An Healthcare and Technology Company Limited,1.0,1XZ-DE,0,SHARE,BFMFD53,G,Ping An Healthcare and Technology Company Limited1.pdf,47.7,47
JP3172060000,,620,"Aucnet, Inc.",1,1984.0,JPN,J03497138,20220727.0,JPN,05J36J-E,47.91,US OTC,@NA,JP3172060000,BYZ8GD,"Aucnet, Inc.",1.0,AUCTF-US,0,SHARE,BMCZGP3,G,"Aucnet, Inc.1.pdf",47.9,47
KR7009240003,,621,"Hanssem Co., Ltd",1,1973.0,KOR,Y30642105,20020717.0,KOR,05JZZX-E,47.59,KOREA,009240-KR,KR7009240003,653668,"Hanssem Co., Ltd",1.0,009240-KR,1,SHARE,6536684,G,"Hanssem Co., Ltd1.pdf",47.5,47
US39874R1014,,622,Grocery Outlet Holding Corp.,1,1946.0,USA,39874R101,20190620.0,USA,0KYYGJ-E,47.11,NASDAQ,GO-US,US39874R1014,39874R10,Grocery Outlet Holding Corp.,1.0,GO-US,1,SHARE,BK1KWF7,G,Grocery Outlet Holding Corp.1.pdf,47.1,47
ES0147561015,,623,"Iberpapel Gestion, S.A.",1,1935.0,ESP,E6216P106,20130114.0,ESP,05HVLW-E,46.76,LONDON,@NA,ES0147561015,537095,"Iberpapel Gestion, S.A.",1.0,0ERM-GB,0,SHARE,B28JCZ1,G,"Iberpapel Gestion, S.A.1.pdf",46.7,46
CL0000000100,,624,Cencosud S.A.,1,1960.0,CHL,P2205J100,20040511.0,CHL,05SK9R-E,47.11,SANTIAGO,CENCOSUD-CL,CL0000000100,B00R3L,Cencosud S.A.,1.0,CENCOSUD-CL,1,SHARE,B00R3L2,G,Cencosud S.A.1.pdf,47.1,47
DE000A2G8ZX8,,625,Pyrum Innovations AG,1,2008.0,NOR,D6S3TK101,20211004.0,DEU,0LPZGW-E,46.77,XETRA,PYR-DE,DE000A2G8ZX8,BP485Y,Pyrum Innovations AG,1.0,PYR-DE,0,SHARE,BNHQV20,G,Pyrum Innovations AG1.pdf,46.7,46
INE536C01029,,626,NutriCircle Limited,1,1993.0,IND,Y6422Y105,19990914.0,IND,@NA,47.78,BSE INDIA,@NA,INE536C01029,BYMRL4,NutriCircle Limited,1.0,530219-IN,1,SHARE,BYMRL47,G,NutriCircle Limited2.pdf,47.7,47
JP3993830003,,627,"Watahan & Co., Ltd.",1,1949.0,JPN,J94996105,20141224.0,JPN,06NFFK-E,46.73,TOKYO,3199-JP,JP3993830003,BSZM2P,"Watahan & Co., Ltd.",1.0,3199-JP,1,SHARE,BSZM2P5,G,"Watahan & Co., Ltd.1.pdf",46.7,46
CA38217M1005,,628,Goodfood Market Corp.,1,2014.0,CAN,38217M100,20170804.0,CAN,0H3980-E,47.91,US OTC,@NA,CA38217M1005,BF4SN0,Goodfood Market Corp.,1.0,GDDFF-US,0,SHARE,BDGP3F5,G,Goodfood Market Corp.1.pdf,47.9,47
ZAE000005443,,629,Pick N Pay Stores Limited,1,1967.0,ZAF,S60947108,19871207.0,ZAF,05HYXX-E,47.11,JSE,PIK-ZA,ZAE000005443,668806,Pick N Pay Stores Limited,1.0,PIK-ZA,1,SHARE,6688068,G,Pick N Pay Stores Limited1.pdf,47.1,47
MYL4197OO009,,631,Sime Darby Bhd.,1,1910.0,MYS,Y7962G108,19850930.0,MYS,070LLV-E,45.11,MALAYSIA,4197-MY,MYL4197OO009,B29TTR,Sime Darby Bhd.,1.0,4197-MY,1,SHARE,B29TTR1,G,Sime Darby Bhd.1.pdf,45.1,45
JP3274050008,,632,Green Cross Corporation,1,1969.0,JPN,J18808105,19961224.0,JPN,00656W-E,46.69,FUKUOKA,7533-JP,JP3274050008,638112,Green Cross Corporation,1.0,7533-JP,1,SHARE,6381129,G,Green Cross Corporation1.pdf,46.6,46
KYG2616H1074,,633,"Dafeng Port Heshun Technology Co., Ltd.",1,2011.0,HKG,G2616H107,20130822.0,HKG,0D947G-E,46.69,HONG KONG,@NA,KYG2616H1074,BZ060V,"Dafeng Port Heshun Technology Co., Ltd.",1.0,8310-HK,1,SHARE,BZ060V3,G,"Dafeng Port Heshun Technology Co., Ltd.1.pdf",46.6,46
ZAE000058517,,634,Spar Group Limited,1,1963.0,ZAF,S8050H104,20120618.0,ZAF,061754-E,46.39,US OTC,@NA,ZAE000058517,B038WK,Spar Group Limited,1.0,SGPPF-US,0,SHARE,B05H8W3,G,Spar Group Limited1.pdf,46.3,46
KYG3958R1092,,635,Golden Eagle Retail Group Limited,1,2005.0,HKG,G3958R109,20070604.0,HKG,0082DW-E,47.19,US OTC,@NA,KYG3958R1092,B10S7M,Golden Eagle Retail Group Limited,1.0,GDNEF-US,0,SHARE,B125PR1,G,Golden Eagle Retail Group Limited1.pdf,47.1,47
BMG8310J1172,,636,New Sparkle Roll International Group Limited,1,1981.0,HKG,G8310J117,19970918.0,HKG,07DWV1-E,45.11,HONG KONG,970-HK,BMG8310J1172,BQ1LFL,New Sparkle Roll International Group Limited,1.0,970-HK,1,SHARE,BQ1LFL9,G,New Sparkle Roll International Group Limited1.pdf,45.1,45
KYG5259R1002,,637,Kidsland International Holdings Limited,1,2017.0,HKG,G5259R100,20171110.0,CHN,@NA,47.65,HONG KONG,@NA,KYG5259R1002,BF3694,Kidsland International Holdings Limited,1.0,2122-HK,1,SHARE,BF36946,G,Kidsland International Holdings Limited2.pdf,47.6,47
AU000000MTS0,,638,Metcash Limited,1,1927.0,AUS,Q6014C106,19940617.0,AUS,063FG7-E,46.39,ASX,MTS-AU,AU000000MTS0,B0744W,Metcash Limited,1.0,MTS-AU,1,SHARE,B0744W4,G,Metcash Limited2.pdf,46.3,46
JP3487600003,,639,"Daitron Co., Ltd.",1,1952.0,JPN,J10994101,19990923.0,JPN,05J3SD-E,46.52,TOKYO,7609-JP,JP3487600003,617104,"Daitron Co., Ltd.",1.0,7609-JP,1,SHARE,6171041,G,"Daitron Co., Ltd.1.pdf",46.5,46
JP3968600001,,640,"Arcs Company, Limited",1,1961.0,JPN,J0195H107,19930820.0,JPN,05J32V-E,47.11,TOKYO,9948-JP,JP3968600001,672193,"Arcs Company, Limited",1.0,9948-JP,1,SHARE,6721930,G,"Arcs Company, Limited2.pdf",47.1,47
ID1000104508,,641,PT Tempo Scan Pacific Tbk,1,1970.0,IDN,Y7147L154,20070823.0,IDN,05J0BK-E,46.46,US OTC,@NA,ID1000104508,B1F1R5,PT Tempo Scan Pacific Tbk,1.0,PEXXF-US,0,SHARE,B1FH0D5,G,PT Tempo Scan Pacific Tbk2.pdf,46.4,46
BMG329191057,,642,Ares Asia Limited,1,1993.0,HKG,G32919105,19940202.0,HKG,05JH2G-E,46.71,HONG KONG,@NA,BMG329191057,B7LJ2Y,Ares Asia Limited,1.0,645-HK,1,SHARE,B7LJ2Y2,G,Ares Asia Limited2.pdf,46.7,46
LK0362N00000,,643,Ceylon Tea Brokers Plc,1,1963.0,LKA,Y1291J107,20100323.0,LKA,@NA,46.39,COLOMBO,@NA,LK0362N00000,B629TQ,Ceylon Tea Brokers Plc,1.0,CTBL.N0000-LK,1,SHARE,B629TQ5,G,Ceylon Tea Brokers Plc3.pdf,46.3,46
JP3967450002,,644,Rasa Corporation,1,1939.0,JPN,J64964109,20060228.0,JPN,06DDTD-E,46.75,TOKYO,3023-JP,JP3967450002,B0XPSG,Rasa Corporation,1.0,3023-JP,1,SHARE,B0XPSG3,G,Rasa Corporation1.pdf,46.7,46
DE0005194005,,645,BayWa AG,1,1923.0,DEU,D08232106,20080520.0,DEU,05J2JC-E,46.22,LONDON,@NA,DE0005194005,583805,BayWa AG,1.0,0AH6-GB,0,SHARE,B28FCV5,G,BayWa AG1.pdf,46.2,46
INE396H01019,,646,Checkpoint Trends Limited,0,1991.0,IND,Y7362Z102,20110805.0,IND,@NA,46.46,BSE INDIA,@NA,INE396H01019,B6SKVG,Checkpoint Trends Limited,1.0,531099-IN,0,SHARE,B6SKVG6,G,Checkpoint Trends Limited1.pdf,46.4,46
WNLVZZL0,,647,Fastned BV,1,2012.0,NLD,WNLVZZL06,,NLD,0FFFT6-E,47.3,@NA,@NA,@NA,BKDRZ1,Fastned BV,1.0,@NA,1,SHARE,@NA,G,Fastned BV1.pdf,47.3,47
JP3967200001,,648,"Rakuten Group, Inc.",1,1997.0,JPN,J64264104,20081016.0,JPN,05HXHH-E,47.91,US OTC,@NA,JP3967200001,622959,"Rakuten Group, Inc.",1.0,RKUNF-US,0,SHARE,B3BJLG9,G,"Rakuten Group, Inc.1.pdf",47.9,47
US7595091023,,649,Reliance Steel & Aluminum Co.,1,1939.0,USA,759509102,19940916.0,USA,0019QP-E,46.72,NYSE,RS-US,US7595091023,75950910,Reliance Steel & Aluminum Co.,1.0,RS-US,1,SHARE,2729068,G,Reliance Steel & Aluminum Co.1.pdf,46.7,46
GB00B1CKQ739,,650,Dunelm Group plc,1,1979.0,GBR,G2935W108,20220729.0,GBR,008N3T-E,47.59,US OTC,@NA,GB00B1CKQ739,B1CKQ7,Dunelm Group plc,1.0,DNEMF-US,0,SHARE,BM8H7D8,G,Dunelm Group plc3.pdf,47.5,47
INE664B01021,,651,Crazy Infra & Infomedia Ltd,1,1992.0,IND,Y17735104,20041021.0,IND,06G555-E,46.52,BSE INDIA,@NA,INE664B01021,B03G4H,Crazy Infra & Infomedia Ltd,1.0,524388-IN,1,SHARE,B03G4H9,G,Crazy Infra & Infomedia Ltd1.pdf,46.5,46
MYL7106OO007,,652,Supermax Corp. Bhd.,1,1987.0,MYS,Y8310G105,20000807.0,MYS,05TJPK-E,46.69,MALAYSIA,7106-MY,MYL7106OO007,B1V7L3,Supermax Corp. Bhd.,1.0,7106-MY,1,SHARE,B1V7L36,G,Supermax Corp. Bhd.1.pdf,46.6,46
AU0000124919,,654,Design Milk Co. Ltd.,1,1988.0,AUS,Q31777123,19970324.0,USA,@NA,47.91,ASX,DMC-AU,AU0000124919,BMGP98,Design Milk Co. Ltd.,1.0,DMC-AU,1,SHARE,BMGP983,G,Design Milk Co. Ltd.1.pdf,47.9,47
SE0002110064,,655,Meko AB,1,1990.0,SWE,W5615X116,20000531.0,SWE,05J2K9-E,45.31,OMX NORDIC STOCKHOLM,MEKO-SE,SE0002110064,B23PWD,Meko AB,1.0,MEKO-SE,1,SHARE,B23PWD2,G,Meko AB1.pdf,45.3,45
SE0015245535,,656,Nelly Group AB,1,1936.0,SWE,W56969111,20101215.0,SWE,0B9VKK-E,47.91,OMX NORDIC STOCKHOLM,NELLY-SE,SE0015245535,BMTS6J,Nelly Group AB,1.0,NELLY-SE,1,SHARE,BMTS6J9,G,Nelly Group AB1.pdf,47.9,47
US9120081099,,657,US Foods Holding Corp.,1,2007.0,USA,912008109,20160526.0,USA,07WXZ8-E,46.39,NYSE,USFD-US,US9120081099,91200810,US Foods Holding Corp.,1.0,USFD-US,1,SHARE,BYVFC94,G,US Foods Holding Corp.2.pdf,46.3,46
JP3956600005,,658,"Yokohama Maruuo Co., Ltd.",1,1947.0,JPN,J97404107,19891011.0,JPN,@NA,46.38,TOKYO,8045-JP,JP3956600005,698645,"Yokohama Maruuo Co., Ltd.",1.0,8045-JP,1,SHARE,6986450,G,"Yokohama Maruuo Co., Ltd.2.pdf",46.3,46
GB00BL6C2002,,659,Wickes Group Plc,1,2019.0,GBR,G8927W105,20210428.0,GBR,@NA,47.59,LONDON,WIX-GB,GB00BL6C2002,BL6C20,Wickes Group Plc,1.0,WIX-GB,1,SHARE,BL6C200,G,Wickes Group Plc1.pdf,47.5,47
CA00686A1084,,660,ADENTRA Inc,1,2011.0,CAN,00686A108,20040323.0,CAN,0BXN3M-E,46.73,TORONTO,ADEN-CA,CA00686A1084,BPP2FH,ADENTRA Inc,1.0,ADEN-CA,1,SHARE,BPP2FH7,G,ADENTRA Inc1.pdf,46.7,46
NL0012015705,,661,Just Eat Takeaway.com N.V.,1,2005.0,NLD,N4753E105,20200917.0,NLD,0C9XLD-E,47.99,VIENNA,@NA,NL0012015705,BYQ7HZ,Just Eat Takeaway.com N.V.,1.0,TKWY-AT,0,SHARE,BMGWJR3,G,Just Eat Takeaway.com N.V.1.pdf,47.9,47
IS0000020584,,662,Festi hf.,1,2007.0,ISL,X5S7YW100,20131219.0,ISL,074CND-E,47.78,OMX NORDIC ICELAND,@NA,IS0000020584,BH7XXQ,Festi hf.,1.0,FESTI-IS,1,SHARE,BH7XXQ7,G,Festi hf.1.pdf,47.7,47
US9311421039,,663,Walmart Inc.,1,1945.0,USA,931142103,19990318.0,USA,000YMS-E,47.19,XETRA,@NA,US9311421039,93114210,Walmart Inc.,1.0,WMT-DE,0,SHARE,5419571,G,Walmart Inc.1.pdf,47.1,47
BRMMAQACNOR1,,664,Minasmaquinas S.A.,1,1961.0,BRA,P6665L109,20010320.0,BRA,@NA,45.11,SAO PAULO,@NA,BRMMAQACNOR1,259354,Minasmaquinas S.A.,1.0,MMAQ3-BR,0,SHARE,2593531,G,Minasmaquinas S.A.2.pdf,45.1,45
JP3898400001,,665,Mitsubishi Corporation,1,1954.0,JPN,J43830116,19891122.0,JPN,05FMFC-E,46.75,LONDON,@NA,JP3898400001,659678,Mitsubishi Corporation,1.0,0Q0J-GB,0,SHARE,0597621,G,Mitsubishi Corporation2.pdf,46.7,46
KYG211461085,,666,Chow Tai Fook Jewellery Group Limited,1,1929.0,HKG,G21146108,20161205.0,HKG,07P76T-E,47.77,HONG KONG CONNECT - SHENZHEN,1929-SZSC,KYG211461085,B4R39F,Chow Tai Fook Jewellery Group Limited,1.0,@NA,0,SHARE,BD8NKQ7,G,Chow Tai Fook Jewellery Group Limited1.pdf,47.7,47
JP3801520002,,667,PC Depot Corporation,1,1994.0,JPN,J6363B103,20230327.0,JPN,05JF95-E,46.51,US OTC,@NA,JP3801520002,621240,PC Depot Corporation,1.0,PCDCF-US,0,SHARE,B3LV637,G,PC Depot Corporation1.pdf,46.5,46
AU000000MHJ4,,668,Michael Hill International Ltd.,1,1979.0,AUS,Q6073P105,20160707.0,AUS,0GDJ61-E,47.77,ASX,MHJ-AU,AU000000MHJ4,BD8D25,Michael Hill International Ltd.,1.0,MHJ-AU,1,SHARE,BD8D250,G,Michael Hill International Ltd.1.pdf,47.7,47
JP3148970001,,669,"IBOKIN Co., Ltd.",1,1984.0,JPN,J23103104,20180802.0,JPN,0JQJ15-E,46.77,TOKYO,5699-JP,JP3148970001,BDCLB4,"IBOKIN Co., Ltd.",1.0,5699-JP,1,SHARE,BDCLB42,G,"IBOKIN Co., Ltd.2.pdf",46.7,46
DE000A2N4H07,,670,Westwing Group SE,1,2011.0,DEU,D9663Z107,20181009.0,DEU,0JYQ1C-E,47.59,XETRA,WEW-DE,DE000A2N4H07,BD9PFL,Westwing Group SE,1.0,WEW-DE,1,SHARE,BD9PFL2,G,Westwing Group SE2.pdf,47.5,47
US5270641096,,671,"Leslie's, Inc.",1,1963.0,USA,527064109,20201029.0,USA,0MY33Y-E,47.78,NASDAQ,LESL-US,US5270641096,52706410,"Leslie's, Inc.",1.0,LESL-US,1,SHARE,BNG3RZ7,G,"Leslie's, Inc.1.pdf",47.7,47
NZALFE0001S1,,672,Allied Farmers Limited,1,1913.0,NZL,Q02222109,20020509.0,NZL,05PSZ7-E,46.61,NEW ZEALAND,ALF-NZ,NZALFE0001S1,652680,Allied Farmers Limited,1.0,ALF-NZ,1,SHARE,6526801,G,Allied Farmers Limited3.pdf,46.6,46
INE0H1201012,,673,Getalong Enterprise Ltd.,0,2020.0,IND,Y2707F101,20211008.0,IND,@NA,47.71,BSE INDIA,@NA,INE0H1201012,BM8JMF,Getalong Enterprise Ltd.,1.0,543372-IN,0,SHARE,BM8JMF1,G,Getalong Enterprise Ltd.3.pdf,47.7,47
INE334C01029,,674,Everest Organics Ltd.,1,1993.0,IND,Y2362E142,19980804.0,IND,@NA,46.46,BSE INDIA,@NA,INE334C01029,BYZKGL,Everest Organics Ltd.,1.0,524790-IN,1,SHARE,BYZKGL5,G,Everest Organics Ltd.3.pdf,46.4,46
CA35805C1068,,676,Freshlocal Solutions Inc,0,1997.0,CAN,35805C106,20210702.0,CAN,0NQF39-E,47.91,US OTC,@NA,CA35805C1068,BN4JXT,Freshlocal Solutions Inc,1.0,FLOCF-US,0,SHARE,BP2Q2B5,G,Freshlocal Solutions Inc1.pdf,47.9,47
TW0004104005,,677,"Excelsior Medical Co., Ltd.",1,1988.0,TWN,Y2294A101,20010608.0,TWN,0657H3-E,46.69,TAIWAN,4104-TW,TW0004104005,635414,"Excelsior Medical Co., Ltd.",1.0,4104-TW,1,SHARE,6354143,G,"Excelsior Medical Co., Ltd.3.pdf",46.6,46
JP3309050007,,678,Golf Digest Online Inc.,1,2000.0,JPN,J1861J104,20040401.0,JPN,05ZCM3-E,47.65,TOKYO,3319-JP,JP3309050007,674447,Golf Digest Online Inc.,1.0,3319-JP,1,SHARE,6744476,G,Golf Digest Online Inc.2.pdf,47.6,47
BMG507361001,,681,Jardine Matheson Holdings Limited,1,1984.0,SGP,G50736100,19900523.0,BMU,003J2M-E,45.32,LONDON,@NA,BMG507361001,647211,Jardine Matheson Holdings Limited,1.0,JARB-GB,0,SHARE,0471781,G,Jardine Matheson Holdings Limited1.pdf,45.3,45
KYG6180F1081,,682,MINISO Group Holding Ltd.,1,2013.0,HKG,G6180F108,20230503.0,CHN,0MWB2H-E,47.19,HONG KONG CONNECT  - SHANGHAI,@NA,KYG6180F1081,BQKNM3,MINISO Group Holding Ltd.,1.0,@NA,0,SHARE,BNM25K9,G,MINISO Group Holding Ltd.1.pdf,47.1,47
ZAE000012084,,683,Shoprite Holdings Limited,1,1979.0,ZAF,S76263102,20021028.0,ZAF,05HZPP-E,47.11,NAMIBIA,@NA,ZAE000012084,680157,Shoprite Holdings Limited,1.0,SRH-NA,0,SHARE,6560326,G,Shoprite Holdings Limited1.pdf,47.1,47
US76118Y1047,,684,"Resideo Technologies, Inc.",1,2018.0,USA,76118Y104,20181015.0,USA,0JXCN5-E,46.52,NYSE,REZI-US,US76118Y1047,76118Y10,"Resideo Technologies, Inc.",1.0,REZI-US,1,SHARE,BFD1TJ6,G,"Resideo Technologies, Inc.1.pdf",46.5,46
NL0012044747,,685,Shop Apotheke Europe NV,1,2001.0,DEU,N7975Z103,20210106.0,NLD,0GJL4Z-E,46.46,US OTC,@NA,NL0012044747,BYYH7G,Shop Apotheke Europe NV,1.0,SHPPF-US,0,SHARE,BMXZ5S8,G,Shop Apotheke Europe NV3.pdf,46.4,46
MYL6939OO002,,686,Fiamma Holdings Bhd.,1,1979.0,MYS,Y2482M115,19971118.0,MYS,05W6MR-E,47.54,MALAYSIA,6939-MY,MYL6939OO002,607381,Fiamma Holdings Bhd.,1.0,6939-MY,1,SHARE,6073813,G,Fiamma Holdings Bhd.1.pdf,47.5,47
SE0009189608,,687,AcouSort AB,1,2010.0,SWE,W04940107,20170109.0,SWE,@NA,46.69,OMX NORDIC STOCKHOLM,ACOU-SE,SE0009189608,BZ0071,AcouSort AB,1.0,ACOU-SE,1,SHARE,BZ00714,G,AcouSort AB1.pdf,46.6,46
DE000A14KEB5,,688,home24 SE,1,2009.0,DEU,D3R2M2108,20180615.0,DEU,09X1NY-E,47.59,XETRA,H24-DE,DE000A14KEB5,BZ15FQ,home24 SE,1.0,H24-DE,1,SHARE,BZ15FQ9,G,home24 SE1.pdf,47.5,47
CA25675T1075,,689,Dollarama Inc.,1,1992.0,CAN,25675T107,20091009.0,CAN,00C6CF-E,47.19,TORONTO,DOL-CA,CA25675T1075,B4TP9G,Dollarama Inc.,1.0,DOL-CA,1,SHARE,B4TP9G2,G,Dollarama Inc.1.pdf,47.1,47
ID1000122906,,690,PT Supra Boga Lestari Tbk,1,1997.0,IDN,Y7138F109,20120607.0,IDN,0CHWCL-E,47.11,INDONESIA,RANC-ID,ID1000122906,B89BBL,PT Supra Boga Lestari Tbk,1.0,RANC-ID,1,SHARE,B89BBL7,G,PT Supra Boga Lestari Tbk1.pdf,47.1,47
MYL03048O005,,691,Carzo Holdings Bhd.,1,2020.0,MYS,Y1125A108,20210909.0,MYS,@NA,46.31,MALAYSIA,@NA,MYL03048O005,BKVD64,Carzo Holdings Bhd.,1.0,03048-MY,1,SHARE,BKVD643,G,Carzo Holdings Bhd.2.pdf,46.3,46
NZWHSE0001S6,,692,Warehouse Group Ltd.,1,1982.0,NZL,Q95422103,20031107.0,NZL,05HXFY-E,46.49,US OTC,@NA,NZWHSE0001S6,693962,Warehouse Group Ltd.,1.0,WHGPF-US,0,SHARE,B01VN68,G,Warehouse Group Ltd.1.pdf,46.4,46
JP3163800000,,693,SPK Corporation,1,1917.0,JPN,J7659D100,19951009.0,JPN,05J9WH-E,45.31,TOKYO,7466-JP,JP3163800000,680670,SPK Corporation,1.0,7466-JP,1,SHARE,6806707,G,SPK Corporation2.pdf,45.3,45
GB00BKY4XG48,,694,musicMagpie plc,1,2020.0,GBR,G572HZ105,20210422.0,GBR,0NJHCL-E,47.91,LONDON,MMAG-GB,GB00BKY4XG48,BKY4XG,musicMagpie plc,1.0,MMAG-GB,1,SHARE,BKY4XG4,G,musicMagpie plc1.pdf,47.9,47
JE00BJVNSS43,,695,Ferguson Plc,1,1887.0,USA,G3421J106,20031208.0,GBR,0KX3XJ-E,46.73,NYSE,FERG-US,JE00BJVNSS43,G3421J10,Ferguson Plc,1.0,FERG-US,1,SHARE,BKB0C57,G,Ferguson Plc1.pdf,46.7,46
NZHLGE0001S4,,696,Hallenstein Glasson Holdings Limited,1,1985.0,NZL,Q4435A106,20211222.0,NZL,@NA,47.71,US OTC,@NA,NZHLGE0001S4,602042,Hallenstein Glasson Holdings Limited,1.0,HLSTF-US,0,SHARE,B05P708,G,Hallenstein Glasson Holdings Limited1.pdf,47.7,47
FR0000120172,,697,Carrefour SA,1,1959.0,FRA,F13923119,20060217.0,FRA,002D1X-E,47.19,LONDON,@NA,FR0000120172,564156,Carrefour SA,1.0,0NPH-GB,0,SHARE,B0Z8677,G,Carrefour SA1.pdf,47.1,47
JE00BJYJFX36,,698,Sandpiperci Group Ltd.,1,2007.0,GGY,G7T84B101,20190611.0,GBR,@NA,47.29,CHANNEL ISLANDS,SANDPI-GG,JE00BJYJFX36,BJYJFX,Sandpiperci Group Ltd.,1.0,SANDPI-GG,1,SHARE,BJYJFX3,G,Sandpiperci Group Ltd.1.pdf,47.2,47
CA70538A1012,,699,"Peekaboo Beans, Inc.",0,1991.0,CAN,70538A101,19960301.0,CAN,0GKLCD-E,47.71,CNQ,@NA,CA70538A1012,BDCVRV,"Peekaboo Beans, Inc.",1.0,BEAN-CA,1,SHARE,BDCVRV1,G,"Peekaboo Beans, Inc.2.pdf",47.7,47
BMG4660A1036,,700,Himalaya Shipping Ltd.,1,,NOR,G4660A103,20221025.0,BMU,0P2BJJ-E,50.2,NYSE,@NA,BMG4660A1036,BN957G,Himalaya Shipping Ltd.,1.0,HSHP-US,0,SHARE,BMW64P2,H,Himalaya Shipping Ltd.1.pdf,50.2,50
FDS135N1,,701,"Beijing-Shanghai High-Speed Railway Co., Ltd.",1,2007.0,CHN,FDS135N13,,CHN,08B0HW-E,49.1,@NA,@NA,@NA,BKSWRZ,"Beijing-Shanghai High-Speed Railway Co., Ltd.",1.0,@NA,0,SHARE,@NA,H,"Beijing-Shanghai High-Speed Railway Co., Ltd.2.pdf",49.1,49
TH0669010Z02,,702,"Bangkok Aviation Fuel Services Public Co., Ltd.",1,1983.0,THA,Y0600K136,20020404.0,THA,05J44X-E,52.23,THAILAND,BAFS-TH,TH0669010Z02,652758,"Bangkok Aviation Fuel Services Public Co., Ltd.",1.0,BAFS-TH,1,SHARE,6527581,H,"Bangkok Aviation Fuel Services Public Co., Ltd.1.pdf",52.2,52
IL0010878242,,703,El Al Israel Airlines Ltd,1,1950.0,ISR,M3741D147,20040802.0,ISR,05ZC3N-E,51.1,US OTC,@NA,IL0010878242,663214,El Al Israel Airlines Ltd,1.0,ELALF-US,0,SHARE,B05PH53,H,El Al Israel Airlines Ltd1.pdf,51.1,51
GB0003395000,,704,James Fisher and Sons plc,1,1926.0,GBR,G35056103,19850102.0,GBR,05J3GL-E,52.22,LONDON,FSJ-GB,GB0003395000,033950,James Fisher and Sons plc,1.0,FSJ-GB,1,SHARE,0339500,H,James Fisher and Sons plc2.pdf,52.2,52
ZAE000072328,,705,Grindrod Limited,1,1910.0,ZAF,S3302L128,19911217.0,ZAF,0610BL-E,52.29,JSE,GND-ZA,ZAE000072328,B0LNLV,Grindrod Limited,1.0,GND-ZA,1,SHARE,B0LNLV5,H,Grindrod Limited2.pdf,52.2,52
CY0200352116,,706,Frontline Plc,1,1985.0,USA,M46528101,20010806.0,CYP,000P84-E,50.2,NYSE,FRO-US,CY0200352116,M4652810,Frontline Plc,1.0,FRO-US,1,SHARE,BMCVDT4,H,Frontline Plc2.pdf,50.2,50
JP3699400002,,707,"Japan Airport Terminal Co., Ltd.",1,1953.0,JPN,J2620N105,20050913.0,JPN,05HXNL-E,52.23,US OTC,@NA,JP3699400002,647217,"Japan Airport Terminal Co., Ltd.",1.0,JAIRF-US,0,SHARE,B02H3V0,H,"Japan Airport Terminal Co., Ltd.1.pdf",52.2,52
AEG000601019,,708,Gulf Navigation Holding (P . J . S . C),1,2003.0,ARE,M5245S108,20070207.0,ARE,06SLZK-E,50.2,DUBAI,GULFNAV-AE,AEG000601019,B16B4G,Gulf Navigation Holding (P . J . S . C),1.0,GULFNAV-AE,1,SHARE,B16B4G7,H,Gulf Navigation Holding (P . J . S . C)1.pdf,50.2,50
INE0M4L01013,,709,Cargotrans Maritime Ltd.,1,2012.0,IND,Y1R3DH104,20221010.0,IND,@NA,52.29,BSE INDIA,@NA,INE0M4L01013,BQ1L83,Cargotrans Maritime Ltd.,1.0,543618-IN,1,SHARE,BQ1L832,H,Cargotrans Maritime Ltd.2.pdf,52.2,52
SG1S76928401,,710,COSCO Shipping International Singapore Co Ltd,1,1961.0,SGP,Y1764Z208,19850102.0,SGP,003K1Y-E,52.29,SINGAPORE,F83-SG,SG1S76928401,B0WCDT,COSCO Shipping International Singapore Co Ltd,1.0,F83-SG,1,SHARE,B0WCDT3,H,COSCO Shipping International Singapore Co Ltd2.pdf,52.2,52
BMG246371113,,711,Courage Investment Group Limited,1,2001.0,HKG,G24637111,20051013.0,HKG,007RH9-E,50.2,SINGAPORE,CIN-SG,BMG246371113,BMQBDV,Courage Investment Group Limited,1.0,CIN-SG,0,SHARE,BMYWCY3,H,Courage Investment Group Limited1.pdf,50.2,50
JP3362700001,,712,"Mitsui O.S.K.Lines,Ltd.",1,1942.0,JPN,J45013133,19850102.0,JPN,05HWKV-E,50.2,TOKYO,9104-JP,JP3362700001,659758,"Mitsui O.S.K.Lines,Ltd.",1.0,9104-JP,1,SHARE,6597584,H,"Mitsui O.S.K.Lines,Ltd.1.pdf",50.2,50
JP3708600006,,713,Nippon Concept Corp.,1,1994.0,JPN,J56129109,20121004.0,JPN,08YMQN-E,52.29,TOKYO,9386-JP,JP3708600006,B8N6N8,Nippon Concept Corp.,1.0,9386-JP,1,SHARE,B8N6N89,H,Nippon Concept Corp.2.pdf,52.2,52
CH0319416936,,714,Flughafen Zurich AG,1,2000.0,CHE,H26552135,20060818.0,CHE,05HZQS-E,52.23,FRANKFURT,@NA,CH0319416936,BYQ848,Flughafen Zurich AG,1.0,UZAA-DE,0,SHARE,BZ057W0,H,Flughafen Zurich AG1.pdf,52.2,52
CA14179V5036,,715,Cargojet Inc.,1,2002.0,CAN,14179V503,20120831.0,CAN,00CZ3B-E,52.29,US OTC,@NA,CA14179V5036,BJXM60,Cargojet Inc.,1.0,CGJTF-US,0,SHARE,BK6PQX3,H,Cargojet Inc.1.pdf,52.2,52
INE558F01026,,716,Chartered Logistics Limited,1,1995.0,IND,Y1296R112,20051116.0,IND,094R53-E,49.41,BSE INDIA,531977-IN,INE558F01026,B0569D,Chartered Logistics Limited,1.0,531977-IN,1,SHARE,B0569D8,H,Chartered Logistics Limited2.pdf,49.4,49
NZFREE0001S0,,717,Freightways Group Limited,1,1964.0,NZL,Q3956J108,,NZL,05V2SS-E,53.2,US OTC,@NA,NZFREE0001S0,668798,Freightways Group Limited,1.0,FTWYF-US,0,SHARE,B1B9KC4,H,Freightways Group Limited1.pdf,53.2,53
TW0002614005,,718,Eastern Media International Corporation,1,1975.0,TWN,Y75407109,19951004.0,TWN,05J243-E,52.1,TAIWAN,2614-TW,TW0002614005,633119,Eastern Media International Corporation,1.0,2614-TW,1,SHARE,6331191,H,Eastern Media International Corporation2.pdf,52.1,52
FDS0BEJA,,719,"Changan Minsheng APLL Logistics Co., Ltd.",1,2001.0,HKG,FDS0BEJA2,,CHN,0080WJ-E,52.29,@NA,@NA,@NA,B0ZC0B,"Changan Minsheng APLL Logistics Co., Ltd.",1.0,@NA,0,SHARE,@NA,H,"Changan Minsheng APLL Logistics Co., Ltd.2.pdf",52.2,52
GRS316003003,,720,ANEK Lines SA,1,1967.0,GRC,X01493216,19990121.0,GRC,05J463-E,50.1,ATHENS,ANEK-GR,GRS316003003,559428,ANEK Lines SA,1.0,ANEK-GR,1,SHARE,5594285,H,ANEK Lines SA1.pdf,50.1,50
FDS18BEE,,721,Viking Supply Ships AB,1,1972.0,SWE,FDS18BEE7,,SWE,0609DS-E,50.2,@NA,@NA,@NA,BF0WXM,Viking Supply Ships AB,1.0,@NA,0,SHARE,@NA,H,Viking Supply Ships AB3.pdf,50.2,50
BMG570141058,,722,Luxking Group Holdings Ltd.,1,1995.0,SGP,G57014105,20050822.0,CHN,007JB8-E,52.29,SINGAPORE,@NA,BMG570141058,BYQ8X1,Luxking Group Holdings Ltd.,1.0,BKK-SG,1,SHARE,BYQ8X17,H,Luxking Group Holdings Ltd.1.pdf,52.2,52
BMG524181036,,723,Kerry Logistics Network Ltd.,1,1981.0,HKG,G52418103,20161205.0,HKG,05LG00-E,52.29,HONG KONG CONNECT - SHENZHEN,636-SZSC,BMG524181036,BH0W28,Kerry Logistics Network Ltd.,1.0,@NA,0,SHARE,BD8NFW8,H,Kerry Logistics Network Ltd.1.pdf,52.2,52
TH0221B10Z05,,724,BTS Group Holdings Public Co. Ltd.,1,1968.0,THA,Y0984D260,19910404.0,THA,09R0MT-E,49.31,THAILAND,BTS-TH,TH0221B10Z05,BDDW2W,BTS Group Holdings Public Co. Ltd.,1.0,BTS-TH,1,SHARE,BDDW2W9,H,BTS Group Holdings Public Co. Ltd.2.pdf,49.3,49
AT00000VIE62,,725,Flughafen Wien AG,1,1938.0,AUT,A2048V142,20081215.0,AUT,003PYT-E,52.23,US OTC,@NA,AT00000VIE62,BD6KMR,Flughafen Wien AG,1.0,FGWLF-US,0,SHARE,BD8CWW4,H,Flughafen Wien AG1.pdf,52.2,52
JP3688370000,,726,"NIPPON EXPRESS HOLDINGS,INC.",1,1937.0,JPN,J53377107,20220105.0,JPN,@NA,52.29,US OTC,@NA,JP3688370000,BKSHP6,"NIPPON EXPRESS HOLDINGS,INC.",1.0,NPEHF-US,0,SHARE,BNLZ8G6,H,"NIPPON EXPRESS HOLDINGS,INC.1.pdf",52.2,52
TH6999010007,,727,Bangkok Expressway and Metro Public Company Limited,1,2015.0,THA,Y0607C103,20160105.0,THA,0FZXRY-E,49.31,THAILAND,BEM-TH,TH6999010007,BYV76L,Bangkok Expressway and Metro Public Company Limited,1.0,BEM-TH,1,SHARE,BYV76L0,H,Bangkok Expressway and Metro Public Company Limited2.pdf,49.3,49
US5904791358,,728,Mesa Air Group Inc,1,1982.0,USA,590479135,20180810.0,USA,000PVJ-E,51.1,NASDAQ,MESA-US,US5904791358,59047913,Mesa Air Group Inc,1.0,MESA-US,1,SHARE,BFZZJ96,H,Mesa Air Group Inc1.pdf,51.1,51
CA1363751027,,729,Canadian National Railway Company,1,1919.0,CAN,136375102,20040524.0,CAN,001HN7-E,49.1,FRANKFURT,@NA,CA1363751027,218063,Canadian National Railway Company,1.0,CY2-DE,0,SHARE,B017Y18,H,Canadian National Railway Company1.pdf,49.1,49
INE888E01020,,730,Asis Logistics Limited,0,1972.0,IND,Y0R945125,20060105.0,IND,@NA,52.29,BSE INDIA,@NA,INE888E01020,BZ0W60,Asis Logistics Limited,1.0,506159-IN,0,SHARE,BZ0W602,H,Asis Logistics Limited3.pdf,52.2,52
JP3649800004,,731,"Nagoya Railroad Co., Ltd.",1,1894.0,JPN,J47399118,19850102.0,JPN,05HWNT-E,49.31,TOKYO,9048-JP,JP3649800004,661986,"Nagoya Railroad Co., Ltd.",1.0,9048-JP,1,SHARE,6619864,H,"Nagoya Railroad Co., Ltd.2.pdf",49.3,49
BMG5330P1077,,732,Kwoon Chung Bus Holdings Limited,1,1948.0,HKG,G5330P107,19960927.0,HKG,05J9ND-E,49.31,HONG KONG,306-HK,BMG5330P1077,650369,Kwoon Chung Bus Holdings Limited,1.0,306-HK,1,SHARE,6503699,H,Kwoon Chung Bus Holdings Limited2.pdf,49.3,49
GB00BNR4T868,,733,Renewi Plc,1,1880.0,GBR,G7492H113,20090529.0,GBR,0GWKJ4-E,49.41,US OTC,@NA,GB00BNR4T868,BNR4T8,Renewi Plc,1.0,SHMCF-US,0,SHARE,BP908L2,H,Renewi Plc1.pdf,49.4,49
ID1000126600,,734,PT Trans Power Marine Tbk,1,2005.0,IDN,Y8958S106,20130220.0,IDN,0D06TW-E,52.22,INDONESIA,TPMA-ID,ID1000126600,B8008J,PT Trans Power Marine Tbk,1.0,TPMA-ID,1,SHARE,B8008J0,H,PT Trans Power Marine Tbk2.pdf,52.2,52
BMG4233B1090,,735,Hafnia Ltd.,1,2014.0,NOR,G4233B109,20131106.0,SGP,0KJL7Q-E,50.2,OSLO,HAFNI-NO,BMG4233B1090,BJK0P8,Hafnia Ltd.,1.0,HAFNI-NO,1,SHARE,BJK0P85,H,Hafnia Ltd.1.pdf,50.2,50
KYG7945D1079,,736,Seacon Shipping Group Holdings Ltd.,1,2012.0,HKG,G7945D107,20230329.0,CHN,@NA,50.2,HONG KONG,@NA,KYG7945D1079,BNLYHR,Seacon Shipping Group Holdings Ltd.,1.0,2409-HK,1,SHARE,BNLYHR7,H,Seacon Shipping Group Holdings Ltd.1.pdf,50.2,50
JP3783600004,,737,East Japan Railway Company,1,2014.0,JPN,J1257M109,19931026.0,JPN,003JNB-E,49.1,TOKYO,9020-JP,JP3783600004,629854,East Japan Railway Company,1.0,9020-JP,1,SHARE,6298542,H,East Japan Railway Company3.pdf,49.1,49
JP3279400000,,738,"Keihan Holdings Co.,Ltd.",1,1906.0,JPN,J31975121,20100813.0,JPN,05HWXW-E,49.31,US OTC,@NA,JP3279400000,648723,"Keihan Holdings Co.,Ltd.",1.0,KHNRF-US,0,SHARE,B1GXSH2,H,"Keihan Holdings Co.,Ltd.2.pdf",49.3,49
US2473617023,,739,"Delta Air Lines, Inc.",1,1928.0,USA,247361702,20130510.0,USA,000HH2-E,51.1,MEXICO,@NA,US2473617023,24736170,"Delta Air Lines, Inc.",1.0,DAL-MX,0,SHARE,B842L60,H,"Delta Air Lines, Inc.1.pdf",51.1,51
CA2302662077,,740,Cult Food Science Corp.,1,1983.0,CAN,230266207,20220117.0,CAN,003XZG-E,52.29,CNQ,@NA,CA2302662077,BMYS5J,Cult Food Science Corp.,1.0,CULT-CA,1,SHARE,BMYS5J7,H,Cult Food Science Corp.1.pdf,52.2,52
JP3423800006,,741,SENKO Group Holdings Co.Ltd.,1,1916.0,JPN,J71004139,20230120.0,JPN,05J1G4-E,52.29,US OTC,@NA,JP3423800006,679520,SENKO Group Holdings Co.Ltd.,1.0,SNKCF-US,0,SHARE,B02LH21,H,SENKO Group Holdings Co.Ltd.1.pdf,52.2,52
NL0000226892,,742,ICTS International NV,1,1992.0,USA,N43837108,19960626.0,NLD,001GPV-E,52.23,US OTC,ICTSF-US,NL0000226892,N4383710,ICTS International NV,1.0,ICTSF-US,1,SHARE,2448783,H,ICTS International NV2.pdf,52.2,52
BMG7170T1080,,743,Polaris Holding Company Ltd,1,2011.0,BMU,G7170T108,20101019.0,BMU,@NA,52.24,BERMUDA,@NA,BMG7170T1080,207799,Polaris Holding Company Ltd,1.0,POLAR.BH-BM,1,SHARE,2077994,H,Polaris Holding Company Ltd2.pdf,52.2,52
GB00BJTCG679,,744,DX (Group) Plc,1,2013.0,GBR,G2887T103,20140227.0,GBR,081LNL-E,53.2,LONDON,DX-GB,GB00BJTCG679,BJTCG6,DX (Group) Plc,1.0,DX-GB,1,SHARE,BJTCG67,H,DX (Group) Plc1.pdf,53.2,53
SG1Y44946602,,745,Seroja Investments Limited,1,1983.0,SGP,Y7693G104,19850102.0,SGP,05JC27-E,50.2,SINGAPORE,IW5-SG,SG1Y44946602,638875,Seroja Investments Limited,1.0,IW5-SG,1,SHARE,6388755,H,Seroja Investments Limited1.pdf,50.2,50
BYMHX3,,746,World-Link Logistics (Asia) Holding Ltd,1,1990.0,HKG,FDS0EG428,20151229.0,HKG,0FRV3Z-E,52.1,HONG KONG,@NA,@NA,BYMHX3,World-Link Logistics (Asia) Holding Ltd,1.0,6083-HK,1,SHARE,BYMHX30,H,World-Link Logistics (Asia) Holding Ltd1.pdf,52.1,52
JP3810400006,,747,"Fuji Kyuko Co., Ltd.",1,1926.0,JPN,J14196109,19871116.0,JPN,05J01Q-E,49.32,TOKYO,9010-JP,JP3810400006,635649,"Fuji Kyuko Co., Ltd.",1.0,9010-JP,1,SHARE,6356495,H,"Fuji Kyuko Co., Ltd.1.pdf",49.3,49
PLPKPCR00011,,748,PKP Cargo SA,1,2001.0,POL,X65563102,20131025.0,POL,06L66C-E,49.1,WARSAW,PKP-PL,PLPKPCR00011,BFXWV8,PKP Cargo SA,1.0,PKP-PL,1,SHARE,BFXWV82,H,PKP Cargo SA2.pdf,49.1,49
INE648Z01023,,749,Accuracy Shipping Ltd.,1,2008.0,IND,Y0R1D4133,,IND,0J6X16-E,52.29,NSE INDIA,@NA,INE648Z01023,BNKCFR,Accuracy Shipping Ltd.,1.0,ACCURACY-IN,1,SHARE,BNKCFR8,H,Accuracy Shipping Ltd.1.pdf,52.2,52
JP3753000003,,750,Nippon Yusen Kabushiki Kaisha,1,1885.0,JPN,J56515232,20000623.0,JPN,05HWGS-E,50.2,FRANKFURT,@NA,JP3753000003,664396,Nippon Yusen Kabushiki Kaisha,1.0,NYKA-DE,0,SHARE,5998791,H,Nippon Yusen Kabushiki Kaisha1.pdf,50.2,50
NO0012885252,,752,Norse Atlantic ASA,1,2021.0,NOR,R6S383115,20210412.0,NOR,@NA,51.1,OSLO,NORSE-NO,NO0012885252,BMXP4F,Norse Atlantic ASA,1.0,NORSE-NO,1,SHARE,BMXP4F8,H,Norse Atlantic ASA1.pdf,51.1,51
KW0EQ0602452,,754,Jazeera Airways Co. (KSC),1,2004.0,KWT,M6S45Y105,20080115.0,KWT,072NLG-E,51.1,KUWAIT,JAZEERA-KW,KW0EQ0602452,B2NP5Q,Jazeera Airways Co. (KSC),1.0,JAZEERA-KW,1,SHARE,B2NP5Q6,H,Jazeera Airways Co. (KSC)1.pdf,51.1,51
MYL5032OO007,,755,Bintulu Port Holdings Bhd.,1,1996.0,MYS,Y0889G103,20010418.0,MYS,05SXBM-E,52.22,MALAYSIA,5032-MY,MYL5032OO007,634569,Bintulu Port Holdings Bhd.,1.0,5032-MY,1,SHARE,6345697,H,Bintulu Port Holdings Bhd.1.pdf,52.2,52
BMG644581396,,756,New Century Group Hong Kong Limited,1,1990.0,HKG,G64458139,19880121.0,HKG,05JFR6-E,50.1,HONG KONG,@NA,BMG644581396,615097,New Century Group Hong Kong Limited,1.0,234-HK,1,SHARE,6150976,H,New Century Group Hong Kong Limited3.pdf,50.1,50
NO0003080608,,757,Solstad Offshore ASA,1,2013.0,NOR,R8T477128,20170928.0,NOR,0H4V86-E,50.2,US OTC,@NA,NO0003080608,534859,Solstad Offshore ASA,1.0,SLOFF-US,0,SHARE,B17P9C9,H,Solstad Offshore ASA1.pdf,50.2,50
US9100471096,,758,"United Airlines Holdings, Inc.",1,1968.0,USA,910047109,20060126.0,USA,0B34WJ-E,51.1,NASDAQ,UAL-US,US9100471096,91004710,"United Airlines Holdings, Inc.",1.0,UAL-US,1,SHARE,B4QG225,H,"United Airlines Holdings, Inc.1.pdf",51.1,51
FDS0L1T7,,759,"Schneider National, Inc.",1,1935.0,USA,FDS0L1T75,,USA,05L8HP-E,49.41,@NA,@NA,@NA,80689H10,"Schneider National, Inc.",1.0,@NA,0,SHARE,@NA,H,"Schneider National, Inc.1.pdf",49.4,49
JO3128811010,,760,United Group for Land Transport Co. Plc,1,1995.0,JOR,M95112104,20120919.0,JOR,@NA,49.41,AMMAN,@NA,JO3128811010,B3K83N,United Group for Land Transport Co. Plc,1.0,UGLT-JO,1,SHARE,B3K83N8,H,United Group for Land Transport Co. Plc2.pdf,49.4,49
MU0144I00009,,761,RHT Holding Ltd.,1,1954.0,MUS,V72541101,20131210.0,MUS,@NA,49.39,MAURITIUS,@NA,MU0144I00009,B01KDN,RHT Holding Ltd.,1.0,RHT-MU,1,SHARE,B01KDN2,H,RHT Holding Ltd.3.pdf,49.3,49
CA4989011073,,762,Knighthawk Inc.,0,1993.0,CAN,498901107,19960301.0,CAN,@NA,52.21,TSX VENTURE,@NA,CA4989011073,49890110,Knighthawk Inc.,1.0,KHA.H-CA,1,SHARE,2084002,H,Knighthawk Inc.3.pdf,52.2,52
JP3449060007,,763,"Taiho Transportation Co., Ltd.",1,1920.0,JPN,J7936R104,19961106.0,JPN,05JYS2-E,49.41,NAGOYA,9040-JP,JP3449060007,687443,"Taiho Transportation Co., Ltd.",1.0,9040-JP,1,SHARE,6874436,H,"Taiho Transportation Co., Ltd.1.pdf",49.4,49
JP3214600003,,764,"Kanagawa Chuo Kotsu Co., Ltd.",1,1921.0,JPN,J29481108,19850102.0,JPN,05J08N-E,49.31,TOKYO,9081-JP,JP3214600003,648328,"Kanagawa Chuo Kotsu Co., Ltd.",1.0,9081-JP,1,SHARE,6483285,H,"Kanagawa Chuo Kotsu Co., Ltd.1.pdf",49.3,49
SGXE46584095,,765,Reclaims Global Limited,1,2009.0,SGP,Y72177101,20190311.0,SGP,0KL01B-E,49.41,SINGAPORE,@NA,SGXE46584095,BJQQKG,Reclaims Global Limited,1.0,NEX-SG,1,SHARE,BJQQKG0,H,Reclaims Global Limited1.pdf,49.4,49
DE0008250002,,766,ustra Hannoversche Verkehrsbetriebe AG,1,1892.0,DEU,D84947106,,DEU,05J5D6-E,49.31,LONDON,@NA,DE0008250002,490713,ustra Hannoversche Verkehrsbetriebe AG,1.0,0MII-GB,0,SHARE,B28N134,H,ustra Hannoversche Verkehrsbetriebe AG1.pdf,49.3,49
JP3957000007,,767,YOKOREI CO. LTD.,1,1948.0,JPN,J97492102,19850102.0,JPN,05J1D9-E,52.1,TOKYO,2874-JP,JP3957000007,698648,YOKOREI CO. LTD.,1.0,2874-JP,1,SHARE,6986483,H,YOKOREI CO. LTD.1.pdf,52.1,52
FDS1PNAZ,,769,"Bird Global, Inc.",1,2017.0,USA,FDS1PNAZ9,,USA,0NTNVT-E,49.39,@NA,@NA,@NA,09077J20,"Bird Global, Inc.",1.0,@NA,0,SHARE,@NA,H,"Bird Global, Inc.1.pdf",49.3,49
BMG067231032,,770,Avance Gas Holding Ltd.,1,2007.0,NOR,G06723103,20131017.0,BMU,0BRRJ5-E,50.2,OSLO,AGAS-NO,BMG067231032,BFH4P4,Avance Gas Holding Ltd.,1.0,AGAS-NO,1,SHARE,BFH4P48,H,Avance Gas Holding Ltd.1.pdf,50.2,50
NZAIRE0001S2,,771,Air New Zealand Limited,1,1940.0,NZL,Q0169V100,20011227.0,NZL,05HXJ6-E,51.1,ASX,AIZ-AU,NZAIRE0001S2,642648,Air New Zealand Limited,1.0,AIZ-AU,0,SHARE,6426569,H,Air New Zealand Limited1.pdf,51.1,51
JP3774200004,,772,"Hankyu Hanshin Holdings, Inc.",1,1907.0,JPN,J18439109,20080115.0,JPN,06KKRW-E,49.31,US OTC,@NA,JP3774200004,640866,"Hankyu Hanshin Holdings, Inc.",1.0,HYUHF-US,0,SHARE,B0YPGX5,H,"Hankyu Hanshin Holdings, Inc.1.pdf",49.3,49
CA96145A2002,,773,Westshore Terminals Investment Corporation,1,2010.0,CAN,96145A200,20120417.0,CAN,0BCTQ4-E,52.24,US OTC,@NA,CA96145A2002,B8KB13,Westshore Terminals Investment Corporation,1.0,WTSHF-US,0,SHARE,B8JDZX3,H,Westshore Terminals Investment Corporation1.pdf,52.2,52
VN000000ILB2,,774,Tan Cang - Long Binh ICD Joint Stock Company,1,2007.0,VNM,Y3817T106,20190515.0,VNM,0KQHC9-E,52.29,VIETNAM,ILB-VN,VN000000ILB2,BJP5YL,Tan Cang - Long Binh ICD Joint Stock Company,1.0,ILB-VN,1,SHARE,BJP5YL1,H,Tan Cang - Long Binh ICD Joint Stock Company3.pdf,52.2,52
GRS427003009,,775,Thessaloniki Port Authority S.A.,1,1999.0,GRC,X8999A107,20080109.0,GRC,@NA,52.24,LONDON,@NA,GRS427003009,720220,Thessaloniki Port Authority S.A.,1.0,0OJL-GB,0,SHARE,B28MVL9,H,Thessaloniki Port Authority S.A.2.pdf,52.2,52
KR7097950000,,776,CJ CheilJedang Corporation,1,2007.0,KOR,Y16691126,20070928.0,KOR,06Y1K4-E,52.29,KOREA,097950-KR,KR7097950000,B2492F,CJ CheilJedang Corporation,1.0,097950-KR,1,SHARE,B2492F5,H,CJ CheilJedang Corporation1.pdf,52.2,52
LK0381N00000,,777,Expolanka Holdings PLC,1,2003.0,LKA,Y2382Z109,20110613.0,LKA,0BPWPG-E,52.29,COLOMBO,EXPO.N0000-LK,LK0381N00000,B62DDG,Expolanka Holdings PLC,1.0,EXPO.N0000-LK,1,SHARE,B62DDG5,H,Expolanka Holdings PLC1.pdf,52.2,52
BH0006Y11350,,778,APM Terminals Bahrain BSC,1,2006.0,BHR,M0868Q109,20181210.0,BHR,@NA,52.24,BAHRAIN,APMTB-BH,BH0006Y11350,BG0C4L,APM Terminals Bahrain BSC,1.0,APMTB-BH,1,SHARE,BG0C4L6,H,APM Terminals Bahrain BSC1.pdf,52.2,52
US4771431016,,779,JetBlue Airways Corporation,1,1998.0,USA,477143101,20020412.0,USA,003KSV-E,51.1,NASDAQ,JBLU-US,US4771431016,47714310,JetBlue Airways Corporation,1.0,JBLU-US,1,SHARE,2852760,H,JetBlue Airways Corporation3.pdf,51.1,51
SE0012012508,,780,Jetpak Top Holding AB,1,1991.0,SWE,W5S11M235,20181205.0,SWE,0GQS3H-E,52.29,OMX NORDIC STOCKHOLM,JETPAK-SE,SE0012012508,BH43GF,Jetpak Top Holding AB,1.0,JETPAK-SE,1,SHARE,BH43GF0,H,Jetpak Top Holding AB1.pdf,52.2,52
SG1V61937297,,781,Singapore Airlines Ltd.,1,1972.0,SGP,Y7992P128,19971124.0,SGP,05HWD1-E,51.1,FRANKFURT,@NA,SG1V61937297,681173,Singapore Airlines Ltd.,1.0,SIA1-DE,0,SHARE,5355288,H,Singapore Airlines Ltd.2.pdf,51.1,51
INE654B01014,,782,Balurghat Technologies Limited,1,1993.0,IND,Y05545119,20041021.0,IND,0828XT-E,49.41,BSE INDIA,@NA,INE654B01014,B03G1P,Balurghat Technologies Limited,1.0,520127-IN,1,SHARE,B03G1P6,H,Balurghat Technologies Limited2.pdf,49.4,49
SGXE78399073,,783,5E Resources Limited,1,2006.0,SGP,Y2579S108,20220512.0,MYS,0NKPL9-E,49.41,SINGAPORE,@NA,SGXE78399073,BPJJGS,5E Resources Limited,1.0,NLC-SG,1,SHARE,BPJJGS2,H,5E Resources Limited1.pdf,49.4,49
FR0010533075,,784,Getlink SE,1,1986.0,FRA,F4R053105,20071106.0,FRA,06TDCT-E,49.1,US OTC,@NA,FR0010533075,B292JQ,Getlink SE,1.0,GRPTF-US,0,SHARE,B2974K3,H,Getlink SE2.pdf,49.1,49
NZMFTE0001S9,,786,Mainfreight Limited,1,1978.0,NZL,Q5742H106,19960624.0,NZL,05J9P5-E,51.1,NEW ZEALAND,MFT-NZ,NZMFTE0001S9,660303,Mainfreight Limited,1.0,MFT-NZ,1,SHARE,6603038,H,Mainfreight Limited1.pdf,51.1,51
KYG9888W1006,,787,Yun Lee Marine Group Holdings Limited,1,2018.0,HKG,G9888W100,20190318.0,HKG,0JJQTX-E,50.2,HONG KONG,@NA,KYG9888W1006,BFZMK8,Yun Lee Marine Group Holdings Limited,1.0,2682-HK,1,SHARE,BFZMK83,H,Yun Lee Marine Group Holdings Limited1.pdf,50.2,50
HK0137031065,,788,Jinhui Holdings Co. Ltd.,1,1991.0,HKG,Y4442W175,19920109.0,HKG,003LR0-E,50.2,HONG KONG,137-HK,HK0137031065,B095BB,Jinhui Holdings Co. Ltd.,1.0,137-HK,1,SHARE,B095BB3,H,Jinhui Holdings Co. Ltd.1.pdf,50.2,50
KYG9888C1125,,791,Zall Smart Commerce Group Ltd.,1,2010.0,HKG,G9888C112,20110713.0,CHN,0BX4TM-E,52.29,HONG KONG,2098-HK,KYG9888C1125,BYZTNN,Zall Smart Commerce Group Ltd.,1.0,2098-HK,1,SHARE,BYZTNN3,H,Zall Smart Commerce Group Ltd.1.pdf,52.2,52
DE000A161077,,792,Ernst Russ AG,1,2003.0,DEU,D3R5A0116,20051006.0,DEU,0689S4-E,52.24,XETRA,HXCK-DE,DE000A161077,BYT560,Ernst Russ AG,1.0,HXCK-DE,1,SHARE,BYT5605,H,Ernst Russ AG2.pdf,52.2,52
KYG3167E1136,,794,C&N Holdings Limited,1,1992.0,HKG,G3167E113,20171018.0,SGP,0GY6Y9-E,52.29,HONG KONG,@NA,KYG3167E1136,BQBG6N,C&N Holdings Limited,1.0,8430-HK,1,SHARE,BQBG6N3,H,C&N Holdings Limited1.pdf,52.2,52
SG1J24887775,,795,Singapore Shipping Corporation Limited,1,1935.0,SGP,Y7996D105,20001127.0,SGP,05J9R9-E,50.2,SINGAPORE,S19-SG,SG1J24887775,631122,Singapore Shipping Corporation Limited,1.0,S19-SG,1,SHARE,6311223,H,Singapore Shipping Corporation Limited2.pdf,50.2,50
MHY8900D1085,,796,Toro Corp.,1,,USA,Y8900D108,20230302.0,CYP,@NA,50.2,NASDAQ,@NA,MHY8900D1085,Y8900D10,Toro Corp.,1.0,TORO-US,1,SHARE,BQCZXM7,H,Toro Corp.1.pdf,50.2,50
MHY096752016,,797,Box Ships Inc.,0,2010.0,USA,Y09675201,20110414.0,GRC,00D47J-E,50.2,US OTC,TEUFF-US,MHY096752016,Y0967520,Box Ships Inc.,1.0,TEUFF-US,1,SHARE,BYMVCX5,H,Box Ships Inc.2.pdf,50.2,50
MHY3894J1872,,799,"Imperial Petroleum, Inc.",1,2021.0,USA,Y3894J187,20211206.0,GRC,0PPG15-E,50.2,NASDAQ,@NA,MHY3894J1872,Y3894J18,"Imperial Petroleum, Inc.",1.0,IMPP-US,1,SHARE,BN4KG75,H,"Imperial Petroleum, Inc.1.pdf",50.2,50
JP3417200007,,800,"Seibu Holdings, Inc.",1,,JPN,J7030Q119,20210210.0,JPN,06M94L-E,55.1,US OTC,@NA,JP3417200007,BKY6H3,"Seibu Holdings, Inc.",1.0,SEIBF-US,0,SHARE,BL5H1Y3,I,"Seibu Holdings, Inc.1.pdf",55.1,55
LK0067N00005,,801,Galadari Hotels (Lanka) Plc,1,1980.0,LKA,Y2678Q102,19930427.0,LKA,@NA,55.1,COLOMBO,@NA,LK0067N00005,636072,Galadari Hotels (Lanka) Plc,1.0,GHLL.N0000-LK,1,SHARE,6360720,I,Galadari Hotels (Lanka) Plc1.pdf,55.1,55
GB00B9F8VG44,,802,Fulham Shore Plc,1,2012.0,GBR,G3726G104,20130221.0,GBR,00FBR7-E,56.1,LONDON,FUL-GB,GB00B9F8VG44,B9F8VG,Fulham Shore Plc,1.0,FUL-GB,1,SHARE,B9F8VG4,I,Fulham Shore Plc1.pdf,56.1,56
CH0292081723,,803,Bergbahnen Disentis AG,0,,CHE,H07527122,20040708.0,CHE,@NA,55.1,SWITZERLAND UNLISTED,@NA,CH0292081723,BYV2WX,Bergbahnen Disentis AG,1.0,@NA,0,SHARE,BYV2WX9,I,Bergbahnen Disentis AG2.pdf,55.1,55
US3821408792,,804,Good Times Restaurants Inc.,1,1987.0,USA,382140879,19900622.0,USA,000L4W-E,56.1,NASDAQ,GTIM-US,US3821408792,38214087,Good Times Restaurants Inc.,1.0,GTIM-US,1,SHARE,2153968,I,Good Times Restaurants Inc.1.pdf,56.1,56
TH0115A10Z05,,805,OHTL Public Co. Ltd.,1,1876.0,THA,Y6420K131,19880802.0,THA,05J4HR-E,55.1,THAILAND,OHTL-TH,TH0115A10Z05,BD5FSX,OHTL Public Co. Ltd.,1.0,OHTL-TH,1,SHARE,BD5FSX9,I,OHTL Public Co. Ltd.1.pdf,55.1,55
JP3252400001,,806,"Kyoto Hotel, Ltd.",1,1888.0,JPN,J38038105,19901002.0,JPN,05JCX2-E,55.1,TOKYO,9723-JP,JP3252400001,649925,"Kyoto Hotel, Ltd.",1.0,9723-JP,1,SHARE,6499259,I,"Kyoto Hotel, Ltd.1.pdf",55.1,55
KYG770951005,,807,Royal Group Holdings International Company Limited,1,1993.0,HKG,G77095100,20160808.0,HKG,0FZ306-E,56.1,HONG KONG,@NA,KYG770951005,BDCC9H,Royal Group Holdings International Company Limited,1.0,8300-HK,1,SHARE,BDCC9H4,I,Royal Group Holdings International Company Limited3.pdf,56.1,56
SGXE39589952,,808,YKGI Limited,0,1961.0,SGP,Y8103X109,20230206.0,SGP,@NA,56.1,SINGAPORE,@NA,SGXE39589952,BQS96H,YKGI Limited,1.0,YK9-SG,0,SHARE,BQS96H9,I,YKGI Limited2.pdf,56.1,56
TW0001259000,,809,"An-Shin Food Services Co., Ltd.",1,1990.0,TWN,Y01604100,20110126.0,TWN,@NA,56.1,TAIPEI,1259-TW,TW0001259000,B3RVGC,"An-Shin Food Services Co., Ltd.",1.0,1259-TW,1,SHARE,B3RVGC0,I,"An-Shin Food Services Co., Ltd.1.pdf",56.1,56
JP3274350002,,810,"Global-Dining, Inc.",1,1973.0,JPN,J1726U104,20220727.0,JPN,05J4S8-E,56.1,US OTC,@NA,JP3274350002,619454,"Global-Dining, Inc.",1.0,GLLDF-US,0,SHARE,B1267S9,I,"Global-Dining, Inc.2.pdf",56.1,56
US6273331073,,811,"Muscle Maker, Inc.",1,1995.0,USA,627333107,20200213.0,USA,0F9MBG-E,56.1,NASDAQ,GRIL-US,US6273331073,62733310,"Muscle Maker, Inc.",1.0,GRIL-US,1,SHARE,BK4Y030,I,"Muscle Maker, Inc.1.pdf",56.1,56
US75689M1018,,812,"Red Robin Gourmet Burgers, Inc.",1,1969.0,USA,75689M101,20020719.0,USA,003WTW-E,56.1,NASDAQ,RRGB-US,US75689M1018,75689M10,"Red Robin Gourmet Burgers, Inc.",1.0,RRGB-US,1,SHARE,2966144,I,"Red Robin Gourmet Burgers, Inc.1.pdf",56.1,56
US4586851044,,813,InterGroup Corporation,1,1985.0,USA,458685104,19841105.0,USA,000N0Z-E,55.1,NASDAQ,INTG-US,US4586851044,45868510,InterGroup Corporation,1.0,INTG-US,1,SHARE,2464013,I,InterGroup Corporation2.pdf,55.1,55
US3385171059,,814,"Flanigan's Enterprises, Inc.",1,1959.0,USA,338517105,19841105.0,USA,000KK2-E,56.1,NYSE AMERICAN,BDL-US,US3385171059,33851710,"Flanigan's Enterprises, Inc.",1.0,BDL-US,1,SHARE,2342562,I,"Flanigan's Enterprises, Inc.1.pdf",56.1,56
KR7035250000,,815,"Kangwon Land, Inc.",1,1998.0,KOR,Y4581L105,20011025.0,KOR,05HWLB-E,55.1,KOREA,035250-KR,KR7035250000,668344,"Kangwon Land, Inc.",1.0,035250-KR,1,SHARE,6683449,I,"Kangwon Land, Inc.1.pdf",55.1,55
HK0027032686,,816,Galaxy Entertainment Group Limited,1,1955.0,HKG,Y2679D118,19911127.0,HKG,068ZHH-E,55.1,HONG KONG,27-HK,HK0027032686,646587,Galaxy Entertainment Group Limited,1.0,27-HK,1,SHARE,6465874,I,Galaxy Entertainment Group Limited1.pdf,55.1,55
GB00BM9BZK23,,817,Various Eateries Plc,1,2020.0,GBR,G932AZ108,20200925.0,GBR,0MS0F2-E,56.1,LONDON,VARE-GB,GB00BM9BZK23,BM9BZK,Various Eateries Plc,1.0,VARE-GB,1,SHARE,BM9BZK2,I,Various Eateries Plc1.pdf,56.1,56
INE07T201019,,818,Restaurant Brands Asia Limited,1,1954.0,IND,Y1006X102,20201214.0,IND,0BWGMN-E,56.1,BSE INDIA,543248-IN,INE07T201019,BLGZ22,Restaurant Brands Asia Limited,1.0,543248-IN,1,SHARE,BLGZ221,I,Restaurant Brands Asia Limited2.pdf,56.1,56
FR0000120404,,819,Accor SA,1,1983.0,FRA,F00189120,20140926.0,FRA,002KZL-E,55.1,MEXICO,@NA,FR0000120404,585284,Accor SA,1.0,ACCN-MX,0,SHARE,BR3HZB2,I,Accor SA1.pdf,55.1,55
JP3310500008,,820,"Saizeriya Co., Ltd.",1,1968.0,JPN,J6640M104,19980501.0,JPN,05HX0Y-E,56.1,TOKYO,7581-JP,JP3310500008,611177,"Saizeriya Co., Ltd.",1.0,7581-JP,1,SHARE,6111779,I,"Saizeriya Co., Ltd.1.pdf",56.1,56
US1299032094,,821,"California Beach Restaurants, Inc.",0,1971.0,USA,129903209,19860307.0,USA,@NA,56.1,US OTC,@NA,US1299032094,12990320,"California Beach Restaurants, Inc.",1.0,CBHR-US,1,SHARE,B018ZN0,I,"California Beach Restaurants, Inc.2.pdf",56.1,56
KYG5141L1059,,822,Jiumaojiu International Holdings Ltd.,1,1995.0,HKG,G5141L105,20210318.0,CHN,0LDC0D-E,56.1,HONG KONG CONNECT  - SHANGHAI,@NA,KYG5141L1059,BLBFH6,Jiumaojiu International Holdings Ltd.,1.0,@NA,0,SHARE,BNDYMK3,I,Jiumaojiu International Holdings Ltd.1.pdf,56.1,56
HRHTPKRA0002,,824,HTP Korcula d.d.,1,1995.0,HRV,X3R46Q107,20070323.0,HRV,00BRYP-E,55.1,ZAGREB,@NA,HRHTPKRA0002,B1VNV1,HTP Korcula d.d.,1.0,HTPK-HR,1,SHARE,B1VNV12,I,HTP Korcula d.d.1.pdf,55.1,55
US24869P1049,,825,Denny's Corporation,1,1953.0,USA,24869P104,19980108.0,USA,003G45-E,56.1,NASDAQ,DENN-US,US24869P1049,24869P10,Denny's Corporation,1.0,DENN-US,1,SHARE,2250580,I,Denny's Corporation1.pdf,56.1,56
PHY2490E1056,,826,"Figaro Coffee Group, Inc.",0,2018.0,PHL,Y2490E105,20220124.0,PHL,@NA,56.1,PHILIPPINES,FCG-PH,PHY2490E1056,BNM4KN,"Figaro Coffee Group, Inc.",1.0,FCG-PH,0,SHARE,BNM4KN3,I,"Figaro Coffee Group, Inc.2.pdf",56.1,56
NZMCKE0004S9,,827,Millennium & Copthorne Hotels New Zealand Limited,1,1985.0,NZL,Q6090X156,19870506.0,NZL,05J9WM-E,55.1,NEW ZEALAND,MCK-NZ,NZMCKE0004S9,BNG62C,Millennium & Copthorne Hotels New Zealand Limited,1.0,MCK-NZ,1,SHARE,BNG62C8,I,Millennium & Copthorne Hotels New Zealand Limited1.pdf,55.1,55
SG2P14002527,,828,Hotel Properties Limited,1,1980.0,SGP,V75384103,19850102.0,SGP,05J0SC-E,55.1,SINGAPORE,H15-SG,SG2P14002527,644018,Hotel Properties Limited,1.0,H15-SG,1,SHARE,6440183,I,Hotel Properties Limited1.pdf,55.1,55
NGTANTALIZE1,,829,Tantalizers PLC,1,1997.0,NGA,V89555102,20080701.0,NGA,09GWVQ-E,56.1,NIGERIA,TANTALIZER-NG,NGTANTALIZE1,B3B0YR,Tantalizers PLC,1.0,TANTALIZER-NG,1,SHARE,B3B0YR4,I,Tantalizers PLC1.pdf,56.1,56
JP3268200007,,830,"Kura Sushi, Inc.",1,1977.0,JPN,J36942100,20010529.0,JPN,05JLSF-E,56.1,TOKYO,2695-JP,JP3268200007,634596,"Kura Sushi, Inc.",1.0,2695-JP,1,SHARE,6345965,I,"Kura Sushi, Inc.1.pdf",56.1,56
SG1T49930665,,831,Banyan Tree Holdings Limited,1,1994.0,SGP,Y0703M104,20070711.0,SGP,05VDB1-E,55.1,US OTC,@NA,SG1T49930665,B168CV,Banyan Tree Holdings Limited,1.0,BYNEF-US,0,SHARE,B19GS34,I,Banyan Tree Holdings Limited1.pdf,55.1,55
TW0002712007,,832,"Far Glory Hotel Co., Ltd.",1,1991.0,TWN,Y3R37J103,20121227.0,TWN,0CXRL9-E,55.1,TAIWAN,2712-TW,TW0002712007,B6THY1,"Far Glory Hotel Co., Ltd.",1.0,2712-TW,1,SHARE,B6THY12,I,"Far Glory Hotel Co., Ltd.1.pdf",55.1,55
GB00B17MN067,,833,Tasty plc,1,2006.0,GBR,G8696B100,20060704.0,GBR,008FMY-E,56.1,LONDON,TAST-GB,GB00B17MN067,B17MN0,Tasty plc,1.0,TAST-GB,1,SHARE,B17MN06,I,Tasty plc1.pdf,56.1,56
AU000000CKF7,,834,Collins Foods Limited,1,2011.0,AUS,Q26412108,20110804.0,AUS,00DC5X-E,56.1,ASX,CKF-AU,AU000000CKF7,B6QCFP,Collins Foods Limited,1.0,CKF-AU,1,SHARE,B6QCFP1,I,Collins Foods Limited1.pdf,56.1,56
FR0000121220,,836,Sodexo SA,1,1966.0,FRA,F84941123,20060315.0,FRA,0021DS-E,56.1,LONDON,@NA,FR0000121220,706271,Sodexo SA,1.0,0J3F-GB,0,SHARE,B11FK88,I,Sodexo SA2.pdf,56.1,56
GB00B1KJJ408,,837,Whitbread PLC,1,,GBR,G9606P197,19850102.0,GBR,05HLDP-E,55.1,LONDON,WTB-GB,GB00B1KJJ408,B1KJJ4,Whitbread PLC,1.0,WTB-GB,1,SHARE,B1KJJ40,I,Whitbread PLC3.pdf,55.1,55
LK0308N00003,,838,Fortress Resorts PLC,1,1973.0,LKA,Y7367W104,19990610.0,LKA,081QN3-E,55.1,COLOMBO,RHTL.N0000-LK,LK0308N00003,614708,Fortress Resorts PLC,1.0,RHTL.N0000-LK,1,SHARE,6147086,I,Fortress Resorts PLC2.pdf,55.1,55
US12770L1061,,839,Coffee Inc.,1,2014.0,USA,12770L106,20160527.0,USA,00GDC2-E,56.1,US OTC,@NA,US12770L1061,12770L10,Coffee Inc.,1.0,COFE-US,1,SHARE,BLCB9N3,I,Coffee Inc.1.pdf,56.1,56
JP3269930008,,840,create restaurants holdings inc.,1,1999.0,JPN,J09115106,20050928.0,JPN,067Z5M-E,56.1,TOKYO,3387-JP,JP3269930008,B0J2LC,create restaurants holdings inc.,1.0,3387-JP,1,SHARE,B0J2LC5,I,create restaurants holdings inc.1.pdf,56.1,56
SA13IG50SE12,,841,Abdul Mohsen Al-Hokair Group for Tourism & Development Co.,1,1975.0,SAU,M008AQ100,20140626.0,SAU,06XWT8-E,55.1,SAUDI ARABIA,1820-SA,SA13IG50SE12,BNFXCN,Abdul Mohsen Al-Hokair Group for Tourism & Development Co.,1.0,1820-SA,1,SHARE,BNFXCN1,I,Abdul Mohsen Al-Hokair Group for Tourism & Development Co.2.pdf,55.1,55
HRJDRNRB0002,,842,Jadran D.D.,1,1902.0,HRV,X4S41T103,20180115.0,HRV,05KX6T-E,55.1,ZAGREB,@NA,HRJDRNRB0002,BFWCR6,Jadran D.D.,1.0,JDRN-HR,1,SHARE,BFWCR63,I,Jadran D.D.2.pdf,55.1,55
GB00BLKGVD49,,843,Nightcap PLC,1,2020.0,GBR,G6519G108,20210113.0,GBR,0N6N8H-E,56.3,LONDON,NGHT-GB,GB00BLKGVD49,BLKGVD,Nightcap PLC,1.0,NGHT-GB,1,SHARE,BLKGVD4,I,Nightcap PLC1.pdf,56.3,56
ZAE000216537,,844,Bid Corporation Limited,1,1988.0,ZAF,S11881109,20160530.0,ZAF,08DCLJ-E,56.1,JSE,BID-ZA,ZAE000216537,BZBFKT,Bid Corporation Limited,1.0,BID-ZA,1,SHARE,BZBFKT7,I,Bid Corporation Limited3.pdf,56.1,56
KYG8693A1132,,845,Tasty Concepts Holding Limited,1,2010.0,HKG,G8693A113,20190315.0,HKG,0JXYCY-E,56.1,HONG KONG,@NA,KYG8693A1132,BP6KMH,Tasty Concepts Holding Limited,1.0,8096-HK,1,SHARE,BP6KMH9,I,Tasty Concepts Holding Limited1.pdf,56.1,56
FDS0AG1T,,846,"Shake Shack, Inc.",1,2014.0,USA,FDS0AG1T6,,USA,00GJ4D-E,56.1,@NA,@NA,@NA,81904710,"Shake Shack, Inc.",1.0,@NA,0,SHARE,@NA,I,"Shake Shack, Inc.1.pdf",56.1,56
CA17878Y2078,,848,Civeo Corp,1,1977.0,USA,17878Y207,20140519.0,USA,0DPN4T-E,55.9,NYSE,CVEO-US,CA17878Y2078,17878Y20,Civeo Corp,1.0,CVEO-US,1,SHARE,BN0TDP3,I,Civeo Corp1.pdf,55.9,55
INE363A01022,,849,Asian Hotels (North) Limited,1,1980.0,IND,Y0358V136,19940923.0,IND,063G97-E,55.1,BSE INDIA,500023-IN,INE363A01022,615260,Asian Hotels (North) Limited,1.0,500023-IN,1,SHARE,6152604,I,Asian Hotels (North) Limited2.pdf,55.1,55
JP3635900008,,850,"Torikizoku Holdings Co., Ltd.",1,1985.0,JPN,J89603104,20140710.0,JPN,0DQXNK-E,56.1,TOKYO,3193-JP,JP3635900008,BN893P,"Torikizoku Holdings Co., Ltd.",1.0,3193-JP,1,SHARE,BN893P5,I,"Torikizoku Holdings Co., Ltd.1.pdf",56.1,56
TH0372010007,,851,Laguna Resorts & Hotels Public Co. Ltd.,1,1983.0,THA,Y8734H101,19940329.0,THA,05J4TV-E,55.1,THAILAND,LRH-TH,TH0372010007,688808,Laguna Resorts & Hotels Public Co. Ltd.,1.0,LRH-TH,1,SHARE,6888084,I,Laguna Resorts & Hotels Public Co. Ltd.1.pdf,55.1,55
US5801351017,,852,McDonald's Corporation,1,1955.0,USA,580135101,20060306.0,USA,000PLS-E,56.1,LONDON,@NA,US5801351017,58013510,McDonald's Corporation,1.0,0R16-GB,0,SHARE,B10QPQ5,I,McDonald's Corporation3.pdf,56.1,56
CY0005431511,,853,Constantinou Bros Hotels Public Company Ltd,0,1999.0,CYP,M26252102,20171214.0,CYP,05VH6R-E,55.1,LONDON,@NA,CY0005431511,465757,Constantinou Bros Hotels Public Company Ltd,1.0,0OD2-GB,0,SHARE,B28GLB1,I,Constantinou Bros Hotels Public Company Ltd2.pdf,55.1,55
BMG2125V1265,,854,China Demeter Financial Investments Limited,1,2000.0,HKG,G2125V126,20010410.0,HKG,@NA,56.1,HONG KONG,8120-HK,BMG2125V1265,BJ06GB,China Demeter Financial Investments Limited,1.0,8120-HK,1,SHARE,BJ06GB3,I,China Demeter Financial Investments Limited1.pdf,56.1,56
BMG578481068,,855,Mandarin Oriental International Limited,1,1986.0,GBR,G57848106,19901002.0,HKG,003J8N-E,55.1,LONDON,@NA,BMG578481068,056156,Mandarin Oriental International Limited,1.0,MDOB-GB,1,SHARE,0561563,I,Mandarin Oriental International Limited2.pdf,55.1,55
KYG1991R1699,,856,CBK Holdings Limited,1,2016.0,HKG,G1991R169,20170215.0,HKG,0GLZJP-E,56.1,HONG KONG,@NA,KYG1991R1699,BNQS8X,CBK Holdings Limited,1.0,8428-HK,1,SHARE,BNQS8X7,I,CBK Holdings Limited2.pdf,56.1,56
US9741551033,,857,"Wingstop, Inc.",1,1994.0,USA,974155103,20150612.0,USA,0FJGZR-E,56.1,NASDAQ,WING-US,US9741551033,97415510,"Wingstop, Inc.",1.0,WING-US,1,SHARE,BYYXHN4,I,"Wingstop, Inc.1.pdf",56.1,56
US9831341071,,858,"Wynn Resorts, Limited",1,2002.0,USA,983134107,20091111.0,USA,003ZLL-E,55.1,MEXICO,@NA,US9831341071,98313410,"Wynn Resorts, Limited",1.0,WYNN-MX,0,SHARE,B3XQ834,I,"Wynn Resorts, Limited2.pdf",55.1,55
KYG1135C1024,,859,Best Food Holding Co. Ltd.,1,2011.0,HKG,G1135C102,20110627.0,HKG,0BTJ36-E,56.1,HONG KONG,1488-HK,KYG1135C1024,BYQHQR,Best Food Holding Co. Ltd.,1.0,1488-HK,1,SHARE,BYQHQR1,I,Best Food Holding Co. Ltd.2.pdf,56.1,56
CA84921K1057,,860,Spot Coffee (Canada) Ltd,1,1996.0,CAN,84921K105,20080415.0,CAN,080ZJM-E,56.1,TSX VENTURE,@NA,CA84921K1057,B2QZ2Q,Spot Coffee (Canada) Ltd,1.0,SPP-CA,1,SHARE,B2QZ2Q2,I,Spot Coffee (Canada) Ltd2.pdf,56.1,56
JP3572200008,,862,"Tokyo Kaikan Co., Ltd.",1,1920.0,JPN,J87129102,19870220.0,JPN,05J9LH-E,56.1,TOKYO,9701-JP,JP3572200008,689420,"Tokyo Kaikan Co., Ltd.",1.0,9701-JP,1,SHARE,6894207,I,"Tokyo Kaikan Co., Ltd.2.pdf",56.1,56
JP3220800001,,863,"Karula Co., Ltd.",1,1910.0,JPN,J30681100,20031211.0,JPN,05YSCD-E,56.1,TOKYO,2789-JP,JP3220800001,671282,"Karula Co., Ltd.",1.0,2789-JP,1,SHARE,6712826,I,"Karula Co., Ltd.2.pdf",56.1,56
US5529531015,,864,MGM Resorts International,1,1986.0,USA,552953101,20090624.0,USA,000PYP-E,55.1,MEXICO,@NA,US5529531015,55295310,MGM Resorts International,1.0,MGM-MX,0,SHARE,B59F4P3,I,MGM Resorts International3.pdf,55.1,55
ZAE000117792,,865,City Lodge Hotels Limited,1,1985.0,ZAF,S1714M114,20220302.0,ZAF,05J9NR-E,55.1,US OTC,@NA,ZAE000117792,619781,City Lodge Hotels Limited,1.0,CTYLF-US,0,SHARE,B3BX161,I,City Lodge Hotels Limited1.pdf,55.1,55
CA1819013071,,866,Clarke Inc.,1,1997.0,CAN,181901307,20120813.0,CAN,003NVY-E,55.1,US OTC,@NA,CA1819013071,BMF7DL,Clarke Inc.,1.0,CLKFF-US,0,SHARE,BN4NLQ8,I,Clarke Inc.1.pdf,55.1,55
KYG0192S1093,,867,Ajisen (China) Holdings Limited,1,2006.0,HKG,G0192S109,20070330.0,HKG,0093G6-E,56.1,HONG KONG,538-HK,KYG0192S1093,B1TNRD,Ajisen (China) Holdings Limited,1.0,538-HK,1,SHARE,B1TNRD8,I,Ajisen (China) Holdings Limited1.pdf,56.1,56
BW0000000041,,868,Chobe Holdings Limited,1,1983.0,BWA,V21385105,20000124.0,BWA,@NA,55.1,BOTSWANA,@NA,BW0000000041,617458,Chobe Holdings Limited,1.0,CHOBE-BW,1,SHARE,6174589,I,Chobe Holdings Limited1.pdf,55.1,55
GB00BMV9MD66,,871,Hostmore PLC,0,2021.0,GBR,G46120104,20211124.0,GBR,@NA,56.1,US OTC,@NA,GB00BMV9MD66,BMV9MD,Hostmore PLC,1.0,MORRF-US,0,SHARE,BLBJ046,I,Hostmore PLC1.pdf,56.1,56
KYG6875A1094,,872,Welife Technology Limited,1,2018.0,HKG,G6875A109,20190215.0,HKG,0JRK2K-E,56.1,HONG KONG,@NA,KYG6875A1094,BJFW8N,Welife Technology Limited,1.0,1703-HK,1,SHARE,BJFW8N2,I,Welife Technology Limited3.pdf,56.1,56
MU0068I00000,,873,Southern Cross Tourist Co. Ltd.,1,1985.0,MUS,V8283V108,20131210.0,MUS,@NA,55.1,MAURITIUS,@NA,MU0068I00000,627130,Southern Cross Tourist Co. Ltd.,1.0,SCT-MU,1,SHARE,6271305,I,Southern Cross Tourist Co. Ltd.1.pdf,55.1,55
CA19249T1075,,875,Coho Collective Kitchens Inc,0,2018.0,CAN,19249T107,20220609.0,CAN,0NG9QS-E,56.1,TSX VENTURE,@NA,CA19249T1075,19249T10,Coho Collective Kitchens Inc,1.0,COHO-CA,0,SHARE,BPQCMX1,I,Coho Collective Kitchens Inc3.pdf,56.1,56
JP3770350001,,876,"Hub Co., Ltd.",1,1998.0,JPN,J2358R104,20060404.0,JPN,0612MS-E,56.3,TOKYO,3030-JP,JP3770350001,B104T4,"Hub Co., Ltd.",1.0,3030-JP,1,SHARE,B104T45,I,"Hub Co., Ltd.2.pdf",56.3,56
ID1000150808,,878,PT Eastparc Hotel Tbk,1,2011.0,IDN,Y21810117,20190709.0,IDN,0L6X7R-E,55.1,INDONESIA,@NA,ID1000150808,BKLGVX,PT Eastparc Hotel Tbk,1.0,EAST-ID,1,SHARE,BKLGVX6,I,PT Eastparc Hotel Tbk2.pdf,55.1,55
US1630721017,,879,Cheesecake Factory Incorporated,1,1972.0,USA,163072101,19920918.0,USA,00152X-E,56.1,NASDAQ,CAKE-US,US1630721017,16307210,Cheesecake Factory Incorporated,1.0,CAKE-US,1,SHARE,2192392,I,Cheesecake Factory Incorporated1.pdf,56.1,56
AU000000EBG0,,880,Eumundi Group Limited,1,1989.0,AUS,Q33842115,19900108.0,AUS,05JSQ7-E,55.1,ASX,@NA,AU000000EBG0,630862,Eumundi Group Limited,1.0,EBG-AU,1,SHARE,6308623,I,Eumundi Group Limited1.pdf,55.1,55
GB00B0YG1K06,,881,Restaurant Group plc,0,1954.0,GBR,G7535J118,,GBR,05J1LZ-E,56.1,SIX SWISS,@NA,GB00B0YG1K06,B0YG1K,Restaurant Group plc,1.0,RTN-CH,0,SHARE,BL54MD0,I,Restaurant Group plc1.pdf,56.1,56
NL0012328801,,882,DP Eurasia NV,1,2016.0,GBR,N2745K106,20170628.0,NLD,0H32LJ-E,56.1,LONDON,DPEU-GB,NL0012328801,BZ12PK,DP Eurasia NV,1.0,DPEU-GB,1,SHARE,BZ12PK4,I,DP Eurasia NV1.pdf,56.1,56
JP3875000006,,883,Marche Corporation,1,1972.0,JPN,J39713102,19961202.0,JPN,@NA,56.1,TOKYO,7524-JP,JP3875000006,656807,Marche Corporation,1.0,7524-JP,1,SHARE,6568074,I,Marche Corporation2.pdf,56.1,56
GB0004495403,,884,"Hydro Hotel, Eastbourne, plc",1,1895.0,GBR,G46753102,19980508.0,GBR,@NA,55.1,ISDX,@NA,GB0004495403,044954,"Hydro Hotel, Eastbourne, plc",1.0,HYDP-GB,1,SHARE,0449540,I,"Hydro Hotel, Eastbourne, plc2.pdf",55.1,55
AEE01135A222,,886,Americana Restaurants International PLC,1,2022.0,SAU,M0859X105,20221212.0,ARE,@NA,56.1,ABU DHABI,AMR-AE,AEE01135A222,BP4X2F,Americana Restaurants International PLC,1.0,AMR-AE,0,SHARE,BPCMH29,I,Americana Restaurants International PLC1.pdf,56.1,56
AU000000RFG3,,887,Retail Food Group Limited,1,1989.0,AUS,Q80825104,20180131.0,AUS,008DB0-E,56.1,US OTC,@NA,AU000000RFG3,B15SCH,Retail Food Group Limited,1.0,RFGPF-US,0,SHARE,BFMJDP5,I,Retail Food Group Limited1.pdf,56.1,56
GB00BZ3CDY20,,888,HRC World Plc,1,2017.0,DNK,G4287Q101,20180206.0,MYS,@NA,56.1,OMX NORDIC COPENHAGEN,@NA,GB00BZ3CDY20,BLFFG4,HRC World Plc,1.0,HRC-DK,1,SHARE,BLFFG42,I,HRC World Plc1.pdf,56.1,56
NZMFBE0004S1,,889,My Food Bag Group Ltd.,1,,NZL,Q6500J102,20210305.0,NZL,@NA,56.1,NEW ZEALAND,MFB-NZ,NZMFBE0004S1,BJP85Q,My Food Bag Group Ltd.,1.0,MFB-NZ,1,SHARE,BJP85Q2,I,My Food Bag Group Ltd.1.pdf,56.1,56
US73754Y1001,,890,Potbelly Corp.,1,1977.0,USA,73754Y100,20131004.0,USA,05WCYL-E,56.1,NASDAQ,PBPB-US,US73754Y1001,73754Y10,Potbelly Corp.,1.0,PBPB-US,1,SHARE,BF49P79,I,Potbelly Corp.1.pdf,56.1,56
CA76090H1038,,891,Restaurant Brands International LP,1,1954.0,CAN,76090H103,20141210.0,CAN,00GBCN-E,56.1,TORONTO,QSP.UT-CA,CA76090H1038,BTF8BX,Restaurant Brands International LP,1.0,QSP.UT-CA,1,SHARE,BTF8BX1,I,Restaurant Brands International LP3.pdf,56.1,56
TH0128B10Z09,,892,"Minor International Public Co., Ltd.",1,1978.0,THA,Y6069M125,19890228.0,THA,05J5MH-E,55.1,THAILAND,MINT-TH,TH0128B10Z09,B018C0,"Minor International Public Co., Ltd.",1.0,MINT-TH,1,SHARE,B018C06,I,"Minor International Public Co., Ltd.1.pdf",55.1,55
NL0012170237,,893,Playa Hotels & Resorts N.V.,1,2016.0,USA,N70544106,20151110.0,NLD,0GQHX8-E,55.1,NASDAQ,PLYA-US,NL0012170237,N7054410,Playa Hotels & Resorts N.V.,1.0,PLYA-US,1,SHARE,BD089F2,I,Playa Hotels & Resorts N.V.2.pdf,55.1,55
GB0004601091,,894,Inch Kenneth Kajang Rubber Plc,1,1894.0,MYS,Y39098119,19871207.0,MYS,@NA,55.1,MALAYSIA,2607-MY,GB0004601091,B0B8R3,Inch Kenneth Kajang Rubber Plc,1.0,2607-MY,1,SHARE,B0B8R34,I,Inch Kenneth Kajang Rubber Plc1.pdf,55.1,55
SA15JHPITV18,,896,AlAmar Foods Co.,1,1992.0,SAU,M04187106,20220809.0,SAU,@NA,56.1,SAUDI ARABIA,6014-SA,SA15JHPITV18,BMWP6Y,AlAmar Foods Co.,1.0,6014-SA,1,SHARE,BMWP6Y2,I,AlAmar Foods Co.3.pdf,56.1,56
GB00BNYDGZ21,,899,Tortilla Mexican Grill Ltd.,1,2021.0,GBR,G89553104,20211008.0,GBR,0P9Z0V-E,56.1,LONDON,MEX-GB,GB00BNYDGZ21,BNYDGZ,Tortilla Mexican Grill Ltd.,1.0,MEX-GB,1,SHARE,BNYDGZ2,I,Tortilla Mexican Grill Ltd.1.pdf,56.1,56
US52178J1051,,900,"Leafly Holdings, Inc.",1,2010.0,USA,52178J105,20191212.0,USA,0Q0D49-E,58.19,NASDAQ,LFLY-US,US52178J1051,52178J10,"Leafly Holdings, Inc.",1.0,LFLY-US,1,SHARE,BPLFH30,J,"Leafly Holdings, Inc.2.pdf",58.1,58
AU000000MP15,,901,Megaport Ltd.,1,2013.0,AUS,Q5941Y108,20170214.0,AUS,0DZ31X-E,63.11,US OTC,@NA,AU000000MP15,BZ5ZWZ,Megaport Ltd.,1.0,MGPPF-US,0,SHARE,BZB1XL8,J,Megaport Ltd.2.pdf,63.1,63
FR0000127771,,902,Vivendi SE,0,1987.0,FRA,F97982106,20050704.0,FRA,0032JM-E,59.2,BERNE,@NA,FR0000127771,483477,Vivendi SE,1.0,VVU-CH,0,SHARE,B0CR3H6,J,Vivendi SE1.pdf,59.2,59
PHY7072Q1032,,903,"PLDT, Inc.",1,1928.0,PHL,Y7072Q103,20030813.0,PHL,000TCJ-E,61.9,US OTC,@NA,PHY7072Q1032,BDGN27,"PLDT, Inc.",1.0,PHTCF-US,0,SHARE,BYZZXZ3,J,"PLDT, Inc.2.pdf",61.9,61
CA60273M1059,,904,"Minehub Technologies, Inc.",1,2018.0,CAN,60273M105,20210907.0,CAN,@NA,63.11,TSX VENTURE,MHUB-CA,CA60273M1059,BMV9T6,"Minehub Technologies, Inc.",1.0,MHUB-CA,1,SHARE,BMV9T68,J,"Minehub Technologies, Inc.1.pdf",63.1,63
GB00B0WMWD03,,905,QinetiQ Group plc,1,2001.0,GBR,G7303P106,20070515.0,GBR,007YG3-E,62.01,US OTC,@NA,GB00B0WMWD03,B0WMWD,QinetiQ Group plc,1.0,QNTQF-US,0,SHARE,B1292T4,J,QinetiQ Group plc1.pdf,62.0,62
SI0031101247,,906,Grad d.d.,0,1990.0,SVN,X3206N109,20210520.0,SVN,@NA,58.29,LJUBLJANA,@NA,SI0031101247,B04DSR,Grad d.d.,1.0,GRDO-SI,0,SHARE,B04DSR7,J,Grad d.d.3.pdf,58.2,58
KR7311690002,,907,CJ Bioscience. Inc.,1,2009.0,KOR,Y1R288102,20191226.0,KOR,0CB3CZ-E,63.11,KOREA,@NA,KR7311690002,BJBY59,CJ Bioscience. Inc.,1.0,311690-KR,1,SHARE,BJBY597,J,CJ Bioscience. Inc.1.pdf,63.1,63
FDS18907,,908,Accenture Plc,1,1989.0,USA,FDS189072,,IRL,00C5YS-E,62.09,@NA,@NA,@NA,G1151C10,Accenture Plc,1.0,@NA,0,SHARE,@NA,J,Accenture Plc1.pdf,62.0,62
INE067C01025,,909,Anka India Ltd.,0,1994.0,IND,Y0140F142,20040929.0,IND,@NA,62.09,BSE INDIA,@NA,INE067C01025,B8XYCD,Anka India Ltd.,1.0,531673-IN,0,SHARE,B8XYCD1,J,Anka India Ltd.1.pdf,62.0,62
GB00BDFDLT01,4.0,910,i-nexus Global plc,1,2018.0,GBR,G4768Y102,20180621.0,GBR,0JLQRR-E,58.29,LONDON,INX-GB,GB00BDFDLT01,BDFDLT,i-nexus Global plc,1.0,INX-GB,1,SHARE,BDFDLT0,J,i-nexus Global plc1.pdf,58.2,58
JP3436100006,,911,SoftBank Group Corp.,1,1981.0,JPN,J7596P109,20060620.0,JPN,0029XB-E,61.2,LONDON,@NA,JP3436100006,677062,SoftBank Group Corp.,1.0,0R15-GB,0,SHARE,B17MJ08,J,SoftBank Group Corp.1.pdf,61.2,61
GB00BYN5BY03,2.0,912,Hybrid Software Group PLC,1,2013.0,BEL,G3971B107,20010417.0,GBR,@NA,58.29,EURONEXT BRUSSELS,HYSG-BE,GB00BYN5BY03,BYN5BY,Hybrid Software Group PLC,1.0,HYSG-BE,1,SHARE,BYN5BY0,J,Hybrid Software Group PLC1.pdf,58.2,58
US46263L1089,,913,IPE Universal Inc,0,2007.0,USA,46263L108,20090918.0,CHN,@NA,62.02,US OTC,@NA,US46263L1089,46263L10,IPE Universal Inc,1.0,IPEU-US,1,SHARE,BNNTRG9,J,IPE Universal Inc1.pdf,62.0,62
DE000A111338,,914,SLM Solutions Group AG,1,2011.0,DEU,D6T690109,20140509.0,DEU,0D3R6P-E,62.02,XETRA,AM3D-DE,DE000A111338,BMHTHK,SLM Solutions Group AG,1.0,AM3D-DE,1,SHARE,BMHTHK2,J,SLM Solutions Group AG1.pdf,62.0,62
KZ1C00000876,,915,Kcell JSC,1,1998.0,KAZ,Y4593K103,20121220.0,KAZ,0C3DS7-E,61.2,KAZAKHSTAN,KCEL-KZ,KZ1C00000876,B8GL8Z,Kcell JSC,1.0,KCEL-KZ,1,SHARE,B8GL8Z3,J,Kcell JSC1.pdf,61.2,61
CA50213W3057,,916,LQwD FinTech Corp,1,1999.0,CAN,50213W305,20060201.0,CAN,@NA,63.11,US OTC,@NA,CA50213W3057,BM9B9W,LQwD FinTech Corp,1.0,LQWDF-US,0,SHARE,BM9B9X3,J,LQwD FinTech Corp1.pdf,63.1,63
JP3819400007,,917,"Fuji Media Holdings, Inc.",1,1957.0,JPN,J15477102,20120823.0,JPN,07F4XG-E,60.2,US OTC,@NA,JP3819400007,603658,"Fuji Media Holdings, Inc.",1.0,FJTNF-US,0,SHARE,B06NR01,J,"Fuji Media Holdings, Inc.2.pdf",60.2,60
GB00BFM6WC61,13.0,918,KRM22 Plc,1,2018.0,GBR,G53173103,20180430.0,GBR,0JF2TK-E,58.29,LONDON,KRM-GB,GB00BFM6WC61,BFM6WC,KRM22 Plc,1.0,KRM-GB,1,SHARE,BFM6WC6,J,KRM22 Plc1.pdf,58.2,58
CA0563622053,,919,Backstageplay Inc.,1,2004.0,CAN,056362205,20050617.0,CAN,002LXM-E,58.29,TSX VENTURE,@NA,CA0563622053,BL97SN,Backstageplay Inc.,1.0,BP-CA,1,SHARE,BL97SN7,J,Backstageplay Inc.1.pdf,58.2,58
GB00BYXH8F66,6.0,920,Pelatro Plc,1,2017.0,GBR,G6993D100,20171219.0,GBR,@NA,58.29,LONDON,PTRO-GB,GB00BYXH8F66,BYXH8F,Pelatro Plc,1.0,PTRO-GB,1,SHARE,BYXH8F6,J,Pelatro Plc1.pdf,58.2,58
FDS1VO42,,921,Deezer SA,1,2007.0,FRA,FDS1VO420,,FRA,@NA,63.11,@NA,@NA,@NA,BQ5HZG,Deezer SA,1.0,@NA,0,SHARE,@NA,J,Deezer SA3.pdf,63.1,63
US5663301068,,922,Marcus Corporation,1,1935.0,USA,566330106,19841105.0,USA,000PFW-E,59.14,NYSE,MCS-US,US5663301068,56633010,Marcus Corporation,1.0,MCS-US,1,SHARE,2564827,J,Marcus Corporation2.pdf,59.1,59
CA26827G1000,,923,"E Automotive, Inc.",1,2017.0,CAN,26827G100,20211103.0,CAN,0NR7DC-E,63.11,TORONTO,EINC-CA,CA26827G1000,BKZ7FJ,"E Automotive, Inc.",1.0,EINC-CA,1,SHARE,BKZ7FJ9,J,"E Automotive, Inc.1.pdf",63.1,63
NO0010776990,,924,Huddly AS,1,2014.0,NOR,R3237R118,20180423.0,NOR,@NA,58.29,OSLO,HDLY-NO,NO0010776990,BDSHXH,Huddly AS,1.0,HDLY-NO,1,SHARE,BDSHXH1,J,Huddly AS1.pdf,58.2,58
FI0009007728,,925,Teleste Corporation,1,1954.0,FIN,X89488104,19990330.0,FIN,05J5HY-E,61.1,OMX NORDIC HELSINKI,TLT1V-FI,FI0009007728,565393,Teleste Corporation,1.0,TLT1V-FI,1,SHARE,5653937,J,Teleste Corporation1.pdf,61.1,61
JP3839500000,,926,HOUSEI Inc.,1,1996.0,JPN,J2R417102,20220728.0,JPN,@NA,58.29,TOKYO,5035-JP,JP3839500000,BM9Y47,HOUSEI Inc.,1.0,5035-JP,1,SHARE,BM9Y471,J,HOUSEI Inc.1.pdf,58.2,58
JP3944640006,,927,USEN-NEXT HOLDINGS Co.Ltd.,1,1961.0,JPN,J94094109,20141216.0,JPN,0B71D6-E,61.9,TOKYO,9418-JP,JP3944640006,BSN5BP,USEN-NEXT HOLDINGS Co.Ltd.,1.0,9418-JP,1,SHARE,BSN5BP9,J,USEN-NEXT HOLDINGS Co.Ltd.1.pdf,61.9,61
NZVHTE0001S6,,928,Volpara Health Technologies Ltd.,1,2009.0,AUS,Q9479B118,20180116.0,NZL,@NA,58.29,US OTC,@NA,NZVHTE0001S6,BD6SZB,Volpara Health Technologies Ltd.,1.0,VPAHF-US,0,SHARE,BFN4H02,J,Volpara Health Technologies Ltd.1.pdf,58.2,58
NL0006129074,,929,audius SE,1,2006.0,DEU,N47539106,20071204.0,DEU,@NA,62.09,XETRA,3IT-DE,NL0006129074,B29QYT,audius SE,1.0,3IT-DE,1,SHARE,B29QYT9,J,audius SE1.pdf,62.0,62
AU000000NOV3,,930,Novatti Group Ltd.,1,2015.0,AUS,Q6916Z104,20201127.0,AUS,0FXXLH-E,58.29,US OTC,@NA,AU000000NOV3,BYQ071,Novatti Group Ltd.,1.0,NTTIF-US,0,SHARE,BJLZXR4,J,Novatti Group Ltd.3.pdf,58.2,58
JP3533800003,,931,"Tsuzuki Denki Co., Ltd.",1,1932.0,JPN,J9358G103,20220125.0,JPN,05J57C-E,62.09,US OTC,@NA,JP3533800003,690697,"Tsuzuki Denki Co., Ltd.",1.0,TZKIF-US,0,SHARE,BNYN9J7,J,"Tsuzuki Denki Co., Ltd.1.pdf",62.0,62
LU2290523658,,932,HomeToGo SE,1,2014.0,DEU,L5929H106,20210222.0,LUX,@NA,63.11,XETRA,HTG-DE,LU2290523658,BKP8G4,HomeToGo SE,1.0,HTG-DE,1,SHARE,BKP8G44,J,HomeToGo SE1.pdf,63.1,63
CA26885W1041,6.0,933,ePlay Digital Inc.,1,2013.0,CAN,26885W104,20150921.0,CAN,00G1NF-E,58.29,US OTC,@NA,CA26885W1041,BD2B8Z,ePlay Digital Inc.,1.0,EPYFF-US,0,SHARE,BYWRDS5,J,ePlay Digital Inc.3.pdf,58.2,58
IL0001690119,18.0,934,AI Conversation Systems Ltd,1,1978.0,ISR,M6825X103,19941207.0,ISR,@NA,58.29,TEL AVIV,@NA,IL0001690119,657086,AI Conversation Systems Ltd,1.0,AICS-IL,1,SHARE,6570864,J,AI Conversation Systems Ltd1.pdf,58.2,58
US29259X1046,45.0,935,Encompass Compliance Corp.,0,1991.0,USA,29259X104,20000301.0,USA,002H8T-E,58.29,US OTC,@NA,US29259X1046,29259X10,Encompass Compliance Corp.,1.0,ENCC-US,1,SHARE,BZ07DY0,J,Encompass Compliance Corp.1.pdf,58.2,58
INE898S01029,3.0,936,Aurum Proptech Limited,1,2013.0,IND,Y5400E107,20150819.0,IND,0FMFQV-E,58.29,BSE INDIA,539289-IN,INE898S01029,BYW6D2,Aurum Proptech Limited,1.0,539289-IN,1,SHARE,BYW6D26,J,Aurum Proptech Limited2.pdf,58.2,58
ES0105102000,,937,Agile Content SA,1,2007.0,ESP,E94564106,20151123.0,ESP,@NA,58.29,SPAIN,AGIL-ES,ES0105102000,BYTQ68,Agile Content SA,1.0,AGIL-ES,1,SHARE,BYTQ686,J,Agile Content SA1.pdf,58.2,58
AU000000RXH4,,939,Rewardle Holdings Ltd,1,2014.0,AUS,Q8085G107,20141007.0,AUS,0DVP6P-E,58.29,ASX,RXH-AU,AU000000RXH4,BPSW2J,Rewardle Holdings Ltd,1.0,RXH-AU,1,SHARE,BPSW2J5,J,Rewardle Holdings Ltd2.pdf,58.2,58
AU000000DHG9,,940,Domain Holdings Australia Ltd.,1,1999.0,AUS,Q3R22A108,20211208.0,AUS,0BM5QJ-E,63.11,US OTC,@NA,AU000000DHG9,BF17Y1,Domain Holdings Australia Ltd.,1.0,DHGAF-US,0,SHARE,BMVQTX6,J,Domain Holdings Australia Ltd.1.pdf,63.1,63
AU000000LNU1,,941,Linius Technologies Ltd.,1,2011.0,AUS,Q5S647116,,AUS,@NA,58.29,US OTC,@NA,AU000000LNU1,BYZ79Z,Linius Technologies Ltd.,1.0,LNNTF-US,0,SHARE,BFFWHR1,J,Linius Technologies Ltd.1.pdf,58.2,58
CA2643171085,,942,Duesenberg Technologies Inc,1,2010.0,USA,264317108,20130315.0,MYS,00DZDB-E,58.29,US OTC,@NA,CA2643171085,26431710,Duesenberg Technologies Inc,1.0,DUSYF-US,1,SHARE,BMFQ211,J,Duesenberg Technologies Inc1.pdf,58.2,58
JP3855950006,,943,Pole To Win Holdings.Inc.,1,2009.0,JPN,J6388Q101,20111026.0,JPN,@NA,62.09,TOKYO,3657-JP,JP3855950006,B7434Z,Pole To Win Holdings.Inc.,1.0,3657-JP,1,SHARE,B7434Z6,J,Pole To Win Holdings.Inc.2.pdf,62.0,62
BA100TLKMRA2,10.0,944,Telekom Srpske AD,1,1996.0,BIH,X89741106,20080415.0,BIH,06LZWH-E,61.2,BANJA LUKA,@NA,BA100TLKMRA2,B4W3Y0,Telekom Srpske AD,1.0,TLKM.R.A-BA,1,SHARE,B4W3Y02,J,Telekom Srpske AD2.pdf,61.2,61
FR0014005DA7,,945,Exclusive Networks S.A.,1,2003.0,FRA,F3R28W106,20210923.0,FRA,0P3HRN-E,58.29,EURONEXT PARIS,EXN-FR,FR0014005DA7,BNZJCC,Exclusive Networks S.A.,1.0,EXN-FR,1,SHARE,BNZJCC8,J,Exclusive Networks S.A.2.pdf,58.2,58
US6075251024,,946,"Model N, Inc.",1,1999.0,USA,607525102,20130320.0,USA,062YCW-E,58.29,NYSE,MODN-US,US6075251024,60752510,"Model N, Inc.",1.0,MODN-US,1,SHARE,B94Z434,J,"Model N, Inc.1.pdf",58.2,58
CA00510L1067,4.0,947,AcuityAds Holdings Inc,1,2009.0,CAN,00510L106,20120720.0,CAN,0DT6RQ-E,58.29,TORONTO,ILLM-CA,CA00510L1067,BP9P4Z,AcuityAds Holdings Inc,1.0,ILLM-CA,1,SHARE,BP9P4Z3,J,AcuityAds Holdings Inc1.pdf,58.2,58
BRBRITACNOR0,,948,Brisanet Participacoes SA,1,1998.0,BRA,P1S76L103,20210729.0,BRA,0NWZWW-E,61.9,SAO PAULO,BRIT3-BR,BRBRITACNOR0,BL9720,Brisanet Participacoes SA,1.0,BRIT3-BR,1,SHARE,BL97202,J,Brisanet Participacoes SA1.pdf,61.9,61
US92337U2033,10.0,949,"Verb Technology Company, Inc.",1,2012.0,USA,92337U203,20141119.0,USA,00F9BP-E,58.29,NASDAQ,VERB-US,US92337U2033,92337U20,"Verb Technology Company, Inc.",1.0,VERB-US,1,SHARE,BN4JPD1,J,"Verb Technology Company, Inc.1.pdf",58.2,58
PLABS0000018,,950,Asseco Business Solutions SA,0,2001.0,POL,X0253L101,20171214.0,POL,@NA,58.29,LONDON,@NA,PLABS0000018,B291NS,Asseco Business Solutions SA,1.0,0ODO-GB,0,SHARE,B2QBKT9,J,Asseco Business Solutions SA1.pdf,58.2,58
AU0000113458,,951,Sovereign Cloud Holdings Ltd.,1,2016.0,AUS,Q8673P105,20201214.0,AUS,0M1WMQ-E,62.02,ASX,SOV-AU,AU0000113458,BMCK9F,Sovereign Cloud Holdings Ltd.,1.0,SOV-AU,1,SHARE,BMCK9F9,J,Sovereign Cloud Holdings Ltd.1.pdf,62.0,62
TH0268010Z03,,952,"Advanced Info Service Public Co., Ltd.",1,1986.0,THA,Y0014U191,20220927.0,THA,003QLQ-E,61.2,US OTC,@NA,TH0268010Z03,641256,"Advanced Info Service Public Co., Ltd.",1.0,AVIZF-US,0,SHARE,B3BGJ00,J,"Advanced Info Service Public Co., Ltd.1.pdf",61.2,61
DE000A3CSTW4,,953,VOQUZ Labs AG,1,1980.0,AUT,D94704109,20210726.0,DEU,@NA,62.09,VIENNA,VQLA-AT,DE000A3CSTW4,BP0TLP,VOQUZ Labs AG,1.0,VQLA-AT,1,SHARE,BP0TLP3,J,VOQUZ Labs AG2.pdf,62.0,62
INE417T01026,,954,PB Fintech Limited,1,2008.0,IND,Y67616287,20211115.0,IND,@NA,63.11,BSE INDIA,543390-IN,INE417T01026,BP4DVR,PB Fintech Limited,1.0,543390-IN,1,SHARE,BP4DVR3,J,PB Fintech Limited1.pdf,63.1,63
GB0004740477,3.0,955,Blackbird PLC,1,1998.0,GBR,G1312H106,20210211.0,GBR,@NA,58.29,US OTC,@NA,GB0004740477,047404,Blackbird PLC,1.0,BBRDF-US,0,SHARE,B07J8K5,J,Blackbird PLC1.pdf,58.2,58
NO0010063308,,956,Telenor ASA,1,1855.0,NOR,R21882106,20071102.0,NOR,003K5P-E,61.2,LONDON,@NA,NO0010063308,473249,Telenor ASA,1.0,0G8C-GB,0,SHARE,B28MTB5,J,Telenor ASA1.pdf,61.2,61
AU000000DSE1,,957,Dropsuite Ltd.,1,1983.0,AUS,Q3278H103,20040907.0,AUS,@NA,58.29,US OTC,@NA,AU000000DSE1,BYV57V,Dropsuite Ltd.,1.0,EXMXF-US,0,SHARE,BDCFNX7,J,Dropsuite Ltd.1.pdf,58.2,58
CA43366H7040,,958,HIVE Blockchain Technologies Ltd,1,1987.0,CAN,43366H704,20120807.0,CAN,003PGQ-E,62.01,NASDAQ,HIVE-US,CA43366H7040,BPG823,HIVE Blockchain Technologies Ltd,1.0,HIVE-US,0,SHARE,BNHP763,J,HIVE Blockchain Technologies Ltd1.pdf,62.0,62
AU000000VIG9,,959,Victor Group Holdings Ltd,1,2013.0,AUS,Q9395E105,20140509.0,CHN,0DM4MR-E,58.29,ASX,@NA,AU000000VIG9,BKM3WG,Victor Group Holdings Ltd,1.0,VIG-AU,1,SHARE,BKM3WG6,J,Victor Group Holdings Ltd1.pdf,58.2,58
KZ0009093241,,960,Kazakhtelecom JSC,1,1994.0,KAZ,Y45933101,20090519.0,KAZ,05P87F-E,61.2,KAZAKHSTAN,KZTK-KZ,KZ0009093241,555219,Kazakhtelecom JSC,1.0,KZTK-KZ,1,SHARE,5552197,J,Kazakhtelecom JSC1.pdf,61.2,61
BD0001GP0004,,961,Grameenphone Ltd.,1,1996.0,BGD,Y2844C110,20091201.0,BGD,060JD8-E,61.2,DHAKA,GP-BD,BD0001GP0004,B453FG,Grameenphone Ltd.,1.0,GP-BD,1,SHARE,B453FG2,J,Grameenphone Ltd.2.pdf,61.2,61
BMG5351M1082,,962,Lajin Entertainment Network Group Limited,1,2001.0,HKG,G5351M108,20020326.0,HKG,@NA,63.11,HONG KONG,8172-HK,BMG5351M1082,BYPG74,Lajin Entertainment Network Group Limited,1.0,8172-HK,1,SHARE,BYPG743,J,Lajin Entertainment Network Group Limited1.pdf,63.1,63
KYG6427W1042,,963,NetDragon Websoft Holdings Limited,1,1999.0,HKG,G6427W104,20161205.0,CHN,009Q2H-E,58.29,HONG KONG CONNECT - SHENZHEN,777-SZSC,KYG6427W1042,B28SXZ,NetDragon Websoft Holdings Limited,1.0,@NA,0,SHARE,BD8GG68,J,NetDragon Websoft Holdings Limited3.pdf,58.2,58
JP3152640003,,964,Institution for a Global Society Corp.,1,2010.0,JPN,FDS1Q8R26,20211229.0,JPN,@NA,58.29,TOKYO,4265-JP,JP3152640003,BMZ9M4,Institution for a Global Society Corp.,1.0,4265-JP,1,SHARE,BMZ9M43,J,Institution for a Global Society Corp.3.pdf,58.2,58
JP3990740007,,965,"WirelessGate, Inc.",1,2004.0,JPN,J95149100,20120719.0,JPN,0C80MB-E,61.9,TOKYO,9419-JP,JP3990740007,B83D5Q,"WirelessGate, Inc.",1.0,9419-JP,1,SHARE,B83D5Q2,J,"WirelessGate, Inc.2.pdf",61.9,61
TH0921010003,,966,Jasmine Technology Solution Public Company Limited,1,1995.0,THA,Y4292V103,20060918.0,THA,008MML-E,62.09,THAILAND,JTS-TH,TH0921010003,B1DRJZ,Jasmine Technology Solution Public Company Limited,1.0,JTS-TH,1,SHARE,B1DRJZ2,J,Jasmine Technology Solution Public Company Limited1.pdf,62.0,62
MYQ0064OO004,,967,Efficient E-Solutions Bhd.,1,2003.0,MYS,Y2251B100,20050110.0,MYS,006MM5-E,62.09,MALAYSIA,0064-MY,MYQ0064OO004,B05J81,Efficient E-Solutions Bhd.,1.0,0064-MY,1,SHARE,B05J818,J,Efficient E-Solutions Bhd.1.pdf,62.0,62
GB00BFH55S51,,968,Everyman Media Group PLC,1,2013.0,GBR,G3R10W105,20131107.0,GBR,0B68HL-E,59.14,LONDON,EMAN-GB,GB00BFH55S51,BFH55S,Everyman Media Group PLC,1.0,EMAN-GB,1,SHARE,BFH55S5,J,Everyman Media Group PLC2.pdf,59.1,59
JP3346200003,,969,Computer Engineering & Consulting Ltd.,1,1968.0,JPN,J08178105,19901119.0,JPN,05J1D3-E,62.09,TOKYO,9692-JP,JP3346200003,621531,Computer Engineering & Consulting Ltd.,1.0,9692-JP,1,SHARE,6215314,J,Computer Engineering & Consulting Ltd.1.pdf,62.0,62
FR0010221234,,970,Eutelsat Communications SA,1,2005.0,FRA,F3692M128,20051202.0,FRA,007P5V-E,61.1,FRANKFURT,@NA,FR0010221234,B0M7KJ,Eutelsat Communications SA,1.0,E3B-DE,0,SHARE,B0N6JX0,J,Eutelsat Communications SA2.pdf,61.1,61
NZPPHE0001S6,,971,Pushpay Holdings Ltd,1,2011.0,NZL,Q7778F145,20151023.0,NZL,0DQV3Z-E,58.29,US OTC,@NA,NZPPHE0001S6,BMWC68,Pushpay Holdings Ltd,1.0,PHPYF-US,0,SHARE,BMY9QV9,J,Pushpay Holdings Ltd1.pdf,58.2,58
GRS402003008,,972,Space Hellas S.A.,1,1985.0,GRC,X84139116,20001003.0,GRC,05TV28-E,62.03,ATHENS,SPACE-GR,GRS402003008,734718,Space Hellas S.A.,1.0,SPACE-GR,1,SHARE,7347186,J,Space Hellas S.A.1.pdf,62.0,62
JP3164630000,,973,"Square Enix Holdings Co., Ltd.",1,1975.0,JPN,J7659R109,19910416.0,JPN,07F73C-E,58.29,TOKYO,9684-JP,JP3164630000,630926,"Square Enix Holdings Co., Ltd.",1.0,9684-JP,1,SHARE,6309262,J,"Square Enix Holdings Co., Ltd.1.pdf",58.2,58
JP3835050000,,974,"Headwaters Co., Ltd.",1,2005.0,JPN,J1912S103,20201002.0,JPN,0G90V7-E,58.29,TOKYO,4011-JP,JP3835050000,BMGWZV,"Headwaters Co., Ltd.",1.0,4011-JP,1,SHARE,BMGWZV9,J,"Headwaters Co., Ltd.1.pdf",58.2,58
FDS1P4X5,10.0,975,"Expensify, Inc.",1,2008.0,USA,FDS1P4X52,,USA,00C9B5-E,58.29,@NA,@NA,@NA,30219Q10,"Expensify, Inc.",1.0,@NA,0,SHARE,@NA,J,"Expensify, Inc.1.pdf",58.2,58
SE0010948711,,976,Ovzon AB,1,2016.0,SWE,W6S046104,20180518.0,SWE,0H55C8-E,61.1,OMX NORDIC STOCKHOLM,OVZON-SE,SE0010948711,BD21M2,Ovzon AB,1.0,OVZON-SE,1,SHARE,BD21M27,J,Ovzon AB1.pdf,61.1,61
DE0005104400,,977,ATOSS Software AG,1,1987.0,DEU,D0426N101,20000321.0,DEU,05JCWR-E,58.29,XETRA,AOF-DE,DE0005104400,592735,ATOSS Software AG,1.0,AOF-DE,1,SHARE,5927353,J,ATOSS Software AG2.pdf,58.2,58
JP3119860009,,978,Asterisk Inc.,0,2006.0,JPN,J03394103,20210930.0,JPN,0G3SNX-E,63.11,TOKYO,6522-JP,JP3119860009,BMY5XL,Asterisk Inc.,1.0,6522-JP,0,SHARE,BMY5XL6,J,Asterisk Inc.3.pdf,63.1,63
CA36468M1005,6.0,979,Gamelancer Media Corp,1,1999.0,CAN,36468M100,20210507.0,CAN,@NA,58.19,CNQ,@NA,CA36468M1005,BLCXNS,Gamelancer Media Corp,1.0,GMNG-CA,1,SHARE,BLCXNS2,J,Gamelancer Media Corp1.pdf,58.1,58
FDS0SBE9,,980,"Zuora, Inc.",1,2007.0,USA,FDS0SBE98,,USA,009XCW-E,58.29,@NA,@NA,@NA,98983V10,"Zuora, Inc.",1.0,@NA,0,SHARE,@NA,J,"Zuora, Inc.3.pdf",58.2,58
GB00BH4HKS39,,981,Vodafone Group Plc,1,1984.0,GBR,G93882192,20220701.0,GBR,002KKH-E,61.2,MEXICO,@NA,GB00BH4HKS39,BH4HKS,Vodafone Group Plc,1.0,VOD1N-MX,0,SHARE,BPG6JP4,J,Vodafone Group Plc1.pdf,61.2,61
SE0017085020,,982,SignUp Software AB,1,1999.0,SWE,W8T9KN105,20211124.0,SWE,@NA,62.01,OMX NORDIC STOCKHOLM,SIGNUP-SE,SE0017085020,BN46Y7,SignUp Software AB,1.0,SIGNUP-SE,1,SHARE,BN46Y79,J,SignUp Software AB1.pdf,62.0,62
JP3288950003,,983,"KOZO KEIKAKU ENGINEERING, Inc.",1,1959.0,JPN,J3659R108,20000323.0,JPN,05JCFQ-E,62.01,TOKYO,4748-JP,JP3288950003,622298,"KOZO KEIKAKU ENGINEERING, Inc.",1.0,4748-JP,1,SHARE,6222983,J,"KOZO KEIKAKU ENGINEERING, Inc.1.pdf",62.0,62
AU000000MOB7,,984,Mobilicom Ltd.,1,2006.0,AUS,Q6297L104,20170502.0,ISR,@NA,62.09,ASX,MOB-AU,AU000000MOB7,BYW380,Mobilicom Ltd.,1.0,MOB-AU,1,SHARE,BYW3800,J,Mobilicom Ltd.1.pdf,62.0,62
ES0105093001,,985,Gigas Hosting SA,1,2011.0,ESP,E5656P105,20151103.0,ESP,0CKG8M-E,58.29,SPAIN,GIGA-ES,ES0105093001,BYV2ZM,Gigas Hosting SA,1.0,GIGA-ES,1,SHARE,BYV2ZM9,J,Gigas Hosting SA1.pdf,58.2,58
HU0000099387,,986,Key-Soft Plc,0,1989.0,HUN,X46746107,20171214.0,HUN,@NA,58.29,LONDON,@NA,HU0000099387,B58HYH,Key-Soft Plc,1.0,0MLL-GB,0,SHARE,B3MF791,J,Key-Soft Plc1.pdf,58.2,58
INE103B01012,,987,Encore Software Limited,1,1992.0,IND,Y2290B111,20000113.0,IND,@NA,62.01,BSE INDIA,@NA,INE103B01012,620674,Encore Software Limited,1.0,531750-IN,1,SHARE,6206749,J,Encore Software Limited3.pdf,62.0,62
CA53635T1084,,988,Liquid Meta Capital Holdings Ltd,1,2020.0,CAN,53635T108,,CAN,@NA,58.29,AEQUITAS LIT,@NA,CA53635T1084,BM9JCJ,Liquid Meta Capital Holdings Ltd,1.0,LIQD-CA,1,SHARE,BM9JCJ4,J,Liquid Meta Capital Holdings Ltd1.pdf,58.2,58
US09060C4087,,989,"BIO-key International, Inc.",1,1993.0,USA,09060C408,20040518.0,USA,001F4B-E,58.29,FRANKFURT,@NA,US09060C4087,09060C40,"BIO-key International, Inc.",1.0,BJO-DE,0,SHARE,BMDX2G9,J,"BIO-key International, Inc.1.pdf",58.2,58
FDS12UE3,,990,Fangdd Network Group Ltd.,1,2011.0,CHN,FDS12UE35,,CHN,0LJ29Q-E,63.11,@NA,@NA,@NA,30712L20,Fangdd Network Group Ltd.,1.0,@NA,1,SHARE,@NA,J,Fangdd Network Group Ltd.1.pdf,63.1,63
KYG706261099,,991,Phoenix Media Investment (Holdings) Limited,1,2000.0,HKG,G70626109,20000630.0,HKG,05HZBW-E,61.9,HONG KONG,2008-HK,KYG706261099,BD57BV,Phoenix Media Investment (Holdings) Limited,1.0,2008-HK,1,SHARE,BD57BV4,J,Phoenix Media Investment (Holdings) Limited3.pdf,61.9,61
FI4000513015,,992,Digital Workforce Services Oyj,1,2015.0,FIN,X1823H109,20211203.0,FIN,@NA,58.29,OMX NORDIC HELSINKI,DWF-FI,FI4000513015,BP4BZ4,Digital Workforce Services Oyj,1.0,DWF-FI,1,SHARE,BP4BZ42,J,Digital Workforce Services Oyj1.pdf,58.2,58
CH0006539198,,993,Highlight Communications AG,1,1983.0,DEU,H3570K119,19990512.0,CHE,05J3ST-E,59.11,XETRA,HLG-DE,CH0006539198,764996,Highlight Communications AG,1.0,HLG-DE,1,SHARE,7649967,J,Highlight Communications AG1.pdf,59.1,59
GB0033986497,,994,ITV PLC,0,1955.0,GBR,G4984A110,,GBR,005F82-E,60.2,BERNE,@NA,GB0033986497,339864,ITV PLC,1.0,IJ7-CH,0,SHARE,BKSG1R3,J,ITV PLC1.pdf,60.2,60
CA37960T1066,,995,Global Compliance Applications Corp,1,2014.0,CAN,37960T106,20141106.0,CAN,00GBC0-E,58.29,FRANKFURT,@NA,CA37960T1066,BNDW2L,Global Compliance Applications Corp,1.0,TK6-DE,0,SHARE,BNXG8R8,J,Global Compliance Applications Corp1.pdf,58.2,58
RO1C3WJVLSM1,,996,Softbinator Technologies,0,2011.0,ROU,X8T68K100,,ROU,@NA,58.29,BUCHAREST SPOT,@NA,RO1C3WJVLSM1,BNYL3M,Softbinator Technologies,1.0,CODE-RO,0,SHARE,BNYL3M2,J,Softbinator Technologies1.pdf,58.2,58
FDS19083,,997,RaySearch Laboratories AB,1,1988.0,SWE,FDS190831,,SWE,05JTKX-E,58.29,@NA,@NA,@NA,759123,RaySearch Laboratories AB,1.0,@NA,0,SHARE,@NA,J,RaySearch Laboratories AB1.pdf,58.2,58
AU000000HTA8,,998,Hutchison Telecommunications (Australia) Limited,1,1988.0,AUS,Q4799Z101,19990817.0,AUS,05J2DR-E,61.2,ASX,HTA-AU,AU000000HTA8,616777,Hutchison Telecommunications (Australia) Limited,1.0,HTA-AU,1,SHARE,6167772,J,Hutchison Telecommunications (Australia) Limited1.pdf,61.2,61
PLCTINT00018,,999,CI Games S.A.,1,2002.0,POL,X30203149,20211101.0,POL,@NA,58.29,US OTC,@NA,PLCTINT00018,B29M6M,CI Games S.A.,1.0,CIGMF-US,0,SHARE,BM9K866,J,CI Games S.A.3.pdf,58.2,58
BD0149GSPFC2,,1000,G.S.P. Finance Co. (Bangladesh) Ltd.,1,1995.0,BGD,Y2903W106,20120409.0,BGD,079K1L-E,64.92,DHAKA,@NA,BD0149GSPFC2,B7Y2M9,G.S.P. Finance Co. (Bangladesh) Ltd.,1.0,GSPFINANCE-BD,1,SHARE,B7Y2M93,K,G.S.P. Finance Co. (Bangladesh) Ltd.1.pdf,64.9,64
QA0006929820,,1001,Qatar General Insurance & Reinsurance,1,1979.0,QAT,M8179U107,20021126.0,QAT,077M53-E,65.11,DOHA,QGRI-QA,QA0006929820,656663,Qatar General Insurance & Reinsurance,1.0,QGRI-QA,1,SHARE,6566636,K,Qatar General Insurance & Reinsurance2.pdf,65.1,65
KYG6892G1055,,1002,Pangaea Connectivity Technology Limited,1,1990.0,HKG,G6892G105,20210219.0,HKG,0L6PWH-E,64.99,HONG KONG,@NA,KYG6892G1055,BMVMZ2,Pangaea Connectivity Technology Limited,1.0,1473-HK,1,SHARE,BMVMZ25,K,Pangaea Connectivity Technology Limited2.pdf,64.9,64
INE414G01012,,1003,Muthoot Finance Limited,1,1939.0,IND,Y6190C103,20110506.0,IND,06JX6R-E,64.92,BSE INDIA,533398-IN,INE414G01012,B40MFF,Muthoot Finance Limited,1.0,533398-IN,1,SHARE,B40MFF3,K,Muthoot Finance Limited3.pdf,64.9,64
AT0000908504,,1004,Vienna Insurance Group AG Wiener Versicherung Gruppe,1,1824.0,AUT,A9142L128,19941017.0,AUT,05J2JV-E,65.11,VIENNA,VIG-AT,AT0000908504,B0BKSS,Vienna Insurance Group AG Wiener Versicherung Gruppe,1.0,VIG-AT,1,SHARE,B0BKSS2,K,Vienna Insurance Group AG Wiener Versicherung Gruppe1.pdf,65.1,65
US3916571033,,1005,"Greater Cannabis Co., Inc.",1,2014.0,USA,391657103,20180710.0,USA,0H2TR5-E,64.99,US OTC,@NA,US3916571033,39165710,"Greater Cannabis Co., Inc.",1.0,GCAN-US,1,SHARE,BF0FCT2,K,"Greater Cannabis Co., Inc.3.pdf",64.9,64
US5836141029,,1006,Mechanics Bank,1,1905.0,USA,583614102,19870102.0,USA,05KGVY-E,64.19,US OTC,@NA,US5836141029,58361410,Mechanics Bank,1.0,MCHB-US,1,SHARE,2651570,K,Mechanics Bank1.pdf,64.1,64
IL0011574030,,1007,Isracard Ltd.,1,1975.0,ISR,M5R26V107,20190415.0,ISR,05VH28-E,64.92,TEL AVIV,ISCD-IL,IL0011574030,BJ0CJC,Isracard Ltd.,1.0,ISCD-IL,1,SHARE,BJ0CJC3,K,Isracard Ltd.1.pdf,64.9,64
MYL03029O005,,1008,GPP Resources Bhd.,1,2018.0,MYS,Y2839L109,20191004.0,MYS,0LB94K-E,64.99,MALAYSIA,@NA,MYL03029O005,BK7ZBG,GPP Resources Bhd.,1.0,03029-MY,1,SHARE,BK7ZBG0,K,GPP Resources Bhd.2.pdf,64.9,64
JP3502200003,,1009,Daiwa Securities Group Inc.,0,1902.0,JPN,J11718111,19930913.0,JPN,05HWCT-E,66.12,EURONEXT PARIS,@NA,JP3502200003,625144,Daiwa Securities Group Inc.,1.0,DAWA-FR,0,SHARE,4276830,K,Daiwa Securities Group Inc.3.pdf,66.1,66
INE218C01016,,1010,Ausom Enterprise Limited,1,1984.0,IND,Y1754L110,20021112.0,IND,@NA,66.12,BSE INDIA,@NA,INE218C01016,656398,Ausom Enterprise Limited,1.0,509009-IN,1,SHARE,6563983,K,Ausom Enterprise Limited2.pdf,66.1,66
KYG7255W1096,,1011,Prinx Chengshan Holdings Limited,1,2015.0,HKG,G7255W109,20181009.0,HKG,0JBS7V-E,64.99,HONG KONG,1809-HK,KYG7255W1096,BDVPJ6,Prinx Chengshan Holdings Limited,1.0,1809-HK,1,SHARE,BDVPJ63,K,Prinx Chengshan Holdings Limited1.pdf,64.9,64
GB00BNG2VN02,,1012,Cizzle Biotechnology Holdings PLC,1,2007.0,GBR,G1264V137,20070323.0,GBR,00CYMW-E,64.99,LONDON,CIZ-GB,GB00BNG2VN02,BNG2VN,Cizzle Biotechnology Holdings PLC,1.0,CIZ-GB,1,SHARE,BNG2VN0,K,Cizzle Biotechnology Holdings PLC1.pdf,64.9,64
KR7448830000,,1013,Mirae Asset Vision Special Purpose Acquisition 3 Company,0,,KOR,Y6S4F8108,20230407.0,KOR,@NA,64.99,KOREA,@NA,KR7448830000,BMBN9V,Mirae Asset Vision Special Purpose Acquisition 3 Company,1.0,448830-KR,0,SHARE,BMBN9V5,K,Mirae Asset Vision Special Purpose Acquisition 3 Company1.pdf,64.9,64
CH0528751586,,1014,VZ Holding AG,1,1992.0,CHE,H9239A111,20151007.0,CHE,06Q6KP-E,66.3,LONDON,@NA,CH0528751586,BMFJ18,VZ Holding AG,1.0,0QLH-GB,0,SHARE,BMBRZG4,K,VZ Holding AG1.pdf,66.3,66
GB0005603997,,1015,Legal & General Group Plc,0,1836.0,GBR,G54404127,,GBR,002J79-E,65.11,BERNE,@NA,GB0005603997,056039,Legal & General Group Plc,1.0,LGI-CH,0,SHARE,BKX8WZ9,K,Legal & General Group Plc1.pdf,65.1,65
KE2000002192,,1016,Britam Holdings PLC,1,1995.0,KEN,V10914105,20111011.0,KEN,09K245-E,65.11,NAIROBI,BRIT-KE,KE2000002192,B6RZLH,Britam Holdings PLC,1.0,BRIT-KE,1,SHARE,B6RZLH3,K,Britam Holdings PLC1.pdf,65.1,65
FDS0DM54,,1017,"Houlihan Lokey, Inc.",1,1972.0,USA,FDS0DM541,,USA,05L0ZK-E,66.12,@NA,@NA,@NA,44159310,"Houlihan Lokey, Inc.",1.0,@NA,0,SHARE,@NA,K,"Houlihan Lokey, Inc.1.pdf",66.1,66
FI4000369608,,1018,Aallon Group Oyj,1,2018.0,FIN,X0005Y104,20190408.0,FIN,@NA,66.3,OMX NORDIC HELSINKI,AALLON-FI,FI4000369608,BJ5K48,Aallon Group Oyj,1.0,AALLON-FI,1,SHARE,BJ5K483,K,Aallon Group Oyj1.pdf,66.3,66
FDS0NCKO,,1019,Yangzhou Guangling District Taihe Rural Micro-finance Company Limited,1,2008.0,HKG,FDS0NCKO1,,CHN,0GGV0T-E,64.92,@NA,@NA,@NA,BZ4TGK,Yangzhou Guangling District Taihe Rural Micro-finance Company Limited,1.0,@NA,0,SHARE,@NA,K,Yangzhou Guangling District Taihe Rural Micro-finance Company Limited1.pdf,64.9,64
FR0000121204,,1020,Wendel SE,1,,FRA,F98370103,20040513.0,FRA,00210Z-E,64.99,US OTC,@NA,FR0000121204,739011,Wendel SE,1.0,WNDLF-US,0,SHARE,B030RN8,K,Wendel SE2.pdf,64.9,64
US4043921026,,1021,HUTN Inc,0,2007.0,USA,404392102,20140102.0,USA,00F9TG-E,64.99,US OTC,@NA,US4043921026,40439210,HUTN Inc,1.0,HUTN-US,1,SHARE,BF4R2B6,K,HUTN Inc2.pdf,64.9,64
NO0010582521,,1022,Gjensidige Forsikring ASA,1,1922.0,NOR,R2763X101,20110202.0,NOR,069Y86-E,64.19,LONDON,@NA,NO0010582521,B4PH0C,Gjensidige Forsikring ASA,1.0,0OJC-GB,0,SHARE,B63FG83,K,Gjensidige Forsikring ASA1.pdf,64.1,64
TREGZDF00014,,1023,Gozde Girisim Sermayesi Yatirim Ortakligi A.S.,1,2010.0,TUR,M52169105,20100126.0,TUR,0B092N-E,66.12,ISTANBUL,GOZDE.E-TR,TREGZDF00014,B3LWDR,Gozde Girisim Sermayesi Yatirim Ortakligi A.S.,1.0,GOZDE.E-TR,1,SHARE,B3LWDR3,K,Gozde Girisim Sermayesi Yatirim Ortakligi A.S.1.pdf,66.1,66
US3602711000,,1025,Fulton Financial Corporation,1,1982.0,USA,360271100,19850903.0,USA,000KT9-E,64.19,NASDAQ,FULT-US,US3602711000,36027110,Fulton Financial Corporation,1.0,FULT-US,1,SHARE,2356585,K,Fulton Financial Corporation1.pdf,64.1,64
TW0002890001,,1026,"SinoPac Financial Holdings Co., Ltd.",1,1948.0,TWN,Y8009U100,19970625.0,TWN,05HWXR-E,64.19,TAIWAN,2890-TW,TW0002890001,652587,"SinoPac Financial Holdings Co., Ltd.",1.0,2890-TW,1,SHARE,6525875,K,"SinoPac Financial Holdings Co., Ltd.1.pdf",64.1,64
AU000000PAC7,,1027,Pacific Current Group Ltd,1,1987.0,AUS,Q7209G100,20100922.0,AUS,05J9YP-E,64.99,US OTC,@NA,AU000000PAC7,BZ15T9,Pacific Current Group Ltd,1.0,TSRUF-US,0,SHARE,BYV0NC9,K,Pacific Current Group Ltd1.pdf,64.9,64
FDS1GBVT,,1028,Ares Acquisition Corp.,1,2020.0,USA,FDS1GBVT6,,USA,0M7P2F-E,64.99,@NA,@NA,@NA,G3303210,Ares Acquisition Corp.,1.0,@NA,0,SHARE,@NA,K,Ares Acquisition Corp.2.pdf,64.9,64
US87240R1077,,1029,TFS Financial Corporation,1,1938.0,USA,87240R107,20070423.0,USA,05LC5Y-E,64.19,NASDAQ,TFSL-US,US87240R1077,87240R10,TFS Financial Corporation,1.0,TFSL-US,1,SHARE,B1W8J67,K,TFS Financial Corporation2.pdf,64.1,64
US13738M1036,,1030,Cancer Capital Corp.,1,1997.0,USA,13738M103,20111017.0,USA,0035Y3-E,64.99,US OTC,@NA,US13738M1036,13738M10,Cancer Capital Corp.,1.0,CNCL-US,1,SHARE,B6TVP88,K,Cancer Capital Corp.2.pdf,64.9,64
US42727E1038,,1031,Heritage Global Inc.,1,1983.0,USA,42727E103,19890707.0,USA,0BH2M7-E,66.12,NASDAQ,HGBL-US,US42727E1038,42727E10,Heritage Global Inc.,1.0,HGBL-US,1,SHARE,BD6HJQ4,K,Heritage Global Inc.2.pdf,66.1,66
US27579R1041,,1032,"East West Bancorp, Inc.",1,1998.0,USA,27579R104,19990208.0,USA,0026S8-E,64.19,NASDAQ,EWBC-US,US27579R1041,27579R10,"East West Bancorp, Inc.",1.0,EWBC-US,1,SHARE,2487407,K,"East West Bancorp, Inc.1.pdf",64.1,64
US01446U1034,,1033,Alerus Financial Corporation,1,1879.0,USA,01446U103,19901228.0,USA,05K4P7-E,64.19,NASDAQ,ALRS-US,US01446U1034,01446U10,Alerus Financial Corporation,1.0,ALRS-US,1,SHARE,2679141,K,Alerus Financial Corporation1.pdf,64.1,64
MYL5230OO007,,1034,Tune Protect Group Bhd.,1,2011.0,MYS,Y9003S109,20130220.0,MYS,0CSTVP-E,65.11,MALAYSIA,5230-MY,MYL5230OO007,B95RLP,Tune Protect Group Bhd.,1.0,5230-MY,1,SHARE,B95RLP0,K,Tune Protect Group Bhd.1.pdf,65.1,65
INE147D01015,,1035,Indo Credit Capital Ltd.,0,1993.0,IND,Y3973D119,20120213.0,IND,@NA,64.99,BSE INDIA,@NA,INE147D01015,B03LTN,Indo Credit Capital Ltd.,1.0,526887-IN,0,SHARE,B03LTN5,K,Indo Credit Capital Ltd.1.pdf,64.9,64
INE108C01019,,1036,Daulat Securities Ltd.,0,1992.0,IND,Y2020S111,20110418.0,IND,@NA,66.12,BSE INDIA,@NA,INE108C01019,B03G4R,Daulat Securities Ltd.,1.0,530171-IN,0,SHARE,B03G4R9,K,Daulat Securities Ltd.1.pdf,66.1,66
SG1E32850828,,1037,New Toyo International Holdings Ltd,1,1975.0,SGP,Y6304R103,19970404.0,SGP,05JFJM-E,64.2,SINGAPORE,N08-SG,SG1E32850828,663554,New Toyo International Holdings Ltd,1.0,N08-SG,1,SHARE,6635547,K,New Toyo International Holdings Ltd1.pdf,64.2,64
TW0002832003,,1038,"Taiwan Fire & Marine Insurance Co., Ltd.",1,1948.0,TWN,Y8417C106,19971008.0,TWN,05J408-E,65.11,TAIWAN,2832-TW,TW0002832003,607281,"Taiwan Fire & Marine Insurance Co., Ltd.",1.0,2832-TW,1,SHARE,6072810,K,"Taiwan Fire & Marine Insurance Co., Ltd.1.pdf",65.1,65
AEA005901011,,1039,Amanat Holding PJSC,1,2014.0,ARE,M08598100,20141201.0,ARE,0DXMW8-E,64.99,DUBAI,AMANAT-AE,AEA005901011,BSZM27,Amanat Holding PJSC,1.0,AMANAT-AE,1,SHARE,BSZM277,K,Amanat Holding PJSC1.pdf,64.9,64
AU000000SWF8,,1040,SelfWealth Ltd.,1,2012.0,AUS,Q8458X109,20171123.0,AUS,@NA,66.12,ASX,SWF-AU,AU000000SWF8,BFBFBD,SelfWealth Ltd.,1.0,SWF-AU,1,SHARE,BFBFBD8,K,SelfWealth Ltd.2.pdf,66.1,66
DE0006201403,,1041,PEH Wertpapier AG,1,1990.0,DEU,D6007P100,19981119.0,DEU,05JB6Z-E,66.3,FRANKFURT,PEH-DE,DE0006201403,557220,PEH Wertpapier AG,1.0,PEH-DE,1,SHARE,5572203,K,PEH Wertpapier AG1.pdf,66.3,66
KW0EQ0100036,,1042,Commercial Bank of Kuwait K.S.C.,1,1960.0,KWT,M2530Y106,19960313.0,KWT,066X0J-E,64.19,KUWAIT,CBK-KW,KW0EQ0100036,621518,Commercial Bank of Kuwait K.S.C.,1.0,CBK-KW,1,SHARE,6215187,K,Commercial Bank of Kuwait K.S.C.2.pdf,64.1,64
KZ000A0Q5HK5,,1043,First Heartland Jusan Bank JSC,1,1992.0,KAZ,Y8T74N105,20090519.0,KAZ,007C7D-E,64.19,KAZAKHSTAN,@NA,KZ000A0Q5HK5,B136MM,First Heartland Jusan Bank JSC,1.0,TSBN-KZ,0,SHARE,B132NR7,K,First Heartland Jusan Bank JSC1.pdf,64.1,64
US26942G1004,,1044,"Eagle Bancorp Montana, Inc.",1,1922.0,USA,26942G100,20000405.0,USA,002QMJ-E,64.19,NASDAQ,EBMT-US,US26942G1004,26942G10,"Eagle Bancorp Montana, Inc.",1.0,EBMT-US,1,SHARE,B57M9P1,K,"Eagle Bancorp Montana, Inc.1.pdf",64.1,64
TW0005878003,,1045,"Taiming Assurance Broker Co., Ltd.",1,2002.0,TWN,Y83627102,20131121.0,TWN,@NA,66.22,TAIPEI,5878-TW,TW0005878003,BDS54G,"Taiming Assurance Broker Co., Ltd.",1.0,5878-TW,1,SHARE,BDS54G1,K,"Taiming Assurance Broker Co., Ltd.1.pdf",66.2,66
FDS1FOUG,,1046,CF Acquisition Corp. IV,1,2020.0,USA,FDS1FOUG8,,USA,@NA,64.99,@NA,@NA,@NA,12520T10,CF Acquisition Corp. IV,1.0,@NA,0,SHARE,@NA,K,CF Acquisition Corp. IV1.pdf,64.9,64
US00085X1054,,1047,"Abri SPAC I, Inc.",1,,USA,00085X105,20210903.0,USA,@NA,64.99,NASDAQ,@NA,US00085X1054,00085X10,"Abri SPAC I, Inc.",1.0,ASPA-US,1,SHARE,BMV1BG8,K,"Abri SPAC I, Inc.1.pdf",64.9,64
BABSOSRK1003,,1048,Adriatic osiguranje d.d.,0,,BIH,X9908M109,,BIH,@NA,65.11,SARAJEVO,@NA,BABSOSRK1003,B62SH8,Adriatic osiguranje d.d.,1.0,BSOSRK1-BA,0,SHARE,B62SH80,K,Adriatic osiguranje d.d.2.pdf,65.1,65
US6177001095,,1049,"Morningstar, Inc.",1,1984.0,USA,617700109,20050503.0,USA,05TYNB-E,66.3,NASDAQ,MORN-US,US6177001095,61770010,"Morningstar, Inc.",1.0,MORN-US,1,SHARE,B081VR8,K,"Morningstar, Inc.1.pdf",66.3,66
JP3271400008,,1050,"Credit Saison Co., Ltd.",1,1951.0,JPN,J7007M109,20060505.0,JPN,05HWH1-E,64.92,US OTC,@NA,JP3271400008,659180,"Credit Saison Co., Ltd.",1.0,CSASF-US,0,SHARE,B05PGM3,K,"Credit Saison Co., Ltd.2.pdf",64.9,64
ZAE000283511,,1051,Sabvest Capital Ltd.,1,,ZAF,S7218M104,20200513.0,ZAF,@NA,64.99,JSE,SBP-ZA,ZAE000283511,BLH0S4,Sabvest Capital Ltd.,1.0,SBP-ZA,1,SHARE,BLH0S49,K,Sabvest Capital Ltd.1.pdf,64.9,64
IL0011570806,,1052,Splitit Payments Ltd.,1,2008.0,AUS,M8T02E105,20190923.0,AUS,0KG6WK-E,64.92,US OTC,@NA,IL0011570806,BJ0DCD,Splitit Payments Ltd.,1.0,STTTF-US,0,SHARE,BJR4FK2,K,Splitit Payments Ltd.1.pdf,64.9,64
NGCUSTODYIN6,,1053,Custodian Investment Plc,1,1991.0,NGA,V2683U109,20070614.0,NGA,06SX5M-E,65.11,NIGERIA,CUSTODIAN-NG,NGCUSTODYIN6,B1YXSD,Custodian Investment Plc,1.0,CUSTODIAN-NG,1,SHARE,B1YXSD0,K,Custodian Investment Plc1.pdf,65.1,65
SE0007331608,,1054,TF Bank AB,1,1987.0,SWE,W9601R109,20160614.0,SWE,0FKK5M-E,64.19,OMX NORDIC STOCKHOLM,TFBANK-SE,SE0007331608,BDHL9C,TF Bank AB,1.0,TFBANK-SE,1,SHARE,BDHL9C1,K,TF Bank AB1.pdf,64.1,64
US1649031069,,1055,"Chester Bancorp, Inc.",0,1996.0,USA,164903106,19961008.0,USA,@NA,64.19,US OTC,CNBA-US,US1649031069,16490310,"Chester Bancorp, Inc.",1.0,CNBA-US,1,SHARE,2483353,K,"Chester Bancorp, Inc.2.pdf",64.1,64
TTP501551035,,1056,Guardian Holdings Limited,1,1982.0,TTO,P50155103,19960612.0,TTO,05M6F7-E,65.11,TRINIDAD & TOBAGO,GHL-TT,TTP501551035,238319,Guardian Holdings Limited,1.0,GHL-TT,1,SHARE,2383196,K,Guardian Holdings Limited2.pdf,65.1,65
LK0061N00008,,1057,Eastern Merchants PLC,1,1945.0,LKA,Y2222G105,19960903.0,LKA,09J77X-E,64.2,COLOMBO,@NA,LK0061N00008,629815,Eastern Merchants PLC,1.0,EMER.N0000-LK,1,SHARE,6298155,K,Eastern Merchants PLC3.pdf,64.2,64
KYG216891070,,1058,China Success Finance Group Holdings Ltd.,1,2012.0,HKG,G21689107,20131113.0,HKG,0DDR4M-E,66.3,HONG KONG,3623-HK,KYG216891070,BGCBFQ,China Success Finance Group Holdings Ltd.,1.0,3623-HK,1,SHARE,BGCBFQ3,K,China Success Finance Group Holdings Ltd.1.pdf,66.3,66
US87167D1072,,1059,SYNRGY Corp.,0,2008.0,USA,87167D107,20110915.0,USA,@NA,64.99,US OTC,@NA,US87167D1072,87167D10,SYNRGY Corp.,1.0,SNGY-US,1,SHARE,BHR1GY0,K,SYNRGY Corp.2.pdf,64.9,64
BD0738STDI01,,1060,Standard Insurance Ltd.,1,1999.0,BGD,Y81517107,20090202.0,BGD,07NQL4-E,65.12,DHAKA,@NA,BD0738STDI01,B3K8XL,Standard Insurance Ltd.,1.0,STANDARINS-BD,1,SHARE,B3K8XL6,K,Standard Insurance Ltd.2.pdf,65.1,65
INE07MC01015,,1061,Satyam Silk Mills Ltd.,0,1983.0,IND,Y7T2AH104,20001108.0,IND,@NA,64.99,BSE INDIA,@NA,INE07MC01015,614809,Satyam Silk Mills Ltd.,1.0,503893-IN,0,SHARE,6148090,K,Satyam Silk Mills Ltd.3.pdf,64.9,64
FI0009800379,,1062,Panostaja Oyj,1,1984.0,FIN,X63161115,19920403.0,FIN,05SPCT-E,64.99,OMX NORDIC HELSINKI,PNA1V-FI,FI0009800379,708453,Panostaja Oyj,1.0,PNA1V-FI,1,SHARE,7084535,K,Panostaja Oyj1.pdf,64.9,64
ROBRDBACNOR2,,1063,BRD Groupe Societe Generale SA (Romania),1,1990.0,ROU,X0300N100,20010118.0,ROU,05S7MC-E,64.19,BUCHAREST SPOT,BRD-RO,ROBRDBACNOR2,B07GYB,BRD Groupe Societe Generale SA (Romania),1.0,BRD-RO,1,SHARE,B07GYB9,K,BRD Groupe Societe Generale SA (Romania)1.pdf,64.1,64
AU000000CBA7,,1064,Commonwealth Bank of Australia,1,1991.0,AUS,Q26915100,20141103.0,AUS,05FGHN-E,64.19,SIX SWISS,@NA,AU000000CBA7,621503,Commonwealth Bank of Australia,1.0,CBA-CH,0,SHARE,BHZLBW5,K,Commonwealth Bank of Australia1.pdf,64.1,64
US42722X1063,,1065,Heritage Financial Corporation,1,1997.0,USA,42722X106,19980109.0,USA,001SD4-E,64.19,NASDAQ,HFWA-US,US42722X1063,42722X10,Heritage Financial Corporation,1.0,HFWA-US,1,SHARE,2619880,K,Heritage Financial Corporation1.pdf,64.1,64
HK2356013600,,1066,Dah Sing Banking Group Limited,0,2004.0,HKG,Y1923F101,,HKG,0066CV-E,64.19,BERNE,@NA,HK2356013600,B01G0P,Dah Sing Banking Group Limited,1.0,RY2-CH,0,SHARE,BMF1TJ3,K,Dah Sing Banking Group Limited1.pdf,64.1,64
AU000000PCG4,,1067,Pengana Capital Group Ltd.,1,2003.0,AUS,Q7377V103,20010302.0,AUS,@NA,64.3,ASX,PCG-AU,AU000000PCG4,BF03B9,Pengana Capital Group Ltd.,1.0,PCG-AU,1,SHARE,BF03B99,K,Pengana Capital Group Ltd.1.pdf,64.3,64
CH0120879058,,1068,FirstCaution SA,1,2008.0,FRA,H2707A135,20101222.0,CHE,@NA,65.12,EURONEXT PARIS,MLFIR-FR,CH0120879058,B5986C,FirstCaution SA,1.0,MLFIR-FR,1,SHARE,B5986C3,K,FirstCaution SA1.pdf,65.1,65
INE514C01018,,1069,Minolta Finance Ltd.,1,1993.0,IND,Y6065Y115,20120116.0,IND,@NA,64.92,BSE INDIA,@NA,INE514C01018,B03J0H,Minolta Finance Ltd.,1.0,532164-IN,1,SHARE,B03J0H0,K,Minolta Finance Ltd.1.pdf,64.9,64
TH5982010008,,1070,Country Group Holdings Public Company Ltd,1,2014.0,THA,Y17610109,19911112.0,THA,0DYJRN-E,66.12,THAILAND,CGH-TH,TH5982010008,BTKCPH,Country Group Holdings Public Company Ltd,1.0,CGH-TH,1,SHARE,BTKCPH0,K,Country Group Holdings Public Company Ltd2.pdf,66.1,66
DE000A12UKK6,,1071,Rocket Internet SE,0,2007.0,DEU,D6S914104,20141002.0,DEU,0DWLGF-E,64.99,HAMBURG,RKET-DE,DE000A12UKK6,BR1715,Rocket Internet SE,1.0,RKET-DE,1,SHARE,BR17150,K,Rocket Internet SE1.pdf,64.9,64
INE108T01013,,1072,F Mec International Financial Services Ltd.,0,1993.0,IND,Y2575Q106,20160801.0,IND,@NA,64.99,BSE INDIA,@NA,INE108T01013,BZ4G39,F Mec International Financial Services Ltd.,1.0,539552-IN,0,SHARE,BZ4G398,K,F Mec International Financial Services Ltd.2.pdf,64.9,64
CH0466642201,,1073,Helvetia Holding Ltd,1,1858.0,CHE,H3701P102,20220920.0,CHE,05HXJX-E,65.11,US OTC,@NA,CH0466642201,BK6QWF,Helvetia Holding Ltd,1.0,HELNF-US,0,SHARE,BNLYY09,K,Helvetia Holding Ltd2.pdf,65.1,65
US33768G1076,,1074,"FirstCash Holdings, Inc.",1,1988.0,USA,33768G107,20080717.0,USA,0Q0XDH-E,64.92,MEXICO,@NA,US33768G1076,33768G10,"FirstCash Holdings, Inc.",1.0,FCFS1-MX,0,SHARE,BNYKP67,K,"FirstCash Holdings, Inc.1.pdf",64.9,64
US89580D1028,,1075,Triad Business Bank,1,,USA,89580D102,20200925.0,USA,0M6PZX-E,64.19,US OTC,@NA,US89580D1028,89580D10,Triad Business Bank,1.0,TBBC-US,1,SHARE,BL577C3,K,Triad Business Bank2.pdf,64.1,64
SA0007879113,,1076,Al Rajhi Bank,1,1957.0,SAU,M0R60D105,19950929.0,SAU,068G22-E,64.19,SAUDI ARABIA,1120-SA,SA0007879113,B12LZH,Al Rajhi Bank,1.0,1120-SA,1,SHARE,B12LZH9,K,Al Rajhi Bank1.pdf,64.1,64
US5528481030,,1077,MGIC Investment Corporation,1,1957.0,USA,552848103,19910807.0,USA,000PYN-E,65.11,NYSE,MTG-US,US5528481030,55284810,MGIC Investment Corporation,1.0,MTG-US,1,SHARE,2548616,K,MGIC Investment Corporation1.pdf,65.1,65
US01881G1067,,1078,AllianceBernstein Holding L.P.,1,2000.0,USA,01881G106,19880415.0,USA,06DFGK-E,66.3,NYSE,AB-US,US01881G1067,01881G10,AllianceBernstein Holding L.P.,1.0,AB-US,1,SHARE,2017558,K,AllianceBernstein Holding L.P.1.pdf,66.3,66
CH0126881561,,1080,Swiss Re AG,1,1863.0,CHE,H8431B109,20110527.0,CHE,0BT2BZ-E,65.11,XETRA,@NA,CH0126881561,B545MG,Swiss Re AG,1.0,SR9-DE,0,SHARE,B6498W2,K,Swiss Re AG1.pdf,65.1,65
FDS18A6E,,1081,Basellandschaftliche Kantonalbank,1,1864.0,CHE,FDS18A6E8,,CHE,05J16T-E,64.19,@NA,@NA,@NA,408361,Basellandschaftliche Kantonalbank,1.0,@NA,1,SHARE,@NA,K,Basellandschaftliche Kantonalbank2.pdf,64.1,64
FDS0C30K,,1082,"Virtu Financial, Inc.",1,2008.0,USA,FDS0C30K3,,USA,09HTB2-E,66.12,@NA,@NA,@NA,92825410,"Virtu Financial, Inc.",1.0,@NA,0,SHARE,@NA,K,"Virtu Financial, Inc.1.pdf",66.1,66
VGG550931015,,1083,Livermore Investments Group Limited,1,1998.0,GBR,G55093101,20050615.0,VGB,007C6L-E,64.99,LONDON,LIV-GB,VGG550931015,B08N4M,Livermore Investments Group Limited,1.0,LIV-GB,1,SHARE,B08N4M0,K,Livermore Investments Group Limited1.pdf,64.9,64
FI4000512496,,1084,Lifeline SPAC I Plc,1,,FIN,X4S02P108,20211015.0,FIN,@NA,64.99,OMX NORDIC HELSINKI,@NA,FI4000512496,BMHS99,Lifeline SPAC I Plc,1.0,LL1SPAC-FI,1,SHARE,BMHS992,K,Lifeline SPAC I Plc1.pdf,64.9,64
NO0003053308,,1085,Scana ASA,1,1976.0,NOR,R74954109,20071112.0,NOR,05JMVK-E,64.99,LONDON,@NA,NO0003053308,496509,Scana ASA,1.0,0FXQ-GB,0,SHARE,B28LQH7,K,Scana ASA1.pdf,64.9,64
FDS1KZH3,,1086,Sagaliam Acquisition Corp.,1,2021.0,USA,FDS1KZH31,,USA,@NA,64.99,@NA,@NA,@NA,78661R10,Sagaliam Acquisition Corp.,1.0,@NA,0,SHARE,@NA,K,Sagaliam Acquisition Corp.1.pdf,64.9,64
IT0005239360,,1087,UniCredit S.p.A.,1,1870.0,ITA,T9T23L642,19970117.0,ITA,06Y2DF-E,64.19,XETRA,CRIN-DE,IT0005239360,BYMXPS,UniCredit S.p.A.,1.0,CRIN-DE,0,SHARE,BYX7WP4,K,UniCredit S.p.A.1.pdf,64.1,64
INE977F01010,,1088,Dhanlaxmi Cotex Ltd.,0,1987.0,IND,Y2058X107,20050704.0,IND,@NA,66.11,BSE INDIA,@NA,INE977F01010,B04G1Q,Dhanlaxmi Cotex Ltd.,1.0,512485-IN,0,SHARE,B04G1Q6,K,Dhanlaxmi Cotex Ltd.2.pdf,66.1,66
BMG3968F1370,,1089,Goldin Financial Holdings Limited,0,1992.0,HKG,G3968F137,19921130.0,HKG,07WHJ5-E,64.91,HONG KONG,530-HK,BMG3968F1370,BWSRTH,Goldin Financial Holdings Limited,1.0,530-HK,1,SHARE,BWSRTH6,K,Goldin Financial Holdings Limited1.pdf,64.9,64
KE0000000448,,1090,Standard Chartered Bank Kenya Ltd,1,1911.0,KEN,V84616107,19960313.0,KEN,05KYZ9-E,64.19,NAIROBI,SCBK-KE,KE0000000448,683902,Standard Chartered Bank Kenya Ltd,1.0,SCBK-KE,1,SHARE,6839026,K,Standard Chartered Bank Kenya Ltd3.pdf,64.1,64
AT0000821103,,1091,UNIQA Insurance Group AG,1,1811.0,AUT,A90015131,20071116.0,AUT,05HR55-E,65.11,LONDON,@NA,AT0000821103,442233,UNIQA Insurance Group AG,1.0,0GDR-GB,0,SHARE,B28N0N7,K,UNIQA Insurance Group AG1.pdf,65.1,65
MYL1023OO000,,1092,CIMB Group Holdings Bhd,1,1974.0,MYS,Y1636J101,19900327.0,MYS,05HWKP-E,64.19,MALAYSIA,1023-MY,MYL1023OO000,607574,CIMB Group Holdings Bhd,1.0,1023-MY,1,SHARE,6075745,K,CIMB Group Holdings Bhd1.pdf,64.1,64
BMG3223R1088,,1093,"Everest Re Group, Ltd.",1,1999.0,USA,G3223R108,20060815.0,BMU,002MSP-E,65.11,FRANKFURT,@NA,BMG3223R1088,G3223R10,"Everest Re Group, Ltd.",1.0,ERE-DE,0,SHARE,B1BWHQ6,K,"Everest Re Group, Ltd.1.pdf",65.1,65
US42965Q1076,,1094,"High Country Bancorp, Inc.",1,1997.0,USA,42965Q107,19971210.0,USA,@NA,64.19,US OTC,HCBC-US,US42965Q1076,42965Q10,"High Country Bancorp, Inc.",1.0,HCBC-US,1,SHARE,2544993,K,"High Country Bancorp, Inc.1.pdf",64.1,64
CA8867901040,,1095,Till Capital Corp.,1,2012.0,CAN,886790104,20120417.0,CAN,00G2K5-E,65.12,US OTC,@NA,CA8867901040,BJR457,Till Capital Corp.,1.0,TILCF-US,0,SHARE,BJR4580,K,Till Capital Corp.1.pdf,65.1,65
IT0004998065,,1096,ANIMA Holding S.p.A.,1,2007.0,ITA,T0409R106,20140509.0,ITA,0BLBK6-E,66.3,LONDON,@NA,IT0004998065,BLLJ38,ANIMA Holding S.p.A.,1.0,0QTI-GB,0,SHARE,BM676M2,K,ANIMA Holding S.p.A.1.pdf,66.3,66
GB0004658257,,1097,Investment Co. Plc,1,1868.0,GBR,G49168126,19960819.0,GBR,@NA,64.3,LONDON,INV-GB,GB0004658257,046582,Investment Co. Plc,1.0,INV-GB,1,SHARE,0465825,K,Investment Co. Plc1.pdf,64.3,64
JP3175200009,,1098,"Oita Bank, Ltd.",1,1893.0,JPN,J60256104,19850102.0,JPN,05HZ3G-E,64.19,TOKYO,8392-JP,JP3175200009,665754,"Oita Bank, Ltd.",1.0,8392-JP,1,SHARE,6657541,K,"Oita Bank, Ltd.1.pdf",64.1,64
GB00BMDX5Z93,,1099,CPP Group plc,1,2010.0,GBR,G2R52N106,20100319.0,GBR,0075CX-E,65.12,LONDON,CPP-GB,GB00BMDX5Z93,BMDX5Z,CPP Group plc,1.0,CPP-GB,1,SHARE,BMDX5Z9,K,CPP Group plc1.pdf,65.1,65
JP3048110005,,1100,"Nomura Real Estate Master Fund, Inc.",1,2015.0,JPN,J589D3119,20151002.0,JPN,0FR9W8-E,68.2,TOKYO,3462-JP,JP3048110005,BYSJJF,"Nomura Real Estate Master Fund, Inc.",1.0,3462-JP,1,SHARE,BYSJJF4,L,"Nomura Real Estate Master Fund, Inc.1.pdf",68.2,68
JP3122510005,,1101,Apaman Co. Ltd.,1,1998.0,JPN,J0172U105,20010315.0,JPN,05J4CG-E,68.31,TOKYO,8889-JP,JP3122510005,632832,Apaman Co. Ltd.,1.0,8889-JP,1,SHARE,6328320,L,Apaman Co. Ltd.1.pdf,68.3,68
DE0008103102,,1102,Webac Holding AG,0,2002.0,DEU,D64769108,20140606.0,DEU,@NA,68.32,LONDON,@NA,DE0008103102,473526,Webac Holding AG,1.0,0FTK-GB,0,SHARE,B28N6J5,L,Webac Holding AG1.pdf,68.3,68
AU000000TIA6,,1103,Tian An Australia Limited,1,1985.0,AUS,Q90354103,19920131.0,AUS,05KFZH-E,68.1,ASX,TIA-AU,AU000000TIA6,BD1031,Tian An Australia Limited,1.0,TIA-AU,1,SHARE,BD10311,L,Tian An Australia Limited3.pdf,68.1,68
FI4000369947,,1104,Citycon Oyj,1,1988.0,FIN,X1422T280,19891115.0,FIN,05J3RX-E,68.32,OMX NORDIC HELSINKI,CTY1S-FI,FI4000369947,BHWV28,Citycon Oyj,1.0,CTY1S-FI,1,SHARE,BHWV281,L,Citycon Oyj1.pdf,68.3,68
KW0EQ0401665,,1105,Sanam Real Estate Co. KSCC,1,1982.0,KWT,M8T35B102,20060105.0,KWT,070TZM-E,68.31,KUWAIT,SANAM-KW,KW0EQ0401665,B0WCFT,Sanam Real Estate Co. KSCC,1.0,SANAM-KW,1,SHARE,B0WCFT7,L,Sanam Real Estate Co. KSCC1.pdf,68.3,68
CH0008837566,,1106,Allreal Holding AG,1,1999.0,CHE,H0151D100,,CHE,05J0B5-E,68.1,US OTC,@NA,CH0008837566,591427,Allreal Holding AG,1.0,ALRHF-US,0,SHARE,B19HJZ6,L,Allreal Holding AG1.pdf,68.1,68
IDX000000105,,1107,DIRE CIPTADANA PROPERTI RITEL INDONESIA,1,,IDN,Y2R66Q103,20130816.0,IDN,@NA,68.2,INDONESIA,@NA,IDX000000105,BCZSXJ,DIRE CIPTADANA PROPERTI RITEL INDONESIA,1.0,XCID-ID,1,SHARE,BCZSXJ2,L,DIRE CIPTADANA PROPERTI RITEL INDONESIA1.pdf,68.2,68
AU000000FPP8,,1108,Fat Prophets Global Property Fund,1,2017.0,AUS,Q3745R106,20171010.0,AUS,@NA,68.2,ASX,@NA,AU000000FPP8,BF54GW,Fat Prophets Global Property Fund,1.0,FPP-AU,1,SHARE,BF54GW5,L,Fat Prophets Global Property Fund3.pdf,68.2,68
MU0622I00004,,1109,Lavastone Ltd.,1,2012.0,MUS,V5S849104,20181228.0,MUS,0KFC33-E,68.31,MAURITIUS,@NA,MU0622I00004,BDR0RV,Lavastone Ltd.,1.0,LAVA-MU,1,SHARE,BDR0RV3,L,Lavastone Ltd.1.pdf,68.3,68
ES0139140174,,1110,Inmobiliaria Colonial SOCIMI SA,1,1946.0,ESP,E6451E105,20071120.0,ESP,06R9RW-E,68.2,LONDON,@NA,ES0139140174,BD0PJ0,Inmobiliaria Colonial SOCIMI SA,1.0,0RID-GB,0,SHARE,BD82PP8,L,Inmobiliaria Colonial SOCIMI SA1.pdf,68.2,68
LT0000128753,,1111,INVL Baltic Farmland AB,0,2014.0,LTU,X4030S108,20171214.0,LTU,@NA,68.2,LONDON,@NA,LT0000128753,BN1GMR,INVL Baltic Farmland AB,1.0,0R5F-GB,0,SHARE,BW0D5F2,L,INVL Baltic Farmland AB1.pdf,68.2,68
KYG8508A1004,,1112,Star Group Company Limited,1,2016.0,HKG,G8508A100,20160713.0,HKG,0G4N0B-E,68.31,HONG KONG,@NA,KYG8508A1004,BL6P89,Star Group Company Limited,1.0,1560-HK,1,SHARE,BL6P890,L,Star Group Company Limited1.pdf,68.3,68
JP3167620008,,1113,"Arealink Co., Ltd.",1,1995.0,JPN,J01956101,20030808.0,JPN,05VMCL-E,68.2,TOKYO,8914-JP,JP3167620008,665409,"Arealink Co., Ltd.",1.0,8914-JP,1,SHARE,6654092,L,"Arealink Co., Ltd.1.pdf",68.2,68
KYG2118M1096,,1114,China Overseas Property Holdings Limited,1,2006.0,HKG,G2118M109,20161206.0,HKG,@NA,68.31,HONG KONG CONNECT - SHENZHEN,2669-SZSC,KYG2118M1096,BYYMZN,China Overseas Property Holdings Limited,1.0,@NA,0,SHARE,BFZ1HS9,L,China Overseas Property Holdings Limited1.pdf,68.3,68
JP3046270009,,1115,Kenedix Office Investment Corporation,1,2005.0,JPN,J32922106,20050721.0,JPN,066D2S-E,68.2,TOKYO,8972-JP,JP3046270009,B0C5Q5,Kenedix Office Investment Corporation,1.0,8972-JP,1,SHARE,B0C5Q59,L,Kenedix Office Investment Corporation1.pdf,68.2,68
BMG805AL1070,,1116,Shandong Hi-Speed Holdings Group Limited,1,1992.0,HKG,G805AL107,19920507.0,HKG,05JSG7-E,68.31,HONG KONG,412-HK,BMG805AL1070,BN4BY2,Shandong Hi-Speed Holdings Group Limited,1.0,412-HK,1,SHARE,BN4BY29,L,Shandong Hi-Speed Holdings Group Limited1.pdf,68.3,68
KW0EQ0202527,,1117,Kuwait Emirates Holding Company K.S.C.P,1,2002.0,KWT,M6417F114,20080602.0,KWT,078BBC-E,68.31,KUWAIT,@NA,KW0EQ0202527,B39QJZ,Kuwait Emirates Holding Company K.S.C.P,1.0,EMIRATES-KW,1,SHARE,B39QJZ7,L,Kuwait Emirates Holding Company K.S.C.P3.pdf,68.3,68
KYG2108Y1052,,1118,China Resources Land Limited,1,1994.0,HKG,G2108Y105,19961108.0,HKG,05J0MK-E,68.31,HONG KONG,1109-HK,KYG2108Y1052,619376,China Resources Land Limited,1.0,1109-HK,1,SHARE,6193766,L,China Resources Land Limited1.pdf,68.3,68
FDS0Z8B9,,1119,"Postal Realty Trust, Inc.",1,2004.0,USA,FDS0Z8B90,,USA,0KSBMF-E,68.2,@NA,@NA,@NA,73757R10,"Postal Realty Trust, Inc.",1.0,@NA,0,SHARE,@NA,L,"Postal Realty Trust, Inc.2.pdf",68.2,68
HK0000489689,,1120,Capital Estate Limited,1,1972.0,HKG,Y1100N216,19850102.0,HKG,05JHSL-E,68.2,HONG KONG,193-HK,HK0000489689,BJKFXZ,Capital Estate Limited,1.0,193-HK,1,SHARE,BJKFXZ3,L,Capital Estate Limited1.pdf,68.2,68
KR7395400005,,1121,SK REIT Co. Ltd.,1,2021.0,KOR,Y806SW102,20210914.0,KOR,0P2913-E,68.2,KOREA,395400-KR,KR7395400005,BMYH2M,SK REIT Co. Ltd.,1.0,395400-KR,1,SHARE,BMYH2M6,L,SK REIT Co. Ltd.1.pdf,68.2,68
AU000000GOZ8,,1122,Growthpoint Properties Australia,1,,AUS,Q4359J133,20070704.0,AUS,0821BN-E,68.2,BERLIN,@NA,AU000000GOZ8,B1Y9BC,Growthpoint Properties Australia,1.0,IVP1-DE,0,SHARE,B231N82,L,Growthpoint Properties Australia2.pdf,68.2,68
MX1RAR130005,,1123,Terrafina,0,2013.0,MEX,P1565C176,20140723.0,MEX,0DGY6V-E,68.2,MEXICO,@NA,MX1RAR130005,B87Y2V,Terrafina,1.0,ARTCK13-MX,0,SHARE,BFNYFD1,L,Terrafina1.pdf,68.2,68
VN000000MH35,,1124,Binh Long Rubber Industrial Park Corporation,0,2007.0,VNM,Y09015101,,VNM,@NA,68.2,HANOI,@NA,VN000000MH35,BF0563,Binh Long Rubber Industrial Park Corporation,1.0,MH3-VN,0,SHARE,BF05634,L,Binh Long Rubber Industrial Park Corporation1.pdf,68.2,68
FDS0WDQM,,1125,Wenling Zhejiang Measuring & Cutting Tools Trading Centre Company Limited,1,2003.0,HKG,FDS0WDQM7,,CHN,0KD01B-E,68.32,@NA,@NA,@NA,BK0W9P,Wenling Zhejiang Measuring & Cutting Tools Trading Centre Company Limited,1.0,@NA,0,SHARE,@NA,L,Wenling Zhejiang Measuring & Cutting Tools Trading Centre Company Limited1.pdf,68.3,68
IL0003660136,,1126,Ari Real Estate (Arena) Investment Ltd.,1,1992.0,ISR,M4475J102,20011105.0,ISR,06T28Z-E,68.31,TEL AVIV,ARIN-IL,IL0003660136,651323,Ari Real Estate (Arena) Investment Ltd.,1.0,ARIN-IL,1,SHARE,6513234,L,Ari Real Estate (Arena) Investment Ltd.1.pdf,68.3,68
JP3772300004,,1127,"REVOLUTION CO., LTD.",1,1986.0,JPN,J6494H102,20010906.0,JPN,05JYSN-E,68.31,TOKYO,8894-JP,JP3772300004,638300,"REVOLUTION CO., LTD.",1.0,8894-JP,1,SHARE,6383006,L,"REVOLUTION CO., LTD.1.pdf",68.3,68
DE0007318008,,1128,STINAG Stuttgart Invest AG,1,1872.0,DEU,D81926103,19850102.0,DEU,05J0ZR-E,68.31,FRANKFURT,STG-DE,DE0007318008,572672,STINAG Stuttgart Invest AG,1.0,STG-DE,1,SHARE,5726721,L,STINAG Stuttgart Invest AG2.pdf,68.3,68
GB0005234223,,1129,London & Associated Properties PLC,1,1938.0,GBR,G55692100,19850102.0,GBR,05JB65-E,68.2,LONDON,LAS-GB,GB0005234223,052342,London & Associated Properties PLC,1.0,LAS-GB,1,SHARE,0523422,L,London & Associated Properties PLC1.pdf,68.2,68
US6436111065,,1130,"New Concept Energy, Inc.",1,1978.0,USA,643611106,19841105.0,USA,0014K5-E,68.2,NYSE AMERICAN,GBR-US,US6436111065,64361110,"New Concept Energy, Inc.",1.0,GBR-US,1,SHARE,2824822,L,"New Concept Energy, Inc.1.pdf",68.2,68
CH0524026959,,1131,Ina Invest Holding Ltd.,1,2020.0,CHE,H41009111,20200612.0,CHE,@NA,68.2,SIX SWISS,INA-CH,CH0524026959,BK93ZY,Ina Invest Holding Ltd.,1.0,INA-CH,1,SHARE,BK93ZY8,L,Ina Invest Holding Ltd.2.pdf,68.2,68
INE195F01019,,1132,Sellwin Traders Ltd.,0,1980.0,IND,Y7T794104,20150108.0,IND,@NA,68.31,BSE INDIA,@NA,INE195F01019,BV8CB0,Sellwin Traders Ltd.,1.0,538875-IN,0,SHARE,BV8CB01,L,Sellwin Traders Ltd.2.pdf,68.3,68
ZAE000188280,,1133,Safari Investments RSA Ltd.,1,2000.0,ZAF,S7220E108,20140407.0,ZAF,0DN95Y-E,68.31,JSE,SAR-ZA,ZAE000188280,BLD36H,Safari Investments RSA Ltd.,1.0,SAR-ZA,1,SHARE,BLD36H1,L,Safari Investments RSA Ltd.1.pdf,68.3,68
FDSED1AA,,1134,"Bridgemarq Real Estate Services, Inc.",1,2003.0,CAN,FDSED1AA7,,CAN,00CYXC-E,68.31,@NA,@NA,@NA,BK203C,"Bridgemarq Real Estate Services, Inc.",1.0,@NA,0,SHARE,@NA,L,"Bridgemarq Real Estate Services, Inc.1.pdf",68.3,68
GB0005132070,,1135,Panther Securities PLC,1,1934.0,GBR,G6889Y101,19940721.0,GBR,05JB7F-E,68.2,LONDON,PNS-GB,GB0005132070,051320,Panther Securities PLC,1.0,PNS-GB,1,SHARE,0513207,L,Panther Securities PLC1.pdf,68.2,68
BMG525871056,,1136,Keyne Ltd.,1,2001.0,HKG,G52587105,20010912.0,HKG,0065HM-E,68.32,HONG KONG,@NA,BMG525871056,BMDY1L,Keyne Ltd.,1.0,9-HK,1,SHARE,BMDY1L0,L,Keyne Ltd.2.pdf,68.3,68
MYL5213OO003,,1137,Sentoria Group Bhd.,1,1998.0,MYS,Y7632M105,20120223.0,MYS,0CBYLV-E,68.1,MALAYSIA,5213-MY,MYL5213OO003,B6ZRLP,Sentoria Group Bhd.,1.0,5213-MY,1,SHARE,B6ZRLP9,L,Sentoria Group Bhd.1.pdf,68.1,68
AU000000EGH7,,1138,Eureka Group Holdings Limited,1,2001.0,AUS,Q8363A152,20040701.0,AUS,0B3PM2-E,68.31,ASX,EGH-AU,AU000000EGH7,B01FV3,Eureka Group Holdings Limited,1.0,EGH-AU,1,SHARE,B01FV33,L,Eureka Group Holdings Limited1.pdf,68.3,68
JP3569200003,,1139,Tokyu Fudosan Holdings Corp.,1,2013.0,JPN,J88764105,20131001.0,JPN,0D4QHW-E,68.1,TOKYO,3289-JP,JP3569200003,BDC6LT,Tokyu Fudosan Holdings Corp.,1.0,3289-JP,1,SHARE,BDC6LT2,L,Tokyu Fudosan Holdings Corp.1.pdf,68.1,68
JP3688350002,,1140,ESLEAD CORPORATION,1,1992.0,JPN,J5013U107,20220621.0,JPN,05J3BL-E,68.31,US OTC,@NA,JP3688350002,617584,ESLEAD CORPORATION,1.0,NHESF-US,0,SHARE,B05PZD7,L,ESLEAD CORPORATION1.pdf,68.3,68
HK2778034606,,1141,Champion Real Estate Investment Trust,1,2006.0,HKG,Y1292D109,20060524.0,HKG,0088KB-E,68.2,HONG KONG,2778-HK,HK2778034606,B14WZ4,Champion Real Estate Investment Trust,1.0,2778-HK,1,SHARE,B14WZ47,L,Champion Real Estate Investment Trust1.pdf,68.2,68
GB00BNGMZB68,,1143,Ediston Property Investment Company PLC,1,2014.0,GBR,G3R7DZ101,20141028.0,GBR,00G7BS-E,68.2,LONDON,EPIC-GB,GB00BNGMZB68,BNGMZB,Ediston Property Investment Company PLC,1.0,EPIC-GB,1,SHARE,BNGMZB6,L,Ediston Property Investment Company PLC1.pdf,68.2,68
JP3695010003,,1144,"NIPPON KANZAI Holdings Co., Ltd.",1,,JPN,J54151105,20230403.0,JPN,@NA,68.31,TOKYO,@NA,JP3695010003,BQZCC2,"NIPPON KANZAI Holdings Co., Ltd.",1.0,9347-JP,1,SHARE,BQZCC28,L,"NIPPON KANZAI Holdings Co., Ltd.1.pdf",68.3,68
KYG811511131,,1145,Shui On Land Ltd.,1,2004.0,HKG,G81151113,20161205.0,CHN,05Z0VY-E,68.1,HONG KONG CONNECT - SHENZHEN,272-SZSC,KYG811511131,B16NHT,Shui On Land Ltd.,1.0,@NA,0,SHARE,BD8ND57,L,Shui On Land Ltd.1.pdf,68.1,68
US1785871013,,1146,"City Office REIT, Inc.",1,2013.0,USA,178587101,20140415.0,CAN,0DJFVC-E,68.2,NYSE,CIO-US,US1785871013,17858710,"City Office REIT, Inc.",1.0,CIO-US,1,SHARE,BL25F37,L,"City Office REIT, Inc.1.pdf",68.2,68
HK0363006039,,1147,Shanghai Industrial Holdings Limited,1,1996.0,HKG,Y7683K107,20141117.0,HKG,05HWS5-E,68.1,HONG KONG CONNECT  - SHANGHAI,363-HSC,HK0363006039,681001,Shanghai Industrial Holdings Limited,1.0,@NA,0,SHARE,BP3RQL5,L,Shanghai Industrial Holdings Limited3.pdf,68.1,68
IL0010972789,,1148,Amot Investments Ltd.,1,1964.0,ISR,M1035R103,20060710.0,ISR,066M5R-E,68.2,TEL AVIV,AMOT-IL,IL0010972789,B18MCB,Amot Investments Ltd.,1.0,AMOT-IL,1,SHARE,B18MCB9,L,Amot Investments Ltd.2.pdf,68.2,68
US63633D1046,,1149,"National Health Investors, Inc.",1,1991.0,USA,63633D104,19911009.0,USA,000QWC-E,68.2,NYSE,NHI-US,US63633D1046,63633D10,"National Health Investors, Inc.",1.0,NHI-US,1,SHARE,2626125,L,"National Health Investors, Inc.1.pdf",68.2,68
US5150621077,,1151,"Landmark Land Company, Inc.",0,1865.0,USA,515062107,19841105.0,USA,@NA,68.31,US OTC,@NA,US5150621077,51506210,"Landmark Land Company, Inc.",1.0,LLND-US,1,SHARE,2503949,L,"Landmark Land Company, Inc.1.pdf",68.3,68
FR0000121964,,1152,Klepierre SA,1,1990.0,FRA,F5396X102,20191230.0,FRA,05HWZ3-E,68.2,@NA,@NA,FR0000121964,758255,Klepierre SA,1.0,KPR.MIL-IT,0,SHARE,BK596F8,L,Klepierre SA1.pdf,68.2,68
GB0001367019,,1153,British Land Company PLC,1,1856.0,GBR,G15540118,19850102.0,GBR,05HJLP-E,68.2,LONDON,BLND-GB,GB0001367019,013670,British Land Company PLC,1.0,BLND-GB,1,SHARE,0136701,L,British Land Company PLC1.pdf,68.2,68
SG1M51904654,,1154,CapitaLand Integrated Commercial Trust,1,2001.0,SGP,Y1100L160,20071009.0,SGP,05Z80F-E,68.2,US OTC,@NA,SG1M51904654,642012,CapitaLand Integrated Commercial Trust,1.0,CPAMF-US,0,SHARE,B063JZ0,L,CapitaLand Integrated Commercial Trust1.pdf,68.2,68
GB00BYV8MN78,,1155,Urban Logistics REIT plc,1,2015.0,GBR,G6853M109,20220105.0,GBR,0G4DSY-E,68.2,US OTC,@NA,GB00BYV8MN78,BYV8MN,Urban Logistics REIT plc,1.0,PCILF-US,0,SHARE,BMX88S8,L,Urban Logistics REIT plc1.pdf,68.2,68
AT0000652250,,1156,S IMMO AG,1,1986.0,AUT,A7468Q101,19930406.0,AUT,05J1MQ-E,68.32,VIENNA,SPI-AT,AT0000652250,739080,S IMMO AG,1.0,SPI-AT,1,SHARE,7390801,L,S IMMO AG1.pdf,68.3,68
KYG211901064,,1157,China SCE Group Holdings Limited,1,1987.0,HKG,G21190106,20100205.0,CHN,095DZR-E,68.1,HONG KONG,1966-HK,KYG211901064,BKS118,China SCE Group Holdings Limited,1.0,1966-HK,1,SHARE,BKS1189,L,China SCE Group Holdings Limited1.pdf,68.1,68
BMG4587L1090,,1158,Hongkong Land Holdings Limited,1,1889.0,GBR,G4587L109,19901002.0,BMU,003JNX-E,68.1,LONDON,@NA,BMG4587L1090,B84RZ8,Hongkong Land Holdings Limited,1.0,@NA,0,SHARE,0435743,L,Hongkong Land Holdings Limited1.pdf,68.1,68
KYG9897E1098,,1159,Zhenro Properties Group Limited,1,2014.0,HKG,G9897E109,20180116.0,HKG,0HG1V0-E,68.1,HONG KONG,6158-HK,KYG9897E1098,BDRHD0,Zhenro Properties Group Limited,1.0,6158-HK,1,SHARE,BDRHD05,L,Zhenro Properties Group Limited3.pdf,68.1,68
US5663241090,,1160,"Marcus & Millichap, Inc.",1,1971.0,USA,566324109,20131031.0,USA,00FQ9M-E,68.31,NYSE,MMI-US,US5663241090,56632410,"Marcus & Millichap, Inc.",1.0,MMI-US,1,SHARE,BFWGXV2,L,"Marcus & Millichap, Inc.1.pdf",68.3,68
BMG8165B1028,,1161,Sinolink Worldwide Holdings Limited,1,1992.0,HKG,G8165B102,19980608.0,HKG,05J19N-E,68.32,HONG KONG,1168-HK,BMG8165B1028,611739,Sinolink Worldwide Holdings Limited,1.0,1168-HK,1,SHARE,6117391,L,Sinolink Worldwide Holdings Limited2.pdf,68.3,68
US90187B8046,,1162,Two Harbors Investment Corp.,1,2009.0,USA,90187B804,20071212.0,USA,07QBXL-E,68.2,NYSE,TWO-US,US90187B8046,90187B80,Two Harbors Investment Corp.,1.0,TWO-US,1,SHARE,BP9S504,L,Two Harbors Investment Corp.1.pdf,68.2,68
CA5609151009,,1163,Mainstreet Equity Corp.,1,1997.0,CAN,560915100,20130102.0,CAN,003MGM-E,68.32,US OTC,@NA,CA5609151009,224912,Mainstreet Equity Corp.,1.0,MEQYF-US,0,SHARE,B1LJ734,L,Mainstreet Equity Corp.1.pdf,68.3,68
US14174T1079,,1164,"CareTrust REIT, Inc.",1,2013.0,USA,14174T107,20140520.0,USA,00FSNT-E,68.2,NYSE,CTRE-US,US14174T1079,14174T10,"CareTrust REIT, Inc.",1.0,CTRE-US,1,SHARE,BMP8TL6,L,"CareTrust REIT, Inc.1.pdf",68.2,68
HK0000608585,,1165,New World Development Co. Ltd.,1,1970.0,HKG,Y6266R109,19900731.0,HKG,05HWW3-E,68.1,US OTC,@NA,HK0000608585,BM94GQ,New World Development Co. Ltd.,1.0,NWWDF-US,0,SHARE,BM94GX1,L,New World Development Co. Ltd.3.pdf,68.1,68
INE138A01028,,1166,Peninsula Land Limited,1,1997.0,IND,Y6600P108,19950927.0,IND,06FWFY-E,68.1,BSE INDIA,503031-IN,INE138A01028,613573,Peninsula Land Limited,1.0,503031-IN,1,SHARE,6135735,L,Peninsula Land Limited2.pdf,68.1,68
US67623C1099,,1167,Office Properties Income Trust,1,2009.0,USA,67623C109,20090603.0,USA,00BR8H-E,68.2,NASDAQ,OPI-US,US67623C1099,67623C10,Office Properties Income Trust,1.0,OPI-US,1,SHARE,BYVLR75,L,Office Properties Income Trust1.pdf,68.2,68
IL0001260111,,1168,G CITY LTD.,1,1982.0,ISR,M4793C102,20080806.0,ISR,05R0DL-E,68.32,US OTC,GZTGF-US,IL0001260111,658539,G CITY LTD.,1.0,GZTGF-US,0,SHARE,B06MS05,L,G CITY LTD.3.pdf,68.3,68
INE543F01028,,1169,Prime Industries Limited,1,1992.0,IND,Y7080K122,20050527.0,IND,@NA,68.31,BSE INDIA,@NA,INE543F01028,BJVR2B,Prime Industries Limited,1.0,519299-IN,1,SHARE,BJVR2B7,L,Prime Industries Limited1.pdf,68.3,68
BMG760581097,,1170,Road King Infrastructure Limited,1,1994.0,HKG,G76058109,19960711.0,HKG,05J1BK-E,68.1,HONG KONG,1098-HK,BMG760581097,675084,Road King Infrastructure Limited,1.0,1098-HK,1,SHARE,6750848,L,Road King Infrastructure Limited1.pdf,68.1,68
SG2F86994413,,1171,OUE Healthcare Limited,1,2013.0,SGP,Y4130K103,20130708.0,SGP,0D7780-E,68.32,SINGAPORE,5WA-SG,SG2F86994413,BBGBHS,OUE Healthcare Limited,1.0,5WA-SG,1,SHARE,BBGBHS0,L,OUE Healthcare Limited2.pdf,68.3,68
INE156M01017,,1172,Yuranus Infrastructure Ltd.,1,1994.0,IND,Y6S697102,20131128.0,IND,@NA,68.31,BSE INDIA,@NA,INE156M01017,BGSHCX,Yuranus Infrastructure Ltd.,1.0,536846-IN,1,SHARE,BGSHCX1,L,Yuranus Infrastructure Ltd.2.pdf,68.3,68
BE0974269012,,1173,Alliance Developpement Capital SIIC,0,2013.0,FRA,B0R1LE111,20171214.0,BEL,05J9JQ-E,68.32,LONDON,@NA,BE0974269012,BBJPM1,Alliance Developpement Capital SIIC,1.0,0QET-GB,0,SHARE,BBMT7Z5,L,Alliance Developpement Capital SIIC2.pdf,68.3,68
BG1100014049,,1174,Investment Properties REIT,0,2003.0,BGR,X1628X101,20180104.0,BGR,@NA,68.2,LONDON,@NA,BG1100014049,B18R28,Investment Properties REIT,1.0,0OMF-GB,0,SHARE,B39Q0V0,L,Investment Properties REIT1.pdf,68.2,68
ES0105475000,,1175,Nextpoint Capital Socimi SA,1,2018.0,ESP,E7779L102,20200716.0,ESP,0ML5VW-E,68.31,SPAIN,@NA,ES0105475000,BL5BYP,Nextpoint Capital Socimi SA,1.0,YNPC-ES,1,SHARE,BL5BYP7,L,Nextpoint Capital Socimi SA2.pdf,68.3,68
CH0325094297,,1176,Investis Holding SA,1,1994.0,CHE,H4282B108,20160809.0,CHE,0DXS2Q-E,68.31,LONDON,@NA,CH0325094297,BDC7B9,Investis Holding SA,1.0,0RHV-GB,0,SHARE,BD9H035,L,Investis Holding SA1.pdf,68.3,68
ID1000052301,,1177,PT MNC Land Tbk,1,1990.0,IDN,Y7139K107,20000405.0,IDN,0060QF-E,68.1,INDONESIA,KPIG-ID,ID1000052301,622923,PT MNC Land Tbk,1.0,KPIG-ID,1,SHARE,6229230,L,PT MNC Land Tbk1.pdf,68.1,68
BG1100025052,,1178,Advance Terrafund REIT,1,2005.0,BGR,X0009H107,20050826.0,BGR,@NA,68.2,BULGARIA,ATER-BG,BG1100025052,B0FZML,Advance Terrafund REIT,1.0,ATER-BG,1,SHARE,B0FZML4,L,Advance Terrafund REIT2.pdf,68.2,68
KYG3307Z1090,,1179,Far East Consortium International Limited,1,1950.0,HKG,G3307Z109,20071016.0,HKG,05J5XB-E,68.1,US OTC,@NA,KYG3307Z1090,633155,Far East Consortium International Limited,1.0,FRTCF-US,0,SHARE,B3BH7Q5,L,Far East Consortium International Limited1.pdf,68.1,68
US45378A1060,,1180,"Independence Realty Trust, Inc.",1,2009.0,USA,45378A106,20130813.0,USA,00C2TK-E,68.2,NYSE,IRT-US,US45378A1060,45378A10,"Independence Realty Trust, Inc.",1.0,IRT-US,1,SHARE,BCRYTK1,L,"Independence Realty Trust, Inc.1.pdf",68.2,68
HK0016000132,,1181,Sun Hung Kai Properties Limited,1,1963.0,HKG,Y82594121,20161205.0,HKG,003T2J-E,68.1,HONG KONG CONNECT - SHENZHEN,16-SZSC,HK0016000132,685992,Sun Hung Kai Properties Limited,1.0,@NA,0,SHARE,BD8NBW0,L,Sun Hung Kai Properties Limited2.pdf,68.1,68
INE561H01026,,1182,Parsvnath Developers Limited,1,1990.0,IND,Y6723F110,20061201.0,IND,06HLXG-E,68.31,BSE INDIA,532780-IN,INE561H01026,B11Y5Y,Parsvnath Developers Limited,1.0,532780-IN,1,SHARE,B11Y5Y6,L,Parsvnath Developers Limited2.pdf,68.3,68
INE155R01018,,1183,Jet Infraventure Ltd.,1,2001.0,IND,Y4440H105,20141125.0,IND,0DWZJ1-E,68.31,BSE INDIA,@NA,INE155R01018,BSBMLM,Jet Infraventure Ltd.,1.0,538794-IN,1,SHARE,BSBMLM9,L,Jet Infraventure Ltd.2.pdf,68.3,68
GB00BLWDVR75,,1184,Empiric Student Property Plc,1,2014.0,GBR,G30381100,20140630.0,GBR,0DPRVP-E,68.2,LONDON,ESP-GB,GB00BLWDVR75,BLWDVR,Empiric Student Property Plc,1.0,ESP-GB,1,SHARE,BLWDVR7,L,Empiric Student Property Plc2.pdf,68.2,68
EGS655L1C012,,1185,Palm Hills Development Co.,1,2005.0,EGY,M7778G105,20080508.0,EGY,00B3XM-E,68.1,EGYPT,PHDC-EG,EGS655L1C012,B2R2W0,Palm Hills Development Co.,1.0,PHDC-EG,1,SHARE,B2R2W06,L,Palm Hills Development Co.3.pdf,68.1,68
AU0000030645,,1186,Charter Hall Social Infrastructure REIT,1,2002.0,AUS,Q2308H109,20181009.0,AUS,05VBFJ-E,68.2,US OTC,@NA,AU0000030645,BHJVMY,Charter Hall Social Infrastructure REIT,1.0,FKKEF-US,0,SHARE,BHL47T7,L,Charter Hall Social Infrastructure REIT1.pdf,68.2,68
KYG8109A1031,,1187,Shi Shi Services Limited,1,1984.0,HKG,G8109A103,20131011.0,HKG,0DCH0M-E,68.31,HONG KONG,@NA,KYG8109A1031,BF5HCQ,Shi Shi Services Limited,1.0,8181-HK,1,SHARE,BF5HCQ0,L,Shi Shi Services Limited1.pdf,68.3,68
HK0604011236,,1188,Shenzhen Investment Limited,1,1992.0,HKG,Y7743P120,20141117.0,HKG,05HZZW-E,68.1,HONG KONG CONNECT  - SHANGHAI,604-HSC,HK0604011236,653526,Shenzhen Investment Limited,1.0,@NA,0,SHARE,BP3RQM6,L,Shenzhen Investment Limited1.pdf,68.1,68
JP3486800000,,1189,"Daito Trust Construction Co., Ltd.",1,1974.0,JPN,J11151107,19900627.0,JPN,05HWMM-E,68.31,TOKYO,1878-JP,JP3486800000,625050,"Daito Trust Construction Co., Ltd.",1.0,1878-JP,1,SHARE,6250508,L,"Daito Trust Construction Co., Ltd.1.pdf",68.3,68
FDS1X9ZR,,1190,"Onewo, Inc.",1,1990.0,HKG,FDS1X9ZR2,,CHN,@NA,68.31,@NA,@NA,@NA,BPJPDT,"Onewo, Inc.",1.0,@NA,0,SHARE,@NA,L,"Onewo, Inc.1.pdf",68.3,68
SG1R89002252,,1191,City Developments Limited,1,1963.0,SGP,V23130111,19850102.0,SGP,003LXT-E,68.31,SINGAPORE,C09-SG,SG1R89002252,619792,City Developments Limited,1.0,C09-SG,1,SHARE,6197928,L,City Developments Limited1.pdf,68.3,68
US9026531049,,1192,"UDR, Inc.",1,1972.0,USA,902653104,19841105.0,USA,000Y35-E,68.2,NYSE,UDR-US,US9026531049,90265310,"UDR, Inc.",1.0,UDR-US,1,SHARE,2727910,L,"UDR, Inc.1.pdf",68.2,68
JP3781530005,,1193,"PAPANETS CO.,Ltd.",1,1995.0,JPN,J6354R109,20171030.0,JPN,@NA,68.31,TOKYO,@NA,JP3781530005,BYWG41,"PAPANETS CO.,Ltd.",1.0,9388-JP,1,SHARE,BYWG412,L,"PAPANETS CO.,Ltd.2.pdf",68.3,68
TH0605010Z06,,1194,Country Group Development Public Co. Ltd.,1,1982.0,THA,Y17611164,19990805.0,THA,006074-E,68.1,THAILAND,CGD-TH,TH0605010Z06,BNDL5D,Country Group Development Public Co. Ltd.,1.0,CGD-TH,1,SHARE,BNDL5D8,L,Country Group Development Public Co. Ltd.3.pdf,68.1,68
DE000A2DA414,,1195,Consus Real Estate AG,1,2008.0,DEU,D1S9TZ106,20180126.0,DEU,0GYS1B-E,68.31,LONDON,@NA,DE000A2DA414,BDD94V,Consus Real Estate AG,1.0,0W6K-GB,0,SHARE,BD6TBW0,L,Consus Real Estate AG3.pdf,68.3,68
KYG5138W1069,,1196,Jingrui Holdings Ltd.,0,2013.0,HKG,G5138W106,20131031.0,CHN,0DDDB3-E,68.31,HONG KONG,1862-HK,KYG5138W1069,BFWGXL,Jingrui Holdings Ltd.,1.0,1862-HK,1,SHARE,BFWGXL2,L,Jingrui Holdings Ltd.1.pdf,68.3,68
JP3047640002,,1197,One REIT. Inc.,1,2013.0,JPN,J75499103,20220624.0,JPN,0DB9C1-E,68.2,US OTC,@NA,JP3047640002,BDGTL3,One REIT. Inc.,1.0,SIARF-US,0,SHARE,BLDCDQ6,L,One REIT. Inc.2.pdf,68.2,68
KYG8569B1041,,1198,Sunac Services Holdings Ltd.,1,2004.0,HKG,G8569B104,20210318.0,CHN,0MPF9D-E,68.31,HONG KONG CONNECT  - SHANGHAI,@NA,KYG8569B1041,BLN9QR,Sunac Services Holdings Ltd.,1.0,@NA,0,SHARE,BNDYM47,L,Sunac Services Holdings Ltd.3.pdf,68.3,68
PHY3R30D1037,,1199,"Haus Talk, Inc",1,2004.0,PHL,Y3R30D103,20220117.0,PHL,0Q53P1-E,68.1,PHILIPPINES,@NA,PHY3R30D1037,BM8F2M,"Haus Talk, Inc",1.0,HTI-PH,1,SHARE,BM8F2M6,L,"Haus Talk, Inc1.pdf",68.1,68
KYG8531R1048,,1200,Stream Ideas Group Ltd.,1,2017.0,HKG,G8531R104,20180328.0,HKG,@NA,73.11,HONG KONG,@NA,KYG8531R1048,BDVPYD,Stream Ideas Group Ltd.,1.0,8401-HK,1,SHARE,BDVPYD5,M,Stream Ideas Group Ltd.1.pdf,73.1,73
US98585W1062,,1201,Yijia Group Corp.,1,2017.0,USA,98585W106,20180716.0,USA,@NA,74.9,US OTC,@NA,US98585W1062,98585W10,Yijia Group Corp.,1.0,YJGJ-US,1,SHARE,BH43CG3,M,Yijia Group Corp.1.pdf,74.9,74
SE0015660345,,1202,Euroafrica Digital Ventures AB,1,2014.0,SWE,W2754Y104,20210406.0,SWE,@NA,73.11,OMX NORDIC STOCKHOLM,EURA-SE,SE0015660345,BNDRLL,Euroafrica Digital Ventures AB,1.0,EURA-SE,1,SHARE,BNDRLL6,M,Euroafrica Digital Ventures AB3.pdf,73.1,73
GHEDPA049248,,1203,Digicut Production & Advertising Limited,1,2010.0,GHA,V2344N114,20180411.0,GHA,0J4Z75-E,73.11,GHANA,@NA,GHEDPA049248,BFNRZP,Digicut Production & Advertising Limited,1.0,DIGICUT-GH,1,SHARE,BFNRZP2,M,Digicut Production & Advertising Limited1.pdf,73.1,73
PTRED0AP0010,,1204,Reditus SA,0,1966.0,PRT,X73006136,20171214.0,PRT,05JHGP-E,74.9,LONDON,@NA,PTRED0AP0010,472917,Reditus SA,1.0,0OA3-GB,0,SHARE,B28LJJ0,M,Reditus SA1.pdf,74.9,74
FDS187F9,,1205,AFRY AB,1,1968.0,SWE,FDS187F96,,SWE,05J4TH-E,74.9,@NA,@NA,@NA,BN791J,AFRY AB,1.0,@NA,0,SHARE,@NA,M,AFRY AB3.pdf,74.9,74
ES0178165017,,1206,Tecnicas Reunidas SA,1,1960.0,ESP,E9055J108,20060621.0,ESP,05SJP3-E,71.12,SPAIN,TRE-ES,ES0178165017,B16FTB,Tecnicas Reunidas SA,1.0,TRE-ES,1,SHARE,B16FTB9,M,Tecnicas Reunidas SA1.pdf,71.1,71
US64113L1035,,1207,NetCapital Inc,1,1984.0,USA,64113L103,20060605.0,USA,05YLJB-E,70.22,NASDAQ,NCPL-US,US64113L1035,64113L10,NetCapital Inc,1.0,NCPL-US,1,SHARE,BN93Z72,M,NetCapital Inc1.pdf,70.2,70
CH0315260122,,1208,ISC Business Technology AG,1,1994.0,DEU,H44059113,20060619.0,CHE,@NA,74.9,FRANKFURT,I5Q1-DE,CH0315260122,BYN5QL,ISC Business Technology AG,1.0,I5Q1-DE,1,SHARE,BYN5QL2,M,ISC Business Technology AG1.pdf,74.9,74
MYQ0132OO009,,1209,Technodex Bhd.,1,2001.0,MYS,Y85498106,20060823.0,MYS,@NA,74.9,MALAYSIA,0132-MY,MYQ0132OO009,B19VV6,Technodex Bhd.,1.0,0132-MY,1,SHARE,B19VV63,M,Technodex Bhd.1.pdf,74.9,74
MYL7218OO000,,1210,Transocean Holdings Bhd.,1,1977.0,MYS,Y8970D103,19960508.0,MYS,05JMF4-E,70.22,MALAYSIA,7218-MY,MYL7218OO000,688209,Transocean Holdings Bhd.,1.0,7218-MY,1,SHARE,6882097,M,Transocean Holdings Bhd.1.pdf,70.2,70
NL0006237562,,1211,Arcadis NV,1,1888.0,NLD,N0605M147,20210920.0,NLD,05J1H4-E,71.12,MEXICO,@NA,NL0006237562,576920,Arcadis NV,1.0,ARCADN-MX,0,SHARE,BHZ65F1,M,Arcadis NV1.pdf,71.1,71
SG1Y45946619,,1212,PEC Ltd.,1,1982.0,SGP,Y6783Z105,20090807.0,SGP,07YYXK-E,71.12,SINGAPORE,IX2-SG,SG1Y45946619,B457RD,PEC Ltd.,1.0,IX2-SG,1,SHARE,B457RD5,M,PEC Ltd.2.pdf,71.1,71
INE188Y01015,,1213,Vertoz Advertising Ltd.,1,2012.0,IND,Y9385Y104,20171124.0,IND,0HGBT3-E,73.11,NSE INDIA,@NA,INE188Y01015,BF5TRD,Vertoz Advertising Ltd.,1.0,VERTOZ-IN,1,SHARE,BF5TRD8,M,Vertoz Advertising Ltd.2.pdf,73.1,73
CA74346M4065,,1214,ProMIS Neurosciences Inc.,1,2004.0,CAN,74346M406,20051004.0,CAN,0603SN-E,72.11,TORONTO,PMN-CA,CA74346M4065,BP7MPQ,ProMIS Neurosciences Inc.,1.0,PMN-CA,1,SHARE,BP7MPQ4,M,ProMIS Neurosciences Inc.2.pdf,72.1,72
THA448010001,,1215,"Bluebik Group Public Co., Ltd.",1,2013.0,THA,Y091PQ115,20210916.0,THA,@NA,70.22,THAILAND,BBIK-TH,THA448010001,BMY3KJ,"Bluebik Group Public Co., Ltd.",1.0,BBIK-TH,1,SHARE,BMY3KJ7,M,"Bluebik Group Public Co., Ltd.1.pdf",70.2,70
US48242V1089,,1216,KCM Holdings Corp.,0,2004.0,USA,48242V108,20070525.0,USA,@NA,70.22,US OTC,@NA,US48242V1089,48242V10,KCM Holdings Corp.,1.0,KCMH-US,0,SHARE,B03TFZ3,M,KCM Holdings Corp.1.pdf,70.2,70
ES0109429037,,1217,ISPD Network,1,1997.0,FRA,E0568Z101,20070215.0,ESP,008YX9-E,73.11,EURONEXT PARIS,ALISP-FR,ES0109429037,B1PC6M,ISPD Network,1.0,ALISP-FR,1,SHARE,B1PC6M1,M,ISPD Network2.pdf,73.1,73
AU000000EGL9,,1218,Environmental Group Limited,1,1923.0,AUS,Q3540U106,19880112.0,AUS,05JRML-E,71.12,ASX,EGL-AU,AU000000EGL9,620665,Environmental Group Limited,1.0,EGL-AU,1,SHARE,6206653,M,Environmental Group Limited1.pdf,71.1,71
FI4000232913,,1219,Fondia Oyj,1,1988.0,FIN,X2878G103,20170404.0,FIN,@NA,69.1,OMX NORDIC HELSINKI,FONDIA-FI,FI4000232913,BYQG5M,Fondia Oyj,1.0,FONDIA-FI,1,SHARE,BYQG5M6,M,Fondia Oyj3.pdf,69.1,69
JP3524000001,,1220,CHUDENKO CORPORATION,1,1944.0,JPN,J07056104,19850102.0,JPN,05HXKC-E,71.12,TOKYO,1941-JP,JP3524000001,619586,CHUDENKO CORPORATION,1.0,1941-JP,1,SHARE,6195869,M,CHUDENKO CORPORATION1.pdf,71.1,71
PHY4738E1039,,1221,"Keppel Philippines Properties, Inc.",1,1904.0,PHL,Y4738E103,19910530.0,PHL,@NA,70.22,PHILIPPINES,KEP-PH,PHY4738E1039,611693,"Keppel Philippines Properties, Inc.",1.0,KEP-PH,1,SHARE,6116934,M,"Keppel Philippines Properties, Inc.2.pdf",70.2,70
PLELEKT00016,,1222,ELEKTROTIM S.A.,0,1998.0,POL,X21392109,20171214.0,POL,@NA,71.12,LONDON,@NA,PLELEKT00016,B1VSJ9,ELEKTROTIM S.A.,1.0,0LT7-GB,0,SHARE,B2Q9N27,M,ELEKTROTIM S.A.1.pdf,71.1,71
IT0005503989,,1223,4Science S.P.A.,0,2016.0,AUT,T4R22Y101,20221229.0,ITA,@NA,74.9,VIENNA,@NA,IT0005503989,BMFSZ1,4Science S.P.A.,1.0,4SCI-AT,0,SHARE,BMFSZ18,M,4Science S.P.A.1.pdf,74.9,74
US8632871088,,1224,Streetex Corp.,0,2018.0,USA,863287108,20230320.0,DEU,@NA,73.11,US OTC,@NA,US8632871088,86328710,Streetex Corp.,1.0,SSRT-US,0,SHARE,BQT6DR8,M,Streetex Corp.1.pdf,73.1,73
USU7446L1071,,1225,Psomagen Inc,1,2004.0,USA,U7446L107,,USA,0G002K-E,72.11,@NA,@NA,USU7446L1071,BKP3FL,Psomagen Inc,1.0,@NA,1,SHARE,@NA,M,Psomagen Inc1.pdf,72.1,72
GB00B1VQ6H25,,1226,YouGov plc,1,1998.0,GBR,G9875S112,20050425.0,GBR,00755W-E,72.2,LONDON,YOU-GB,GB00B1VQ6H25,B1VQ6H,YouGov plc,1.0,YOU-GB,1,SHARE,B1VQ6H2,M,YouGov plc1.pdf,72.2,72
FR0000063737,,1227,Aubay SA,1,1944.0,FRA,F0483W109,20090612.0,FRA,05JCWQ-E,74.9,LONDON,@NA,FR0000063737,599732,Aubay SA,1.0,0IPY-GB,0,SHARE,B28F709,M,Aubay SA1.pdf,74.9,74
DE0005104806,,1228,SYZYGY AG,1,1999.0,DEU,D8281W108,20081121.0,DEU,05JC65-E,70.22,LONDON,@NA,DE0005104806,448215,SYZYGY AG,1.0,0NKH-GB,0,SHARE,B28MR99,M,SYZYGY AG1.pdf,70.2,70
AU000000K2F2,,1229,K2fly Limited,1,2007.0,AUS,Q53710101,20080219.0,AUS,0684M6-E,74.9,ASX,K2F-AU,AU000000K2F2,BDRMWX,K2fly Limited,1.0,K2F-AU,1,SHARE,BDRMWX6,M,K2fly Limited2.pdf,74.9,74
FR0000130452,,1230,Eiffage SA,1,1920.0,FRA,F2924U106,19850102.0,FRA,05HW8B-E,71.12,EURONEXT PARIS,FGR-FR,FR0000130452,B13X01,Eiffage SA,1.0,FGR-FR,1,SHARE,B13X013,M,Eiffage SA3.pdf,71.1,71
NGAFROMEDIA7,,1231,Afromedia PLC,0,1958.0,NGA,V0084G109,20090521.0,NGA,0B5BHT-E,73.11,NIGERIA,@NA,NGAFROMEDIA7,B4Y440,Afromedia PLC,1.0,AFROMEDIA-NG,1,SHARE,B4Y4403,M,Afromedia PLC1.pdf,73.1,73
US0441041078,,1232,Ashford Inc.,1,2014.0,USA,044104107,20141107.0,USA,0JGKHT-E,70.22,NYSE AMERICAN,AINC-US,US0441041078,04410410,Ashford Inc.,1.0,AINC-US,1,SHARE,BSJRS58,M,Ashford Inc.1.pdf,70.2,70
JP3154200004,,1234,Wilson Learning Worldwide Inc.,1,1981.0,JPN,J95147104,19950307.0,JPN,05JCM7-E,70.22,TOKYO,9610-JP,JP3154200004,661600,Wilson Learning Worldwide Inc.,1.0,9610-JP,1,SHARE,6616003,M,Wilson Learning Worldwide Inc.1.pdf,70.2,70
PLINTMS00019,,1235,IMS SA,1,2000.0,POL,X3984Q100,20171214.0,POL,0B58KC-E,73.11,LONDON,@NA,PLINTMS00019,B41JVG,IMS SA,1.0,0R4I-GB,0,SHARE,BTLWMG7,M,CIMS SA1.pdf,73.1,73
PLATREM00017,,1236,Atrem S.A.,0,1999.0,POL,X0261F104,20171214.0,POL,@NA,71.12,LONDON,@NA,PLATREM00017,B3F97F,Atrem S.A.,1.0,0KME-GB,0,SHARE,B5XCPY6,M,Atrem S.A.1.pdf,71.1,71
FDS0M99D,,1237,iZafe Group AB,1,2008.0,SWE,FDS0M99D6,,SWE,0BK8FH-E,72.11,@NA,@NA,@NA,B3TJ3Y,iZafe Group AB,1.0,@NA,0,SHARE,@NA,M,iZafe Group AB2.pdf,72.1,72
JP3238100006,,1238,Kitac Corporation,1,1973.0,JPN,J33663105,19981217.0,JPN,0060D9-E,74.9,TOKYO,4707-JP,JP3238100006,612912,Kitac Corporation,1.0,4707-JP,1,SHARE,6129125,M,Kitac Corporation2.pdf,74.9,74
MYL5042OO006,,1239,TSR Capital Bhd.,1,1991.0,MYS,Y8998Y105,20020326.0,MYS,05T4KF-E,71.12,MALAYSIA,5042-MY,MYL5042OO006,650989,TSR Capital Bhd.,1.0,5042-MY,1,SHARE,6509891,M,TSR Capital Bhd.1.pdf,71.1,71
FDS1U1TH,,1240,Lichen China Limited,1,2016.0,USA,FDS1U1TH1,,CHN,0GRTB5-E,69.2,@NA,@NA,@NA,G5479G10,Lichen China Limited,1.0,@NA,0,SHARE,@NA,M,Lichen China Limited1.pdf,69.2,69
NGINITSPLC05,,1241,Initiates PLC,1,1995.0,NGA,V4878D108,20161101.0,NGA,@NA,74.9,NIGERIA,@NA,NGINITSPLC05,BD24GR,Initiates PLC,1.0,TIP-NG,1,SHARE,BD24GR9,M,Initiates PLC1.pdf,74.9,74
FR0000079659,,1242,Compagnie du Cambodge SA,1,1900.0,FRA,F13272129,20210809.0,FRA,05HY7D-E,73.11,LONDON,@NA,FR0000079659,705827,Compagnie du Cambodge SA,1.0,0I76-GB,0,SHARE,B28FN01,M,Compagnie du Cambodge SA1.pdf,73.1,73
JP3758260008,,1243,NEO MARKETING Inc.,1,2000.0,JPN,J4885P106,20210422.0,JPN,0G4G35-E,72.2,TOKYO,4196-JP,JP3758260008,BNVWFP,NEO MARKETING Inc.,1.0,4196-JP,1,SHARE,BNVWFP5,M,NEO MARKETING Inc.1.pdf,72.2,72
US89778T1097,,1244,"Trucept, Inc.",1,1995.0,USA,89778T109,19960502.0,USA,@NA,70.22,US OTC,TREP-US,US89778T1097,89778T10,"Trucept, Inc.",1.0,TREP-US,1,SHARE,B7Z65F1,M,"Trucept, Inc.1.pdf",70.2,70
KYG5780F1046,,1245,Mabpharm Limited,1,2015.0,HKG,G5780F104,20190531.0,HKG,0JX85R-E,72.11,HONG KONG,2181-HK,KYG5780F1046,BHRH2D,Mabpharm Limited,1.0,2181-HK,1,SHARE,BHRH2D9,M,Mabpharm Limited1.pdf,72.1,72
JP3379950003,,1246,"Shin Nippon Biomedical Laboratories, Ltd.",1,1957.0,JPN,J7367W101,20220727.0,JPN,05X390-E,72.11,US OTC,@NA,JP3379950003,673890,"Shin Nippon Biomedical Laboratories, Ltd.",1.0,SBLOF-US,0,SHARE,B05PLK6,M,"Shin Nippon Biomedical Laboratories, Ltd.1.pdf",72.1,72
IT0005282865,,1247,Reply S.p.A.,1,1996.0,ITA,T60326112,,ITA,05HQ7B-E,74.9,US OTC,@NA,IT0005282865,BZ1DZ9,Reply S.p.A.,1.0,RPYTF-US,0,SHARE,BZ1F097,M,Reply S.p.A.1.pdf,74.9,74
NL0000238145,,1248,ad pepper media International N.V.,1,1999.0,DEU,N00743109,20111004.0,DEU,@NA,73.11,LONDON,@NA,NL0000238145,448207,ad pepper media International N.V.,1.0,0OOS-GB,0,SHARE,B2901S9,M,ad pepper media International N.V.1.pdf,73.1,73
ID1000188600,,1249,PT Era Media Sejahtera Tbk,0,2021.0,IDN,Y2S131119,20230508.0,IDN,@NA,73.11,INDONESIA,@NA,ID1000188600,BQQ5NW,PT Era Media Sejahtera Tbk,1.0,DOOH-ID,0,SHARE,BQQ5NW3,M,PT Era Media Sejahtera Tbk1.pdf,73.1,73
CA0728191051,,1250,"Baylin Technologies, Inc.",1,2013.0,CAN,072819105,20180327.0,CAN,00FRDM-E,72.11,US OTC,@NA,CA0728191051,BGYGS3,"Baylin Technologies, Inc.",1.0,BYLTF-US,0,SHARE,BDF0CG5,M,"Baylin Technologies, Inc.2.pdf",72.1,72
GB0009035741,,1251,Triad Group Plc,1,1988.0,GBR,G9040C109,19960321.0,GBR,05JGC1-E,74.9,LONDON,TRD-GB,GB0009035741,090357,Triad Group Plc,1.0,TRD-GB,1,SHARE,0903574,M,Triad Group Plc1.pdf,74.9,74
LK0409N00009,,1252,Access Engineering PLC,1,2001.0,LKA,Y0009D105,20120327.0,LKA,0CDFW5-E,71.12,COLOMBO,AEL.N0000-LK,LK0409N00009,B7ZMKC,Access Engineering PLC,1.0,AEL.N0000-LK,1,SHARE,B7ZMKC1,M,Access Engineering PLC2.pdf,71.1,71
KYG8274E1044,,1253,Solis Holdings Ltd.,1,1983.0,HKG,G8274E104,20171211.0,SGP,@NA,71.12,HONG KONG,@NA,KYG8274E1044,BD2CBM,Solis Holdings Ltd.,1.0,2227-HK,1,SHARE,BD2CBM3,M,Solis Holdings Ltd.1.pdf,71.1,71
FDS0S03X,,1254,Ayima Group AB,1,2007.0,SWE,FDS0S03X1,,GBR,0GZHWS-E,70.22,@NA,@NA,@NA,BDZZRZ,Ayima Group AB,1.0,@NA,0,SHARE,@NA,M,Ayima Group AB1.pdf,70.2,70
MYL5292OO007,,1256,UWC Bhd.,1,2018.0,MYS,Y9332A100,20190710.0,MYS,0KK7G0-E,71.12,MALAYSIA,5292-MY,MYL5292OO007,BJ17CJ,UWC Bhd.,1.0,5292-MY,1,SHARE,BJ17CJ5,M,UWC Bhd.1.pdf,71.1,71
FDS0DBDR,,1257,Netccentric Ltd.,1,2006.0,SGP,FDS0DBDR5,,SGP,@NA,73.11,@NA,@NA,@NA,BYT0CW,Netccentric Ltd.,1.0,@NA,1,SHARE,@NA,M,Netccentric Ltd.1.pdf,73.1,73
AU000000CDD7,,1258,Cardno Limited,1,1945.0,AUS,Q2097C220,20080403.0,AUS,0064NK-E,71.12,US OTC,@NA,AU000000CDD7,B00T06,Cardno Limited,1.0,COLDF-US,0,SHARE,B1Z2KZ2,M,Cardno Limited1.pdf,71.1,71
BRELMDACNOR3,,1259,Eletromidia SA,1,1993.0,BRA,P3R12T100,20210217.0,BRA,0FZB8M-E,73.11,SAO PAULO,ELMD3-BR,BRELMDACNOR3,BKZ72J,Eletromidia SA,1.0,ELMD3-BR,1,SHARE,BKZ72J8,M,Eletromidia SA1.pdf,73.1,73
VN000000TV22,,1260,Power Engineering Consulting 2 JSC,1,1985.0,VNM,Y7089U105,20091013.0,VNM,@NA,74.9,VIETNAM,TV2-VN,VN000000TV22,B4V793,Power Engineering Consulting 2 JSC,1.0,TV2-VN,1,SHARE,B4V7933,M,Power Engineering Consulting 2 JSC1.pdf,74.9,74
GB00B9275X97,,1261,hVIVO plc,1,2011.0,GBR,G6755G101,20200605.0,GBR,0L6D8J-E,71.2,US OTC,@NA,GB00B9275X97,B9275X,hVIVO plc,1.0,OPORF-US,0,SHARE,BMQ5T50,M,hVIVO plc1.pdf,71.2,71
AU0000248411,,1262,GreenTech Minerals Ltd.,0,2005.0,AUS,Q4353D108,,AUS,@NA,71.12,ASX,@NA,AU0000248411,@NA,GreenTech Minerals Ltd.,1.0,GTM-AU,0,SHARE,BQGHRX8,M,GreenTech Minerals Ltd.3.pdf,71.1,71
NO0010360266,,1263,Bouvet ASA,1,1995.0,NOR,R13781100,20070515.0,NOR,0097JB-E,74.9,OSLO,BOUV-NO,NO0010360266,B1XGD4,Bouvet ASA,1.0,BOUV-NO,1,SHARE,B1XGD46,M,Bouvet ASA1.pdf,74.9,74
KYG070371078,,1264,Babytree Group,1,2007.0,HKG,G07037107,20181127.0,CHN,@NA,73.11,HONG KONG,1761-HK,KYG070371078,BFWF50,Babytree Group,1.0,1761-HK,1,SHARE,BFWF502,M,Babytree Group3.pdf,73.1,73
KYG4760A1022,,1265,SV Vision Limited,1,2017.0,HKG,G4760A102,20171208.0,HKG,@NA,73.11,HONG KONG,@NA,KYG4760A1022,BD2B4Q,SV Vision Limited,1.0,8429-HK,1,SHARE,BD2B4Q5,M,SV Vision Limited2.pdf,73.1,73
JP3152670000,,1266,"Insource Co.,Ltd.",1,2002.0,JPN,J2467H104,20160721.0,JPN,@NA,70.22,TOKYO,6200-JP,JP3152670000,BD1JSR,"Insource Co.,Ltd.",1.0,6200-JP,1,SHARE,BD1JSR9,M,"Insource Co.,Ltd.2.pdf",70.2,70
GB00BYYW9G87,,1267,Avacta Group PLC,1,2003.0,GBR,G2967N117,20200512.0,GBR,06J1H4-E,72.11,US OTC,@NA,GB00BYYW9G87,BYYW9G,Avacta Group PLC,1.0,AVCTF-US,0,SHARE,BD5TSH5,M,Avacta Group PLC2.pdf,72.1,72
IT0005240046,,1268,Telesia SpA,1,1996.0,ITA,T9280P105,20170220.0,ITA,09CC4T-E,73.11,MILAN,@NA,IT0005240046,BDCJS2,Telesia SpA,1.0,TLS-IT,1,SHARE,BDCJS23,M,Telesia SpA3.pdf,73.1,73
FR0011665371,,1269,Criteo SA,1,2005.0,FRA,F28880106,,FRA,06PVDH-E,73.11,FRENCH UNLISTED,@NA,FR0011665371,22671810,Criteo SA,1.0,@NA,1,SHARE,BFPM8D4,M,Criteo SA1.pdf,73.1,73
ROPRSNACNOR5,,1270,Prospectiuni SA,1,1949.0,ROU,X6981E103,20070907.0,ROU,07419W-E,74.9,BUCHAREST SPOT,PRSN-RO,ROPRSNACNOR5,B29TXQ,Prospectiuni SA,1.0,PRSN-RO,1,SHARE,B29TXQ8,M,Prospectiuni SA1.pdf,74.9,74
JP3974830006,,1271,Livero Inc.,1,2009.0,JPN,J3893Z106,20210928.0,JPN,@NA,74.9,TOKYO,9245-JP,JP3974830006,BP5XKD,Livero Inc.,1.0,9245-JP,1,SHARE,BP5XKD1,M,Livero Inc.1.pdf,74.9,74
AEA007601015,,1272,Alpha Dhabi Holding PJSC,1,2013.0,ARE,M0859S106,20210629.0,ARE,0LFTBC-E,71.12,ABU DHABI,@NA,AEA007601015,BM8K20,Alpha Dhabi Holding PJSC,1.0,ALPHADHABI-AE,1,SHARE,BM8K209,M,Alpha Dhabi Holding PJSC1.pdf,71.1,71
FI4000452545,,1273,Solwers Oyj,1,,FIN,X8T20Z104,20210618.0,FIN,0HZ7NW-E,71.12,OMX NORDIC HELSINKI,SOLWERS-FI,FI4000452545,BN6M5M,Solwers Oyj,1.0,SOLWERS-FI,1,SHARE,BN6M5M7,M,Solwers Oyj1.pdf,71.1,71
FDS1I0VF,,1275,Nightingale Health Oyj,1,2002.0,FIN,FDS1I0VF8,,FIN,@NA,72.11,@NA,@NA,@NA,BLH325,Nightingale Health Oyj,1.0,@NA,0,SHARE,@NA,M,Nightingale Health Oyj2.pdf,72.1,72
KYG1645A1094,,1276,Brii Biosciences Limited,1,2017.0,HKG,G1645A109,20211207.0,CHN,@NA,72.11,HONG KONG CONNECT - SHENZHEN,@NA,KYG1645A1094,BND89B,Brii Biosciences Limited,1.0,@NA,0,SHARE,BN2ZSN2,M,Brii Biosciences Limited1.pdf,72.1,72
US38402T1007,,1277,"GPO Plus, Inc.",1,2016.0,USA,38402T100,20170714.0,USA,0GK2PS-E,70.1,US OTC,@NA,US38402T1007,38402T10,"GPO Plus, Inc.",1.0,GPOX-US,1,SHARE,BLB2QS1,M,"GPO Plus, Inc.3.pdf",70.1,70
DE000A12UK08,,1278,Mountain Alliance AG,1,2010.0,DEU,D2R4KC130,20050727.0,DEU,0BR03Q-E,73.12,XETRA,ECF-DE,DE000A12UK08,BQ1SSB,Mountain Alliance AG,1.0,ECF-DE,1,SHARE,BQ1SSB1,M,Mountain Alliance AG1.pdf,73.1,73
GB00BYM8GJ06,,1279,Ascential Plc,1,2016.0,GBR,G0519G101,20160209.0,GBR,0G09LC-E,72.2,LONDON,ASCL-GB,GB00BYM8GJ06,BYM8GJ,Ascential Plc,1.0,ASCL-GB,1,SHARE,BYM8GJ0,M,Ascential Plc1.pdf,72.2,72
KYG8021U1040,,1280,B.Duck Semk Holdings International Limited,1,2001.0,HKG,G8021U104,20220117.0,HKG,@NA,73.11,HONG KONG,2250-HK,KYG8021U1040,BN72PS,B.Duck Semk Holdings International Limited,1.0,2250-HK,1,SHARE,BN72PS2,M,B.Duck Semk Holdings International Limited1.pdf,73.1,73
FR0000073298,,1282,Ipsos SA,1,1975.0,FRA,F5310M109,20111130.0,FRA,05HZLW-E,72.2,US OTC,@NA,FR0000073298,B188NJ,Ipsos SA,1.0,IPSOF-US,0,SHARE,B3BHRB0,M,Ipsos SA1.pdf,72.2,72
MYL03006O003,,1283,Nova Pharma Solutions Bhd.,1,1977.0,MYS,Y64165106,20180309.0,MYS,@NA,71.12,MALAYSIA,@NA,MYL03006O003,BYZQTY,Nova Pharma Solutions Bhd.,1.0,03006-MY,1,SHARE,BYZQTY7,M,Nova Pharma Solutions Bhd.1.pdf,71.1,71
CA00654B1040,,1284,Adcore Inc,1,2006.0,CAN,00654B104,20181026.0,ISR,@NA,73.11,TORONTO,@NA,CA00654B1040,BJQSVS,Adcore Inc,1.0,ADCO-CA,1,SHARE,BJQSVS5,M,Adcore Inc2.pdf,73.1,73
GB00B0305S97,,1285,Begbies Traynor Group plc,1,2004.0,GBR,G1145D108,20050721.0,GBR,05MP9F-E,70.22,FRANKFURT,@NA,GB00B0305S97,B0305S,Begbies Traynor Group plc,1.0,BTA-DE,0,SHARE,B0F43N0,M,Begbies Traynor Group plc1.pdf,70.2,70
US0575862083,,1286,"Bakhu Holdings, Corp.",1,2008.0,USA,057586208,20090622.0,USA,@NA,72.11,US OTC,@NA,US0575862083,05758620,"Bakhu Holdings, Corp.",1.0,BKUH-US,1,SHARE,BFWVN73,M,"Bakhu Holdings, Corp.1.pdf",72.1,72
US60743F5089,,1287,"Mobiquity Technologies, Inc.",1,1998.0,USA,60743F508,20050613.0,USA,005P9Z-E,73.11,NASDAQ,MOBQ-US,US60743F5089,60743F50,"Mobiquity Technologies, Inc.",1.0,MOBQ-US,1,SHARE,BMXG2J1,M,"Mobiquity Technologies, Inc.2.pdf",73.1,73
VGG982181031,,1288,VCI Global Limited,1,2013.0,USA,G98218103,20230413.0,MYS,@NA,74.9,NASDAQ,@NA,VGG982181031,G9821810,VCI Global Limited,1.0,VCIG-US,1,SHARE,BMDB9D9,M,VCI Global Limited1.pdf,74.9,74
NL00150006Z9,,1289,Azerion Group N.V,1,2021.0,NLD,N3136S112,20210326.0,NLD,@NA,73.11,EURONEXT AMSTERDAM,AZRN-NL,NL00150006Z9,BMYLJP,Azerion Group N.V,1.0,AZRN-NL,1,SHARE,BMYLJP0,M,Azerion Group N.V1.pdf,73.1,73
KYG9445Z1090,,1290,UJU HOLDING LIMITED,1,2020.0,HKG,G9445Z109,20211108.0,CHN,@NA,73.11,HONG KONG,1948-HK,KYG9445Z1090,BLN7G5,UJU HOLDING LIMITED,1.0,1948-HK,1,SHARE,BLN7G51,M,UJU HOLDING LIMITED2.pdf,73.1,73
SE0010442962,,1291,Time People Group AB,1,2000.0,SWE,W9619G103,20171207.0,SWE,@NA,74.9,NORDIC GROWTH MARKET,@NA,SE0010442962,BF1PV0,Time People Group AB,1.0,TPGR-SE,1,SHARE,BF1PV05,M,Time People Group AB1.pdf,74.9,74
NO0010734338,,1292,Multiconsult ASA,1,1973.0,NOR,R4S05B103,20160413.0,NOR,079V4Z-E,71.12,LONDON,@NA,NO0010734338,BWWBXN,Multiconsult ASA,1.0,0R8N-GB,0,SHARE,BYTH2T2,M,Multiconsult ASA1.pdf,71.1,71
MYL9334OO003,,1293,KESM Industries Bhd.,1,1978.0,MYS,Y4752A102,19960229.0,MYS,05JF4B-E,71.2,MALAYSIA,9334-MY,MYL9334OO003,648975,KESM Industries Bhd.,1.0,9334-MY,1,SHARE,6489755,M,KESM Industries Bhd.1.pdf,71.2,71
JP3802840003,,1294,FAN Communications. Inc.,1,1999.0,JPN,J14092100,20051130.0,JPN,@NA,73.11,TOKYO,2461-JP,JP3802840003,B0N9WT,FAN Communications. Inc.,1.0,2461-JP,1,SHARE,B0N9WT6,M,FAN Communications. Inc.2.pdf,73.1,73
INE072B01027,,1295,Datasoft Application Software India Ltd.,1,1992.0,IND,Y2010F103,20121005.0,IND,@NA,74.9,BSE INDIA,@NA,INE072B01027,BMW4QJ,Datasoft Application Software India Ltd.,1.0,526443-IN,1,SHARE,BMW4QJ4,M,Datasoft Application Software India Ltd.3.pdf,74.9,74
AU000000CYP7,,1296,Cynata Therapeutics Limited,1,2003.0,AUS,Q3079W119,20150526.0,AUS,06Z84P-E,72.11,US OTC,@NA,AU000000CYP7,BGLL8Z,Cynata Therapeutics Limited,1.0,CYYNF-US,0,SHARE,BXT7BN2,M,Cynata Therapeutics Limited1.pdf,72.1,72
IT0004822695,,1297,PRISMI S.p.A.,1,2007.0,ITA,T7439Z107,20120726.0,ITA,08B4GQ-E,70.22,MILAN,PRM-IT,IT0004822695,B8BRVJ,PRISMI S.p.A.,1.0,PRM-IT,1,SHARE,B8BRVJ1,M,PRISMI S.p.A.1.pdf,70.2,70
JP3863030007,,1298,"Macromill, Inc.",1,2000.0,JPN,J3924V108,20171215.0,JPN,05X2J3-E,72.2,US OTC,@NA,JP3863030007,BYM41J,"Macromill, Inc.",1.0,MCCLF-US,0,SHARE,BF2BLL3,M,"Macromill, Inc.1.pdf",72.2,72
US89689F3055,,1299,"Troika Media Group, Inc.",1,2003.0,USA,89689F305,20210420.0,USA,0H6D4Y-E,73.11,NASDAQ,TRKA-US,US89689F3055,89689F30,"Troika Media Group, Inc.",1.0,TRKA-US,1,SHARE,BNYGVW3,M,"Troika Media Group, Inc.1.pdf",73.1,73
FR0000032658,,1300,Synergie SA,1,1984.0,FRA,F90342118,19880202.0,FRA,05J1T5-E,78.1,EURONEXT PARIS,SDG-FR,FR0000032658,599974,Synergie SA,1.0,SDG-FR,1,SHARE,5999749,N,Synergie SA1.pdf,78.1,78
BMG8766E1093,,1301,Textainer Group Holdings Limited,1,1979.0,USA,G8766E109,20191211.0,BMU,06679M-E,77.39,JSE,TXT-ZA,BMG8766E1093,G8766E10,Textainer Group Holdings Limited,1.0,TXT-ZA,0,SHARE,BKDZ8P2,N,Textainer Group Holdings Limited1.pdf,77.3,77
US00653Q1022,,1302,AdaptHealth Corp.,1,2012.0,USA,00653Q102,20180416.0,USA,0LM26B-E,77.39,NASDAQ,AHCO-US,US00653Q1022,00653Q10,AdaptHealth Corp.,1.0,AHCO-US,1,SHARE,BKDRF35,N,AdaptHealth Corp.3.pdf,77.3,77
FR0000036675,,1303,Groupe Crit SA,1,1962.0,FRA,F1511B109,20080827.0,FRA,05J0GV-E,78.1,LONDON,@NA,FR0000036675,707177,Groupe Crit SA,1.0,0DZJ-GB,0,SHARE,B28HFQ7,N,Groupe Crit SA1.pdf,78.1,78
INE176N01021,,1304,Caspian Corporate Services Ltd.,0,2011.0,IND,Y40933114,20121108.0,IND,@NA,82.99,BSE INDIA,@NA,INE176N01021,BFC9YV,Caspian Corporate Services Ltd.,1.0,534732-IN,0,SHARE,BFC9YV8,N,Caspian Corporate Services Ltd.3.pdf,82.9,82
US6153691059,,1305,Moody's Corporation,1,1909.0,USA,615369105,20180129.0,USA,000HSZ-E,82.91,LONDON,@NA,US6153691059,61536910,Moody's Corporation,1.0,0K36-GB,0,SHARE,BYZH917,N,Moody's Corporation2.pdf,82.9,82
KYG989A21015,,1306,Zonqing Environmental Limited,1,2008.0,HKG,G989A2101,20210106.0,CHN,0LKBJ8-E,81.3,HONG KONG,@NA,KYG989A21015,BN2RPZ,Zonqing Environmental Limited,1.0,1855-HK,1,SHARE,BN2RPZ9,N,Zonqing Environmental Limited1.pdf,81.3,81
SG1DF5000004,,1307,UnUsUal Ltd.,1,1997.0,SGP,Y6863X103,20170410.0,SGP,0GB43W-E,82.99,SINGAPORE,1D1-SG,SG1DF5000004,BDR051,UnUsUal Ltd.,1.0,1D1-SG,1,SHARE,BDR0519,N,UnUsUal Ltd.1.pdf,82.9,82
PHY2235X1459,,1308,"Easycall Communications Philippines, Inc.",1,1989.0,PHL,Y2235X145,19940307.0,PHL,@NA,82.99,PHILIPPINES,ECP-PH,PHY2235X1459,629717,"Easycall Communications Philippines, Inc.",1.0,ECP-PH,1,SHARE,6297174,N,"Easycall Communications Philippines, Inc.1.pdf",82.9,82
INE359A01012,,1309,Escorts Finance Limited,1,1987.0,IND,Y2296Y115,19981223.0,IND,@NA,77.39,BSE INDIA,@NA,INE359A01012,616370,Escorts Finance Limited,1.0,511716-IN,1,SHARE,6163703,N,Escorts Finance Limited2.pdf,77.3,77
US00090Q1031,,1310,"ADT, Inc.",1,1874.0,USA,00090Q103,20180119.0,USA,0GYY7G-E,80.2,NYSE,ADT-US,US00090Q1031,00090Q10,"ADT, Inc.",1.0,ADT-US,1,SHARE,BFWCP81,N,"ADT, Inc.2.pdf",80.2,80
KYG5699G1367,,1311,Xinhua News Media Holdings Limited,1,2002.0,HKG,G5699G136,20030725.0,HKG,@NA,81.21,HONG KONG,309-HK,KYG5699G1367,666512,Xinhua News Media Holdings Limited,1.0,309-HK,1,SHARE,6665124,N,Xinhua News Media Holdings Limited1.pdf,81.2,81
FR0011648716,,1312,Carbios SA,1,2011.0,FRA,F1374G104,20191105.0,FRA,@NA,82.99,US OTC,@NA,FR0011648716,BH3H6B,Carbios SA,1.0,COOSF-US,0,SHARE,BK6QC72,N,Carbios SA2.pdf,82.9,82
KYG8650N1732,,1313,Synertone Communication Corporation,1,2006.0,HKG,G8650N173,20120418.0,HKG,0CH1HD-E,80.2,HONG KONG,1613-HK,KYG8650N1732,BMCTQ7,Synertone Communication Corporation,1.0,1613-HK,1,SHARE,BMCTQ77,N,Synertone Communication Corporation1.pdf,80.2,80
DE000TUAG505,,1314,TUI AG,1,1923.0,GBR,D8484K455,20031125.0,DEU,05HGB3-E,79.12,US OTC,@NA,DE000TUAG505,BN4F7N,TUI AG,1.0,TUIFF-US,0,SHARE,BNDM2J6,N,TUI AG1.pdf,79.1,79
FDS19CCA,,1315,"Expedia Group, Inc.",1,1994.0,USA,FDS19CCA4,,USA,002MY0-E,79.11,@NA,@NA,@NA,30212P30,"Expedia Group, Inc.",1.0,@NA,0,SHARE,@NA,N,"Expedia Group, Inc.1.pdf",79.1,79
BE0974278104,,1316,ABO-Group Environment NV,0,2002.0,BEL,B00334100,20070615.0,BEL,06SX3D-E,82.99,EURONEXT PARIS,THEPA-FR,BE0974278104,BPY3Y3,ABO-Group Environment NV,1.0,ABO-FR,0,SHARE,BN2T8F6,N,ABO-Group Environment NV1.pdf,82.9,82
INE382T01030,,1317,Fourth Dimension Solutions Ltd.,1,2011.0,IND,Y2625M162,20160122.0,IND,0FSFD1-E,82.99,NSE INDIA,4THDIM-IN,INE382T01030,BL6BW3,Fourth Dimension Solutions Ltd.,1.0,4THDIM-IN,1,SHARE,BL6BW30,N,Fourth Dimension Solutions Ltd.2.pdf,82.9,82
GB00BDZV6W26,,1318,RA International Group Plc,1,2018.0,GBR,G7353B106,20180629.0,ARE,@NA,81.1,LONDON,RAI-GB,GB00BDZV6W26,BDZV6W,RA International Group Plc,1.0,RAI-GB,1,SHARE,BDZV6W2,N,RA International Group Plc2.pdf,81.1,81
AU0000018137,,1319,Environmental Clean Technologies Limited,1,1985.0,AUS,Q3540T216,19890331.0,AUS,05JF9X-E,82.99,ASX,ECT-AU,AU0000018137,BDCL9Z,Environmental Clean Technologies Limited,1.0,ECT-AU,1,SHARE,BDCL9Z9,N,Environmental Clean Technologies Limited1.pdf,82.9,82
DE000A2BPK34,,1320,net digital AG,0,2016.0,DEU,D8T9DG109,20170103.0,DEU,@NA,82.99,XETRA,VRL-DE,DE000A2BPK34,BYXL7D,net digital AG,1.0,VRL-DE,1,SHARE,BYXL7D9,N,net digital AG3.pdf,82.9,82
FDS1P9I3,,1321,WeWork Inc.,1,2010.0,USA,FDS1P9I33,,USA,0PC23Y-E,82.99,@NA,@NA,@NA,96209A10,WeWork Inc.,1.0,@NA,0,SHARE,@NA,N,WeWork Inc.1.pdf,82.9,82
AU000000MMS5,,1322,Mcmillan Shakespeare Limited,1,1988.0,AUS,Q58998107,20040315.0,AUS,006FG8-E,77.11,ASX,MMS-AU,AU000000MMS5,B00G1Q,Mcmillan Shakespeare Limited,1.0,MMS-AU,1,SHARE,B00G1Q0,N,Mcmillan Shakespeare Limited1.pdf,77.1,77
MT0000390105,,1323,Maltapost P.L.C.,1,1998.0,MLT,X5S746100,20080201.0,MLT,05X7KW-E,82.99,MALTA,@NA,MT0000390105,B2PFPZ,Maltapost P.L.C.,1.0,MTP-MT,1,SHARE,B2PFPZ3,N,Maltapost P.L.C.1.pdf,82.9,82
FDS0OF17,,1324,"Yatra Online, Inc.",1,2005.0,USA,FDS0OF171,,IND,00DZH8-E,79.11,@NA,@NA,@NA,G9833810,"Yatra Online, Inc.",1.0,@NA,0,SHARE,@NA,N,"Yatra Online, Inc.3.pdf",79.1,79
FDS1Y38I,,1325,"Matrix Design Co., Ltd.",1,2010.0,CHN,FDS1Y38I4,,CHN,@NA,82.99,@NA,@NA,@NA,BMFS1V,"Matrix Design Co., Ltd.",1.0,@NA,0,SHARE,@NA,N,"Matrix Design Co., Ltd.1.pdf",82.9,82
US4858591021,,1326,"Katapult Holdings, Inc.",1,2019.0,USA,485859102,20191223.0,USA,0NVB6F-E,82.99,NASDAQ,KPLT-US,US4858591021,48585910,"Katapult Holdings, Inc.",1.0,KPLT-US,1,SHARE,BMG0ZL3,N,"Katapult Holdings, Inc.2.pdf",82.9,82
US89400J1079,,1327,TransUnion,1,1968.0,USA,89400J107,20150625.0,USA,0CD72R-E,82.91,NYSE,TRU-US,US89400J1079,89400J10,TransUnion,1.0,TRU-US,1,SHARE,BYMWL86,N,TransUnion1.pdf,82.9,82
GB00BSKS1M86,,1328,Sureserve Group Plc,1,2015.0,GBR,G5S53T104,20150323.0,GBR,0DXZ08-E,81.21,LONDON,SUR-GB,GB00BSKS1M86,BSKS1M,Sureserve Group Plc,1.0,SUR-GB,1,SHARE,BSKS1M8,N,Sureserve Group Plc1.pdf,81.2,81
FDS1MGBJ,,1329,Wise Plc,1,2021.0,GBR,FDS1MGBJ2,,GBR,0NYPS9-E,82.99,@NA,@NA,@NA,BL9YR7,Wise Plc,1.0,@NA,0,SHARE,@NA,N,Wise Plc3.pdf,82.9,82
NO0010708910,,1330,Zalaris ASA,1,2000.0,NOR,R9899Z108,20140620.0,NOR,06B2PK-E,78.1,OSLO,ZAL-NO,NO0010708910,BNCBCK,Zalaris ASA,1.0,ZAL-NO,1,SHARE,BNCBCK5,N,Zalaris ASA1.pdf,78.1,78
JP3835760004,,1331,"BELLSYSTEM24 Holdings, Inc.",1,1982.0,JPN,J0428R104,20151120.0,JPN,0FFXXG-E,82.99,TOKYO,6183-JP,JP3835760004,BYYZH6,"BELLSYSTEM24 Holdings, Inc.",1.0,6183-JP,1,SHARE,BYYZH63,N,"BELLSYSTEM24 Holdings, Inc.2.pdf",82.9,82
TRAFFKRL91P0,,1332,QNB Finans Finansal Kiralama A.S.,1,1990.0,TUR,M4578P104,19940221.0,TUR,062BGT-E,77.39,ISTANBUL,QNBFL.E-TR,TRAFFKRL91P0,B03MSM,QNB Finans Finansal Kiralama A.S.,1.0,QNBFL.E-TR,1,SHARE,B03MSM0,N,QNB Finans Finansal Kiralama A.S.1.pdf,77.3,77
GB00B1235860,,1333,Parity Group plc,1,1998.0,GBR,G6S343129,19870817.0,GBR,05J4J9-E,78.1,LONDON,PTY-GB,GB00B1235860,B12358,Parity Group plc,1.0,PTY-GB,1,SHARE,B123586,N,Parity Group plc1.pdf,78.1,78
FR0010340711,,1334,Aquila SA,1,1993.0,FRA,F0354A103,20060628.0,FRA,008BKQ-E,80.1,EURONEXT PARIS,ALAQU-FR,FR0010340711,B16CH0,Aquila SA,1.0,ALAQU-FR,1,SHARE,B16CH05,N,Aquila SA1.pdf,80.1,80
PLGTBCK00297,,1335,Capitea S.A.,1,2012.0,POL,X3209Y110,20170717.0,POL,0D7648-E,82.91,WARSAW,GBK-PL,PLGTBCK00297,BDT88G,Capitea S.A.,1.0,GBK-PL,1,SHARE,BDT88G7,N,Capitea S.A.1.pdf,82.9,82
IE00B1WV4493,,1336,Origin Enterprises Plc,1,2006.0,IRL,G68097107,20070607.0,IRL,0098NR-E,82.11,FRANKFURT,@NA,IE00B1WV4493,B1YC2Y,Origin Enterprises Plc,1.0,OIZ-DE,0,SHARE,B1YLQX0,N,Origin Enterprises Plc3.pdf,82.1,82
US10948C1071,,1337,"BrightView Holdings, Inc.",1,2013.0,USA,10948C107,20180628.0,USA,0GL2M1-E,81.3,NYSE,BV-US,US10948C1071,10948C10,"BrightView Holdings, Inc.",1.0,BV-US,1,SHARE,BG0ZML1,N,"BrightView Holdings, Inc.1.pdf",81.3,81
FDS1BK94,,1338,"ADT, Inc.",1,1874.0,USA,FDS1BK941,,USA,0GYY7G-E,80.2,@NA,@NA,@NA,00090Q10,"ADT, Inc.",1.0,@NA,0,SHARE,@NA,N,"ADT, Inc.2.pdf",80.2,80
US14808P1093,,1339,"Cass Information Systems, Inc.",1,1906.0,USA,14808P109,19920430.0,USA,0014DR-E,82.99,NASDAQ,CASS-US,US14808P1093,14808P10,"Cass Information Systems, Inc.",1.0,CASS-US,1,SHARE,2086558,N,"Cass Information Systems, Inc.1.pdf",82.9,82
US23204X1037,,1340,Custom Truck One Source Inc,1,1996.0,USA,23204X103,20171006.0,USA,0NPHPN-E,77.39,NYSE,CTOS-US,US23204X1037,23204X10,Custom Truck One Source Inc,1.0,CTOS-US,1,SHARE,BL66YS4,N,Custom Truck One Source Inc1.pdf,77.3,77
AEDFXA0NFP81,,1341,Depa Plc,1,2008.0,ARE,M2789G103,20080423.0,ARE,00B331-E,82.99,NASDAQ DUBAI,DEPA-AE,AEDFXA0NFP81,B2QVTT,Depa Plc,1.0,DEPA-AE,1,SHARE,B2QVTT2,N,Depa Plc1.pdf,82.9,82
KYG569821047,,1342,Lumina Group Limited,1,2016.0,HKG,G56982104,20171025.0,HKG,@NA,80.2,HONG KONG,@NA,KYG569821047,BYWG40,Lumina Group Limited,1.0,1162-HK,1,SHARE,BYWG401,N,Lumina Group Limited1.pdf,80.2,80
US2944291051,,1343,Equifax Inc.,1,1899.0,USA,294429105,19841105.0,USA,000J81-E,82.91,NYSE,EFX-US,US2944291051,29442910,Equifax Inc.,1.0,EFX-US,1,SHARE,2319146,N,Equifax Inc.1.pdf,82.9,82
US98978P1066,,1344,"Znergy, Inc.",0,2013.0,USA,98978P106,20140528.0,USA,0GG0LK-E,82.99,US OTC,@NA,US98978P1066,98978P10,"Znergy, Inc.",1.0,ZNRG-US,1,SHARE,BD4H115,N,"Znergy, Inc.1.pdf",82.9,82
US13767T1025,,1346,"CannLabs, Inc.",1,2006.0,USA,13767T102,20110111.0,USA,00BL5R-E,82.99,US OTC,@NA,US13767T1025,13767T10,"CannLabs, Inc.",1.0,CANL-US,1,SHARE,BNB7R09,N,"CannLabs, Inc.1.pdf",82.9,82
SE0000936478,,1347,Intrum AB,1,1923.0,SWE,W4662R106,20200512.0,SWE,05JLR5-E,82.91,MEXICO,@NA,SE0000936478,737143,Intrum AB,1.0,INTRUMN-MX,0,SHARE,BD6DMF2,N,Intrum AB1.pdf,82.9,82
ZAE000039277,,1348,Primeserv Group Limited,1,1997.0,ZAF,S64373111,19980511.0,ZAF,05JSTZ-E,78.1,JSE,PMV-ZA,ZAE000039277,611020,Primeserv Group Limited,1.0,PMV-ZA,1,SHARE,6110204,N,Primeserv Group Limited1.pdf,78.1,78
AU0000195240,,1349,Careteq Ltd.,1,2016.0,AUS,Q2R97P107,20220110.0,AUS,@NA,82.99,ASX,CTQ-AU,AU0000195240,BNM4K2,Careteq Ltd.,1.0,CTQ-AU,1,SHARE,BNM4K22,N,Careteq Ltd.1.pdf,82.9,82
EE3100126368,,1351,City Service SE,1,2015.0,POL,X1R4N7104,20151116.0,EST,@NA,81.1,WARSAW,@NA,EE3100126368,BD4CL4,City Service SE,1.0,CTS-PL,1,SHARE,BD4CL43,N,City Service SE1.pdf,81.1,81
JP3399240005,,1352,"Studio Alice Co., Ltd.",1,1974.0,JPN,J7675K104,20220301.0,JPN,05K3DT-E,82.99,US OTC,@NA,JP3399240005,652816,"Studio Alice Co., Ltd.",1.0,SDAZF-US,0,SHARE,B3BJNW9,N,"Studio Alice Co., Ltd.1.pdf",82.9,82
JP3938900002,,1353,"Yamada Servicer Synthetic Office Co., Ltd.",1,1981.0,JPN,J9558M108,20020320.0,JPN,05K1DZ-E,78.1,TOKYO,4351-JP,JP3938900002,651047,"Yamada Servicer Synthetic Office Co., Ltd.",1.0,4351-JP,1,SHARE,6510473,N,"Yamada Servicer Synthetic Office Co., Ltd.1.pdf",78.1,78
GB00B8HWGJ55,,1354,Impellam Group plc,1,2008.0,GBR,G47192110,20050831.0,GBR,074W49-E,78.1,LONDON,IPEL-GB,GB00B8HWGJ55,B8HWGJ,Impellam Group plc,1.0,IPEL-GB,1,SHARE,B8HWGJ5,N,Impellam Group plc1.pdf,78.1,78
KYG4677R1074,,1355,Hygieia Group Limited,1,1991.0,HKG,G4677R107,20200703.0,SGP,0L4V6L-E,81.21,HONG KONG,@NA,KYG4677R1074,BLBFH9,Hygieia Group Limited,1.0,1650-HK,1,SHARE,BLBFH98,N,Hygieia Group Limited1.pdf,81.2,81
CA2861812014,,1356,Element Fleet Management Corporation,1,2007.0,CAN,286181201,20120423.0,CAN,0C8SPL-E,77.12,US OTC,@NA,CA2861812014,B7FNMQ,Element Fleet Management Corporation,1.0,ELEEF-US,0,SHARE,B732GF8,N,Element Fleet Management Corporation2.pdf,77.1,77
KYG407691040,,1357,Greatview Aseptic Packaging Company Limited,1,2010.0,HKG,G40769104,20101209.0,CHN,0B82RY-E,82.99,HONG KONG,468-HK,KYG407691040,B3ZNGT,Greatview Aseptic Packaging Company Limited,1.0,468-HK,1,SHARE,B3ZNGT5,N,Greatview Aseptic Packaging Company Limited2.pdf,82.9,82
CA92919V4055,,1358,Voyager Digital Ltd.,1,1993.0,USA,92919V405,20120410.0,USA,003PK5-E,82.99,US OTC,VYGVQ-US,CA92919V4055,92919V40,Voyager Digital Ltd.,1.0,VYGVQ-US,1,SHARE,BN7PDB0,N,Voyager Digital Ltd.1.pdf,82.9,82
GB0033113456,,1359,PHSC plc,1,1990.0,GBR,G70711109,20030603.0,GBR,@NA,80.2,LONDON,PHSC-GB,GB0033113456,331134,PHSC plc,1.0,PHSC-GB,1,SHARE,3311345,N,PHSC plc1.pdf,80.2,80
GB0030232317,,1360,PageGroup PLC,1,1997.0,GBR,G68668105,20080102.0,GBR,003JK8-E,78.1,US OTC,@NA,GB0030232317,302323,PageGroup PLC,1.0,MPGPF-US,0,SHARE,B06MPN7,N,PageGroup PLC1.pdf,78.1,78
MYL5309OO009,,1361,Itmax System Bhd,1,2001.0,MYS,Y4211B105,20221213.0,MYS,@NA,80.2,MALAYSIA,5309-MY,MYL5309OO009,BPBK98,Itmax System Bhd,1.0,5309-MY,1,SHARE,BPBK984,N,Itmax System Bhd1.pdf,80.2,80
JP3699800003,,1362,"Nippon Care Supply Co., Ltd.",1,1998.0,JPN,J5227M107,20040227.0,JPN,@NA,77.39,TOKYO,2393-JP,JP3699800003,673587,"Nippon Care Supply Co., Ltd.",1.0,2393-JP,1,SHARE,6735878,N,"Nippon Care Supply Co., Ltd.2.pdf",77.3,77
AU000000MSG7,,1363,MCS Services Limited,1,2006.0,AUS,Q5907M106,20120117.0,AUS,@NA,80.1,ASX,MSG-AU,AU000000MSG7,BYV85R,MCS Services Limited,1.0,MSG-AU,1,SHARE,BYV85R2,N,MCS Services Limited3.pdf,80.1,80
JP3800290003,,1364,"Business Breakthrough, Inc.",1,1998.0,JPN,J05167101,20051213.0,JPN,06B4NN-E,82.99,TOKYO,2464-JP,JP3800290003,B0PDR6,"Business Breakthrough, Inc.",1.0,2464-JP,1,SHARE,B0PDR68,N,"Business Breakthrough, Inc.1.pdf",82.9,82
KR7036120004,,1365,SCI Information Service Inc.,1,1992.0,KOR,Y7643Q103,20000914.0,KOR,@NA,82.91,KOREA,036120-KR,KR7036120004,622304,SCI Information Service Inc.,1.0,036120-KR,1,SHARE,6223049,N,SCI Information Service Inc.2.pdf,82.9,82
IT0003365613,,1366,Fiera Milano SpA,1,2000.0,ITA,T4386X102,20071205.0,ITA,05MF0N-E,82.99,LONDON,@NA,IT0003365613,751832,Fiera Milano SpA,1.0,0EGH-GB,0,SHARE,B28H5P6,N,Fiera Milano SpA1.pdf,82.9,82
KYG211241057,,1367,China Aircraft Leasing Group Holdings Ltd.,1,2006.0,HKG,G21124105,20140711.0,HKG,0DN2GH-E,77.39,HONG KONG,1848-HK,KYG211241057,BNY7YW,China Aircraft Leasing Group Holdings Ltd.,1.0,1848-HK,1,SHARE,BNY7YW7,N,China Aircraft Leasing Group Holdings Ltd.1.pdf,77.3,77
US09857L1089,,1368,Booking Holdings Inc.,1,1997.0,USA,09857L108,20170522.0,USA,0029GL-E,79.11,VIENNA,@NA,US09857L1089,09857L10,Booking Holdings Inc.,1.0,BOOK-AT,0,SHARE,BF17093,N,Booking Holdings Inc.1.pdf,79.1,79
ID1000189103,,1369,PT Sarana Mitra Luas Tbk,0,1996.0,IDN,Y747FE110,20230512.0,IDN,@NA,77.39,INDONESIA,@NA,ID1000189103,BPLQ10,PT Sarana Mitra Luas Tbk,1.0,SMIL-ID,0,SHARE,BPLQ108,N,PT Sarana Mitra Luas Tbk3.pdf,77.3,77
KYG5213K1004,,1371,Kaisa Capital Investment Holdings Limited,1,2010.0,HKG,G5213K100,20100719.0,HKG,09VX3R-E,77.32,HONG KONG,@NA,KYG5213K1004,BP0TM4,Kaisa Capital Investment Holdings Limited,1.0,936-HK,1,SHARE,BP0TM49,N,Kaisa Capital Investment Holdings Limited1.pdf,77.3,77
KYG4090W1134,,1372,Goldstream Investment Limited,1,2000.0,HKG,G4090W113,20071016.0,HKG,@NA,82.99,HONG KONG,1328-HK,KYG4090W1134,BK5QHH,Goldstream Investment Limited,1.0,1328-HK,1,SHARE,BK5QHH8,N,Goldstream Investment Limited1.pdf,82.9,82
JP3126230006,,1373,"Artner Co., Ltd.",1,1953.0,JPN,J02038107,20071026.0,JPN,06Z62M-E,78.1,TOKYO,2163-JP,JP3126230006,B27ZJT,"Artner Co., Ltd.",1.0,2163-JP,1,SHARE,B27ZJT3,N,"Artner Co., Ltd.2.pdf",78.1,78
JP3244520007,,1374,"Careerlink Co., Ltd.",1,1996.0,JPN,J0546B106,20121115.0,JPN,05ZPJP-E,78.1,TOKYO,6070-JP,JP3244520007,B8DB3V,"Careerlink Co., Ltd.",1.0,6070-JP,1,SHARE,B8DB3V7,N,"Careerlink Co., Ltd.1.pdf",78.1,78
FDS94CA1,,1375,"Centre Testing International Group Co., Ltd.",1,2003.0,CHN,FDS94CA14,,CHN,085KX1-E,82.99,@NA,@NA,@NA,B4VM75,"Centre Testing International Group Co., Ltd.",1.0,@NA,0,SHARE,@NA,N,"Centre Testing International Group Co., Ltd.3.pdf",82.9,82
JP3122410008,,1377,"Advantage Risk Management Co., Ltd.",1,1999.0,JPN,J0018N109,20061214.0,JPN,06Y6B4-E,78.1,TOKYO,8769-JP,JP3122410008,B1H58V,"Advantage Risk Management Co., Ltd.",1.0,8769-JP,1,SHARE,B1H58V1,N,"Advantage Risk Management Co., Ltd.2.pdf",78.1,78
JP3215200001,,1378,"Kanamoto Co., Ltd.",1,1964.0,JPN,J29557105,19920707.0,JPN,05J393-E,77.32,TOKYO,9678-JP,JP3215200001,648290,"Kanamoto Co., Ltd.",1.0,9678-JP,1,SHARE,6482903,N,"Kanamoto Co., Ltd.1.pdf",77.3,77
US0016271084,,1379,"ALJ Regional Holdings, Inc.",1,1999.0,USA,001627108,19960403.0,USA,002RN1-E,82.99,US OTC,ALJJ-US,US0016271084,00162710,"ALJ Regional Holdings, Inc.",1.0,ALJJ-US,1,SHARE,2635132,N,"ALJ Regional Holdings, Inc.3.pdf",82.9,82
INE674M01019,,1380,Kinetic Trust Limited,0,1992.0,IND,Y4793L117,20080717.0,IND,@NA,82.99,BSE INDIA,@NA,INE674M01019,B2QVGK,Kinetic Trust Limited,1.0,531274-IN,0,SHARE,B2QVGK2,N,Kinetic Trust Limited1.pdf,82.9,82
INE457D01018,,1381,Stanpacks (India) Limited,0,1991.0,IND,Y8157P119,20050525.0,IND,@NA,82.99,BSE INDIA,@NA,INE457D01018,B03Q80,Stanpacks (India) Limited,1.0,530931-IN,0,SHARE,B03Q800,N,Stanpacks (India) Limited2.pdf,82.9,82
US46005L1017,,1382,"International Money Express, Inc.",1,1994.0,USA,46005L101,20170315.0,USA,0JTHVH-E,82.99,NASDAQ,IMXI-US,US46005L1017,46005L10,"International Money Express, Inc.",1.0,IMXI-US,1,SHARE,BG216W6,N,"International Money Express, Inc.1.pdf",82.9,82
KYG9844S1021,,1383,YH Entertainment Group,1,2009.0,HKG,G9844S102,20230426.0,CHN,0QVLZD-E,82.99,US OTC,@NA,KYG9844S1021,BQ1MHR,YH Entertainment Group,1.0,YHEGF-US,0,SHARE,BN0WQN1,N,YH Entertainment Group1.pdf,82.9,82
JP3816650000,,1384,"Fuji Soft Service Bureau, Inc.",1,1984.0,JPN,J1528E100,20160315.0,JPN,09CMDM-E,82.99,TOKYO,6188-JP,JP3816650000,BZBVH8,"Fuji Soft Service Bureau, Inc.",1.0,6188-JP,1,SHARE,BZBVH83,N,"Fuji Soft Service Bureau, Inc.2.pdf",82.9,82
BMG8438Y1030,,1385,Starlite Holdings Limited,1,1992.0,HKG,G8438Y103,19930318.0,HKG,05JGLC-E,82.99,HONG KONG,403-HK,BMG8438Y1030,684565,Starlite Holdings Limited,1.0,403-HK,1,SHARE,6845658,N,Starlite Holdings Limited2.pdf,82.9,82
FDS1F6U9,,1386,"Airbnb, Inc.",1,2007.0,USA,FDS1F6U93,,USA,09LZGJ-E,79.11,@NA,@NA,@NA,00906610,"Airbnb, Inc.",1.0,@NA,0,SHARE,@NA,N,"Airbnb, Inc.1.pdf",79.1,79
SE0010985028,,1387,Green Landscaping Group AB,1,2008.0,SWE,W4R14Q104,20180323.0,SWE,081G85-E,81.3,OMX NORDIC STOCKHOLM,GREEN-SE,SE0010985028,BF1F2G,Green Landscaping Group AB,1.0,GREEN-SE,1,SHARE,BF1F2G8,N,Green Landscaping Group AB1.pdf,81.3,81
US68275E1047,,1388,Online Vacation Center Holdings Corp.,0,1972.0,USA,68275E104,19991105.0,USA,@NA,79.11,US OTC,ONVC-US,US68275E1047,68275E10,Online Vacation Center Holdings Corp.,1.0,ONVC-US,1,SHARE,2852674,N,Online Vacation Center Holdings Corp.1.pdf,79.1,79
ES0105588000,,1389,Aeternal Mentis SA,1,2020.0,ESP,E5R64Y103,20210723.0,ESP,0NGK97-E,77.33,SPAIN,@NA,ES0105588000,BMCM85,Aeternal Mentis SA,1.0,AMEN-ES,1,SHARE,BMCM858,N,Aeternal Mentis SA1.pdf,77.3,77
KYG6777V1106,,1390,Orient Victory Smart Urban Services Holding Limited,1,1999.0,HKG,G6777V110,19920812.0,HKG,05J44L-E,79.11,HONG KONG,265-HK,KYG6777V1106,BD4DL5,Orient Victory Smart Urban Services Holding Limited,1.0,265-HK,1,SHARE,BD4DL57,N,Orient Victory Smart Urban Services Holding Limited2.pdf,79.1,79
MYL7048OO001,,1391,Atlan Holdings Bhd.,1,1988.0,MYS,Y0433B105,19960508.0,MYS,05JF2Y-E,82.99,MALAYSIA,7048-MY,MYL7048OO001,603821,Atlan Holdings Bhd.,1.0,7048-MY,1,SHARE,6038210,N,Atlan Holdings Bhd.1.pdf,82.9,82
FDS0VT5K,,1392,TuanChe Ltd.,1,2010.0,CHN,FDS0VT5K0,,CHN,0K7KDG-E,82.99,@NA,@NA,@NA,89856T20,TuanChe Ltd.,1.0,@NA,1,SHARE,@NA,N,TuanChe Ltd.2.pdf,82.9,82
IL0004130139,,1393,Aviation Links Ltd.,1,1984.0,ISR,M1542Y104,19960501.0,ISR,@NA,79.12,TEL AVIV,@NA,IL0004130139,602906,Aviation Links Ltd.,1.0,AVIA-IL,1,SHARE,6029065,N,Aviation Links Ltd.3.pdf,79.1,79
JP3302000009,,1394,"COPRO-HOLDINGS Co., Ltd.",1,2006.0,JPN,J08254104,20190319.0,JPN,0KMMY6-E,78.3,TOKYO,7059-JP,JP3302000009,BJNFR7,"COPRO-HOLDINGS Co., Ltd.",1.0,7059-JP,1,SHARE,BJNFR70,N,"COPRO-HOLDINGS Co., Ltd.2.pdf",78.3,78
BD0650GIL006,,1395,Genex Infosys Ltd.,1,2012.0,BGD,Y268AJ103,20190206.0,BGD,0FBMPQ-E,82.99,DHAKA,@NA,BD0650GIL006,BJ321N,Genex Infosys Ltd.,1.0,GENEXIL-BD,1,SHARE,BJ321N5,N,Genex Infosys Ltd.2.pdf,82.9,82
SG1DH2000003,,1396,HRnetGroup Ltd.,1,1992.0,SGP,Y3R31H103,20220328.0,SGP,@NA,78.1,US OTC,@NA,SG1DH2000003,BF03P6,HRnetGroup Ltd.,1.0,HRNTF-US,0,SHARE,BKZ8TY5,N,HRnetGroup Ltd.1.pdf,78.1,78
ID1000116205,,1397,PT Visi Telekomunikasi Infrastruktur Tbk,1,1995.0,IDN,Y7125Z100,20100707.0,IDN,@NA,77.39,INDONESIA,GOLD-ID,ID1000116205,B3WT65,PT Visi Telekomunikasi Infrastruktur Tbk,1.0,GOLD-ID,1,SHARE,B3WT652,N,PT Visi Telekomunikasi Infrastruktur Tbk2.pdf,77.3,77
PLANMD000014,,1398,Polaris IT Group S.A.,1,1999.0,POL,X0244J108,20081105.0,POL,@NA,82.99,WARSAW,@NA,PLANMD000014,B3D6FQ,Polaris IT Group S.A.,1.0,PIT-PL,1,SHARE,B3D6FQ6,N,Polaris IT Group S.A.1.pdf,82.9,82
JP3163490000,,1399,"SBI Leasing Services Co.,Ltd.",0,2016.0,JPN,J6991U101,20221019.0,JPN,@NA,77.39,TOKYO,5834-JP,JP3163490000,BPX4JB,"SBI Leasing Services Co.,Ltd.",1.0,5834-JP,0,SHARE,BPX4JB7,N,"SBI Leasing Services Co.,Ltd.2.pdf",77.3,77
US02913V1035,,1400,"American Public Education, Inc.",1,1991.0,USA,02913V103,20071109.0,USA,0652ND-E,85.42,NASDAQ,APEI-US,US02913V1035,02913V10,"American Public Education, Inc.",1.0,APEI-US,1,SHARE,B292GM4,P,"American Public Education, Inc.1.pdf",85.4,85
AU000000SIT8,,1401,Site Group International Limited,1,1976.0,AUS,Q8511P135,19920131.0,AUS,0BB2T2-E,85.32,ASX,SIT-AU,AU000000SIT8,683465,Site Group International Limited,1.0,SIT-AU,1,SHARE,6834656,P,Site Group International Limited1.pdf,85.3,85
SE0007784319,,1402,Chosa Oncology AB,1,,SWE,W7552E101,20160309.0,SWE,@NA,85.6,SPOTLIGHT,RHOVAC-SE,SE0007784319,BDB104,Chosa Oncology AB,1.0,RHOVAC-SE,1,SHARE,BDB1046,P,Chosa Oncology AB1.pdf,85.6,85
AU000000AKG9,,1403,Academies Australasia Group Limited,1,1908.0,AUS,Q1242V117,19850301.0,AUS,05JTCJ-E,85.6,ASX,AKG-AU,AU000000AKG9,636162,Academies Australasia Group Limited,1.0,AKG-AU,1,SHARE,6361626,P,Academies Australasia Group Limited1.pdf,85.6,85
CA37961F1053,,1404,Global Education Communities Corp,1,1986.0,CAN,37961F105,20071002.0,CAN,0031H0-E,85.41,US OTC,GECSF-US,CA37961F1053,BRJPGN,Global Education Communities Corp,1.0,GECSF-US,0,SHARE,BRJPGQ2,P,Global Education Communities Corp2.pdf,85.4,85
US98979V1026,,1405,"Zovio, Inc.",1,1999.0,USA,98979V102,20090415.0,USA,006GD4-E,85.42,US OTC,ZVOI-US,US98979V1026,98979V10,"Zovio, Inc.",1.0,ZVOI-US,1,SHARE,BHL1D34,P,"Zovio, Inc.2.pdf",85.4,85
CA1247651088,,1406,CAE Inc.,1,1947.0,CAN,124765108,19891218.0,CAN,003N1G-E,85.32,TORONTO,CAE-CA,CA1247651088,216276,CAE Inc.,1.0,CAE-CA,1,SHARE,2162760,P,CAE Inc.1.pdf,85.3,85
US40330V1089,,1407,"Gushen, Inc.",1,2015.0,USA,40330V108,20161115.0,CHN,0FKZC0-E,85.6,US OTC,@NA,US40330V1089,40330V10,"Gushen, Inc.",1.0,GSHN-US,1,SHARE,BYX5XN3,P,"Gushen, Inc.1.pdf",85.6,85
JP3647600000,,1409,"Nagase Brothers, Inc.",1,1971.0,JPN,J4724L100,19891114.0,JPN,05J5VH-E,85.2,TOKYO,9733-JP,JP3647600000,661967,"Nagase Brothers, Inc.",1.0,9733-JP,1,SHARE,6619671,P,"Nagase Brothers, Inc.1.pdf",85.2,85
ZAE000248662,,1410,Stadio Holdings Pty Ltd.,1,2016.0,ZAF,S8059D104,20171003.0,ZAF,@NA,85.6,JSE,@NA,ZAE000248662,BF0GVN,Stadio Holdings Pty Ltd.,1.0,SDO-ZA,1,SHARE,BF0GVN2,P,Stadio Holdings Pty Ltd.2.pdf,85.6,85
INE222U01010,,1411,Golden Crest Education & Services Ltd.,0,1982.0,IND,Y2744V119,20160826.0,IND,@NA,85.6,BSE INDIA,@NA,INE222U01010,BD606P,Golden Crest Education & Services Ltd.,1.0,540062-IN,0,SHARE,BD606P1,P,Golden Crest Education & Services Ltd.1.pdf,85.6,85
ROBNETACNOR1,,1412,Bittnet Systems SA,1,2007.0,ROU,X0R4G8102,20160229.0,ROU,0GN4CM-E,85.59,BUCHAREST SPOT,BNET-RO,ROBNETACNOR1,BWWYBD,Bittnet Systems SA,1.0,BNET-RO,1,SHARE,BWWYBD3,P,Bittnet Systems SA3.pdf,85.5,85
FR001400F2Z1,,1413,Lepermislibre SA,0,2014.0,FRA,F5644S103,20230213.0,FRA,@NA,85.6,EURONEXT PARIS,ALLPL-FR,FR001400F2Z1,BPQFMM,Lepermislibre SA,1.0,ALLPL-FR,0,SHARE,BPQFMM9,P,Lepermislibre SA1.pdf,85.6,85
JO3105211010,,1414,Arab International Co. for Education & Investment Plc,1,1989.0,JOR,M14209106,20010301.0,JOR,@NA,85.42,AMMAN,AIEI-JO,JO3105211010,604754,Arab International Co. for Education & Investment Plc,1.0,AIEI-JO,1,SHARE,6047540,P,Arab International Co. for Education & Investment Plc1.pdf,85.4,85
AEE000601014,,1415,Emirates Driving Company - PSC,1,2000.0,ARE,M4027Q109,20061030.0,ARE,@NA,85.6,ABU DHABI,DRIVE-AE,AEE000601014,B138CQ,Emirates Driving Company - PSC,1.0,DRIVE-AE,1,SHARE,B138CQ7,P,Emirates Driving Company - PSC2.pdf,85.6,85
JP3833860004,,1416,"PROGRIT, Inc.",1,2016.0,JPN,J6S539103,20220929.0,JPN,@NA,85.6,TOKYO,9560-JP,JP3833860004,BL59VY,"PROGRIT, Inc.",1.0,9560-JP,1,SHARE,BL59VY9,P,"PROGRIT, Inc.1.pdf",85.6,85
FDS0S3MB,,1417,Meta Data Ltd.,1,2008.0,HKG,FDS0S3MB2,,HKG,0J4QN4-E,85.6,@NA,@NA,@NA,68276W40,Meta Data Ltd.,1.0,@NA,1,SHARE,@NA,P,Meta Data Ltd.2.pdf,85.6,85
FDS0PCKH,,1418,"Gravitas Education Holdings, Inc.",1,1998.0,CHN,FDS0PCKH4,,CHN,0HC73K-E,85.2,@NA,@NA,@NA,74979W20,"Gravitas Education Holdings, Inc.",1.0,@NA,0,SHARE,@NA,P,"Gravitas Education Holdings, Inc.2.pdf",85.2,85
INE131N01018,,1419,Jointeca Education Solutions Ltd.,1,2011.0,IND,Y444DR109,20120904.0,IND,@NA,85.6,BSE INDIA,@NA,INE131N01018,B89BTP,Jointeca Education Solutions Ltd.,1.0,534659-IN,1,SHARE,B89BTP7,P,Jointeca Education Solutions Ltd.3.pdf,85.6,85
INE427T01017,,1420,Vantage Knowledge Academy Ltd.,0,2013.0,IND,Y9356G108,20160328.0,IND,@NA,85.6,BSE INDIA,@NA,INE427T01017,BYNFFJ,Vantage Knowledge Academy Ltd.,1.0,539761-IN,0,SHARE,BYNFFJ3,P,Vantage Knowledge Academy Ltd.1.pdf,85.6,85
KYG2120K1094,,1421,China Yuhua Education Corp. Ltd.,1,2016.0,HKG,G2120K109,20170228.0,CHN,0GJ966-E,85.6,HONG KONG,6169-HK,KYG2120K1094,BYWPGC,China Yuhua Education Corp. Ltd.,1.0,6169-HK,1,SHARE,BYWPGC4,P,China Yuhua Education Corp. Ltd.1.pdf,85.6,85
KYG4600E1089,,1422,"Hope Education Group Co., Ltd.",1,2017.0,HKG,G4600E108,20230314.0,CHN,0J8L90-E,85.6,HONG KONG CONNECT  - SHANGHAI,@NA,KYG4600E1089,BF0XL5,"Hope Education Group Co., Ltd.",1.0,@NA,0,SHARE,BNZJ1Z4,P,"Hope Education Group Co., Ltd.2.pdf",85.6,85
US5186132032,,1423,"Laureate Education, Inc.",1,1979.0,USA,518613203,20170201.0,USA,000X56-E,85.42,NASDAQ,LAUR-US,US5186132032,51861320,"Laureate Education, Inc.",1.0,LAUR-US,1,SHARE,BYMYT66,P,"Laureate Education, Inc.2.pdf",85.4,85
JP3359850009,,1424,"Shuei Yobiko Co., Ltd.",1,1977.0,JPN,J75487108,19971027.0,JPN,05K00T-E,85.2,TOKYO,4678-JP,JP3359850009,604388,"Shuei Yobiko Co., Ltd.",1.0,4678-JP,1,SHARE,6043883,P,"Shuei Yobiko Co., Ltd.3.pdf",85.2,85
SA11RGEI3218,,1425,Ataa Educational Company,1,1992.0,SAU,M1531F108,20190731.0,SAU,0DZD0R-E,85.2,SAUDI ARABIA,4292-SA,SA11RGEI3218,BKLV6Y,Ataa Educational Company,1.0,4292-SA,1,SHARE,BKLV6Y7,P,Ataa Educational Company2.pdf,85.2,85
US36253J2050,,1426,NP Life Sciences Health Industry Group Inc,1,2018.0,USA,36253J205,20200506.0,USA,@NA,85.6,US OTC,@NA,US36253J2050,36253J20,NP Life Sciences Health Industry Group Inc,1.0,NPLS-US,1,SHARE,BKX8JX6,P,NP Life Sciences Health Industry Group Inc1.pdf,85.6,85
AU000000KME9,,1427,Kip McGrath Education Centres Limited,1,1976.0,AUS,Q5326X105,20030815.0,AUS,0060D8-E,85.6,ASX,KME-AU,AU000000KME9,667170,Kip McGrath Education Centres Limited,1.0,KME-AU,1,SHARE,6671701,P,Kip McGrath Education Centres Limited1.pdf,85.6,85
JP3274320005,,1428,Global Kids Company Corp.,1,2006.0,JPN,J17275108,20160318.0,JPN,0G29WH-E,85.2,TOKYO,6189-JP,JP3274320005,BYXBL5,Global Kids Company Corp.,1.0,6189-JP,1,SHARE,BYXBL59,P,Global Kids Company Corp.2.pdf,85.2,85
NO0010927288,,1429,Lumi Gruppen AS,1,2017.0,NOR,R8T47R116,20210217.0,NOR,0NCSWH-E,85.6,OSLO,LUMI-NO,NO0010927288,BM98T8,Lumi Gruppen AS,1.0,LUMI-NO,1,SHARE,BM98T89,P,Lumi Gruppen AS2.pdf,85.6,85
JP3916100005,,1430,"Meiko Network Japan Co., Ltd.",1,1984.0,JPN,J4194F104,19970421.0,JPN,05V2SZ-E,85.6,TOKYO,4668-JP,JP3916100005,656366,"Meiko Network Japan Co., Ltd.",1.0,4668-JP,1,SHARE,6563660,P,"Meiko Network Japan Co., Ltd.1.pdf",85.6,85
ZAE000156253,,1431,Curro Holdings Limited,1,1998.0,ZAF,S20461109,20110602.0,ZAF,0BTXCN-E,85.2,JSE,COH-ZA,ZAE000156253,B3XGCL,Curro Holdings Limited,1.0,COH-ZA,1,SHARE,B3XGCL0,P,Curro Holdings Limited1.pdf,85.2,85
US74759C1018,,1432,"Quality Online Education Group, Inc.",1,,USA,74759C101,20090220.0,CAN,@NA,85.6,US OTC,@NA,US74759C1018,74759C10,"Quality Online Education Group, Inc.",1.0,QOEG-US,1,SHARE,BN6SRG3,P,"Quality Online Education Group, Inc.1.pdf",85.6,85
JP3235400003,,1433,"Gakkyusha Co., Ltd.",1,1972.0,JPN,J16926107,19891102.0,JPN,05JFCH-E,85.6,TOKYO,9769-JP,JP3235400003,635977,"Gakkyusha Co., Ltd.",1.0,9769-JP,1,SHARE,6359773,P,"Gakkyusha Co., Ltd.2.pdf",85.6,85
US49375K2087,,1434,Kid Castle Educational Corporation,0,1985.0,USA,49375K208,19980505.0,USA,@NA,85.6,US OTC,@NA,US49375K2087,49375K20,Kid Castle Educational Corporation,1.0,KDCE-US,1,SHARE,2978859,P,Kid Castle Educational Corporation2.pdf,85.6,85
EGS65541C012,,1435,Cairo For Investment And Real Estate Development,1,1993.0,EGY,M2078K104,20050207.0,EGY,08C2T9-E,85.2,EGYPT,CIRA-EG,EGS65541C012,671935,Cairo For Investment And Real Estate Development,1.0,CIRA-EG,1,SHARE,6719355,P,Cairo For Investment And Real Estate Development1.pdf,85.2,85
KYG6145R1065,,1436,Minsheng Education Group Co. Ltd.,1,2005.0,HKG,G6145R106,20170322.0,CHN,09KQYC-E,85.6,HONG KONG,1569-HK,KYG6145R1065,BYXYVQ,Minsheng Education Group Co. Ltd.,1.0,1569-HK,1,SHARE,BYXYVQ9,P,Minsheng Education Group Co. Ltd.2.pdf,85.6,85
JP3126050008,,1437,"Alue Co., Ltd.",1,2003.0,JPN,J0120A102,20181211.0,JPN,0K8PSJ-E,85.6,TOKYO,7043-JP,JP3126050008,BH34TW,"Alue Co., Ltd.",1.0,7043-JP,1,SHARE,BH34TW2,P,"Alue Co., Ltd.1.pdf",85.6,85
KW0EQ0601694,,1439,Human Soft Holding Co. KSCC,1,1997.0,KWT,M5299Z107,20060424.0,KWT,07C9CK-E,85.6,KUWAIT,HUMANSOFT-KW,KW0EQ0601694,B13BYX,Human Soft Holding Co. KSCC,1.0,HUMANSOFT-KW,1,SHARE,B13BYX7,P,Human Soft Holding Co. KSCC2.pdf,85.6,85
KYG108021091,,1440,BExcellent Group Holdings Limited,1,2015.0,HKG,G10802109,20180713.0,HKG,@NA,85.6,HONG KONG,@NA,KYG108021091,BFZ5ZX,BExcellent Group Holdings Limited,1.0,1775-HK,1,SHARE,BFZ5ZX2,P,BExcellent Group Holdings Limited2.pdf,85.6,85
FDS1J98K,,1441,"Quality Online Education Group, Inc.",1,,USA,FDS1J98K3,,CAN,@NA,85.6,@NA,@NA,@NA,74759C10,"Quality Online Education Group, Inc.",1.0,@NA,0,SHARE,@NA,P,"Quality Online Education Group, Inc.1.pdf",85.6,85
INE997Z01016,,1442,Arihant Institute Limited,1,1998.0,IND,Y020AT106,20180605.0,IND,0J3F1J-E,85.6,BSE INDIA,@NA,INE997Z01016,BYWL9F,Arihant Institute Limited,1.0,541401-IN,1,SHARE,BYWL9F6,P,Arihant Institute Limited2.pdf,85.6,85
ES0105650008,,1444,Substrate Artificial Intelligence SA,1,2010.0,ESP,E8943P102,20220517.0,ESP,@NA,85.6,SPAIN,SAI-ES,ES0105650008,BMWWKC,Substrate Artificial Intelligence SA,1.0,SAI-ES,1,SHARE,BMWWKC9,P,Substrate Artificial Intelligence SA2.pdf,85.6,85
PLCWA0000018,,1445,MINUTOR Energia SA,0,,POL,X18062103,20171009.0,POL,@NA,85.6,WARSAW,@NA,PLCWA0000018,BD7Y31,MINUTOR Energia SA,1.0,MTE-PL,0,SHARE,BD7Y317,P,MINUTOR Energia SA1.pdf,85.6,85
INE622Q01019,,1446,Lucent Industries Limited,0,2010.0,IND,Y8343S100,20160223.0,IND,@NA,85.6,BSE INDIA,@NA,INE622Q01019,BYYLJH,Lucent Industries Limited,1.0,539682-IN,0,SHARE,BYYLJH6,P,Lucent Industries Limited1.pdf,85.6,85
GB00BGMGZR93,,1447,Wealth Dragons Group PLC,0,2009.0,AUT,G48835105,20190715.0,GBR,@NA,85.6,VIENNA,@NA,GB00BGMGZR93,BGMGZR,Wealth Dragons Group PLC,1.0,WDG-AT,1,SHARE,BGMGZR9,P,Wealth Dragons Group PLC1.pdf,85.6,85
KYG4165J1040,,1449,"Gaotu Techedu, Inc.",1,2014.0,CHN,G4165J104,,CHN,0KXDN6-E,85.6,@NA,@NA,KYG4165J1040,36257Y10,"Gaotu Techedu, Inc.",1.0,@NA,1,SHARE,@NA,P,"Gaotu Techedu, Inc.1.pdf",85.6,85
JP3240500003,,1450,"Kids Smile Holdings, Inc.",1,2018.0,JPN,J3329A105,20200304.0,JPN,0LWPXV-E,85.2,TOKYO,7084-JP,JP3240500003,BL0KBQ,"Kids Smile Holdings, Inc.",1.0,7084-JP,1,SHARE,BL0KBQ9,P,"Kids Smile Holdings, Inc.1.pdf",85.2,85
FDS0Z99M,,1451,"Gaotu Techedu, Inc.",1,2014.0,CHN,FDS0Z99M2,,CHN,0KXDN6-E,85.6,@NA,@NA,@NA,36257Y10,"Gaotu Techedu, Inc.",1.0,@NA,0,SHARE,@NA,P,"Gaotu Techedu, Inc.1.pdf",85.6,85
GB00BNBVJZ07,,1452,Malvern International plc,1,2004.0,GBR,G5785K116,20041210.0,GBR,006NNP-E,85.2,LONDON,MLVN-GB,GB00BNBVJZ07,BNBVJZ,Malvern International plc,1.0,MLVN-GB,1,SHARE,BNBVJZ0,P,Malvern International plc1.pdf,85.2,85
PHY248161036,,1453,"Far Eastern University, Incorporated",1,1928.0,PHL,Y24816103,19941027.0,PHL,05JF1D-E,85.42,PHILIPPINES,FEU-PH,PHY248161036,632966,"Far Eastern University, Incorporated",1.0,FEU-PH,1,SHARE,6329668,P,"Far Eastern University, Incorporated1.pdf",85.4,85
TH8859010002,,1454,"SISB Public Co., Ltd.",1,2001.0,THA,Y806KG105,20181129.0,THA,0GJB6L-E,85.2,THAILAND,SISB-TH,TH8859010002,BHJ451,"SISB Public Co., Ltd.",1.0,SISB-TH,1,SHARE,BHJ4517,P,"SISB Public Co., Ltd.1.pdf",85.2,85
JP3399750003,,1455,"Subaru Co., Ltd.",1,1965.0,JPN,J7675P103,19951221.0,JPN,05JD5X-E,85.6,TOKYO,9778-JP,JP3399750003,684786,"Subaru Co., Ltd.",1.0,9778-JP,1,SHARE,6847869,P,"Subaru Co., Ltd.1.pdf",85.6,85
KYG405621031,,1457,Grand Fortune High Grade Ltd.,1,2015.0,GBR,G40562103,20170522.0,CHN,0GZXVD-E,85.6,LONDON,@NA,KYG405621031,BD3F4R,Grand Fortune High Grade Ltd.,1.0,GFHG-GB,1,SHARE,BD3F4R7,P,Grand Fortune High Grade Ltd.1.pdf,85.6,85
KR7084440007,,1458,Ubion Co. Ltd.,1,2000.0,KOR,Y9T14W106,20160822.0,KOR,@NA,85.6,KOREA,084440-KR,KR7084440007,BJ5Z94,Ubion Co. Ltd.,1.0,084440-KR,1,SHARE,BJ5Z949,P,Ubion Co. Ltd.3.pdf,85.6,85
JP3400020008,,1459,Sprix Ltd.,1,1997.0,JPN,J7655V104,20180629.0,JPN,@NA,85.2,TOKYO,7030-JP,JP3400020008,BG1VQF,Sprix Ltd.,1.0,7030-JP,1,SHARE,BG1VQF0,P,Sprix Ltd.1.pdf,85.2,85
INE04CO01018,,1462,Kuberan Global Edu Solutions Limited,1,2013.0,IND,Y4S8E9103,20210505.0,IND,0KLC52-E,85.6,BSE INDIA,@NA,INE04CO01018,BMQ7V1,Kuberan Global Edu Solutions Limited,1.0,543289-IN,1,SHARE,BMQ7V16,P,Kuberan Global Edu Solutions Limited2.pdf,85.6,85
ZAE000031035,,1464,ADvTECH Limited,1,1978.0,ZAF,S0065B115,19971230.0,ZAF,05JG2S-E,85.2,JSE,ADH-ZA,ZAE000031035,608521,ADvTECH Limited,1.0,ADH-ZA,1,SHARE,6085216,P,ADvTECH Limited1.pdf,85.2,85
MYL5166OO003,,1465,Minda Global Bhd.,1,1997.0,MYS,Y0352M108,20100518.0,MYS,08HQB4-E,85.42,MALAYSIA,5166-MY,MYL5166OO003,B3P45R,Minda Global Bhd.,1.0,5166-MY,1,SHARE,B3P45R9,P,Minda Global Bhd.1.pdf,85.4,85
INE668L01013,,1466,Emergent Industrial Solutions Ltd,0,1983.0,IND,Y2R893AA5,20080730.0,IND,@NA,85.6,BSE INDIA,@NA,INE668L01013,B04D54,Emergent Industrial Solutions Ltd,1.0,506180-IN,0,SHARE,B04D543,P,Emergent Industrial Solutions Ltd2.pdf,85.6,85
QA0006H60SJ0,,1467,Al Faleh Educational Holding Co.,1,2015.0,QAT,M04085102,20210414.0,QAT,0NPTSX-E,85.6,DOHA,FALH-QA,QA0006H60SJ0,BMQ4X1,Al Faleh Educational Holding Co.,1.0,FALH-QA,1,SHARE,BMQ4X11,P,Al Faleh Educational Holding Co.2.pdf,85.6,85
VGG3104J1003,,1468,EpicQuest Education Group International Limited,1,2017.0,USA,G3104J100,20210325.0,USA,@NA,85.6,NASDAQ,EEIQ-US,VGG3104J1003,G3104J10,EpicQuest Education Group International Limited,1.0,EEIQ-US,1,SHARE,BMV2Q66,P,EpicQuest Education Group International Limited1.pdf,85.6,85
KYG2901A1067,,1469,Edvantage Group Holdings Limited,1,2018.0,HKG,G2901A106,20190716.0,CHN,0KLB5H-E,85.42,HONG KONG,382-HK,KYG2901A1067,BKLFD8,Edvantage Group Holdings Limited,1.0,382-HK,1,SHARE,BKLFD82,P,Edvantage Group Holdings Limited2.pdf,85.4,85
KYG794451057,,1470,SDM Education Group Holdings Limited,1,2006.0,HKG,G79445105,20141014.0,HKG,0DSWQ2-E,85.2,HONG KONG,@NA,KYG794451057,BRGCF8,SDM Education Group Holdings Limited,1.0,8363-HK,1,SHARE,BRGCF81,P,SDM Education Group Holdings Limited1.pdf,85.2,85
INE965A01016,,1471,Visu International Limited,1,1983.0,IND,Y9378W107,20050110.0,IND,0657M7-E,85.6,BSE INDIA,590038-IN,INE965A01016,B05JSJ,Visu International Limited,1.0,590038-IN,1,SHARE,B05JSJ6,P,Visu International Limited1.pdf,85.6,85
JP3423590003,,1472,"CELM, Inc.",1,1995.0,JPN,J0561W100,20210406.0,JPN,08Y5PL-E,85.6,TOKYO,7367-JP,JP3423590003,BMCD24,"CELM, Inc.",1.0,7367-JP,1,SHARE,BMCD248,P,"CELM, Inc.1.pdf",85.6,85
GB00BF3SQB83,,1473,Mind Gym Plc,1,1999.0,GBR,G6177S105,20180628.0,GBR,0B0W67-E,85.6,LONDON,MIND-GB,GB00BF3SQB83,BF3SQB,Mind Gym Plc,1.0,MIND-GB,1,SHARE,BF3SQB8,P,Mind Gym Plc1.pdf,85.6,85
CA37958W3012,,1474,Global Health Clinics Ltd.,1,2013.0,CAN,37958W301,20161221.0,CAN,@NA,86.21,US OTC,@NA,CA37958W3012,BP6RPS,Global Health Clinics Ltd.,1.0,LRSNF-US,0,SHARE,BP6RPV5,Q,Global Health Clinics Ltd.1.pdf,86.2,86
US87918A1051,,1475,"Teladoc Health, Inc.",1,2002.0,USA,87918A105,20150701.0,USA,00894D-E,86.21,NYSE,TDOC-US,US87918A1051,87918A10,"Teladoc Health, Inc.",1.0,TDOC-US,1,SHARE,BYQRFY1,Q,"Teladoc Health, Inc.1.pdf",86.2,86
SG1CH4000003,,1476,Raffles Medical Group Ltd,1,1976.0,SGP,Y7174H118,20060426.0,SGP,05K4PR-E,86.1,US OTC,@NA,SG1CH4000003,BD3CFT,Raffles Medical Group Ltd,1.0,RAFLF-US,0,SHARE,BYYXQF9,Q,Raffles Medical Group Ltd1.pdf,86.1,86
US01021X1000,,1477,Akumin Inc,1,2015.0,CAN,01021X100,20180207.0,USA,0H919Y-E,86.9,NASDAQ,AKU-US,US01021X1000,BQQ91J,Akumin Inc,1.0,AKU-US,0,SHARE,BQBCZN4,Q,Akumin Inc1.pdf,86.9,86
US58458L1089,,1478,Medical Imaging Corp.,0,2000.0,USA,58458L108,20080107.0,USA,008JV3-E,86.9,US OTC,@NA,US58458L1089,58458L10,Medical Imaging Corporation,1.0,MEDD-US,1,SHARE,BP4KHH6,Q,Medical Imaging Corp.1.pdf,86.9,86
THB045010006,,1479,KT Medical Service Public Company Limited,1,2015.0,THA,Y4994N110,20221223.0,THA,@NA,86.9,THAILAND,@NA,THB045010006,BMTPXK,KT Medical Service Public Company Limited,1.0,KTMS-TH,1,SHARE,BMTPXK0,Q,KT Medical Service Public Company Limited1.pdf,86.9,86
DE000SHL1006,,1480,Siemens Healthineers AG,1,2017.0,DEU,D6T479107,20180316.0,DEU,0J5N4Y-E,86.9,XETRA,SHL-DE,DE000SHL1006,BD594Y,Siemens Healthineers AG,1.0,SHL-DE,1,SHARE,BD594Y4,Q,Siemens Healthineers AG2.pdf,86.9,86
CA45772U1049,,1481,Innovotech Inc.,1,2001.0,CAN,45772U104,20030528.0,CAN,004783-E,86.9,TSX VENTURE,@NA,CA45772U1049,45772U10,Innovotech Inc.,1.0,IOT-CA,1,SHARE,2699666,Q,Innovotech Inc.1.pdf,86.9,86
US91532B2007,,1482,UpHealth Inc,1,,USA,91532B200,20190701.0,USA,0NTW9Z-E,86.9,NYSE,UPH-US,US91532B2007,91532B20,UpHealth Inc,1.0,UPH-US,1,SHARE,BPCJND3,Q,UpHealth Inc1.pdf,86.9,86
GRS147233001,,1483,ATHENS MEDICAL CENTER S.A.,1,1983.0,GRC,X02568107,19920506.0,GRC,05J12J-E,86.21,ATHENS,IATR-GR,GRS147233001,405661,ATHENS MEDICAL CENTER S.A.,1.0,IATR-GR,1,SHARE,4056612,Q,ATHENS MEDICAL CENTER S.A.1.pdf,86.2,86
GB00BM8HZD43,,1484,Verici Dx Plc,1,,GBR,G933HZ109,20220527.0,USA,0MJ09J-E,86.9,US OTC,@NA,GB00BM8HZD43,BM8HZD,Verici Dx Plc,1.0,VRCDF-US,0,SHARE,BPBMMJ2,Q,Verici Dx Plc1.pdf,86.9,86
ES0133421000,,1485,"EuroEspes, S.A.",1,1991.0,ESP,E4708B107,20110216.0,ESP,0BJG9J-E,86.9,SPAIN,@NA,ES0133421000,B44RRZ,"EuroEspes, S.A.",1.0,EEP-ES,1,SHARE,B44RRZ8,Q,"EuroEspes, S.A.3.pdf",86.9,86
CH0461931419,,1486,Vitruvia Medical AG,1,2017.0,DEU,H91805103,20210511.0,CHE,0KKT7Z-E,86.1,MUNICH,991-DE,CH0461931419,BMXT7K,Vitruvia Medical AG,1.0,991-DE,1,SHARE,BMXT7K6,Q,Vitruvia Medical AG1.pdf,86.1,86
CA14173C1059,,1487,CareRx Corporation,1,2001.0,CAN,14173C105,20020904.0,CAN,003Q78-E,87.2,TORONTO,CRRX-CA,CA14173C1059,BM9MQ7,CareRx Corporation,1.0,CRRX-CA,1,SHARE,BM9MQ79,Q,CareRx Corporation1.pdf,87.2,87
TH0105A10Z07,,1488,"Sikarin Public Co., Ltd.",1,1979.0,THA,Y79388115,19880809.0,THA,05J3MQ-E,86.1,THAILAND,SKR-TH,TH0105A10Z07,BFXP0B,"Sikarin Public Co., Ltd.",1.0,SKR-TH,1,SHARE,BFXP0B7,Q,"Sikarin Public Co., Ltd.1.pdf",86.1,86
INE0J6L01013,,1489,Nidan Laboratories and Healthcare Limited,0,1995.0,IND,Y6S71Q106,,IND,@NA,86.9,NSE INDIA,@NA,INE0J6L01013,BMQ80X,Nidan Laboratories and Healthcare Limited,1.0,NIDAN-IN,0,SHARE,BMQ80X4,Q,Nidan Laboratories and Healthcare Limited1.pdf,86.9,86
TH0808010Y07,,1490,"Bangkok Chain Hospital Public Co., Ltd.",1,1984.0,THA,Y060BQ107,20041110.0,THA,006YS2-E,86.1,THAILAND,BCH-TH,TH0808010Y07,B7Z071,"Bangkok Chain Hospital Public Co., Ltd.",1.0,BCH-TH,1,SHARE,B7Z0713,Q,"Bangkok Chain Hospital Public Co., Ltd.1.pdf",86.1,86
DE000A0JDBC7,,1491,Limes Schlosskliniken AG,1,2005.0,DEU,D1R3TZ100,20181012.0,DEU,@NA,86.21,XETRA,LIK-DE,DE000A0JDBC7,BF7MYP,Limes Schlosskliniken AG,1.0,LIK-DE,1,SHARE,BF7MYP6,Q,Limes Schlosskliniken AG1.pdf,86.2,86
CA92663R1055,,1492,Viemed Healthcare Inc,1,2006.0,CAN,92663R105,20180104.0,USA,0HSP6V-E,87.1,NASDAQ,VMD-US,CA92663R1055,BDT5BK,Viemed Healthcare Inc,1.0,VMD-US,0,SHARE,BFFK5Z9,Q,Viemed Healthcare Inc1.pdf,87.1,87
US1124631045,,1493,Brookdale Senior Living Inc.,1,1978.0,USA,112463104,20051122.0,USA,007J7M-E,87.2,NYSE,BKD-US,US1124631045,11246310,Brookdale Senior Living Inc.,1.0,BKD-US,1,SHARE,B0PZN33,Q,Brookdale Senior Living Inc.2.pdf,87.2,87
JP3545820007,,1494,"teno.Holdings Co., Ltd.",1,2015.0,JPN,J82989112,20181221.0,JPN,0JX861-E,88.99,TOKYO,7037-JP,JP3545820007,BDGGFX,"teno.Holdings Co., Ltd.",1.0,7037-JP,1,SHARE,BDGGFX0,Q,"teno.Holdings Co., Ltd.1.pdf",88.9,88
EGS99021C015,,1496,Integrated Diagnostics Holdings PLC,0,2012.0,GBR,M5R666103,20210609.0,GBR,0CQTH9-E,86.9,EGYPT,IDHC-EG,EGS99021C015,BLKGSR,Integrated Diagnostics Holdings PLC,1.0,IDHC-EG,0,SHARE,BMBVBY6,Q,Integrated Diagnostics Holdings PLC1.pdf,86.9,86
KYG6485S1021,,1497,New Horizon Health Limited,1,2015.0,HKG,G6485S102,20210609.0,CHN,0NBYPN-E,86.9,HONG KONG CONNECT - SHENZHEN,@NA,KYG6485S1021,BKPS6M,New Horizon Health Limited,1.0,@NA,0,SHARE,BMFZLS8,Q,New Horizon Health Limited1.pdf,86.9,86
FDS1LRDU,,1498,United Medical Group CY PLC,1,2008.0,CYP,FDS1LRDU2,,CYP,0HNWTW-E,86.9,@NA,@NA,@NA,BN2TR2,United Medical Group CY PLC,1.0,@NA,1,SHARE,@NA,Q,United Medical Group CY PLC1.pdf,86.9,86
AEE01119B224,,1499,Burjeel Holdings Plc,0,2007.0,ARE,M2054H109,20221010.0,ARE,@NA,86.9,ABU DHABI,BURJEEL-AE,AEE01119B224,BQ1LDD,Burjeel Holdings Plc,1.0,BURJEEL-AE,0,SHARE,BQ1LDD7,Q,Burjeel Holdings Plc1.pdf,86.9,86
MYL5225OO007,,1500,IHH Healthcare Bhd.,1,2010.0,MYS,Y374AH103,20120725.0,MYS,076SPC-E,86.1,MALAYSIA,5225-MY,MYL5225OO007,B83X6P,IHH Healthcare Bhd.,1.0,5225-MY,1,SHARE,B83X6P8,Q,IHH Healthcare Bhd.1.pdf,86.1,86
AER001001018,,1501,Response Plus Holding PJSC,1,2015.0,ARE,M8211E103,20210914.0,ARE,@NA,86.21,ABU DHABI,@NA,AER001001018,BLH05M,Response Plus Holding PJSC,1.0,RPM-AE,1,SHARE,BLH05M6,Q,Response Plus Holding PJSC1.pdf,86.2,86
KYG4644Q1091,,1502,Human Health Holdings Ltd.,1,1997.0,HKG,G4644Q109,20160401.0,HKG,0FV8LV-E,86.9,HONG KONG,1419-HK,KYG4644Q1091,BZ3T5Y,Human Health Holdings Ltd.,1.0,1419-HK,1,SHARE,BZ3T5Y7,Q,Human Health Holdings Ltd.2.pdf,86.9,86
CA05455W1086,,1503,Awakn Life Sciences Corp,1,,CAN,05455W108,,CAN,@NA,86.9,AEQUITAS LIT,AWKN-CA,CA05455W1086,BP0PMB,Awakn Life Sciences Corp,1.0,AWKN-CA,1,SHARE,BP0PMB4,Q,Awakn Life Sciences Corp1.pdf,86.9,86
US6494872046,,1504,"New York Health Care, Inc.",0,1983.0,USA,649487204,19961223.0,USA,@NA,86.9,US OTC,BBAL-US,US6494872046,64948720,"New York Health Care, Inc.",1.0,BBAL-US,1,SHARE,2216195,Q,"New York Health Care, Inc.1.pdf",86.9,86
IT0005345233,,1505,Garofalo Health Care S.P.A.,1,2000.0,ITA,T48564115,20181109.0,ITA,0JW7DH-E,86.1,MILAN,GHC-IT,IT0005345233,BG3615,Garofalo Health Care S.P.A.,1.0,GHC-IT,1,SHARE,BG36158,Q,Garofalo Health Care S.P.A.2.pdf,86.1,86
INE934C01018,,1506,Dr. Agarwal'S Eye Hospital Limited,1,1957.0,IND,Y2105K116,19980804.0,IND,06P0ZY-E,86.22,BSE INDIA,526783-IN,INE934C01018,633564,Dr. Agarwal'S Eye Hospital Limited,1.0,526783-IN,1,SHARE,6335643,Q,Dr. Agarwal'S Eye Hospital Limited2.pdf,86.2,86
SA15K0SKL513,,1507,Naba Alsaha Medical Services Co.,1,1984.0,SAU,M7141B106,20220907.0,SAU,@NA,86.1,SAUDI ARABIA,@NA,SA15K0SKL513,BN4CZ6,Naba Alsaha Medical Services Co.,1.0,9546-SA,1,SHARE,BN4CZ63,Q,Naba Alsaha Medical Services Co.1.pdf,86.1,86
CA58457V5036,,1508,Medical Facilities Corporation,1,2004.0,CAN,58457V503,20041209.0,CAN,005J2Y-E,86.1,US OTC,@NA,CA58457V5036,B4NPRQ,Medical Facilities Corporation,1.0,MFCSF-US,0,SHARE,B4S9D52,Q,Medical Facilities Corporation1.pdf,86.1,86
US74019L5030,,1509,"Precipio, Inc.",1,1997.0,USA,74019L503,20000718.0,USA,0H5JZM-E,86.9,NASDAQ,PRPO-US,US74019L5030,74019L50,"Precipio, Inc.",1.0,PRPO-US,1,SHARE,BJRFDD4,Q,"Precipio, Inc.1.pdf",86.9,86
CA70324L1058,,1510,Pathway Health Corp.,1,2014.0,CAN,70324L105,20170908.0,CAN,0NYXXX-E,86.21,TSX VENTURE,@NA,CA70324L1058,70324L10,Pathway Health Corp.,1.0,PHC-CA,1,SHARE,BNNJN83,Q,Pathway Health Corp.3.pdf,86.2,86
MYQ0222OO008,,1512,Optimax Holdings Bhd.,1,2018.0,MYS,Y6S4CC102,20200818.0,MYS,0M2414-E,86.22,MALAYSIA,0222-MY,MYQ0222OO008,BLBR7K,Optimax Holdings Bhd.,1.0,0222-MY,1,SHARE,BLBR7K5,Q,Optimax Holdings Bhd.2.pdf,86.2,86
AU0000181851,,1513,Radiopharm Theranostics Limited,1,,AUS,Q79455103,20211125.0,AUS,@NA,86.9,ASX,RAD-AU,AU0000181851,BMG3PT,Radiopharm Theranostics Limited,1.0,RAD-AU,1,SHARE,BMG3PT0,Q,Radiopharm Theranostics Limited1.pdf,86.9,86
FR0000184798,,1514,Orpea SA,1,1995.0,FRA,F69036105,20081002.0,FRA,05J77X-E,87.1,US OTC,@NA,FR0000184798,733945,Orpea SA,1.0,ORPEF-US,0,SHARE,B06MP48,Q,Orpea SA2.pdf,87.1,87
CA83086L2057,,1515,Skylight Health Group Inc.,1,2014.0,CAN,83086L205,20190408.0,CAN,0JDFVL-E,86.9,US OTC,@NA,CA83086L2057,BN79ZL,Skylight Health Group Inc.,1.0,SLHGF-US,0,SHARE,BN79ZR2,Q,Skylight Health Group Inc.1.pdf,86.9,86
FR0011049824,,1516,Median Technologies,1,2002.0,FRA,F61138107,20110520.0,FRA,064RXR-E,86.9,EURONEXT PARIS,ALMDT-FR,FR0011049824,B4KK6W,Median Technologies,1.0,ALMDT-FR,1,SHARE,B4KK6W1,Q,Median Technologies1.pdf,86.9,86
DE0005785802,,1517,Fresenius Medical Care AG & Co. KGaA,1,1996.0,DEU,D2734Z107,19961003.0,DEU,0019D5-E,86.9,XETRA,FME-DE,DE0005785802,512907,Fresenius Medical Care AG & Co. KGaA,1.0,FME-DE,1,SHARE,5129074,Q,Fresenius Medical Care AG & Co. KGaA2.pdf,86.9,86
CA82621K1021,,1518,Sienna Senior Living Inc.,1,1972.0,CAN,82621K102,20100609.0,CAN,00CF5L-E,87.9,US OTC,LWSCF-US,CA82621K1021,BWTYXH,Sienna Senior Living Inc.,1.0,LWSCF-US,0,SHARE,BX9F868,Q,Sienna Senior Living Inc.2.pdf,87.9,87
CA94947L1022,,1519,WELL Health Technologies Corp.,1,2010.0,CAN,94947L102,20180220.0,CAN,0H2YHL-E,86.21,US OTC,@NA,CA94947L1022,BF1H8W,WELL Health Technologies Corp.,1.0,WHTCF-US,0,SHARE,BF1H8X3,Q,WELL Health Technologies Corp.1.pdf,86.2,86
US42225L2034,,1520,"Health Advance, Inc.",1,2010.0,USA,42225L203,20120808.0,USA,@NA,86.9,US OTC,@NA,US42225L2034,42225L20,"Health Advance, Inc.",1.0,HADV-US,1,SHARE,B9KFCS9,Q,"Health Advance, Inc.2.pdf",86.9,86
DE000A0STSQ8,,1521,M1 Kliniken AG,1,2007.0,DEU,D54872110,20150914.0,DEU,@NA,86.21,XETRA,M12-DE,DE000A0STSQ8,BYQC66,M1 Kliniken AG,1.0,M12-DE,1,SHARE,BYQC665,Q,M1 Kliniken AG1.pdf,86.2,86
US68375N1037,,1522,"OPKO Health, Inc.",1,1991.0,USA,68375N103,19951102.0,USA,06SR5N-E,86.9,NASDAQ,OPK-US,US68375N1037,68375N10,"OPKO Health, Inc.",1.0,OPK-US,1,SHARE,2115902,Q,"OPKO Health, Inc.2.pdf",86.9,86
CA67054W1032,,1523,Numinus Wellness Inc,1,1962.0,CAN,67054W103,19960301.0,CAN,0MCSHM-E,86.9,TORONTO,NUMI-CA,CA67054W1032,BM9593,Numinus Wellness Inc,1.0,NUMI-CA,1,SHARE,BM95935,Q,Numinus Wellness Inc1.pdf,86.9,86
CA9534001081,,1525,West Island Brands Inc,1,2007.0,CAN,953400108,20141223.0,CAN,00B2HL-E,86.9,US OTC,@NA,CA9534001081,BMD1TD,West Island Brands Inc,1.0,WIBFF-US,0,SHARE,BMD1TF1,Q,West Island Brands Inc1.pdf,86.9,86
AU000000PSQ9,,1526,Pacific Smiles Group Ltd,1,2003.0,AUS,Q7246E100,20141121.0,AUS,0D6NDR-E,86.23,ASX,PSQ-AU,AU000000PSQ9,BSLVQ6,Pacific Smiles Group Ltd,1.0,PSQ-AU,1,SHARE,BSLVQ65,Q,Pacific Smiles Group Ltd1.pdf,86.2,86
US90337L1089,,1527,"U.S. Physical Therapy, Inc.",1,1990.0,USA,90337L108,19920529.0,USA,0014W2-E,86.9,NYSE,USPH-US,US90337L1089,90337L10,"U.S. Physical Therapy, Inc.",1.0,USPH-US,1,SHARE,2911166,Q,"U.S. Physical Therapy, Inc.1.pdf",86.9,86
INE08LI01020,,1528,Krsnaa Diagnostics Limited,1,,IND,Y4993M113,20210816.0,IND,0GD8PJ-E,86.9,BSE INDIA,543328-IN,INE08LI01020,BL6L40,Krsnaa Diagnostics Limited,1.0,543328-IN,1,SHARE,BL6L401,Q,Krsnaa Diagnostics Limited1.pdf,86.9,86
JE00BLKGSR75,,1529,Integrated Diagnostics Holdings Plc,1,2012.0,GBR,G4836Q115,20190603.0,GBR,0CQTH9-E,86.9,US OTC,@NA,JE00BLKGSR75,BLKGSR,Integrated Diagnostics Holdings Plc,1.0,IDGXF-US,0,SHARE,BLD5XV0,Q,Integrated Diagnostics Holdings Plc1.pdf,86.9,86
KYG7013H1056,,1530,Perfect Medical Health Management Limited,1,2011.0,HKG,G7013H105,20220927.0,HKG,@NA,86.21,US OTC,@NA,KYG7013H1056,B7F0L0,Perfect Medical Health Management Limited,1.0,PFSMF-US,0,SHARE,BNXM9D9,Q,Perfect Medical Health Management Limited2.pdf,86.2,86
INE474Q01031,,1531,Global Health Limited,1,2004.0,IND,Y2R1K6136,20221116.0,IND,0BVMTJ-E,86.1,BSE INDIA,543654-IN,INE474Q01031,BN960L,Global Health Limited,1.0,543654-IN,1,SHARE,BN960L0,Q,Global Health Limited2.pdf,86.1,86
DE000A3E5C08,,1532,co.don AG,1,1999.0,DEU,D1534Z200,20140324.0,DEU,05JHR0-E,86.9,LONDON,@NA,DE000A3E5C08,BN6SDL,co.don AG,1.0,0Q37-GB,0,SHARE,BMH86W4,Q,co.don AG1.pdf,86.9,86
FR0010386334,,1533,Korian SE,1,2003.0,FRA,F5412L108,19980720.0,FRA,067D2X-E,87.2,EURONEXT PARIS,KORI-FR,FR0010386334,B1HKRM,Korian SE,1.0,KORI-FR,1,SHARE,B1HKRM0,Q,Korian SE1.pdf,87.2,87
ID1000143100,,1534,PT Medikaloka Hermina Tbk,1,1999.0,IDN,Y5S076101,20180516.0,IDN,0HCW57-E,86.1,INDONESIA,HEAL-ID,ID1000143100,BFZ8G2,PT Medikaloka Hermina Tbk,1.0,HEAL-ID,1,SHARE,BFZ8G27,Q,PT Medikaloka Hermina Tbk1.pdf,86.1,86
TH0862010Y04,,1535,Principal Capital Public Co. Ltd.,1,2000.0,THA,Y60042150,20051026.0,THA,007Q7Y-E,86.1,THAILAND,PRINC-TH,TH0862010Y04,BDC5K9,Principal Capital Public Co. Ltd.,1.0,PRINC-TH,1,SHARE,BDC5K92,Q,Principal Capital Public Co. Ltd.1.pdf,86.1,86
TH5811010005,,1536,LDC Dental Public Company Ltd,1,1992.0,THA,Y5206L107,20140902.0,THA,@NA,86.23,THAILAND,LDC-TH,TH5811010005,BQJYRG,LDC Dental Public Company Ltd,1.0,LDC-TH,1,SHARE,BQJYRG9,Q,LDC Dental Public Company Ltd1.pdf,86.2,86
TW0003218004,,1537,"Universal Vision Biotechnology Co., Ltd.",1,1994.0,TWN,Y9297L109,20040129.0,TWN,@NA,86.22,TAIPEI,3218-TW,TW0003218004,673205,"Universal Vision Biotechnology Co., Ltd.",1.0,3218-TW,1,SHARE,6732051,Q,"Universal Vision Biotechnology Co., Ltd.2.pdf",86.2,86
PLGNOMD00024,,1538,Genomed S.A.,1,2007.0,POL,X30792109,20110530.0,POL,@NA,86.9,WARSAW,@NA,PLGNOMD00024,B3ZQCX,Genomed S.A.,1.0,GEN-PL,1,SHARE,B3ZQCX0,Q,Genomed S.A.1.pdf,86.9,86
US90336K1016,,1539,"U.S. Neurosurgical Holdings, Inc.",1,1993.0,USA,90336K101,19991021.0,USA,@NA,86.9,US OTC,@NA,US90336K1016,90336K10,"U.S. Neurosurgical Holdings, Inc.",1.0,USNU-US,1,SHARE,2488411,Q,"U.S. Neurosurgical Holdings, Inc.2.pdf",86.9,86
FR0004170017,,1540,LNA Sante SA,1,1992.0,FRA,F5641R108,20060607.0,FRA,00899X-E,87.1,EURONEXT PARIS,LNA-FR,FR0004170017,B03GCV,LNA Sante SA,1.0,LNA-FR,1,SHARE,B03GCV9,Q,LNA Sante SA1.pdf,87.1,87
KYG393421030,,1541,Global Cord Blood Corporation,1,2008.0,USA,G39342103,20070122.0,HKG,00C3ML-E,86.9,NYSE,CO-US,KYG393421030,G3934210,Global Cord Blood Corporation,1.0,CO-US,1,SHARE,BZ8VL95,Q,Global Cord Blood Corporation1.pdf,86.9,86
KYG4052M1033,,1542,Good Fellow Healthcare Holdings Limited,1,2001.0,HKG,G4052M103,20020510.0,HKG,06JHKR-E,86.1,HONG KONG,8143-HK,KYG4052M1033,BMVLMG,Good Fellow Healthcare Holdings Limited,1.0,8143-HK,1,SHARE,BMVLMG5,Q,Good Fellow Healthcare Holdings Limited2.pdf,86.1,86
US40412C1018,,1546,HCA Healthcare Inc,1,1968.0,USA,40412C101,20110310.0,USA,0B6B0X-E,86.1,NYSE,HCA-US,US40412C1018,40412C10,HCA Healthcare Inc,1.0,HCA-US,1,SHARE,B4MGBG6,Q,HCA Healthcare Inc2.pdf,86.1,86
CH0478634105,,1547,AEVIS VICTORIA SA,1,1950.0,CHE,H0073P108,20211209.0,CHE,05JD2B-E,86.1,US OTC,@NA,CH0478634105,BKBDPW,AEVIS VICTORIA SA,1.0,AEVIF-US,0,SHARE,BKVM0M6,Q,AEVIS VICTORIA SA1.pdf,86.1,86
KYG3313G1038,,1548,Fameglow Holdings Limited,1,2018.0,HKG,G3313G103,20181015.0,HKG,0JMQBN-E,86.21,HONG KONG,@NA,KYG3313G1038,BFZMK7,Fameglow Holdings Limited,1.0,8603-HK,1,SHARE,BFZMK72,Q,Fameglow Holdings Limited1.pdf,86.2,86
CA5650851077,,1549,Many Bright Ideas Technologies Inc,1,2006.0,CAN,565085107,20121015.0,CAN,@NA,86.9,US OTC,@NA,CA5650851077,BP6CKT,Many Bright Ideas Technologies Inc,1.0,MBGNF-US,0,SHARE,BP6CKV5,Q,Many Bright Ideas Technologies Inc1.pdf,86.9,86
SA139051UIH0,,1550,National Medical Care Co.,1,2003.0,SAU,M7228Y102,20130313.0,SAU,0B1W0L-E,86.1,SAUDI ARABIA,4005-SA,SA139051UIH0,B915XX,National Medical Care Co.,1.0,4005-SA,1,SHARE,B915XX0,Q,National Medical Care Co.1.pdf,86.1,86
NZOCAE0002S0,,1551,Oceania Healthcare Ltd.,1,2008.0,NZL,Q7056S108,20220330.0,NZL,0FSCWF-E,87.2,US OTC,@NA,NZOCAE0002S0,BD6DH4,Oceania Healthcare Ltd.,1.0,OCEHF-US,0,SHARE,BGL88N3,Q,Oceania Healthcare Ltd.2.pdf,87.2,87
SA15JHD4L416,,1552,Future Care Trading Co.,1,2015.0,SAU,M4628Z102,20220801.0,SAU,@NA,86.9,SAUDI ARABIA,@NA,SA15JHD4L416,BQ2H26,Future Care Trading Co.,1.0,9544-SA,1,SHARE,BQ2H260,Q,Future Care Trading Co.1.pdf,86.9,86
AU0000209868,,1553,Microba Life Sciences Limited,1,2017.0,AUS,Q60774108,20220405.0,AUS,@NA,86.9,ASX,MAP-AU,AU0000209868,BN6V90,Microba Life Sciences Limited,1.0,MAP-AU,1,SHARE,BN6V900,Q,Microba Life Sciences Limited2.pdf,86.9,86
SA12C051UH11,,1555,Mouwasat Medical Services Co.,1,1974.0,SAU,M7065G107,20090902.0,SAU,082LKC-E,86.1,SAUDI ARABIA,4002-SA,SA12C051UH11,B403QG,Mouwasat Medical Services Co.,1.0,4002-SA,1,SHARE,B403QG4,Q,Mouwasat Medical Services Co.1.pdf,86.1,86
MYQ0243OO004,,1556,Cengild Medical Bhd.,1,2021.0,MYS,Y163F4104,20220418.0,MYS,@NA,86.21,MALAYSIA,0243-MY,MYQ0243OO004,BPDWLV,Cengild Medical Bhd.,1.0,0243-MY,1,SHARE,BPDWLV5,Q,Cengild Medical Bhd.2.pdf,86.2,86
US04546A1007,,1557,Arboreta Healthcare Inc,1,2017.0,USA,04546A100,20191025.0,USA,0JGRP6-E,87.2,US OTC,@NA,US04546A1007,04546A10,Arboreta Healthcare Inc,1.0,ARBH-US,1,SHARE,BKSGDT9,Q,Arboreta Healthcare Inc1.pdf,87.2,87
CA17253X1050,,1558,Cipher Pharmaceuticals Inc.,1,2000.0,CAN,17253X105,20120523.0,CAN,005JJ1-E,86.9,US OTC,CPHRF-US,CA17253X1050,241756,Cipher Pharmaceuticals Inc.,1.0,CPHRF-US,0,SHARE,B0WW4C3,Q,Cipher Pharmaceuticals Inc.1.pdf,86.9,86
US1373893007,,1559,"Cancer Treatment Holdings, Inc.",0,1986.0,USA,137389300,19880913.0,USA,@NA,86.9,US OTC,@NA,US1373893007,13738930,"Cancer Treatment Holdings, Inc.",1.0,CTHZ-US,1,SHARE,2334882,Q,"Cancer Treatment Holdings, Inc.1.pdf",86.9,86
US23918K1088,,1560,DaVita Inc.,1,1994.0,USA,23918K108,20180129.0,USA,0015RG-E,86.9,LONDON,@NA,US23918K1088,23918K10,DaVita Inc.,1.0,0I7E-GB,0,SHARE,BYZHJS4,Q,DaVita Inc.1.pdf,86.9,86
MYQ0155OO000,,1562,Malaysian Genomics Resource Centre Bhd.,1,2004.0,MYS,Y6032T108,20101005.0,MYS,@NA,86.9,MALAYSIA,0155-MY,MYQ0155OO000,B67YS7,Malaysian Genomics Resource Centre Bhd.,1.0,0155-MY,1,SHARE,B67YS79,Q,Malaysian Genomics Resource Centre Bhd.2.pdf,86.9,86
CA29246V1040,,1564,Empower Clinics Inc,1,1997.0,CAN,29246V104,20060404.0,CAN,0JHRJD-E,86.21,STUTTGART,@NA,CA29246V1040,BYWV4K,Empower Clinics Inc,1.0,8EC-DE,0,SHARE,BFXDBV8,Q,Empower Clinics Inc1.pdf,86.2,86
CA76151T1030,,1565,Revitalist Lifestyle & Wellness Ltd.,1,2018.0,CAN,76151T103,20210922.0,USA,0NG01D-E,86.9,US OTC,@NA,CA76151T1030,BP6T6Q,Revitalist Lifestyle & Wellness Ltd.,1.0,RVLWF-US,0,SHARE,BNM3GF4,Q,Revitalist Lifestyle & Wellness Ltd.1.pdf,86.9,86
AEG000401014,,1567,Gulf Medical Projects Co.,1,1979.0,ARE,M52434103,20080616.0,ARE,06ZKRZ-E,86.1,ABU DHABI,GMPC-AE,AEG000401014,B13MNJ,Gulf Medical Projects Co.,1.0,GMPC-AE,1,SHARE,B13MNJ9,Q,Gulf Medical Projects Co.2.pdf,86.1,86
KYG5216P1063,,1569,Kato (Hong Kong) Holdings Ltd.,1,1991.0,HKG,G5216P106,20190613.0,HKG,0K6LCT-E,87.2,HONG KONG,2189-HK,KYG5216P1063,BJGSTB,Kato (Hong Kong) Holdings Ltd.,1.0,2189-HK,1,SHARE,BJGSTB4,Q,Kato (Hong Kong) Holdings Ltd.1.pdf,87.2,87
ZAE000011953,,1570,Netcare Limited,1,1994.0,ZAF,S5507D108,19961205.0,ZAF,05HZLF-E,86.1,JSE,NTC-ZA,ZAE000011953,663642,Netcare Limited,1.0,NTC-ZA,1,SHARE,6636421,Q,Netcare Limited1.pdf,86.1,86
JP3822000000,,1571,"H.U.Group Holdings, Inc.",1,1950.0,JPN,J4352B101,20090107.0,JPN,065WR8-E,86.9,US OTC,@NA,JP3822000000,635661,"H.U.Group Holdings, Inc.",1.0,MRCHF-US,0,SHARE,B0CPJW7,Q,"H.U.Group Holdings, Inc.2.pdf",86.9,86
AU000000MVF3,,1572,Monash IVF Group Ltd,1,2014.0,AUS,Q6328D105,20140626.0,AUS,0DQWMK-E,86.9,ASX,MVF-AU,AU000000MVF3,BMSK74,Monash IVF Group Ltd,1.0,MVF-AU,1,SHARE,BMSK748,Q,Monash IVF Group Ltd1.pdf,86.9,86
MU0179I00005,,1573,C-Care (Mauritius) Ltd.,1,1972.0,MUS,V9T094108,20151019.0,MUS,@NA,86.1,MAURITIUS,@NA,MU0179I00005,B054RQ,C-Care (Mauritius) Ltd.,1.0,MASC-MU,1,SHARE,B054RQ1,Q,C-Care (Mauritius) Ltd.3.pdf,86.1,86
BMG6893L1375,,1574,Paradise Entertainment Limited,1,1996.0,HKG,G6893L137,20131210.0,HKG,05J9DJ-E,92.0,US OTC,@NA,BMG6893L1375,BBM55V,Paradise Entertainment Limited,1.0,PDSSF-US,0,SHARE,BGLPHH1,R,Paradise Entertainment Limited1.pdf,92.0,92
NL0000018034,,1575,AFC Ajax N.V.,1,1998.0,NLD,N01011118,20131218.0,NLD,05J4S3-E,93.12,LONDON,@NA,NL0000018034,545829,AFC Ajax N.V.,1.0,0DI7-GB,0,SHARE,B28DYH9,R,AFC Ajax N.V.2.pdf,93.1,93
IE00BWT6H894,,1576,Flutter Entertainment Plc,1,1988.0,GBR,G3643J108,20050203.0,IRL,0G1LBR-E,93.29,US OTC,@NA,IE00BWT6H894,BWXC0Z,Flutter Entertainment Plc,1.0,PDYPF-US,0,SHARE,BWZMZF4,R,Flutter Entertainment Plc1.pdf,93.2,93
KYG607441022,,1577,MGM China Holdings Limited,1,2010.0,HKG,G60744102,20141117.0,MAC,0BJD70-E,93.29,HONG KONG CONNECT  - SHANGHAI,2282-HSC,KYG607441022,B4P8HQ,MGM China Holdings Limited,1.0,@NA,0,SHARE,BP3RWH3,R,MGM China Holdings Limited1.pdf,93.2,93
AU0000027484,,1578,Ardent Leisure Group Ltd,1,1998.0,AUS,Q0499P138,20130516.0,AUS,0KCTG8-E,93.21,US OTC,@NA,AU0000027484,BFZPV9,Ardent Leisure Group Ltd,1.0,ARDLF-US,0,SHARE,BMD80J3,R,Ardent Leisure Group Ltd1.pdf,93.2,93
US3810131017,,1579,"Golden Entertainment, Inc.",1,1998.0,USA,381013101,19990104.0,USA,0027XT-E,92.0,NASDAQ,GDEN-US,US3810131017,38101310,"Golden Entertainment, Inc.",1.0,GDEN-US,1,SHARE,BYNH8R8,R,"Golden Entertainment, Inc.1.pdf",92.0,92
FR0013451333,,1581,La Francaise des Jeux SA,0,1976.0,FRA,F55896108,,FRA,0LLL2H-E,93.29,MEXICO,@NA,FR0013451333,BG0SC1,La Francaise des Jeux SA,1.0,FDJN-MX,0,SHARE,BPLL6D1,R,La Francaise des Jeux SA3.pdf,93.2,93
GRS419003009,,1582,Greek Organisation of Football Prognostics SA,1,1958.0,GRC,X3232T104,20071024.0,GRC,05JY6Y-E,92.0,US OTC,@NA,GRS419003009,710725,Greek Organisation of Football Prognostics SA,1.0,GRKZF-US,0,SHARE,B2PVNQ8,R,Greek Organisation of Football Prognostics SA1.pdf,92.0,92
GG00BMG42V42,,1584,Super Group (SGHC) Limited,1,,USA,G8588X103,20201123.0,GBR,@NA,93.29,NYSE,SGHC-US,GG00BMG42V42,G8588X10,Super Group (SGHC) Limited,1.0,SGHC-US,1,SHARE,BMG42V4,R,Super Group (SGHC) Limited2.pdf,93.2,93
CA75602A1012,,1586,Real Luck Group Ltd,1,2018.0,CAN,75602A101,20210212.0,CAN,@NA,93.29,US OTC,@NA,CA75602A1012,BLD3SZ,Real Luck Group Ltd,1.0,LUKEF-US,0,SHARE,BMVMMR9,R,Real Luck Group Ltd1.pdf,93.2,93
DE0005031801,,1587,Zoologischer Garten Berlin AG,1,1869.0,DEU,D98603109,19931126.0,DEU,@NA,91.04,BERLIN,@NA,DE0005031801,499178,Zoologischer Garten Berlin AG,1.0,ZOO-DE,1,SHARE,4991780,R,Zoologischer Garten Berlin AG2.pdf,91.0,91
PHY0927M1046,,1588,Bloomberry Resorts Corporation,1,1999.0,PHL,Y0927M104,20001017.0,PHL,0CG5T3-E,93.29,PHILIPPINES,BLOOM-PH,PHY0927M1046,B7RLFB,Bloomberry Resorts Corporation,1.0,BLOOM-PH,1,SHARE,B7RLFB0,R,Bloomberry Resorts Corporation1.pdf,93.2,93
SE0009269467,,1589,Actic Group AB,1,2012.0,SWE,W02487101,20170426.0,SWE,06Z5X8-E,93.13,LONDON,@NA,SE0009269467,BDD99C,Actic Group AB,1.0,0ROI-GB,0,SHARE,BYWVHB8,R,Actic Group AB1.pdf,93.1,93
US1564921005,,1591,"Century Casinos, Inc.",1,1992.0,USA,156492100,19931110.0,USA,0013CN-E,93.29,NASDAQ,CNTY-US,US1564921005,15649210,"Century Casinos, Inc.",1.0,CNTY-US,1,SHARE,2022239,R,"Century Casinos, Inc.2.pdf",93.2,93
DE000A2YN777,,1592,pferdewetten.de AG,1,2011.0,DEU,D6073M114,20000719.0,DEU,05JSTC-E,92.0,XETRA,EMH-DE,DE000A2YN777,BKS3NL,pferdewetten.de AG,1.0,EMH-DE,1,SHARE,BKS3NL2,R,pferdewetten.de AG1.pdf,92.0,92
INE982Q01017,,1593,HanMan Fit Ltd.,1,1975.0,IND,Y7028R106,20141021.0,IND,0DS9JN-E,93.13,BSE INDIA,@NA,INE982Q01017,BRS66Z,HanMan Fit Ltd.,1.0,538731-IN,1,SHARE,BRS66Z5,R,HanMan Fit Ltd.1.pdf,93.1,93
CA87310A1093,,1594,TWC Enterprises Limited,1,1997.0,CAN,87310A109,19971224.0,CAN,0811HS-E,93.13,TORONTO,@NA,CA87310A1093,BNHLFC,TWC Enterprises Limited,1.0,TWC-CA,1,SHARE,BNHLFC3,R,TWC Enterprises Limited1.pdf,93.1,93
IT0003621783,,1595,S.S. Lazio S.p.A.,1,1900.0,ITA,T8660G149,20111116.0,ITA,05HPRL-E,93.12,LONDON,@NA,IT0003621783,777364,S.S. Lazio S.p.A.,1.0,0MS9-GB,0,SHARE,B28MK23,R,S.S. Lazio S.p.A.3.pdf,93.1,93
MU0021N00009,,1596,Automatic Systems Ltd.,1,1991.0,MUS,V0412T104,19960308.0,MUS,@NA,92.0,MAURITIUS,ASL-MU,MU0021N00009,606000,Automatic Systems Ltd.,1.0,ASL-MU,1,SHARE,6060008,R,Automatic Systems Ltd.1.pdf,92.0,92
IT0005528937,,1597,Deodato.Gallery S.P.A.,1,2019.0,ITA,T3R1EV108,20230125.0,ITA,@NA,91.02,MILAN,ART-IT,IT0005528937,BPWCBY,Deodato.Gallery S.P.A.,1.0,ART-IT,1,SHARE,BPWCBY9,R,Deodato.Gallery S.P.A.2.pdf,91.0,91
AU0000196065,,1599,XReality Group Ltd,1,2011.0,AUS,Q4912B205,20130118.0,AUS,0CVHSM-E,92.0,ASX,XRG-AU,AU0000196065,BMFZ7M,XReality Group Ltd,1.0,XRG-AU,1,SHARE,BMFZ7M4,R,XReality Group Ltd1.pdf,92.0,92
KYG9374E1199,,1600,Viva Goods Company Limited,1,2000.0,HKG,G9374E119,,HKG,0B87T8-E,93.12,US OTC,@NA,KYG9374E1199,B90DT3,Viva Goods Company Limited,1.0,VVCHF-US,0,SHARE,B910X46,R,Viva Goods Company Limited1.pdf,93.1,93
MT0001000109,,1601,Catena Media plc,1,2012.0,SWE,X1R6QC105,20171124.0,MLT,0FN4PH-E,92.0,LONDON,@NA,MT0001000109,BYZYH3,Catena Media plc,1.0,0RUE-GB,0,SHARE,BD5ZY19,R,Catena Media plc2.pdf,92.0,92
CA3649341094,,1602,"GameSquare Holdings, Inc.",1,,CAN,364934109,20120308.0,CAN,@NA,93.12,TSX VENTURE,GAME-CA,CA3649341094,BNQNF0,"GameSquare Holdings, Inc.",1.0,GAME-CA,1,SHARE,BNQNF08,R,"GameSquare Holdings, Inc.1.pdf",93.1,93
AU0000046013,,1603,Viva Leisure Ltd.,1,2004.0,AUS,Q9478M107,20190607.0,AUS,0KXB9L-E,93.13,ASX,VVA-AU,AU0000046013,BK6PQQ,Viva Leisure Ltd.,1.0,VVA-AU,1,SHARE,BK6PQQ6,R,Viva Leisure Ltd.1.pdf,93.1,93
FR0010428771,,1604,Olympique Lyonnais Groupe,1,1998.0,FRA,F67262109,20090616.0,FRA,05SNDV-E,93.12,US OTC,@NA,FR0010428771,B1PMPV,Olympique Lyonnais Groupe,1.0,OQLGF-US,0,SHARE,B2R7JV1,R,Olympique Lyonnais Groupe1.pdf,93.1,93
PLBNFTS00018,,1605,Benefit Systems S.A.,1,2000.0,POL,X071AA119,20170203.0,POL,0BQ3FS-E,92.0,LONDON,@NA,PLBNFTS00018,B4XY9X,Benefit Systems S.A.,1.0,0Q3J-GB,0,SHARE,B6SNNW5,R,Benefit Systems S.A.1.pdf,92.0,92
FR0000060428,,1606,Compagnie du Mont-Blanc SA,1,1955.0,FRA,F15792108,19900831.0,FRA,05J9BP-E,92.0,EURONEXT PARIS,MLCMB-FR,FR0000060428,418715,Compagnie du Mont-Blanc SA,1.0,MLCMB-FR,1,SHARE,4187158,R,Compagnie du Mont-Blanc SA2.pdf,92.0,92
CH0008175645,,1607,Televerbier SA,1,1950.0,FRA,H85383125,19990709.0,CHE,05SG6H-E,92.0,EURONEXT PARIS,TVRB-FR,CH0008175645,572004,Televerbier SA,1.0,TVRB-FR,1,SHARE,5720046,R,Televerbier SA2.pdf,92.0,92
MT0000650102,,1608,Angler Gaming PLC,1,2012.0,SWE,X0170M109,20120706.0,MLT,0CMT44-E,92.0,SPOTLIGHT,ANGL-SE,MT0000650102,B8BD17,Angler Gaming PLC,1.0,ANGL-SE,1,SHARE,B8BD177,R,Angler Gaming PLC1.pdf,92.0,92
LI1147158318,,1609,EasyMotionSkin Tec AG,1,,DEU,H20207108,20211209.0,LIE,@NA,92.0,XETRA,EFIT-DE,LI1147158318,BMG72L,EasyMotionSkin Tec AG,1.0,EFIT-DE,1,SHARE,BMG72L3,R,EasyMotionSkin Tec AG1.pdf,92.0,92
CA49601P1045,,1610,"Kings Entertainment Group, Inc.",1,2005.0,CAN,49601P104,20220124.0,CAN,@NA,92.0,CNQ,@NA,CA49601P1045,BPVC0B,"Kings Entertainment Group, Inc.",1.0,JKPT-CA,1,SHARE,BPVC0B0,R,"Kings Entertainment Group, Inc.1.pdf",92.0,92
FR0000053324,,1612,Compagnie des Alpes SA,1,1989.0,FRA,F2005P158,20190411.0,FRA,05J18G-E,92.0,US OTC,@NA,FR0000053324,B1YBWR,Compagnie des Alpes SA,1.0,CLPIF-US,0,SHARE,BJSFPP9,R,Compagnie des Alpes SA1.pdf,92.0,92
TRAGSRAY91X9,,1613,Galatasaray Sportif Sinai ve Ticari Yatirimlar A.S.,1,1997.0,TUR,M47211103,20020221.0,TUR,05JLSX-E,93.12,ISTANBUL,GSRAY.E-TR,TRAGSRAY91X9,B03MSV,Galatasaray Sportif Sinai ve Ticari Yatirimlar A.S.,1.0,GSRAY.E-TR,1,SHARE,B03MSV9,R,Galatasaray Sportif Sinai ve Ticari Yatirimlar A.S.1.pdf,93.1,93
IL0011425878,,1615,Holmes Place International Ltd.,1,1997.0,ISR,M5304Z100,20171225.0,ISR,0G84KL-E,93.13,TEL AVIV,@NA,IL0011425878,BFN3WG,Holmes Place International Ltd.,1.0,HLMS-IL,1,SHARE,BFN3WG0,R,Holmes Place International Ltd.3.pdf,93.1,93
SE0015557053,,1618,Fantasma Games AB,1,2016.0,SWE,W2949L108,20210323.0,SWE,@NA,92.0,OMX NORDIC STOCKHOLM,FAGA-SE,SE0015557053,BMV3K6,Fantasma Games AB,1.0,FAGA-SE,1,SHARE,BMV3K67,R,Fantasma Games AB1.pdf,92.0,92
KYG1132K1233,,1619,Birmingham Sports Holdings Limited,1,2002.0,HKG,G1132K123,20021112.0,HKG,09H1GP-E,93.12,HONG KONG,@NA,KYG1132K1233,BR1H7W,Birmingham Sports Holdings Limited,1.0,2309-HK,1,SHARE,BR1H7W9,R,Birmingham Sports Holdings Limited2.pdf,93.1,93
AU000000TAH8,,1620,Tabcorp Holdings Limited,1,1994.0,AUS,Q8815D101,20031110.0,AUS,003KKD-E,92.0,US OTC,@NA,AU000000TAH8,687326,Tabcorp Holdings Limited,1.0,TABCF-US,0,SHARE,B02PQM6,R,Tabcorp Holdings Limited1.pdf,92.0,92
US30322L1017,,1621,"F45 Training Holdings, Inc.",1,2003.0,USA,30322L101,20210715.0,USA,0L54PM-E,93.13,NYSE,FXLV-US,US30322L1017,30322L10,"F45 Training Holdings, Inc.",1.0,FXLV-US,1,SHARE,BL53KF5,R,"F45 Training Holdings, Inc.1.pdf",93.1,93
KE7000001433,,1622,Homeboyz Entertainment PLC,0,1992.0,KEN,FDS1FYHM8,20220511.0,KEN,@NA,92.0,NAIROBI,HBE-KE,KE7000001433,BMH72J,Homeboyz Entertainment PLC,1.0,HBE-KE,0,SHARE,BMH72J0,R,Homeboyz Entertainment PLC1.pdf,92.0,92
INE863E01015,,1623,Ajwa Fun World & Resort Ltd.,1,1992.0,IND,Y0031S104,20050722.0,IND,0B65WJ-E,93.21,BSE INDIA,@NA,INE863E01015,B04FLT,Ajwa Fun World & Resort Ltd.,1.0,526628-IN,1,SHARE,B04FLT6,R,Ajwa Fun World & Resort Ltd.2.pdf,93.2,93
FDS0EQIJ,,1625,Madison Square Garden Sports Corp.,1,2015.0,USA,FDS0EQIJ4,,USA,0FFBNG-E,93.12,@NA,@NA,@NA,55825T10,Madison Square Garden Sports Corp.,1.0,@NA,0,SHARE,@NA,R,Madison Square Garden Sports Corp.1.pdf,93.1,93
CA7574894068,,1626,Redishred Capital Corp.,1,2006.0,CAN,757489406,20070905.0,CAN,009FGG-E,91.01,TSX VENTURE,KUT-CA,CA7574894068,BNHWRN,Redishred Capital Corp.,1.0,KUT-CA,1,SHARE,BNHWRN1,R,Redishred Capital Corp.1.pdf,91.0,91
MYL1562OO007,,1630,Sports Toto Berhad,1,1969.0,MYS,Y0849N107,19900810.0,MYS,05HX7B-E,92.0,MALAYSIA,1562-MY,MYL1562OO007,633156,Sports Toto Berhad,1.0,1562-MY,1,SHARE,6331566,R,Sports Toto Berhad1.pdf,92.0,92
GB0004339189,,1631,Celtic Plc,1,1897.0,GBR,G19944118,20050517.0,GBR,05JF1M-E,93.12,US OTC,@NA,GB0004339189,043391,Celtic Plc,1.0,CLTFF-US,0,SHARE,B02S7T9,R,Celtic Plc1.pdf,93.1,93
GB00BM9CMX71,,1632,All Things Considered Group PLC,0,2021.0,GBR,G0294M109,20211221.0,GBR,@NA,90.01,ISDX,ATC-GB,GB00BM9CMX71,BM9CMX,All Things Considered Group PLC,1.0,ATC-GB,0,SHARE,BM9CMX7,R,All Things Considered Group PLC1.pdf,90.0,90
GB00BMWVF760,,1634,Guild Esports PLC,1,2019.0,GBR,G4197Z100,20201002.0,GBR,@NA,93.12,LONDON,GILD-GB,GB00BMWVF760,BMWVF7,Guild Esports PLC,1.0,GILD-GB,1,SHARE,BMWVF76,R,Guild Esports PLC1.pdf,93.1,93
FDS1M38O,,1635,"Beachbody Co., Inc.",1,1998.0,USA,FDS1M38O4,,USA,@NA,93.13,@NA,@NA,@NA,07346310,"Beachbody Co., Inc.",1.0,@NA,0,SHARE,@NA,R,"Beachbody Co., Inc.1.pdf",93.1,93
SE0019172735,,1639,Blick Global Group AB,1,2007.0,SWE,W2R39K128,20140625.0,SWE,@NA,93.29,SPOTLIGHT,BLICK-SE,SE0019172735,BPCJJ1,Blick Global Group AB,1.0,BLICK-SE,1,SHARE,BPCJJ13,R,Blick Global Group AB1.pdf,93.2,93
GB00B28ZPV64,,1641,Sportech PLC,1,1979.0,GBR,G83678113,19920730.0,GBR,003SJ1-E,93.11,LONDON,SPO-GB,GB00B28ZPV64,B28ZPV,Sportech PLC,1.0,SPO-GB,1,SHARE,B28ZPV6,R,Sportech PLC2.pdf,93.1,93
DE0006633605,,1643,Munchener Tierpark Hellabrunn AG,1,1929.0,DEU,D55564104,19920812.0,DEU,@NA,91.04,MUNICH,@NA,DE0006633605,446609,Munchener Tierpark Hellabrunn AG,1.0,MTP-DE,1,SHARE,4466095,R,Munchener Tierpark Hellabrunn AG1.pdf,91.0,91
BMG8565U1302,,1644,Summit Ascent Holdings Limited,1,1993.0,HKG,G8565U130,19940228.0,HKG,0BWHNR-E,92.0,HONG KONG,102-HK,BMG8565U1302,BNC9DC,Summit Ascent Holdings Limited,1.0,102-HK,1,SHARE,BNC9DC8,R,Summit Ascent Holdings Limited1.pdf,92.0,92
JP3834200002,,1646,Heiwa Corporation,1,1949.0,JPN,J19194109,19891005.0,JPN,05HWRT-E,93.11,TOKYO,6412-JP,JP3834200002,641958,Heiwa Corporation,1.0,6412-JP,1,SHARE,6419581,R,Heiwa Corporation2.pdf,93.1,93
KYG9722N1007,,1652,Wisdom Sports Group,1,2006.0,HKG,G9722N100,20130711.0,CHN,@NA,93.12,HONG KONG,1661-HK,KYG9722N1007,BC5ZFB,Wisdom Sports Group,1.0,1661-HK,1,SHARE,BC5ZFB9,R,Wisdom Sports Group1.pdf,93.1,93
JP3978800005,,1653,"Renaissance,Incorporated",1,1979.0,JPN,J6437G104,20220727.0,JPN,05WRTJ-E,93.13,US OTC,@NA,JP3978800005,670994,"Renaissance,Incorporated",1.0,RNNCF-US,0,SHARE,B05PK10,R,"Renaissance,Incorporated2.pdf",93.1,93
KW0EQ0602668,,1654,Future Kid Entertainment Real Estate Co. KSCC,1,1990.0,KWT,M4664T101,20081218.0,KWT,@NA,93.21,KUWAIT,@NA,KW0EQ0602668,B3KKHH,Future Kid Entertainment Real Estate Co. KSCC,1.0,FUTUREKID-KW,1,SHARE,B3KKHH6,R,Future Kid Entertainment Real Estate Co. KSCC3.pdf,93.2,93
ZAE000003257,,1655,Hosken Consolidated Investments Limited,1,1973.0,ZAF,S36080109,20230323.0,ZAF,05J4RG-E,92.0,US OTC,@NA,ZAE000003257,643973,Hosken Consolidated Investments Limited,1.0,HKCIF-US,0,SHARE,B2QBPZ0,R,Hosken Consolidated Investments Limited1.pdf,92.0,92
JP3719000006,,1659,"Nippon Ski Resort Development Co., Ltd.",1,2005.0,JPN,J5582A102,20150422.0,JPN,0874MT-E,92.0,TOKYO,6040-JP,JP3719000006,BWT383,"Nippon Ski Resort Development Co., Ltd.",1.0,6040-JP,1,SHARE,BWT3832,R,"Nippon Ski Resort Development Co., Ltd.1.pdf",92.0,92
US2620771004,,1660,Drive Shack Inc.,1,2002.0,USA,262077100,20021010.0,USA,0026K5-E,93.11,US OTC,DSHK-US,US2620771004,26207710,Drive Shack Inc.,1.0,DSHK-US,1,SHARE,BD8QHD2,R,Drive Shack Inc.2.pdf,93.1,93
INE172N01012,,1662,Imagicaaworld Entertainment Ltd.,1,2009.0,IND,Y0014J105,20150406.0,IND,0DC8T0-E,93.21,BSE INDIA,539056-IN,INE172N01012,BWBSHD,Imagicaaworld Entertainment Ltd.,1.0,539056-IN,1,SHARE,BWBSHD8,R,Imagicaaworld Entertainment Ltd.3.pdf,93.2,93
GB00BZBX0P70,,1669,Gym Group Plc,1,2013.0,GBR,G42114101,20180614.0,GBR,079N7F-E,93.13,US OTC,@NA,GB00BZBX0P70,BZBX0P,Gym Group Plc,1.0,GYYMF-US,0,SHARE,BG1DDT9,R,Gym Group Plc1.pdf,93.1,93
FDS34EEC,,1671,AFC Ajax N.V.,1,1998.0,NLD,FDS34EEC5,,NLD,05J4S3-E,93.12,@NA,@NA,@NA,545829,AFC Ajax N.V.,1.0,@NA,0,SHARE,@NA,R,AFC Ajax N.V.2.pdf,93.1,93
IT0003814537,,1674,Servizi Italia S.p.A.,1,2000.0,ITA,T82886101,20070405.0,ITA,06PXF9-E,96.01,MILAN,SRI-IT,IT0003814537,B1VMLV,Servizi Italia S.p.A.,1.0,SRI-IT,1,SHARE,B1VMLV9,S,Servizi Italia S.p.A.1.pdf,96.0,96
FDSA0070,,1675,Lets Holdings Group Co. Ltd.,1,1980.0,CHN,FDSA00707,,CHN,09QQ5J-E,96.09,@NA,@NA,@NA,B3NXFD,Lets Holdings Group Co. Ltd.,1.0,@NA,0,SHARE,@NA,S,Lets Holdings Group Co. Ltd.1.pdf,96.0,96
US55066U1088,,1676,"Luvu Brands, Inc.",1,1999.0,USA,55066U108,20070917.0,USA,0BKTLV-E,96.09,US OTC,@NA,US55066U1088,55066U10,"Luvu Brands, Inc.",1.0,LUVU-US,1,SHARE,BYZYX83,S,"Luvu Brands, Inc.1.pdf",96.0,96
US8175651046,,1677,Service Corporation International,1,1962.0,USA,817565104,19841105.0,USA,000W9G-E,96.03,NYSE,SCI-US,US8175651046,81756510,Service Corporation International,1.0,SCI-US,1,SHARE,2797560,S,Service Corporation International2.pdf,96.0,96
INE06ZX01015,,1678,Party Cruisers Limited,0,1994.0,IND,Y6785J109,20210322.0,IND,0KZ6NK-E,96.09,NSE INDIA,@NA,INE06ZX01015,BN6HTX,Party Cruisers Limited,1.0,PARTYCRUS-IN,0,SHARE,BN6HTX1,S,Party Cruisers Limited2.pdf,96.0,96
JP3472000003,,1679,"TAYA Co.,Ltd.",1,1964.0,JPN,J8443P102,19971027.0,JPN,05J5FG-E,96.02,TOKYO,4679-JP,JP3472000003,604389,"TAYA Co.,Ltd.",1.0,4679-JP,1,SHARE,6043894,S,"TAYA Co.,Ltd.1.pdf",96.0,96
TW0001535003,,1680,China Ecotek Corp.,1,1993.0,TWN,Y1416K104,20000217.0,TWN,06295R-E,96.09,TAIWAN,1535-TW,TW0001535003,620511,China Ecotek Corp.,1.0,1535-TW,1,SHARE,6205111,S,China Ecotek Corp.1.pdf,96.0,96
FR0012435121,,1681,Elis SA,1,1883.0,FRA,F2976F106,20161021.0,FRA,05MXDF-E,96.01,MEXICO,@NA,FR0012435121,BVSS79,Elis SA,1.0,ELISN-MX,0,SHARE,BD6DDC6,S,Elis SA1.pdf,96.0,96
SE0003909282,,1682,Dedicare AB,1,1995.0,SWE,W2483Q109,20170306.0,SWE,09G8G3-E,96.09,LONDON,@NA,SE0003909282,B67VNT,Dedicare AB,1.0,0P3K-GB,0,SHARE,B515WK2,S,Dedicare AB1.pdf,96.0,96
MYL03053O005,,1683,CC International Bhd.,0,2015.0,MYS,Y1236R107,20220628.0,MYS,@NA,96.09,MALAYSIA,@NA,MYL03053O005,BLFFF6,CC International Bhd.,1.0,03053-MY,0,SHARE,BLFFF67,S,CC International Bhd.1.pdf,96.0,96
FDSDE1F6,,1684,Dedicare AB,1,1995.0,SWE,FDSDE1F62,,SWE,09G8G3-E,96.09,@NA,@NA,@NA,B67VNT,Dedicare AB,1.0,@NA,0,SHARE,@NA,S,Dedicare AB1.pdf,96.0,96
CA60365X1006,,1685,Miniluxe Holding Corp.,1,2021.0,CAN,60365X100,20220428.0,USA,0PQR2T-E,96.02,US OTC,@NA,CA60365X1006,BNYMN7,Miniluxe Holding Corp.,1.0,MNLXF-US,0,SHARE,BP6CFC1,S,Miniluxe Holding Corp.1.pdf,96.0,96
FDS19IIP,,1686,OneSpaWorld Holdings Ltd.,1,1901.0,USA,FDS19IIP2,,BHS,0K9CM6-E,96.09,@NA,@NA,@NA,P7368411,OneSpaWorld Holdings Ltd.,1.0,@NA,0,SHARE,@NA,S,OneSpaWorld Holdings Ltd.1.pdf,96.0,96
KR7035720002,,1687,Kakao Corp.,1,1995.0,KOR,Y4519H119,19991111.0,KOR,0DZXKR-E,96.09,KOREA,035720-KR,KR7035720002,619403,Kakao Corp.,1.0,035720-KR,1,SHARE,6194037,S,Kakao Corp.1.pdf,96.0,96
KR7352820005,,1688,"HYBE Co., Ltd.",1,2005.0,KOR,Y0S0UG104,20201015.0,KOR,0CTRTV-E,96.09,KOREA,352820-KR,KR7352820005,BNGCJ2,"HYBE Co., Ltd.",1.0,352820-KR,1,SHARE,BNGCJ25,S,"HYBE Co., Ltd.2.pdf",96.0,96
AU000000EVS3,,1689,EnviroSuite Ltd,1,1995.0,AUS,Q3541Y107,20080211.0,AUS,070J7P-E,96.09,ASX,EVS-AU,AU000000EVS3,BY9C52,EnviroSuite Ltd,1.0,EVS-AU,1,SHARE,BY9C521,S,EnviroSuite Ltd1.pdf,96.0,96
JP3532950007,,1690,"TSUKURUBA, Inc.",1,2011.0,JPN,J93352102,20190731.0,JPN,0FCKRL-E,96.09,TOKYO,2978-JP,JP3532950007,BK5XQ5,"TSUKURUBA, Inc.",1.0,2978-JP,1,SHARE,BK5XQ50,S,"TSUKURUBA, Inc.2.pdf",96.0,96
INE06TD01010,,1691,Evans Electric Limited,1,1951.0,IND,Y2359T102,20190513.0,IND,0KQS9B-E,95.29,BSE INDIA,@NA,INE06TD01010,BK6RRX,Evans Electric Limited,1.0,542668-IN,1,SHARE,BK6RRX6,S,Evans Electric Limited2.pdf,95.2,95
JP3802690002,,1693,"Faith, Inc.",1,1992.0,JPN,J1334K100,20010904.0,JPN,05HZ2L-E,96.09,TOKYO,4295-JP,JP3802690002,638204,"Faith, Inc.",1.0,4295-JP,1,SHARE,6382047,S,"Faith, Inc.2.pdf",96.0,96
BSP736841136,,1694,OneSpaWorld Holdings Ltd.,1,1901.0,USA,P73684113,20190321.0,BHS,0K9CM6-E,96.09,NASDAQ,OSW-US,BSP736841136,P7368411,OneSpaWorld Holdings Ltd.,1.0,OSW-US,1,SHARE,BJY21L2,S,OneSpaWorld Holdings Ltd.1.pdf,96.0,96
JP3921320002,,1695,"MEDIROM Healthcare Technologies, Inc.",0,2000.0,JPN,J4189U108,,JPN,0H4KMT-E,96.02,@NA,@NA,JP3921320002,58510H10,"MEDIROM Healthcare Technologies, Inc.",1.0,@NA,1,SHARE,BMYDFT2,S,"MEDIROM Healthcare Technologies, Inc.2.pdf",96.0,96
FI4000512587,,1696,Betolar Oyj,1,2016.0,FIN,X0R1SM104,20211209.0,FIN,@NA,96.09,OMX NORDIC HELSINKI,BETOLAR-FI,FI4000512587,BMZQ9P,Betolar Oyj,1.0,BETOLAR-FI,1,SHARE,BMZQ9P4,S,Betolar Oyj1.pdf,96.0,96
KYG6426H1083,,1697,Net-a-Go Technology Company Limited,1,2013.0,HKG,G6426H108,20131210.0,HKG,0DG3XM-E,96.09,HONG KONG,@NA,KYG6426H1083,BLNL7N,Net-a-Go Technology Company Limited,1.0,1483-HK,1,SHARE,BLNL7N8,S,Net-a-Go Technology Company Limited1.pdf,96.0,96
US9047081040,,1698,UniFirst Corporation,1,1936.0,USA,904708104,19841105.0,USA,000Y1D-E,96.01,NYSE,UNF-US,US9047081040,90470810,UniFirst Corporation,1.0,UNF-US,1,SHARE,2466428,S,UniFirst Corporation1.pdf,96.0,96
JP3485700003,,1699,"Daiseki Eco.Solution Co., Ltd.",1,1996.0,JPN,J1199C102,20041208.0,JPN,064YRV-E,96.09,TOKYO,1712-JP,JP3485700003,B03P2D,"Daiseki Eco.Solution Co., Ltd.",1.0,1712-JP,1,SHARE,B03P2D8,S,"Daiseki Eco.Solution Co., Ltd.1.pdf",96.0,96
INE880P01015,,1701,Oseaspre Consultants Ltd.,0,1982.0,IND,Y65851126,20220803.0,IND,@NA,95.21,BSE INDIA,@NA,INE880P01015,BKQTWQ,Oseaspre Consultants Ltd.,1.0,509782-IN,0,SHARE,BKQTWQ0,S,Oseaspre Consultants Ltd.1.pdf,95.2,95
CA12989J1084,,1702,Calian Group Ltd.,1,1982.0,CAN,12989J108,19930916.0,CAN,003P8M-E,96.09,TORONTO,CGY-CA,CA12989J1084,BZ7P76,Calian Group Ltd.,1.0,CGY-CA,1,SHARE,BZ7P767,S,Calian Group Ltd.1.pdf,96.0,96
MYQ0162OO006,,1703,Widad Group Bhd.,1,2009.0,MYS,Y9583Q101,20110518.0,MYS,0BQY16-E,95.22,MALAYSIA,0162-MY,MYQ0162OO006,B63NKB,Widad Group Bhd.,1.0,0162-MY,1,SHARE,B63NKB8,S,Widad Group Bhd.1.pdf,95.2,95
DE000A1X3WW8,,1704,KHD Humboldt Wedag Vermogensverwaltungs-AG,1,1989.0,DEU,D4S00Z100,,DEU,@NA,96.09,LONDON,@NA,DE000A1X3WW8,BCRY6D,KHD Humboldt Wedag Vermogensverwaltungs-AG,1.0,0QG7-GB,0,SHARE,BCZXS14,S,KHD Humboldt Wedag Vermogensverwaltungs-AG1.pdf,96.0,96
KYG6847M1087,,1706,Ourgame International Holdings Ltd,1,2013.0,HKG,G6847M108,20140630.0,CHN,0DPCZS-E,96.09,HONG KONG,6899-HK,KYG6847M1087,BNGVXR,Ourgame International Holdings Ltd,1.0,6899-HK,1,SHARE,BNGVXR5,S,Ourgame International Holdings Ltd1.pdf,96.0,96
INE204S01012,,1707,Le Lavoir Ltd.,1,1981.0,IND,Y71764115,20160408.0,IND,@NA,96.01,BSE INDIA,@NA,INE204S01012,BYQ9V6,Le Lavoir Ltd.,1.0,539814-IN,1,SHARE,BYQ9V61,S,Le Lavoir Ltd.2.pdf,96.0,96
US7231041051,,1708,Pinelawn Cemetery,0,1902.0,USA,723104105,19941025.0,USA,@NA,96.03,US OTC,@NA,US7231041051,72310410,Pinelawn Cemetery,1.0,PLWN-US,0,SHARE,B030396,S,Pinelawn Cemetery2.pdf,96.0,96
JP3236900001,,1710,KIZUNA HOLDINGS Corp.,1,2000.0,JPN,J34729103,20200306.0,JPN,0LZGXQ-E,96.03,TOKYO,7086-JP,JP3236900001,BKHXZ0,KIZUNA HOLDINGS Corp.,1.0,7086-JP,1,SHARE,BKHXZ06,S,KIZUNA HOLDINGS Corp.1.pdf,96.0,96
AU000000IVC8,,1711,Invocare Limited,1,2001.0,AUS,Q4976L107,20031204.0,AUS,05Z03R-E,96.03,ASX,IVC-AU,AU000000IVC8,671526,Invocare Limited,1.0,IVC-AU,1,SHARE,6715267,S,Invocare Limited1.pdf,96.0,96
ZW0009011041,,1717,Ariston Holdings Ltd.,1,1947.0,ZWE,V97772103,20090317.0,ZWE,@NA,1.19,ZIMBABWE,ARIS-ZW,ZW0009011041,603408,Ariston Holdings Ltd.,1.0,ARIS-ZW,1,SHARE,6034081,A,Ariston Holdings Ltd.1.pdf,01.1,1
INE978A01027,,1718,Heritage Foods Limited,1,1992.0,IND,Y3179H146,20020117.0,IND,06FQLY-E,1.41,BSE INDIA,519552-IN,INE978A01027,BF2F40,Heritage Foods Limited,1.0,519552-IN,1,SHARE,BF2F405,A,Heritage Foods Limited1.pdf,01.4,1
MYL7854OO002,,1719,Timberwell Bhd.,1,1996.0,MYS,Y88399103,19970516.0,MYS,05JH15-E,2.3,MALAYSIA,7854-MY,MYL7854OO002,690556,Timberwell Bhd.,1.0,7854-MY,1,SHARE,6905563,A,Timberwell Bhd.1.pdf,02.3,2
MYQ0189OO009,,1720,Matang Bhd.,1,2015.0,MYS,Y58347108,20170117.0,MYS,@NA,1.19,MALAYSIA,0189-MY,MYQ0189OO009,BYYQB5,Matang Bhd.,1.0,0189-MY,1,SHARE,BYYQB53,A,Matang Bhd.2.pdf,01.1,1
MYL4316OO005,,1721,Sin Heng Chan (Malaya) Bhd.,1,1962.0,MYS,Y80178109,19880324.0,MYS,05YMQ5-E,1.19,MALAYSIA,4316-MY,MYL4316OO005,681088,Sin Heng Chan (Malaya) Bhd.,1.0,4316-MY,1,SHARE,6810883,A,Sin Heng Chan (Malaya) Bhd.1.pdf,01.1,1
CNE100000056,,1722,"Tech-bank Food Co., Ltd.",1,1996.0,CHN,Y62988103,20161205.0,CHN,06V3HM-E,1.46,SHENZHEN CONNECT,002124-SEC,CNE100000056,B1Q7L5,"Tech-bank Food Co., Ltd.",1.0,@NA,0,SHARE,BD6QWR3,A,"Tech-bank Food Co., Ltd.3.pdf",01.4,1
AU000000NAM1,,1723,Namoi Cotton Ltd,1,1962.0,AUS,Q6518L107,19980406.0,AUS,05JG1Z-E,1.63,ASX,NAM-AU,AU000000NAM1,610827,Namoi Cotton Ltd,1.0,NAM-AU,1,SHARE,6108276,A,Namoi Cotton Ltd1.pdf,01.6,1
NO0010768500,,1724,Atlantic Sapphire ASA,1,2010.0,NOR,R07217103,20180502.0,NOR,0H3Y0F-E,3.11,US OTC,@NA,NO0010768500,BDFG5D,Atlantic Sapphire ASA,1.0,AASZF-US,0,SHARE,BD97BR6,A,Atlantic Sapphire ASA1.pdf,03.1,3
NA000A1KCRP0,,1725,Agra Limited,0,1946.0,NAM,V0084H107,20130208.0,NAM,@NA,1.19,NAMIBIA,AGR-NA,NA000A1KCRP0,B8HMQ8,Agra Limited,1.0,AGR-NA,0,SHARE,B8HMQ84,A,Agra Limited2.pdf,01.1,1
KYG4643W1078,,1726,Huisheng International Holdings Ltd.,1,2007.0,HKG,G4643W107,20140228.0,CHN,0DL9XN-E,1.46,HONG KONG,1340-HK,KYG4643W1078,BJYNJ1,Huisheng International Holdings Ltd.,1.0,1340-HK,1,SHARE,BJYNJ11,A,Huisheng International Holdings Ltd.3.pdf,01.4,1
AU000000AAC9,,1727,Australian Agricultural Company Limited,1,1824.0,AUS,Q08448112,20010810.0,AUS,05JYQR-E,1.62,ASX,AAC-AU,AU000000AAC9,638228,Australian Agricultural Company Limited,1.0,AAC-AU,1,SHARE,6382285,A,Australian Agricultural Company Limited1.pdf,01.6,1
INE054C01015,,1728,Waterbase Limited,1,1987.0,IND,Y8799W118,19990215.0,IND,05JTBN-E,3.21,BSE INDIA,523660-IN,INE054C01015,694229,Waterbase Limited,1.0,523660-IN,1,SHARE,6942292,A,Waterbase Limited2.pdf,03.2,3
CA13766C1005,,1729,CannAmerica Brands Corp.,0,2017.0,CAN,13766C100,20181213.0,CAN,@NA,1.3,US OTC,@NA,CA13766C1005,BGSDJL,CannAmerica Brands Corp.,1.0,CNNXF-US,0,SHARE,BHK9V02,A,CannAmerica Brands Corp.1.pdf,01.3,1
SG1BE8000008,,1730,Qian Hu Corporation Limited,1,1998.0,SGP,Y2772H156,20001108.0,SGP,@NA,3.21,SINGAPORE,BCV-SG,SG1BE8000008,BYV9SF,Qian Hu Corporation Limited,1.0,BCV-SG,1,SHARE,BYV9SF4,A,Qian Hu Corporation Limited1.pdf,03.2,3
MYA013922002,,1731,Jawala Inc.,1,2017.0,SGP,Y4507L106,20180601.0,MYS,0JL0RH-E,1.19,SINGAPORE,@NA,MYA013922002,BF2Q9Q,Jawala Inc.,1.0,1J7-SG,1,SHARE,BF2Q9Q9,A,Jawala Inc.1.pdf,01.1,1
CA39342L1085,,1732,Green Thumb Industries Inc.,1,2002.0,CAN,39342L108,20070730.0,USA,0JMHBL-E,1.19,US OTC,GTBIF-US,CA39342L1085,BGDQBQ,Green Thumb Industries Inc.,1.0,GTBIF-US,0,SHARE,BFFY829,A,Green Thumb Industries Inc.1.pdf,01.1,1
US12565J3086,,1733,CLS Holdings USA Inc,1,2011.0,USA,12565J308,20190426.0,USA,0F0ZDB-E,1.19,CNQ,CLSH-CA,US12565J3086,12565J30,CLS Holdings USA Inc,1.0,CLSH-CA,0,SHARE,BLFHSK8,A,CLS Holdings USA Inc2.pdf,01.1,1
KYG2152K1004,,1734,China Bozza Development Holdings Limited,0,2009.0,HKG,G2152K100,20091008.0,CHN,00C74Y-E,2.4,HONG KONG,@NA,KYG2152K1004,BLGLFG,China Bozza Development Holdings Limited,1.0,1069-HK,1,SHARE,BLGLFG4,A,China Bozza Development Holdings Limited1.pdf,02.4,2
NO0010892094,,1735,Salmon Evolution ASA,1,2020.0,NOR,R7445F105,20200918.0,NOR,0MN9N4-E,3.21,OSLO,SALME-NO,NO0010892094,BMGWLL,Salmon Evolution ASA,1.0,SALME-NO,1,SHARE,BMGWLL1,A,Salmon Evolution ASA1.pdf,03.2,3
US65676T1025,,1736,"North American Cannabis Holdings, Inc.",1,1995.0,USA,65676T102,19981104.0,USA,@NA,1.19,US OTC,@NA,US65676T1025,65676T10,"North American Cannabis Holdings, Inc.",1.0,USMJ-US,1,SHARE,BYL6RW5,A,"North American Cannabis Holdings, Inc.1.pdf",01.1,1
LK0313N00003,,1737,Malwatte Valley Plantations Plc,1,1992.0,LKA,Y5757K102,20000726.0,LKA,081QN7-E,1.61,COLOMBO,MAL.N0000-LK,LK0313N00003,624316,Malwatte Valley Plantations PLC,1.0,MAL.N0000-LK,1,SHARE,6243166,A,Malwatte Valley Plantations Plc1.pdf,01.6,1
BMG4094L1054,,1738,Greenheart Group Limited,1,1991.0,HKG,G4094L105,19880726.0,HKG,05JBDX-E,2.2,HONG KONG,94-HK,BMG4094L1054,656445,Greenheart Group Limited,1.0,94-HK,1,SHARE,6564458,A,Greenheart Group Limited1.pdf,02.2,2
SG2E67980267,,1739,Bumitama Agri Ltd.,1,1996.0,SGP,Y0926Z106,20220906.0,IDN,0CGSTV-E,1.19,US OTC,@NA,SG2E67980267,B7WJ18,Bumitama Agri Ltd.,1.0,BUMTF-US,0,SHARE,BP5GWV2,A,Bumitama Agri Ltd.1.pdf,01.1,1
GB0002074580,,1740,Genus plc,1,1994.0,GBR,G3827X105,19980130.0,GBR,05JYQL-E,1.62,LONDON,GNS-GB,GB0002074580,020745,Genus plc,1.0,GNS-GB,1,SHARE,0207458,A,Genus plc1.pdf,01.6,1
FDS0K09Z,,1741,Kotagala Plantations Plc,1,1992.0,LKA,FDS0K09Z8,,LKA,0828PS-E,2.3,@NA,@NA,@NA,648283,Kotagala Plantations Plc,1.0,@NA,0,SHARE,@NA,A,Kotagala Plantations Plc1.pdf,02.3,2
ID1000145105,,1742,PT Andira Agro Tbk,1,1995.0,IDN,Y0129J107,20180816.0,IDN,0BKJ6C-E,1.19,INDONESIA,@NA,ID1000145105,BGHW6D,PT Andira Agro Tbk,1.0,ANDI-ID,1,SHARE,BGHW6D5,A,PT Andira Agro Tbk1.pdf,01.1,1
SE0005999760,,1743,Scandi Standard AB,1,2013.0,SWE,W75737101,20140627.0,SWE,0DB696-E,1.47,OMX NORDIC STOCKHOLM,SCST-SE,SE0005999760,BNJZRJ,Scandi Standard AB,1.0,SCST-SE,1,SHARE,BNJZRJ4,A,Scandi Standard AB1.pdf,01.4,1
MYL4383OO005,,1744,Jaya Tiasa Holdings Bhd.,1,1960.0,MYS,Y44207101,19880318.0,MYS,05J29C-E,2.2,MALAYSIA,4383-MY,MYL4383OO005,682553,Jaya Tiasa Holdings Bhd.,1.0,4383-MY,1,SHARE,6825531,A,Jaya Tiasa Holdings Bhd.1.pdf,02.2,2
KYG2946A1031,,1745,Eggriculture Foods Ltd.,1,2018.0,HKG,G2946A103,20180907.0,SGP,0J8119-E,1.47,HONG KONG,@NA,KYG2946A1031,BFX5CP,Eggriculture Foods Ltd.,1.0,8609-HK,1,SHARE,BFX5CP5,A,Eggriculture Foods Ltd.1.pdf,01.4,1
SG1S42927578,,1746,Edition Limited,1,2000.0,SGP,Y64310108,20051121.0,SGP,007RRH-E,1.13,SINGAPORE,5HG-SG,SG1S42927578,B0Q2LP,Edition Limited,1.0,5HG-SG,1,SHARE,B0Q2LP1,A,Edition Limited1.pdf,01.1,1
GB0000365774,,1747,Anglo-Eastern Plantations Plc,1,1985.0,GBR,G03780106,19850517.0,GBR,05JBQG-E,1.61,LONDON,AEP-GB,GB0000365774,003657,Anglo-Eastern Plantations Plc,1.0,AEP-GB,1,SHARE,0036577,A,Anglo-Eastern Plantations Plc1.pdf,01.6,1
KYG4636M1087,,1748,Hua Lien International (Holding) Co. Ltd.,1,1998.0,HKG,G4636M108,20000202.0,HKG,006218-E,1.14,HONG KONG,@NA,KYG4636M1087,620785,Hua Lien International (Holding) Co. Ltd.,1.0,969-HK,1,SHARE,6207850,A,Hua Lien International (Holding) Co. Ltd.1.pdf,01.1,1
CA89788C1041,,1749,Trulieve Cannabis Corp.,1,1940.0,CAN,89788C104,20180927.0,USA,0K135H-E,1.19,US OTC,TCNNF-US,CA89788C1041,BFZ029,Trulieve Cannabis Corp.,1.0,TCNNF-US,0,SHARE,BGNKTH8,A,Trulieve Cannabis Corp.1.pdf,01.1,1
VN000000SSC4,,1750,Southern Seed Corporation,1,1976.0,VNM,Y80866109,20070912.0,VNM,@NA,2.3,VIETNAM,SSC-VN,VN000000SSC4,B16GLB,Southern Seed Corporation,1.0,SSC-VN,1,SHARE,B16GLB6,A,Southern Seed Corporation2.pdf,02.3,2
CA00971M2058,,1751,Akanda Corp,1,,USA,00971M205,20220315.0,GBR,0PNYDJ-E,1.19,NASDAQ,@NA,CA00971M2058,00971M20,Akanda Corp,1.0,AKAN-US,1,SHARE,BRJ55S7,A,Akanda Corp1.pdf,01.1,1
INE192H01020,,1752,GRM Overseas Ltd.,1,1995.0,IND,Y28925140,20050524.0,IND,09H1WS-E,1.12,BSE INDIA,531449-IN,INE192H01020,BPBMJF,GRM Overseas Ltd.,1.0,531449-IN,1,SHARE,BPBMJF7,A,GRM Overseas Ltd.1.pdf,01.1,1
MU0080I00005,,1753,Union Sugar Estates Co. Ltd.,1,1896.0,MUS,V9T269106,20131210.0,MUS,@NA,1.14,MAURITIUS,@NA,MU0080I00005,B3NFXW,Union Sugar Estates Co. Ltd.,1.0,UNSE-MU,1,SHARE,B3NFXW5,A,Union Sugar Estates Co. Ltd.1.pdf,01.1,1
LT0000127466,,1754,AUGA group AB,1,2003.0,LTU,X0029V102,20171214.0,LTU,075LPP-E,1.3,LONDON,@NA,LT0000127466,B2QQP5,AUGA group AB,1.0,0IR4-GB,0,SHARE,B2QXVP8,A,AUGA group AB1.pdf,01.3,1
US28059P2048,,1755,"Edible Garden AG , Inc.",1,2020.0,USA,28059P204,20220505.0,USA,0N1X53-E,1.19,NASDAQ,EDBL-US,US28059P2048,28059P20,"Edible Garden AG , Inc.",1.0,EDBL-US,1,SHARE,BPQT384,A,"Edible Garden AG , Inc.2.pdf",01.1,1
LK0315N00008,,1756,Elpitiya Plantations Plc,1,1992.0,LKA,Y2289W100,20040211.0,LKA,081QMZ-E,2.3,COLOMBO,ELPL.N0000-LK,LK0315N00008,637106,Elpitiya Plantations PLC,1.0,ELPL.N0000-LK,1,SHARE,6371067,A,Elpitiya Plantations Plc1.pdf,02.3,2
MYL7439OO002,,1757,Teck Guan Perdana Bhd.,1,1994.0,MYS,Y8563J103,19960911.0,MYS,0061B7-E,1.19,MALAYSIA,7439-MY,MYL7439OO002,690909,Teck Guan Perdana Bhd.,1.0,7439-MY,1,SHARE,6909093,A,Teck Guan Perdana Bhd.1.pdf,01.1,1
MYL3107OO009,,1758,Fima Corp. Bhd.,1,1974.0,MYS,Y2493E102,19850102.0,MYS,05JF83-E,1.19,MALAYSIA,3107-MY,MYL3107OO009,658348,Fima Corp. Bhd.,1.0,3107-MY,1,SHARE,6583486,A,Fima Corp. Bhd.1.pdf,01.1,1
MYL3034OO005,,1759,Hap Seng Consolidated Bhd.,1,1975.0,MYS,Y6579W100,19850813.0,MYS,05HZXV-E,1.61,MALAYSIA,3034-MY,MYL3034OO005,629774,Hap Seng Consolidated Bhd.,1.0,3034-MY,1,SHARE,6297743,A,Hap Seng Consolidated Bhd.3.pdf,01.6,1
CA9411881043,,1760,"Water Ways Technologies, Inc.",1,2007.0,CAN,941188104,20210617.0,CAN,@NA,1.61,US OTC,@NA,CA9411881043,BJX69G,"Water Ways Technologies, Inc.",1.0,WWTIF-US,0,SHARE,BP4W0N9,A,"Water Ways Technologies, Inc.3.pdf",01.6,1
US56166J1007,,1761,"Man Shing Agricultural Holdings, Inc.",0,2000.0,USA,56166J100,20040909.0,USA,@NA,1.13,US OTC,@NA,US56166J1007,56166J10,"Man Shing Agricultural Holdings, Inc.",1.0,MSAH-US,1,SHARE,B02S993,A,"Man Shing Agricultural Holdings, Inc.1.pdf",01.1,1
US16953U1060,,1762,China Senior Living Industry International Holding Corp.,1,1986.0,USA,16953U106,19960916.0,CHN,072LZN-E,2.1,US OTC,@NA,US16953U1060,16953U10,China Senior Living Industry International Holding Corp.,1.0,CHYL-US,1,SHARE,BYN24S6,A,China Senior Living Industry International Holding Corp.1.pdf,02.1,2
FDS1J915,,1763,Ascend Wellness Holdings LLC,1,2018.0,CAN,FDS1J9153,,USA,0K7NWB-E,1.3,@NA,@NA,@NA,BN29X9,Ascend Wellness Holdings LLC,1.0,@NA,0,SHARE,@NA,A,Ascend Wellness Holdings LLC1.pdf,01.3,1
ID1000160302,,1764,PT Triputra Agro Persada Tbk,1,2005.0,IDN,Y897CD100,20210412.0,IDN,06T3QF-E,1.61,INDONESIA,TAPG-ID,ID1000160302,BNVTTV,PT Triputra Agro Persada Tbk,1.0,TAPG-ID,1,SHARE,BNVTTV0,A,PT Triputra Agro Persada Tbk1.pdf,01.6,1
CL0001717116,,1765,Compania Pesquera Camanchaca S.A.,1,1963.0,CHL,P3090A105,20101201.0,CHL,05ZBJJ-E,3.11,SANTIAGO,CAMANCHACA-CL,CL0001717116,B3NDYP,Compania Pesquera Camanchaca S.A.,1.0,CAMANCHACA-CL,1,SHARE,B3NDYP9,A,Compania Pesquera Camanchaca S.A.2.pdf,03.1,3
CL0002409135,,1766,Salmones Camanchaca SA,1,2009.0,CHL,P8325N103,20200622.0,CHL,0H9N5C-E,3.21,US OTC,@NA,CL0002409135,BFWK4K,Salmones Camanchaca SA,1.0,SLMCF-US,0,SHARE,BJP0F57,A,Salmones Camanchaca SA1.pdf,03.2,3
KYG3945R1056,,1767,China Wantian Holdings Limited,1,2016.0,HKG,G3945R105,20161013.0,HKG,0G8B4H-E,1.13,HONG KONG,@NA,KYG3945R1056,BD0BVQ,China Wantian Holdings Limited,1.0,1854-HK,1,SHARE,BD0BVQ6,A,China Wantian Holdings Limited2.pdf,01.1,1
MYL2542OO008,,1768,Riverview Rubber Estates Bhd.,1,1936.0,MYS,Y73107107,19860801.0,MYS,@NA,1.19,MALAYSIA,2542-MY,MYL2542OO008,674246,Riverview Rubber Estates Bhd.,1.0,2542-MY,1,SHARE,6742469,A,Riverview Rubber Estates Bhd.1.pdf,01.1,1
KYG2046Q1073,,1769,Chaoda Modern Agriculture Holdings Ltd.,1,1994.0,HKG,G2046Q107,20031120.0,CHN,05HZ42-E,1.19,US OTC,CMGHF-US,KYG2046Q1073,631349,Chaoda Modern Agriculture Holdings Ltd.,1.0,CMGHF-US,0,SHARE,B02V776,A,Chaoda Modern Agriculture Holdings Ltd.1.pdf,01.1,1
US88688T1007,,1770,"Tilray Brands, Inc.",1,2018.0,USA,88688T100,20180725.0,CAN,0J2QFR-E,1.19,XETRA,@NA,US88688T1007,88688T10,"Tilray Brands, Inc.",1.0,2HQ-DE,0,SHARE,BDDVTP8,A,"Tilray Brands, Inc.2.pdf",01.1,1
SG1CA8000004,,1771,Yamada Green Resources Ltd.,1,2010.0,SGP,Y9725N123,20101008.0,CHN,0B3GGK-E,1.3,SINGAPORE,BJV-SG,SG1CA8000004,BZ7Q8P,Yamada Green Resources Ltd.,1.0,BJV-SG,1,SHARE,BZ7Q8P6,A,Yamada Green Resources Ltd.1.pdf,01.3,1
MYL5029OO003,,1772,Far East Holdings Bhd.,1,1973.0,MYS,Y24404108,19910710.0,MYS,@NA,1.61,MALAYSIA,5029-MY,MYL5029OO003,633193,Far East Holdings Bhd.,1.0,5029-MY,1,SHARE,6331931,A,Far East Holdings Bhd.1.pdf,01.6,1
INE411D01015,,1773,SKM Egg Products Export (India) Ltd.,1,1995.0,IND,Y8070T115,20080724.0,IND,05ZHTW-E,1.47,BSE INDIA,@NA,INE411D01015,B15CY4,SKM Egg Products Export (India) Ltd.,1.0,532143-IN,1,SHARE,B15CY49,A,SKM Egg Products Export (India) Ltd.1.pdf,01.4,1
CA4529244002,,1774,Imperial Ginseng Products Ltd.,1,1989.0,CAN,452924400,19951027.0,CAN,003PD7-E,2.3,US OTC,@NA,CA4529244002,217616,Imperial Ginseng Products Ltd.,1.0,IGPFF-US,0,SHARE,B014QR9,A,Imperial Ginseng Products Ltd.1.pdf,02.3,2
NO0010724701,,1775,Icelandic Salmon AS,1,2009.0,NOR,R3852Z106,20191118.0,ISL,0H3LZ3-E,3.21,OSLO,ISLAX-NO,NO0010724701,BL0HL5,Icelandic Salmon AS,1.0,ISLAX-NO,1,SHARE,BL0HL59,A,Icelandic Salmon AS1.pdf,03.2,3
NZSEKE0001S8,,1776,Seeka Limited,1,1980.0,NZL,Q8445W107,20031125.0,NZL,060XRQ-E,1.63,NEW ZEALAND,SEK-NZ,NZSEKE0001S8,671378,Seeka Limited,1.0,SEK-NZ,1,SHARE,6713788,A,Seeka Limited1.pdf,01.6,1
BMG169621056,,1777,Bunge Limited,1,1818.0,USA,G16962105,20041015.0,USA,003B1C-E,1.63,FRANKFURT,@NA,BMG169621056,G1696210,Bunge Limited,1.0,BU3-DE,0,SHARE,B03BPC6,A,Bunge Limited1.pdf,01.6,1
MYL5138OO002,,1778,Hap Seng Plantations Holdings Bhd.,1,2007.0,MYS,Y30686102,20071116.0,MYS,@NA,1.61,MALAYSIA,5138-MY,MYL5138OO002,B28VNR,Hap Seng Plantations Holdings Bhd.,1.0,5138-MY,1,SHARE,B28VNR6,A,Hap Seng Plantations Holdings Bhd.1.pdf,01.6,1
AU000000CGC2,,1779,Costa Group Holdings Ltd.,1,1888.0,AUS,Q29284108,20170228.0,AUS,0DNV5Q-E,1.13,US OTC,@NA,AU000000CGC2,BYSGKW,Costa Group Holdings Ltd.,1.0,CTTQF-US,0,SHARE,BDRY2C1,A,Costa Group Holdings Ltd.1.pdf,01.1,1
SG1T56930848,,1780,Wilmar International Limited,1,1991.0,SGP,Y9586L109,20070720.0,SGP,06BM3M-E,1.61,FRANKFURT,@NA,SG1T56930848,B17KC6,Wilmar International Limited,1.0,RTHA-DE,0,SHARE,B23FGH4,A,Wilmar International Limited2.pdf,01.6,1
FDS19712,,1781,SA San Miguel,1,1954.0,ARG,FDS197125,,ARG,05J2PR-E,1.23,@NA,@NA,@NA,203534,SA San Miguel,1.0,@NA,0,SHARE,@NA,A,SA San Miguel3.pdf,01.2,1
INE455I01029,,1782,Kaveri Seed Co. Ltd.,1,1976.0,IND,Y458A4137,20071004.0,IND,06QC82-E,1.19,BSE INDIA,532899-IN,INE455I01029,BJF6Z8,Kaveri Seed Co. Ltd.,1.0,532899-IN,1,SHARE,BJF6Z88,A,Kaveri Seed Co. Ltd.2.pdf,01.1,1
MYL2445OO004,,1783,Kuala Lumpur Kepong Bhd.,1,1906.0,MYS,Y47153104,19900731.0,MYS,05HX87-E,1.19,US OTC,@NA,MYL2445OO004,649744,Kuala Lumpur Kepong Bhd.,1.0,KLKBF-US,0,SHARE,B124Z34,A,Kuala Lumpur Kepong Bhd.1.pdf,01.1,1
SGXZ22466619,,1784,AustAsia Group Limited.,1,2009.0,HKG,Y0454Y109,20221230.0,SGP,@NA,1.41,HONG KONG,@NA,SGXZ22466619,BM8X3Q,AustAsia Group Limited.,1.0,2425-HK,1,SHARE,BM8X3Q1,A,AustAsia Group Limited.2.pdf,01.4,1
MYL7174OO005,,1785,CAB Cakaran Corp. Bhd.,1,2002.0,MYS,Y1028T105,20031222.0,MYS,05X5FY-E,1.47,MALAYSIA,7174-MY,MYL7174OO005,672651,CAB Cakaran Corp. Bhd.,1.0,7174-MY,1,SHARE,6726515,A,CAB Cakaran Corp. Bhd.1.pdf,01.4,1
ROVKFFMHGUW6,,1786,Grup Serban Holding S.A.,0,1994.0,ROU,X3R4UN107,,ROU,@NA,1.19,BUCHAREST SPOT,@NA,ROVKFFMHGUW6,BPW7M7,Grup Serban Holding S.A.,1.0,GSH-RO,0,SHARE,BPW7M74,A,Grup Serban Holding S.A.1.pdf,01.1,1
LK0236N00006,,1787,Three Acre Farms Plc,1,1963.0,LKA,Y88095107,19951211.0,LKA,@NA,1.47,COLOMBO,@NA,LK0236N00006,687347,Three Acre Farms Plc,1.0,TAFL.N0000-LK,1,SHARE,6873477,A,Three Acre Farms Plc3.pdf,01.4,1
ID1000187503,,1788,PT Nusantara Sawit Sejahtera Tbk,1,2009.0,IDN,Y6S4FJ112,20230310.0,IDN,@NA,1.19,INDONESIA,@NA,ID1000187503,BQXHZJ,PT Nusantara Sawit Sejahtera Tbk,1.0,NSSS-ID,1,SHARE,BQXHZJ3,A,PT Nusantara Sawit Sejahtera Tbk1.pdf,01.1,1
ID1000167109,,1789,PT Teladan Prima Agro Tbk,1,2004.0,IDN,Y8T82W105,20220412.0,IDN,0DBV3V-E,1.61,INDONESIA,@NA,ID1000167109,BMFTCV,PT Teladan Prima Agro Tbk,1.0,TLDN-ID,1,SHARE,BMFTCV0,A,PT Teladan Prima Agro Tbk1.pdf,01.6,1
NO0010886625,,1790,Aker BioMarine ASA,1,2013.0,NOR,R0R38R108,20200706.0,NOR,0MK870-E,3.21,OSLO,AKBM-NO,NO0010886625,BMGNX5,Aker BioMarine ASA,1.0,AKBM-NO,1,SHARE,BMGNX52,A,Aker BioMarine ASA1.pdf,03.2,3
US13764N2071,,1791,Cann American Corp.,0,2004.0,USA,13764N207,20091208.0,USA,@NA,1.19,US OTC,@NA,US13764N2071,13764N20,Cann American Corp.,1.0,CNNA-US,1,SHARE,BM8RXH4,A,Cann American Corp.2.pdf,01.1,1
AU0000167066,,1792,Cobram Estate Olives Ltd.,1,1998.0,AUS,Q25948102,20210811.0,AUS,@NA,1.19,ASX,CBO-AU,AU0000167066,BKVC4C,Cobram Estate Olives Ltd.,1.0,CBO-AU,1,SHARE,BKVC4C4,A,Cobram Estate Olives Ltd.1.pdf,01.1,1
US53960E1064,,1793,Local Bounti Corporation,1,2018.0,USA,53960E106,20210419.0,USA,0PCMCC-E,1.3,NYSE,LOCL-US,US53960E1064,53960E10,Local Bounti Corporation,1.0,LOCL-US,1,SHARE,BLGTSV4,A,Local Bounti Corporation1.pdf,01.3,1
PHY937931186,,1794,Vitarich Corp.,1,1950.0,PHL,Y93793118,19950214.0,PHL,05JSNC-E,1.47,PHILIPPINES,VITA-PH,PHY937931186,BFNRHK,Vitarich Corp.,1.0,VITA-PH,1,SHARE,BFNRHK1,A,Vitarich Corp.2.pdf,01.4,1
FDS0KI5L,,1795,Maskeliya Plantations Plc,1,1992.0,LKA,FDS0KI5L4,,LKA,05K47P-E,1.61,@NA,@NA,@NA,607353,Maskeliya Plantations Plc,1.0,@NA,0,SHARE,@NA,A,Maskeliya Plantations Plc3.pdf,01.6,1
GB0007538100,,1796,M.P. Evans Group PLC,1,1981.0,GBR,G63363108,19850102.0,GBR,05J4XK-E,2.3,LONDON,MPE-GB,GB0007538100,075381,M.P. Evans Group PLC,1.0,MPE-GB,1,SHARE,0753810,A,M.P. Evans Group PLC1.pdf,02.3,2
US2071461014,,1797,Connexus Corporation,0,2004.0,USA,207146101,20070917.0,USA,09LVM0-E,1.42,US OTC,@NA,US2071461014,20714610,Connexus Corporation,1.0,CNXS-US,1,SHARE,BVB3BG7,A,Connexus Corporation2.pdf,01.4,1
INE581D01015,,1798,RT Exports Ltd.,1,1980.0,IND,Y7344R111,19961021.0,IND,07CV1C-E,1.12,BSE INDIA,@NA,INE581D01015,641064,RT Exports Ltd.,1.0,512565-IN,1,SHARE,6410647,A,RT Exports Ltd.1.pdf,01.1,1
TH0101A10Z01,,1799,Charoen Pokphand Foods Public Co. Ltd.,1,1978.0,THA,Y1296K174,19880802.0,THA,05HZD3-E,1.47,THAILAND,CPF-TH,TH0101A10Z01,B4V9B0,Charoen Pokphand Foods Public Co. Ltd.,1.0,CPF-TH,1,SHARE,B4V9B00,A,Charoen Pokphand Foods Public Co. Ltd.3.pdf,01.4,1
ID1000164809,,1800,PT Widodo Makmur Perkasa Tbk,1,1995.0,IDN,Y937ZB103,20211206.0,IDN,0DVK3T-E,1.41,INDONESIA,@NA,ID1000164809,BLBDZ8,PT Widodo Makmur Perkasa Tbk,1.0,WMPP-ID,1,SHARE,BLBDZ87,A,PT Widodo Makmur Perkasa Tbk1.pdf,01.4,1
US69401A1079,,1801,PSH Group Holding Inc,0,2010.0,USA,69401A107,20110929.0,USA,@NA,1.61,US OTC,@NA,US69401A1079,69401A10,PSH Group Holding Inc,1.0,GLHD-US,0,SHARE,BN0Y411,A,PSH Group Holding Inc1.pdf,01.6,1
MYL7128OO001,,1802,CAM Resources Bhd.,1,2000.0,MYS,Y1080R104,20020314.0,MYS,0061YW-E,1.19,MALAYSIA,7128-MY,MYL7128OO001,B0519F,CAM Resources Bhd.,1.0,7128-MY,1,SHARE,B0519F5,A,CAM Resources Bhd.1.pdf,01.1,1
INE795D01011,,1803,Freshtrop Fruits Limited,1,1992.0,IND,Y2643C105,20030612.0,IND,061D7N-E,1.26,BSE INDIA,530077-IN,INE795D01011,613449,Freshtrop Fruits Limited,1.0,530077-IN,1,SHARE,6134497,A,Freshtrop Fruits Limited1.pdf,01.2,1
MYL5027OO007,,1804,Kim Loong Resources Bhd.,1,1967.0,MYS,Y47929107,20001127.0,MYS,05W10J-E,1.61,MALAYSIA,5027-MY,MYL5027OO007,631114,Kim Loong Resources Bhd.,1.0,5027-MY,1,SHARE,6311148,A,Kim Loong Resources Bhd.1.pdf,01.6,1
HK0000112026,,1805,China Nonferrous Mining Corp. Ltd.,1,2011.0,HKG,Y13982106,20220309.0,CHN,08F828-E,7.29,HONG KONG CONNECT - SHENZHEN,@NA,HK0000112026,B890GY,China Nonferrous Mining Corp. Ltd.,1.0,@NA,0,SHARE,BN94218,B,China Nonferrous Mining Corp. Ltd.1.pdf,07.2,7
GB00BL6K5J42,,1806,Endeavour Mining PLC,1,2021.0,CAN,G3042J105,20210614.0,GBR,0NY5WC-E,7.29,LONDON,EDV-GB,GB00BL6K5J42,BN7KJJ,Endeavour Mining PLC,1.0,EDV-GB,0,SHARE,BL6K5J4,B,Endeavour Mining PLC2.pdf,07.2,7
AU000000CVN8,,1807,Carnarvon Energy Limited,1,1983.0,AUS,Q1990C105,20040713.0,AUS,@NA,6.1,US OTC,@NA,AU000000CVN8,611049,Carnarvon Energy Limited,1.0,CVONF-US,0,SHARE,B05P827,B,Carnarvon Energy Limited1.pdf,06.1,6
CA9184061096,,1808,VVC Exploration Corporation,1,1983.0,CAN,918406109,20111129.0,CAN,003QFQ-E,7.29,US OTC,@NA,CA9184061096,250321,VVC Exploration Corporation,1.0,VVCVF-US,0,SHARE,B06MJ46,B,VVC Exploration Corporation3.pdf,07.2,7
CA1364271017,,1809,"Canadian North Resources, Inc.",1,2013.0,CAN,136427101,20230418.0,CAN,@NA,7.29,US OTC,@NA,CA1364271017,BPK6WV,"Canadian North Resources, Inc.",1.0,CNRSF-US,0,SHARE,BJJQ3X5,B,"Canadian North Resources, Inc.1.pdf",07.2,7
AU000000ORN1,,1810,Orion Minerals Limited,1,2001.0,AUS,Q7163M101,20170918.0,AUS,087QL3-E,7.29,JSE,@NA,AU000000ORN1,670209,Orion Minerals Limited,1.0,ORN-ZA,0,SHARE,BF2LK61,B,Orion Minerals Limited1.pdf,07.2,7
AU000000BPT9,,1811,Beach Energy Limited,0,1961.0,AUS,Q13921103,,AUS,05J15K-E,6.1,BERNE,@NA,AU000000BPT9,608820,Beach Energy Limited,1.0,BPS-CH,0,SHARE,BMTX5B9,B,Beach Energy Limited1.pdf,06.1,6
AU0000019374,,1812,Bellevue Gold Limited,1,2004.0,AUS,Q1422R118,20051220.0,AUS,@NA,7.29,BERLIN,@NA,AU0000019374,BFZ31P,Bellevue Gold Limited,1.0,C7H-DE,0,SHARE,BD6RXL7,B,Bellevue Gold Limited1.pdf,07.2,7
CA28623W1077,,1813,Elevation Gold Mining Corporation,1,2007.0,CAN,28623W107,20111219.0,CAN,009W5F-E,7.29,US OTC,@NA,CA28623W1077,BPBS9W,Elevation Gold Mining Corporation,1.0,EVGDF-US,0,SHARE,BPBSB15,B,Elevation Gold Mining Corporation1.pdf,07.2,7
AU0000066086,,1814,Vulcan Energy Resources Ltd.,1,2018.0,AUS,Q9496S102,20191202.0,AUS,@NA,7.29,XETRA,VUL-DE,AU0000066086,BKYBH6,Vulcan Energy Resources Ltd.,1.0,VUL-DE,0,SHARE,BK25046,B,Vulcan Energy Resources Ltd.1.pdf,07.2,7
AU000000EVN4,,1815,Evolution Mining Limited,1,2000.0,AUS,Q3647R147,20100422.0,AUS,0C2YM3-E,7.29,US OTC,@NA,AU000000EVN4,B3X0F9,Evolution Mining Limited,1.0,CAHPF-US,0,SHARE,B701C94,B,Evolution Mining Limited1.pdf,07.2,7
GB00BZ042C28,,1816,IGas Energy plc,0,2003.0,GBR,G62564110,,GBR,071ZQ9-E,9.1,BERNE,@NA,GB00BZ042C28,BZ042C,IGas Energy plc,1.0,@NA,0,SHARE,BLKQ606,B,IGas Energy plc1.pdf,09.1,9
KYG0509A1224,,1817,ArtGo Holdings Ltd.,1,2011.0,HKG,G0509A122,20131230.0,CHN,0D3NJ4-E,8.11,HONG KONG,3313-HK,KYG0509A1224,BP4YSD,ArtGo Holdings Ltd.,1.0,3313-HK,1,SHARE,BP4YSD1,B,ArtGo Holdings Ltd.1.pdf,08.1,8
AU000000NCM7,,1818,Newcrest Mining Limited,1,1966.0,AUS,Q6651B114,20030922.0,AUS,05HX7C-E,7.29,US OTC,@NA,AU000000NCM7,663710,Newcrest Mining Limited,1.0,NCMGF-US,0,SHARE,B02KH39,B,Newcrest Mining Limited1.pdf,07.2,7
KYG2029E1052,,1819,CGN Mining Co. Ltd.,0,1996.0,HKG,G2029E105,,HKG,05K1F3-E,7.21,BERNE,@NA,KYG2029E1052,B75551,CGN Mining Co. Ltd.,1.0,@NA,0,SHARE,BMF1VB9,B,CGN Mining Co. Ltd.1.pdf,07.2,7
CA0252883099,,1820,American Creek Resources Ltd.,1,2004.0,CAN,025288309,20061113.0,CAN,0089XT-E,7.29,US OTC,@NA,CA0252883099,BK816S,American Creek Resources Ltd.,1.0,ACKRF-US,0,SHARE,BN7R4K2,B,American Creek Resources Ltd.3.pdf,07.2,7
AU000000ARV3,,1821,Artemis Resources Limited,1,2003.0,AUS,Q05532298,20070316.0,AUS,009001-E,7.29,ASX,ARV-AU,AU000000ARV3,B1QGZR,Artemis Resources Limited,1.0,ARV-AU,1,SHARE,B1QGZR0,B,Artemis Resources Limited1.pdf,07.2,7
KYG039991024,,1822,Anton Oilfield Services Group,1,1999.0,HKG,G03999102,20071214.0,CHN,009TJN-E,9.1,HONG KONG,3337-HK,KYG039991024,B29JZB,Anton Oilfield Services Group,1.0,3337-HK,1,SHARE,B29JZB7,B,Anton Oilfield Services Group1.pdf,09.1,9
LU0075646355,,1823,Subsea 7 S.A.,1,1993.0,NOR,L8882U106,19970610.0,GBR,00CZ99-E,9.1,OSLO,SUBC-NO,LU0075646355,525824,Subsea 7 S.A.,1.0,SUBC-NO,1,SHARE,5258246,B,Subsea 7 S.A.1.pdf,09.1,9
INE170N01016,,1824,Mideast Integrated Steels Ltd.,1,1992.0,IND,Y602D7106,20171018.0,IND,0CM4D9-E,7.1,BSE INDIA,@NA,INE170N01016,BYP6YH,Mideast Integrated Steels Ltd.,1.0,540744-IN,1,SHARE,BYP6YH5,B,Mideast Integrated Steels Ltd.2.pdf,07.1,7
NL0000360618,,1825,SBM Offshore NV,1,1965.0,NLD,N7752F148,20090923.0,NLD,05HWSC-E,9.1,LONDON,@NA,NL0000360618,B156T5,SBM Offshore NV,1.0,0NIS-GB,0,SHARE,B4KZZD0,B,SBM Offshore NV1.pdf,09.1,9
CA8000281029,,1826,Sandfire Resources America Inc.,1,1998.0,CAN,800028102,20090928.0,CAN,003W8C-E,7.29,US OTC,@NA,CA8000281029,BFX5H1,Sandfire Resources America Inc.,1.0,SRAFF-US,0,SHARE,BFX5H27,B,Sandfire Resources America Inc.2.pdf,07.2,7
AU0000061897,,1827,Perenti Limited,0,1987.0,AUS,Q73992101,,AUS,05JLP3-E,7.29,BERNE,@NA,AU0000061897,BKRKNV,Perenti Limited,1.0,@NA,0,SHARE,BK0WF99,B,Perenti Limited1.pdf,07.2,7
AU000000TLG7,,1828,Talga Group Ltd.,1,2009.0,AUS,Q8833K103,20100709.0,AUS,@NA,8.92,ASX,TLG-AU,AU000000TLG7,B59N8P,Talga Group Ltd.,1.0,TLG-AU,1,SHARE,B59N8P5,B,Talga Group Ltd.1.pdf,08.9,8
NO0010215684,,1829,Akastor ASA,1,1841.0,NOR,R0046B102,20071102.0,NOR,05YQHR-E,9.1,LONDON,@NA,NO0010215684,B1VLVW,Akastor ASA,1.0,0IPT-GB,0,SHARE,B28DZW1,B,Akastor ASA1.pdf,09.1,9
CA6390971043,,1830,Nautilus Minerals Inc.,0,1987.0,CAN,639097104,20060511.0,CAN,06G37S-E,7.29,US OTC,@NA,CA6390971043,B14X0Q,Nautilus Minerals Inc.,1.0,NUSMF-US,0,SHARE,B14X0R8,B,Nautilus Minerals Inc.2.pdf,07.2,7
GB0031852162,,1831,Jubilee Metals Group PLC,1,2002.0,GBR,G51977109,20061207.0,GBR,05LF7J-E,7.29,JSE,@NA,GB0031852162,318521,Jubilee Metals Group PLC,1.0,JBL-ZA,0,SHARE,B1KYHD0,B,Jubilee Metals Group PLC1.pdf,07.2,7
CH0048265513,,1832,Transocean Ltd.,1,1953.0,USA,H8817H100,20140306.0,CHE,00BN44-E,9.1,LONDON,@NA,CH0048265513,H8817H10,Transocean Ltd.,1.0,0QOW-GB,0,SHARE,BKJ9085,B,Transocean Ltd.2.pdf,09.1,9
AU000000BSE5,,1833,Base Resources Limited,1,2007.0,AUS,Q1353X100,20081002.0,AUS,07BZH8-E,7.1,ASX,BSE-AU,AU000000BSE5,B3CLGD,Base Resources Limited,1.0,BSE-AU,1,SHARE,B3CLGD6,B,Base Resources Limited1.pdf,07.1,7
AU000000CTP7,,1834,Central Petroleum Limited,1,1998.0,AUS,Q22199295,20060307.0,AUS,007YBG-E,6.1,ASX,CTP-AU,AU000000CTP7,B0LFW3,Central Petroleum Limited,1.0,CTP-AU,1,SHARE,B0LFW30,B,Central Petroleum Limited1.pdf,06.1,6
US1667641005,,1835,Chevron Corporation,1,1906.0,USA,166764100,19861211.0,USA,000DP6-E,6.1,SIX SWISS,@NA,US1667641005,16676410,Chevron Corporation,1.0,CVX-CH,0,SHARE,B1G5CZ4,B,Chevron Corporation1.pdf,06.1,6
CA0679011084,,1836,Barrick Gold Corporation,1,1983.0,CAN,067901108,20110610.0,CAN,05DZGZ-E,7.29,MEXICO,@NA,CA0679011084,202464,Barrick Gold Corporation,1.0,GOLDN-MX,0,SHARE,B4WVYD9,B,Barrick Gold Corporation1.pdf,07.2,7
AU0000222002,,1837,Provaris Energy Ltd,1,2004.0,AUS,Q4063Y137,20180928.0,AUS,@NA,6.1,US OTC,@NA,AU0000222002,BMWW8G,Provaris Energy Ltd,1.0,GBBLF-US,0,SHARE,BM9J0G7,B,Provaris Energy Ltd1.pdf,06.1,6
CA26873J1075,,1838,EMX Royalty Corp,1,1996.0,CAN,26873J107,19961129.0,CAN,003VCL-E,7.29,TSX VENTURE,EMX-CA,CA26873J1075,BDG0K4,EMX Royalty Corp,1.0,EMX-CA,1,SHARE,BDG0K48,B,EMX Royalty Corp2.pdf,07.2,7
KYG5138B1023,,1839,Jinchuan Group International Resources Co. Ltd,1,2001.0,HKG,G5138B102,20010709.0,HKG,0BJRKT-E,7.29,HONG KONG,2362-HK,KYG5138B1023,637398,Jinchuan Group International Resources Co. Ltd.,1.0,2362-HK,1,SHARE,6373988,B,Jinchuan Group International Resources Co. Ltd.2.pdf,07.2,7
AU0000193666,,1840,Allkem Limited,1,2005.0,AUS,Q0226L103,20071204.0,AUS,@NA,8.91,FRANKFURT,@NA,AU0000193666,BLSNC7,Allkem Limited,1.0,3O10-DE,0,SHARE,BMFLDX5,B,Allkem Limited1.pdf,08.9,8
AU000000DRA1,,1841,Dragon Mining Limited,1,1990.0,HKG,Q32634109,20181105.0,AUS,05JPT8-E,7.29,HONG KONG,@NA,AU000000DRA1,BGDMJK,Dragon Mining Limited,1.0,1712-HK,1,SHARE,BGDMJK7,B,Dragon Mining Limited2.pdf,07.2,7
CA4509131088,,1842,IAMGOLD Corporation,0,1990.0,CAN,450913108,20141103.0,CAN,06LJ3H-E,7.29,BERNE,@NA,CA4509131088,244664,IAMGOLD Corporation,1.0,IAL-CH,0,SHARE,BHZLJW1,B,IAMGOLD Corporation1.pdf,07.2,7
JE00B6T5S470,,1843,Polymetal International Plc,0,1998.0,GBR,G7179S101,,CYP,0C471F-E,7.29,MICEX,@NA,JE00B6T5S470,B6T5S4,Polymetal International Plc,1.0,@NA,0,SHARE,BNHRR81,B,Polymetal International Plc2.pdf,07.2,7
KYG2115F1312,,1844,Renaissance Asia Silk Road Group Limited,1,2000.0,HKG,G2115F131,20001218.0,HKG,05J3WS-E,7.29,HONG KONG,274-HK,KYG2115F1312,BLRBDK,Renaissance Asia Silk Road Group Limited,1.0,274-HK,1,SHARE,BLRBDK3,B,Renaissance Asia Silk Road Group Limited1.pdf,07.2,7
GH0000001050,,1845,Tullow Oil PLC,0,1985.0,GHA,V91469102,20110824.0,GBR,05HZ98-E,9.1,GHANA,@NA,GH0000001050,BJGT0Z,Tullow Oil PLC,1.0,TLW-GH,0,SHARE,BJGT0Z8,B,Tullow Oil PLC1.pdf,09.1,9
US92922P1066,,1846,"W&T Offshore, Inc.",1,1983.0,USA,92922P106,20050128.0,USA,005T52-E,6.1,NYSE,WTI-US,US92922P1066,92922P10,"W&T Offshore, Inc.",1.0,WTI-US,1,SHARE,B01Z7M4,B,"W&T Offshore, Inc.1.pdf",06.1,6
AU0000152803,,1847,Resource Base Limited,1,2005.0,AUS,Q8057C183,20210712.0,AUS,@NA,7.29,ASX,@NA,AU0000152803,BMBJZC,Resource Base Limited,1.0,RBX-AU,1,SHARE,BMBJZC6,B,Resource Base Limited2.pdf,07.2,7
AU000000KLL6,,1848,Kalium Lakes Ltd,1,2016.0,AUS,Q5208B106,20220721.0,AUS,0GNSPM-E,8.91,US OTC,@NA,AU000000KLL6,BZ0B3Y,Kalium Lakes Ltd.,1.0,KLLKF-US,0,SHARE,BNBRC26,B,Kalium Lakes Ltd.1.pdf,08.9,8
BMG2155Y1075,,1849,CITIC Resources Holdings Limited,1,1997.0,HKG,G2155Y107,20061219.0,HKG,05WQ4B-E,6.1,US OTC,@NA,BMG2155Y1075,636923,CITIC Resources Holdings Limited,1.0,CTJHF-US,0,SHARE,B02TCB9,B,CITIC Resources Holdings Limited1.pdf,06.1,6
CY0103562118,,1850,Tharisa Plc,1,2008.0,ZAF,M8789F102,20200429.0,CYP,0C5BG7-E,7.29,US OTC,@NA,CY0103562118,B8NWYF,Tharisa Plc,1.0,TIHRF-US,0,SHARE,BLF7W40,B,Tharisa Plc1.pdf,07.2,7
US12637A1034,,1851,CSI Compressco LP,1,2008.0,USA,12637A103,20110615.0,USA,00BL2F-E,9.1,NASDAQ,CCLP-US,US12637A1034,12637A10,CSI Compressco LP,1.0,CCLP-US,1,SHARE,BSZM3M9,B,CSI Compressco LP1.pdf,09.1,9
ZAE000060000,,1852,Merafe Resources Limited,1,1987.0,ZAF,S01920115,19940323.0,ZAF,05J3BP-E,7.29,JSE,MRF-ZA,ZAE000060000,682512,Merafe Resources Limited,1.0,MRF-ZA,1,SHARE,6825122,B,Merafe Resources Limited1.pdf,07.2,7
AU000000CIA2,,1853,Champion Iron Ltd.,1,2006.0,AUS,Q22964102,20140804.0,AUS,0DN2BZ-E,7.1,US OTC,@NA,AU000000CIA2,BLD1SB,Champion Iron Ltd.,1.0,CIAFF-US,0,SHARE,BNM42G0,B,Champion Iron Ltd.1.pdf,07.1,7
BMG6359F1370,,1854,Nabors Industries Ltd.,1,1952.0,USA,G6359F137,19841105.0,BMU,000QTL-E,9.1,NYSE,NBR-US,BMG6359F1370,G6359F13,Nabors Industries Ltd.,1.0,NBR-US,1,SHARE,BK953M8,B,Nabors Industries Ltd.2.pdf,09.1,9
AU000000RMS4,,1855,Ramelius Resources Limited,1,1979.0,AUS,Q7982E108,20030331.0,AUS,05W8KK-E,7.29,ASX,RMS-AU,AU000000RMS4,658687,Ramelius Resources Limited,1.0,RMS-AU,1,SHARE,6586872,B,Ramelius Resources Limited2.pdf,07.2,7
SG2C34962861,,1856,Mun Siong Engineering Ltd.,1,1969.0,SGP,Y6145E105,20101022.0,SGP,@NA,8.12,SINGAPORE,MF6-SG,SG2C34962861,B51C3Z,Mun Siong Engineering Ltd.,1.0,MF6-SG,1,SHARE,B51C3Z5,B,Mun Siong Engineering Ltd.1.pdf,08.1,8
SG1CI3000002,,1857,Baker Technology Limited,1,1981.0,SGP,Y0549R168,19941118.0,SGP,@NA,9.1,SINGAPORE,BTP-SG,SG1CI3000002,BYYLGQ,Baker Technology Limited,1.0,BTP-SG,1,SHARE,BYYLGQ4,B,Baker Technology Limited1.pdf,09.1,9
BMG671801022,,1858,Odfjell Drilling Ltd.,1,1973.0,NOR,G67180102,20230310.0,GBR,08DYWR-E,9.1,US OTC,@NA,BMG671801022,BDX87W,Odfjell Drilling Ltd.,1.0,ODFJF-US,0,SHARE,BQB5FK0,B,Odfjell Drilling Ltd.1.pdf,09.1,9
AU000000RIO1,,1859,Rio Tinto Limited,1,1959.0,AUS,Q81437107,20141103.0,AUS,05K2VT-E,7.29,SIX SWISS,@NA,AU000000RIO1,622010,Rio Tinto Limited,1.0,RIO-CH,0,SHARE,BHZLR16,B,Rio Tinto Limited2.pdf,07.2,7
US0684281019,,1860,"Barrel Energy, Inc.",0,2014.0,USA,068428101,20170605.0,USA,00GL0X-E,9.1,US OTC,@NA,US0684281019,06842810,"Barrel Energy, Inc.",1.0,BRLL-US,1,SHARE,BYWTGP9,B,"Barrel Energy, Inc.2.pdf",09.1,9
AU000000SMR4,,1861,Stanmore Resources Ltd,1,2008.0,AUS,Q8675X106,20210405.0,AUS,08BFZH-E,9.9,US OTC,@NA,AU000000SMR4,B4KDPZ,Stanmore Resources Ltd,1.0,STMRF-US,0,SHARE,BYXWFD8,B,Stanmore Resources Ltd1.pdf,09.9,9
IM00BN2RD444,,1862,Challenger Energy Group PLC,1,2005.0,GBR,G2092U119,20101118.0,GBR,07CS1H-E,9.1,US OTC,@NA,IM00BN2RD444,BN2RD4,Challenger Energy Group PLC,1.0,BSHPF-US,0,SHARE,BP5DT45,B,Challenger Energy Group PLC3.pdf,09.1,9
AU000000LYC6,,1863,Lynas Rare Earths Limited,1,1983.0,AUS,Q5683J210,20070420.0,AUS,05JHDV-E,7.29,US OTC,@NA,AU000000LYC6,612117,Lynas Rare Earths Limited,1.0,LYSCF-US,0,SHARE,B0775L9,B,Lynas Rare Earths Limited1.pdf,07.2,7
CA44702L2012,,1864,Huntsman Exploration Inc.,1,2011.0,CAN,44702L201,20130412.0,CAN,@NA,7.29,TSX VENTURE,@NA,CA44702L2012,BMF0DY,Huntsman Exploration Inc.,1.0,HMAN-CA,1,SHARE,BMF0DY3,B,Huntsman Exploration Inc.1.pdf,07.2,7
ZAE000013181,,1865,Anglo American Platinum Limited,1,1946.0,ZAF,S9122P108,19861205.0,ZAF,05HWCN-E,7.29,US OTC,AGPPF-US,ZAE000013181,676100,Anglo American Platinum Limited,1.0,AGPPF-US,0,SHARE,B0372N4,B,Anglo American Platinum Limited2.pdf,07.2,7
AU0000175838,,1866,Austral Resources Australia Limited,1,2010.0,AUS,Q1R795105,20211103.0,AUS,0CPJ69-E,7.29,ASX,@NA,AU0000175838,BK80SR,Austral Resources Australia Limited,1.0,AR1-AU,1,SHARE,BK80SR4,B,Austral Resources Australia Limited1.pdf,07.2,7
WUSYHQX0,,1867,Crescent Energy Company,1,2002.0,USA,WUSYHQX04,,USA,0PP7K5-E,6.1,@NA,@NA,@NA,44952J10,Crescent Energy Company,1.0,@NA,1,SHARE,@NA,B,Crescent Energy Company2.pdf,06.1,6
US36870K1060,,1868,Gemxx Corp,0,1999.0,USA,36870K106,20090212.0,USA,@NA,8.92,US OTC,@NA,US36870K1060,36870K10,Gemxx Corp,1.0,GEMZ-US,1,SHARE,BL6KDB2,B,Gemxx Corp1.pdf,08.9,8
MYL7277OO006,,1869,Dialog Group Bhd.,1,1984.0,MYS,Y20641109,19960701.0,MYS,05J22R-E,9.1,MALAYSIA,7277-MY,MYL7277OO006,B00MRS,Dialog Group Bhd.,1.0,7277-MY,1,SHARE,B00MRS2,B,Dialog Group Bhd.3.pdf,09.1,9
AU000000MIN4,,1870,Mineral Resources Limited,0,2006.0,AUS,Q60976109,,AUS,008H8N-E,7.1,BERNE,@NA,AU000000MIN4,B17ZL5,Mineral Resources Limited,1.0,F5J-CH,0,SHARE,BLNP0P3,B,Mineral Resources Limited1.pdf,07.1,7
CA49639T3001,,1871,Kingsmen Resources Limited,1,2000.0,CAN,49639T300,20031125.0,CAN,@NA,7.29,US OTC,@NA,CA49639T3001,BMW5J8,Kingsmen Resources Limited,1.0,KNGRF-US,0,SHARE,BMW5J98,B,Kingsmen Resources Limited1.pdf,07.2,7
AU000000NTU4,,1872,Northern Minerals Limited,1,2006.0,AUS,Q6862N105,20071017.0,AUS,06K713-E,7.29,US OTC,@NA,AU000000NTU4,B1FMNY,Northern Minerals Limited,1.0,NOURF-US,0,SHARE,B1N93T0,B,Great Northern Minerals Limited2.pdf,07.2,7
CA36830P1045,,1873,Gear Energy Ltd.,1,2007.0,CAN,36830P104,20131118.0,CAN,00CBXQ-E,9.1,TORONTO,GXE-CA,CA36830P1045,BGLKK8,Gear Energy Ltd.,1.0,GXE-CA,1,SHARE,BGLKK88,B,Gear Energy Ltd.2.pdf,09.1,9
BMG6260K1595,,1874,Mongolia Energy Corporation Limited,1,1972.0,HKG,G6260K159,20070222.0,HKG,06RS9M-E,5.2,US OTC,@NA,BMG6260K1595,BL72R4,Mongolia Energy Corporation Limited,1.0,MOAEF-US,0,SHARE,BJM03W3,B,Mongolia Energy Corporation Limited2.pdf,05.2,5
JE00B55Q3P39,,1875,Genel Energy PLC,0,2018.0,GBR,G3791G104,,GBR,0C29M7-E,9.1,BERNE,@NA,JE00B55Q3P39,B55Q3P,Genel Energy PLC,1.0,4VL-CH,0,SHARE,BMF1V19,B,Genel Energy PLC1.pdf,09.1,9
CA69338U1012,,1876,PHX Energy Services Corp.,1,1995.0,CAN,69338U101,20040719.0,CAN,00CZ1H-E,9.1,US OTC,@NA,CA69338U1012,B66YG3,PHX Energy Services Corp.,1.0,PHXHF-US,0,SHARE,B63LYK9,B,PHX Energy Services Corp.1.pdf,09.1,9
KYG525931039,,1877,Kinetic Development Group Limited,1,2010.0,HKG,G52593103,20120323.0,CHN,0CFM4N-E,5.2,HONG KONG,1277-HK,KYG525931039,B79ZNS,Kinetic Development Group Limited,1.0,1277-HK,1,SHARE,B79ZNS3,B,Kinetic Development Group Limited1.pdf,05.2,5
NO0010199151,,1878,PGS ASA,1,1962.0,NOR,R6S65C103,20071102.0,NOR,0011ZB-E,9.1,LONDON,@NA,NO0010199151,B1L7YL,PGS ASA,1.0,0MHR-GB,0,SHARE,B28L8D7,B,PGS ASA1.pdf,09.1,9
AU000000AJQ0,,1879,Armour Energy Limited,1,2009.0,AUS,Q0457A107,20221031.0,AUS,0BX6MM-E,6.1,US OTC,@NA,AU000000AJQ0,B79C8W,Armour Energy Limited,1.0,AGYYF-US,0,SHARE,BYRPQJ6,B,Armour Energy Limited1.pdf,06.1,6
AU000000AIS8,,1880,Aeris Resources Limited,1,1887.0,AUS,Q0145V166,20110202.0,AUS,0BGS11-E,7.29,ASX,AIS-AU,AU000000AIS8,BZ8W0K,Aeris Resources Limited,1.0,AIS-AU,1,SHARE,BZ8W0K2,B,Aeris Resources Limited1.pdf,07.2,7
SG2G04994999,,1881,Rex International Holding Ltd.,1,2013.0,SGP,Y79979103,,SGP,0D286J-E,6.1,US OTC,@NA,SG2G04994999,BCGD3S,Rex International Holding Ltd.,1.0,REXHF-US,0,SHARE,BHLY366,B,Rex International Holding Ltd.1.pdf,06.1,6
US90291C2017,,1882,U.S. Gold Corp.,1,1967.0,USA,90291C201,20180129.0,USA,@NA,7.29,LONDON,@NA,US90291C2017,90291C20,U.S. Gold Corp.,1.0,0LHW-GB,0,SHARE,BLKT0S1,B,U.S. Gold Corp.1.pdf,07.2,7
US0341972026,,1883,Andes Gold Corporation,0,1993.0,USA,034197202,19960214.0,USA,@NA,7.29,US OTC,AGCZ-US,US0341972026,03419720,Andes Gold Corporation,1.0,AGCZ-US,1,SHARE,BDB5RV4,B,Andes Gold Corporation3.pdf,07.2,7
MYL5165OO005,,1884,DFCITY Group Bhd.,1,2008.0,MYS,Y32326103,20100326.0,MYS,09LNDG-E,8.11,MALAYSIA,5165-MY,MYL5165OO005,B65352,DFCITY Group Bhd.,1.0,5165-MY,1,SHARE,B653522,B,DFCITY Group Bhd.2.pdf,08.1,8
CA6449021089,,1885,New Guinea Gold Corporation,0,1980.0,CAN,644902108,20120403.0,AUS,@NA,7.29,US OTC,@NA,CA6449021089,263749,New Guinea Gold Corporation,1.0,NGUGF-US,0,SHARE,B01DMF6,B,New Guinea Gold Corporation1.pdf,07.2,7
AU000000PLS0,,1886,Pilbara Minerals Limited,1,2005.0,AUS,Q7539C100,,AUS,09H63K-E,9.9,BERNE,@NA,AU000000PLS0,B2368L,Pilbara Minerals Limited,1.0,PLR-CH,0,SHARE,BLNP1L6,B,Pilbara Minerals Limited1.pdf,09.9,9
US21867A1051,,1887,Core Laboratories Inc.,1,1936.0,USA,21867A105,19981209.0,USA,@NA,9.1,FRANKFURT,@NA,US21867A1051,21867A10,Core Laboratories Inc.,1.0,HJ1-DE,0,SHARE,BQQ5NR8,B,Core Laboratories Inc.1.pdf,09.1,9
KYG0112P1101,,1888,Add New Energy Investment Holdings Group Ltd.,1,2011.0,HKG,G0112P110,20120427.0,HKG,0CHW59-E,7.1,HONG KONG,2623-HK,KYG0112P1101,BQ0LLH,Add New Energy Investment Holdings Group Ltd.,1.0,2623-HK,1,SHARE,BQ0LLH8,B,Add New Energy Investment Holdings Group Ltd.1.pdf,07.1,7
CA74642W1086,,1889,Pursuit Gold Corp.,0,2020.0,CAN,74642W108,20220127.0,CAN,@NA,7.29,CNQ,@NA,CA74642W1086,74642W10,Pursuit Gold Corp.,1.0,PUGS-CA,0,SHARE,BP4ZVN5,B,Pursuit Gold Corp.2.pdf,07.2,7
IRO1HSHM0008,,1890,North Drilling Co,0,1998.0,IRN,FDS22YMX0,,IRN,@NA,9.1,TEHRAN,@NA,IRO1HSHM0008,B6331D,North Drilling Co,1.0,HSHM1-IR,0,SHARE,B6331D7,B,North Drilling Co2.pdf,09.1,9
ROSTOZACNOR8,,1891,Sticloval SA,0,1925.0,ROU,X7549B102,20090605.0,ROU,@NA,8.92,BUCHAREST SPOT,@NA,ROSTOZACNOR8,B3CXS9,Sticloval SA,1.0,STOZ-RO,0,SHARE,B3CXS92,B,Sticloval SA1.pdf,08.9,8
BMG2233G2014,,1892,CMBC Capital Holdings Limited,1,1998.0,HKG,G2233G201,19980312.0,HKG,09QT5N-E,9.1,HONG KONG,1141-HK,BMG2233G2014,BN44SV,CMBC Capital Holdings Limited,1.0,1141-HK,1,SHARE,BN44SV5,B,CMBC Capital Holdings Limited1.pdf,09.1,9
KYG6525A1031,,1893,Newton Resources Ltd.,1,2005.0,HKG,G6525A103,20110704.0,HKG,0BWB7F-E,7.1,HONG KONG,1231-HK,KYG6525A1031,B62Z02,Newton Resources Ltd.,1.0,1231-HK,1,SHARE,B62Z026,B,Newton Resources Ltd.1.pdf,07.1,7
US35671D8570,,1894,"Freeport-McMoRan, Inc.",1,1987.0,USA,35671D857,19950710.0,USA,000KS2-E,7.29,NYSE,FCX-US,US35671D8570,35671D85,"Freeport-McMoRan, Inc.",1.0,FCX-US,1,SHARE,2352118,B,"Freeport-McMoRan, Inc.1.pdf",07.2,7
AU000000MAT8,,1895,Matsa Resources Limited,1,2003.0,AUS,Q5816Y100,20050420.0,AUS,07JPG2-E,7.29,ASX,MAT-AU,AU000000MAT8,B06GX4,Matsa Resources Limited,1.0,MAT-AU,1,SHARE,B06GX46,B,Matsa Resources Limited1.pdf,07.2,7
AU0000191793,,1896,Far East Gold Ltd,1,2020.0,AUS,Q3727V109,20220328.0,AUS,@NA,7.29,ASX,@NA,AU0000191793,BMZ9M2,Far East Gold Ltd,1.0,FEG-AU,1,SHARE,BMZ9M21,B,Far East Gold Ltd3.pdf,07.2,7
MYL7228OO009,,1897,T7 Global Berhad,1,1990.0,MYS,Y8490S101,20050527.0,MYS,00777T-E,9.1,MALAYSIA,7228-MY,MYL7228OO009,B09MBH,T7 Global Berhad,1.0,7228-MY,1,SHARE,B09MBH0,B,T7 Global Berhad1.pdf,09.1,9
AU0000168627,,1898,SSH Group Ltd.,1,2009.0,AUS,Q8710M107,20210917.0,AUS,09RR63-E,9.1,ASX,@NA,AU0000168627,BNNSJZ,SSH Group Ltd.,1.0,SSH-AU,1,SHARE,BNNSJZ9,B,SSH Group Ltd.1.pdf,09.1,9
NZNZOE0010S7,,1899,New Zealand Oil & Gas Limited,1,1981.0,NZL,Q67650251,19901210.0,NZL,05JFBW-E,6.1,ASX,NZO-AU,NZNZOE0010S7,BD370S,New Zealand Oil & Gas Limited,1.0,NZO-AU,0,SHARE,BM8G5L9,B,New Zealand Oil & Gas Limited1.pdf,06.1,6
US6240111020,,1900,"Mountain Energy, Inc.",1,1987.0,USA,624011102,19950630.0,USA,@NA,5.2,US OTC,@NA,US6240111020,62401110,"Mountain Energy, Inc.",1.0,MTEI-US,1,SHARE,2103521,B,"Mountain Energy, Inc.2.pdf",05.2,5
AU000000GCR0,,1901,Golden Cross Resources Ltd,1,1994.0,AUS,Q4103M218,19960403.0,AUS,05JQN4-E,7.29,ASX,@NA,AU000000GCR0,637704,Golden Cross Resources Ltd,1.0,GCR-AU,1,SHARE,6377043,B,Golden Cross Resources Ltd3.pdf,07.2,7
CA69481U1066,,1902,Pacific Silk Road Resources Group Inc.,1,2006.0,CAN,69481U106,20071219.0,CAN,0BNZXQ-E,8.91,TSX VENTURE,@NA,CA69481U1066,BYVVJ7,Pacific Silk Road Resources Group Inc.,1.0,PP-CA,1,SHARE,BYVVJ79,B,Pacific Silk Road Resources Group Inc.1.pdf,08.9,8
KYG045991091,,1903,Arcland Resource Inc,1,1998.0,CAN,G04599109,19960301.0,CAN,@NA,7.29,TSX VENTURE,@NA,KYG045991091,G0459910,Arcland Resource Inc,1.0,ADR.H-CA,1,SHARE,BR04NV2,B,Arcland Resource Inc1.pdf,07.2,7
GB00BG5NDX91,,1904,Serabi Gold PLC,1,2004.0,GBR,G8063R183,20050510.0,GBR,0077KS-E,7.29,LONDON,SRB-GB,GB00BG5NDX91,BG5NDX,Serabi Gold PLC,1.0,SRB-GB,1,SHARE,BG5NDX9,B,Serabi Gold PLC1.pdf,07.2,7
US0316521006,,1905,"Amkor Technology, Inc.",1,1968.0,USA,031652100,19980501.0,USA,001T0G-E,26.11,NASDAQ,AMKR-US,US0316521006,03165210,"Amkor Technology, Inc.",1.0,AMKR-US,1,SHARE,2242929,C,"Amkor Technology, Inc.1.pdf",26.1,26
LK0251N00005,,1906,Madulsima Plantations PLC,1,1992.0,LKA,Y53735109,19980715.0,LKA,081QN6-E,10.89,COLOMBO,MADU.N0000-LK,LK0251N00005,611416,Madulsima Plantations PLC,1.0,MADU.N0000-LK,1,SHARE,6114165,C,Madulsima Plantations PLC1.pdf,10.8,10
TW0003533006,,1907,"Lotes Co., Ltd",1,1986.0,TWN,Y53302116,20061114.0,TWN,06SKFG-E,26.11,TAIWAN,3533-TW,TW0003533006,B1GJFG,"Lotes Co., Ltd",1.0,3533-TW,1,SHARE,B1GJFG8,C,"Lotes Co., Ltd1.pdf",26.1,26
US65343E1082,,1908,"NextCure, Inc.",1,2015.0,USA,65343E108,20190509.0,USA,0FZZVT-E,21.2,NASDAQ,NXTC-US,US65343E1082,65343E10,"NextCure, Inc.",1.0,NXTC-US,1,SHARE,BJL3CL5,C,"NextCure, Inc.1.pdf",21.2,21
CA77519R1029,,1909,Rogers Sugar Inc.,1,1890.0,CAN,77519R102,20120419.0,CAN,00CZ1J-E,10.81,US OTC,@NA,CA77519R1029,B3Q12H,Rogers Sugar Inc.,1.0,RSGUF-US,0,SHARE,B3Q1HT5,C,Rogers Sugar Inc.1.pdf,10.8,10
BE0003818359,,1910,Galapagos NV,1,1999.0,NLD,B44170106,20050509.0,BEL,0085DD-E,21.1,EURONEXT AMSTERDAM,GLPG-NL,BE0003818359,B07Q2V,Galapagos NV,1.0,GLPG-NL,1,SHARE,B07Q2V5,C,Galapagos NV1.pdf,21.1,21
TW0006197007,,1911,"Jess-Link Products Co., Ltd.",1,1992.0,TWN,Y4439Y101,20021211.0,TWN,061K5X-E,26.11,TAIWAN,6197-TW,TW0006197007,656479,"Jess-Link Products Co., Ltd.",1.0,6197-TW,1,SHARE,6564793,C,"Jess-Link Products Co., Ltd.1.pdf",26.1,26
US1440333052,,1912,"Carolina Mills, Incorporated",0,1928.0,USA,144033305,19870102.0,USA,@NA,13.1,US OTC,@NA,US1440333052,14403330,"Carolina Mills, Incorporated",1.0,CILZ-US,0,SHARE,B02W3W6,C,"Carolina Mills, Incorporated1.pdf",13.1,13
CZ0009000121,,1913,Kofola CeskoSlovensko as,1,1993.0,CZE,X45363110,20171214.0,CZE,070V42-E,11.07,LONDON,@NA,CZ0009000121,BYZRB4,Kofola CeskoSlovensko as,1.0,0RD3-GB,0,SHARE,BD03B62,C,Kofola CeskoSlovensko as1.pdf,11.0,11
TW0002462009,,1914,Taiwan Line Tek Electronic,1,1978.0,TWN,Y84276107,19990802.0,TWN,05JCFW-E,27.32,TAIWAN,2462-TW,TW0002462009,687360,Taiwan Line Tek Electronic,1.0,2462-TW,1,SHARE,6873604,C,Taiwan Line Tek Electronic3.pdf,27.3,27
DE0007100000,,1915,Mercedes-Benz Group AG,1,1926.0,DEU,D1668R123,20060724.0,DEU,0025F0-E,29.2,MILAN,@NA,DE0007100000,552902,Mercedes-Benz Group AG,1.0,1MBG-IT,0,SHARE,B19GKT4,C,Mercedes-Benz Group AG1.pdf,29.2,29
US07373V1052,,1916,"Beam Therapeutics, Inc.",1,2017.0,USA,07373V105,20200206.0,USA,0JJSH9-E,21.1,NASDAQ,BEAM-US,US07373V1052,07373V10,"Beam Therapeutics, Inc.",1.0,BEAM-US,1,SHARE,BK6L288,C,"Beam Therapeutics, Inc.1.pdf",21.1,21
CH0003390066,,1917,Mikron Holding AG,1,1961.0,CHE,H54534179,19860114.0,CHE,05J42V-E,28.99,SIX SWISS,MIKN-CH,CH0003390066,459221,Mikron Holding AG,1.0,MIKN-CH,1,SHARE,4592213,C,Mikron Holding AG1.pdf,28.9,28
AT0000785555,,1918,Semperit AG Holding,1,1824.0,AUT,A76473122,19990826.0,AUT,05J10T-E,22.19,VIENNA,SEM-AT,AT0000785555,576028,Semperit AG Holding,1.0,SEM-AT,1,SHARE,5760280,C,Semperit AG Holding1.pdf,22.1,22
KYG875941000,,1919,Tenfu (Cayman) Holdings Co. Ltd.,1,2010.0,HKG,G87594100,20110926.0,CHN,0C2V6C-E,10.89,HONG KONG,6868-HK,KYG875941000,B6SWBX,Tenfu (Cayman) Holdings Co. Ltd.,1.0,6868-HK,1,SHARE,B6SWBX9,C,Tenfu (Cayman) Holdings Co. Ltd.1.pdf,10.8,10
NL0010545661,,1920,CNH Industrial NV,1,2012.0,USA,N20944109,19961101.0,GBR,0D7GLM-E,28.92,NYSE,CNHI-US,NL0010545661,N2094410,CNH Industrial NV,1.0,CNHI-US,1,SHARE,BDX85Z1,C,CNH Industrial NV1.pdf,28.9,28
FDS9C695,,1921,Launch Tech Co. Ltd.,1,1992.0,HKG,FDS9C6951,,CHN,05TJPX-E,27.12,@NA,@NA,@NA,654901,Launch Tech Co. Ltd.,1.0,@NA,0,SHARE,@NA,C,Launch Tech Co. Ltd.1.pdf,27.1,27
US0970231058,,1922,Boeing Company,1,1916.0,USA,097023105,19841105.0,USA,000CYC-E,30.3,NYSE,BA-US,US0970231058,09702310,Boeing Company,1.0,BA-US,1,SHARE,2108601,C,Boeing Company1.pdf,30.3,30
INE285A01027,,1923,ELGI Equipments Limited,1,1960.0,IND,Y2286K141,19940614.0,IND,05VCYN-E,28.13,BSE INDIA,522074-IN,INE285A01027,627118,ELGI Equipments Limited,1.0,522074-IN,1,SHARE,6271189,C,ELGI Equipments Limited2.pdf,28.1,28
US2310211063,,1924,Cummins Inc.,1,1919.0,USA,231021106,20180129.0,USA,000FFW-E,28.11,LONDON,@NA,US2310211063,23102110,Cummins Inc.,1.0,0I58-GB,0,SHARE,BYZHJ39,C,Cummins Inc.3.pdf,28.1,28
KR7043150002,,1925,"Value Added Technology Co., Ltd.",1,1992.0,KOR,Y9347V107,20060929.0,KOR,06KM65-E,32.5,KOREA,043150-KR,KR7043150002,B1FMQF,"Value Added Technology Co., Ltd.",1.0,043150-KR,1,SHARE,B1FMQF4,C,"Value Added Technology Co., Ltd.1.pdf",32.5,32
CA21872J3073,,1926,"Core One Labs, Inc.",1,2010.0,CAN,21872J307,20111114.0,CAN,00D38R-E,21.2,CNQ,@NA,CA21872J3073,BNW000,"Core One Labs, Inc.",1.0,COOL-CA,1,SHARE,BNW0008,C,"Core One Labs, Inc.3.pdf",21.2,21
FDS0GQSV,,1927,Hebei Yichen Industrial Group Corporation Limited,1,2001.0,HKG,FDS0GQSV4,,CHN,0FPXS5-E,30.2,@NA,@NA,@NA,BYTNMK,Hebei Yichen Industrial Group Corporation Limited,1.0,@NA,0,SHARE,@NA,C,Hebei Yichen Industrial Group Corporation Limited1.pdf,30.2,30
US29408K2015,,1928,"Environmental Solutions Worldwide, Inc.",0,1987.0,USA,29408K201,19981013.0,USA,002M9D-E,29.31,US OTC,ESWW-US,US29408K2015,29408K20,"Environmental Solutions Worldwide, Inc.",1.0,ESWW-US,1,SHARE,BB2D0F8,C,"Environmental Solutions Worldwide, Inc.3.pdf",29.3,29
MYL9326OO009,,1929,LB Aluminium Bhd.,1,1985.0,MYS,Y5226Y105,19960529.0,MYS,05JC40-E,24.42,MALAYSIA,9326-MY,MYL9326OO009,B1W58N,LB Aluminium Bhd.,1.0,9326-MY,1,SHARE,B1W58N8,C,LB Aluminium Bhd.1.pdf,24.4,24
KYG3656F1000,,1930,Fourace Industries Group Holdings Limited,1,1988.0,HKG,G3656F100,20200915.0,HKG,0L9K0R-E,27.51,HONG KONG,@NA,KYG3656F1000,BMTQT7,Fourace Industries Group Holdings Limited,1.0,1455-HK,1,SHARE,BMTQT72,C,Fourace Industries Group Holdings Limited2.pdf,27.5,27
MYL7025OO009,,1931,Woodlandor Holdings Bhd.,1,1996.0,MYS,Y9692G101,19971029.0,MYS,0061S6-E,16.23,MALAYSIA,7025-MY,MYL7025OO009,604194,Woodlandor Holdings Bhd.,1.0,7025-MY,1,SHARE,6041940,C,Woodlandor Holdings Bhd.1.pdf,16.2,16
INE872H01027,,1932,Lumax Auto Technologies Limited,1,1981.0,IND,Y5345G126,20070117.0,IND,06KC9D-E,27.4,BSE INDIA,532796-IN,INE872H01027,BF2WW0,Lumax Auto Technologies Limited,1.0,532796-IN,1,SHARE,BF2WW02,C,Lumax Auto Technologies Limited2.pdf,27.4,27
CA5367361014,,1933,Lite Access Technologies Inc,1,2004.0,CAN,536736101,20150623.0,CAN,07C0XC-E,27.32,US OTC,@NA,CA5367361014,BY9C8B,Lite Access Technologies Inc,1.0,LTCCF-US,0,SHARE,BYQG2J2,C,Lite Access Technologies Inc2.pdf,27.3,27
INE105I01020,,1934,SEL Manufacturing Co. Ltd.,1,1969.0,IND,Y7576Z120,20080703.0,IND,06M1QQ-E,13.99,BSE INDIA,@NA,INE105I01020,BNSN69,SEL Manufacturing Co. Ltd.,1.0,532886-IN,1,SHARE,BNSN692,C,SEL Manufacturing Co. Ltd.1.pdf,13.9,13
TW0004537006,,1935,"Shuz Tung Machinery Industrial Co., Ltd.",1,1979.0,TWN,Y7T7A6107,20120503.0,TWN,0BJXH5-E,28.99,TAIPEI,@NA,TW0004537006,B7353R,"Shuz Tung Machinery Industrial Co., Ltd.",1.0,4537-TW,1,SHARE,B7353R8,C,"Shuz Tung Machinery Industrial Co., Ltd.1.pdf",28.9,28
US0043971052,,1936,Accuray Incorporated,1,1990.0,USA,004397105,20070208.0,USA,060ZXV-E,26.6,NASDAQ,ARAY-US,US0043971052,00439710,Accuray Incorporated,1.0,ARAY-US,1,SHARE,B1R2HW6,C,Accuray Incorporated1.pdf,26.6,26
SE0000667891,,1937,Sandvik AB,1,1862.0,SWE,W74857165,20000511.0,SWE,003PSQ-E,28.92,FRANKFURT,@NA,SE0000667891,B1VQ25,Sandvik AB,1.0,SVKB-DE,0,SHARE,B1XHQN9,C,Sandvik AB1.pdf,28.9,28
JP3268810003,,1938,"Cluster Technology Co., Ltd.",1,1991.0,JPN,J08461105,20060412.0,JPN,@NA,28.99,TOKYO,4240-JP,JP3268810003,B10S82,"Cluster Technology Co., Ltd.",1.0,4240-JP,1,SHARE,B10S828,C,"Cluster Technology Co., Ltd.3.pdf",28.9,28
KYG211411098,,1939,China Lilang Ltd.,1,1995.0,HKG,G21141109,20161205.0,CHN,0838RV-E,14.13,HONG KONG CONNECT - SHENZHEN,1234-SZSC,KYG211411098,B4JMX9,China Lilang Ltd.,1.0,@NA,0,SHARE,BD8GHR6,C,China Lilang Ltd.1.pdf,14.1,14
AT0000922554,,1940,Rosenbauer International AG,1,1866.0,AUT,A7132W104,20081103.0,AUT,05J9TD-E,29.2,LONDON,@NA,AT0000922554,474843,Rosenbauer International AG,1.0,0FRW-GB,0,SHARE,B28LMG8,C,Rosenbauer International AG1.pdf,29.2,29
US92532F1003,,1941,Vertex Pharmaceuticals Incorporated,1,1989.0,USA,92532F100,19910724.0,USA,000YJB-E,21.2,NASDAQ,VRTX-US,US92532F1003,92532F10,Vertex Pharmaceuticals Incorporated,1.0,VRTX-US,1,SHARE,2931034,C,Vertex Pharmaceuticals Incorporated2.pdf,21.2,21
INE459A01010,,1942,Bannari Amman Sugars Limited,1,1983.0,IND,Y0697V110,19950727.0,IND,05JCL9-E,10.81,BSE INDIA,500041-IN,INE459A01010,607772,Bannari Amman Sugars Limited,1.0,500041-IN,1,SHARE,6077729,C,Bannari Amman Sugars Limited2.pdf,10.8,10
KYG8167W1380,,1943,Sino Biopharmaceutical Limited,1,2000.0,HKG,G8167W138,20000929.0,HKG,05L60N-E,21.2,HONG KONG,1177-HK,KYG8167W1380,B00XSF,Sino Biopharmaceutical Limited,1.0,1177-HK,1,SHARE,B00XSF9,C,Sino Biopharmaceutical Limited1.pdf,21.2,21
BMG5697D1011,,1944,Lung Kee (Bermuda) Holdings Limited,1,1992.0,HKG,G5697D101,20020812.0,HKG,05J43C-E,28.99,SINGAPORE,@NA,BMG5697D1011,653841,Lung Kee (Bermuda) Holdings Limited,1.0,L09-SG,0,SHARE,6538107,C,Lung Kee (Bermuda) Holdings Limited1.pdf,28.9,28
US4601461035,,1945,International Paper Company,1,1898.0,USA,460146103,19841105.0,USA,000N29-E,17.12,NYSE,IP-US,US4601461035,46014610,International Paper Company,1.0,IP-US,1,SHARE,2465254,C,International Paper Company1.pdf,17.1,17
US98419M1009,,1946,Xylem Inc.,1,2011.0,USA,98419M100,20180119.0,USA,0C4770-E,28.12,LONDON,@NA,US98419M1009,98419M10,Xylem Inc.,1.0,0M29-GB,0,SHARE,BYZHKK3,C,Xylem Inc.1.pdf,28.1,28
SE0011205202,,1947,Vitrolife AB,1,1989.0,SWE,W98218147,20091124.0,SWE,05J61L-E,32.5,LONDON,@NA,SE0011205202,BFZCSN,Vitrolife AB,1.0,0YAY-GB,0,SHARE,BD5D134,C,Vitrolife AB1.pdf,32.5,32
KYG811661035,,1948,Shengli Oil & Gas Pipe Holdings Ltd.,1,1972.0,HKG,G81166103,20091218.0,CHN,08FVYK-E,24.2,HONG KONG,1080-HK,KYG811661035,B56FB9,Shengli Oil & Gas Pipe Holdings Ltd.,1.0,1080-HK,1,SHARE,B56FB99,C,Shengli Oil & Gas Pipe Holdings Ltd.1.pdf,24.2,24
MYQ0170OO009,,1949,Kanger International Bhd.,1,2012.0,MYS,Y45723106,20131223.0,CHN,@NA,16.1,MALAYSIA,0170-MY,MYQ0170OO009,BHC8B2,Kanger International Bhd.,1.0,0170-MY,1,SHARE,BHC8B29,C,Kanger International Bhd.1.pdf,16.1,16
US75082Q1058,,1950,Rain Oncology Inc.,1,2017.0,USA,75082Q105,20210423.0,USA,0HRJ1H-E,21.1,NASDAQ,RAIN-US,US75082Q1058,75082Q10,Rain Oncology Inc.,1.0,RAIN-US,1,SHARE,BN2RM92,C,Rain Oncology Inc.3.pdf,21.1,21
GB0006640972,,1951,4imprint Group plc,1,1921.0,GBR,G36555103,19850102.0,GBR,05JB9G-E,18.14,LONDON,FOUR-GB,GB0006640972,066409,4imprint Group plc,1.0,FOUR-GB,1,SHARE,0664097,C,4imprint Group plc1.pdf,18.1,18
FI4000513593,,1952,Kempower Oy,1,2012.0,FIN,X4S4V8106,20211214.0,FIN,@NA,27.9,OMX NORDIC HELSINKI,KEMPOWR-FI,FI4000513593,BP6VMQ,Kempower Oy,1.0,KEMPOWR-FI,1,SHARE,BP6VMQ1,C,Kempower Oy1.pdf,27.9,27
KYG677291067,,1953,Jacobson Pharma Corporation Limited,1,2016.0,HKG,G67729106,20160921.0,HKG,0G62LQ-E,21.2,HONG KONG,2633-HK,KYG677291067,BYZTBB,Jacobson Pharma Corporation Limited,1.0,2633-HK,1,SHARE,BYZTBB7,C,Jacobson Pharma Corporation Limited1.pdf,21.2,21
KYG211081248,,1954,China Medical System Holdings Ltd.,1,1995.0,HKG,G21108124,20100928.0,CHN,06T6PN-E,21.2,HONG KONG,867-HK,KYG211081248,B6WY99,China Medical System Holdings Ltd.,1.0,867-HK,1,SHARE,B6WY993,C,China Medical System Holdings Ltd.1.pdf,21.2,21
US6936561009,,1955,PVH Corp.,1,1881.0,USA,693656100,19841105.0,USA,000TCV-E,14.19,NYSE,PVH-US,US6936561009,69365610,PVH Corp.,1.0,PVH-US,1,SHARE,B3V9F12,C,PVH Corp.3.pdf,14.1,14
SE0019072158,,1956,LumenRadio AB,0,2008.0,SWE,W5S557102,20221208.0,SWE,@NA,27.4,OMX NORDIC STOCKHOLM,@NA,SE0019072158,BPCNTP,LumenRadio AB,1.0,LUMEN-SE,0,SHARE,BPCNTP9,C,LumenRadio AB1.pdf,27.4,27
ID1000170707,,1957,PT Estee Gold Feet Tbk,0,1978.0,IDN,Y2S0Z4110,20220808.0,IDN,@NA,20.42,INDONESIA,@NA,ID1000170707,BP4CVF,PT Estee Gold Feet Tbk,1.0,EURO-ID,0,SHARE,BP4CVF8,C,PT Estee Gold Feet Tbk1.pdf,20.4,20
TW0006263007,,1958,Planet Technology Corporation,1,1993.0,TWN,Y69881103,20030917.0,TWN,@NA,26.3,TAIPEI,6263-TW,TW0006263007,668029,Planet Technology Corporation,1.0,6263-TW,1,SHARE,6680291,C,Planet Technology Corporation1.pdf,26.3,26
TW0006187008,,1959,"All Ring Tech Co., Ltd.",1,1996.0,TWN,Y00905102,20020927.0,TWN,066R6R-E,28.99,TAIPEI,6187-TW,TW0006187008,643166,"All Ring Tech Co., Ltd.",1.0,6187-TW,1,SHARE,6431660,C,"All Ring Tech Co., Ltd.1.pdf",28.9,28
BMG9604B1090,,1960,Wuling Motors Holdings Limited,1,1992.0,HKG,G9604B109,20201116.0,HKG,05JLYJ-E,29.31,US OTC,@NA,BMG9604B1090,BX3JX5,Wuling Motors Holdings Limited,1.0,WLMTF-US,0,SHARE,BMTVQZ4,C,Wuling Motors Holdings Limited1.pdf,29.3,29
INE582K01018,,1961,Hindusthan Udyog Ltd.,0,1947.0,IND,Y3222H101,20121218.0,IND,@NA,24.1,BSE INDIA,@NA,INE582K01018,B52SQD,Hindusthan Udyog Ltd.,1.0,513039-IN,0,SHARE,B52SQD1,C,Hindusthan Udyog Ltd.2.pdf,24.1,24
INE346W01013,,1962,Apex Frozen Foods Ltd.,1,1995.0,IND,Y0R8MB108,20170904.0,IND,0GMX88-E,10.2,BSE INDIA,540692-IN,INE346W01013,BYZ0RK,Apex Frozen Foods Ltd.,1.0,540692-IN,1,SHARE,BYZ0RK1,C,Apex Frozen Foods Ltd.2.pdf,10.2,10
INE150G01020,,1963,Lux Industries Ltd.,1,1957.0,IND,Y5S471146,20160105.0,IND,08VNQF-E,14.14,BSE INDIA,539542-IN,INE150G01020,BD203Z,Lux Industries Ltd.,1.0,539542-IN,1,SHARE,BD203Z4,C,Lux Industries Ltd.1.pdf,14.1,14
US6273352012,,1964,MusclePharm Corporation,1,2006.0,USA,627335201,20081202.0,USA,09MF15-E,21.1,US OTC,MSLPQ-US,US6273352012,62733520,MusclePharm Corporation,1.0,MSLPQ-US,1,SHARE,B8H56K5,C,MusclePharm Corporation1.pdf,21.1,21
FR0013318813,,1965,Paragon ID SA,1,1997.0,FRA,F6957K117,20181220.0,FRA,0HV5P8-E,18.14,US OTC,@NA,FR0013318813,BG0SZP,Paragon ID SA,1.0,PAGDF-US,0,SHARE,BFWX766,C,Paragon ID SA2.pdf,18.1,18
TW0004186002,,1966,"Taiwan Advance Bio-Pharmaceutical, Inc.",1,2000.0,TWN,Y8T6F2101,20121127.0,TWN,0CB5HZ-E,21.2,TAIPEI,@NA,TW0004186002,B92DZG,"Taiwan Advance Bio-Pharmaceutical, Inc.",1.0,4186-TW,1,SHARE,B92DZG0,C,"Taiwan Advance Bio-Pharmaceutical, Inc.3.pdf",21.2,21
US50127T1097,,1967,"Kura Oncology, Inc.",1,2014.0,USA,50127T109,20150916.0,USA,00GKS0-E,21.1,NASDAQ,KURA-US,US50127T1097,50127T10,"Kura Oncology, Inc.",1.0,KURA-US,1,SHARE,BYZD465,C,"Kura Oncology, Inc.1.pdf",21.1,21
TW0003231007,,1968,Wistron Corporation,1,2001.0,TWN,Y96738102,20210325.0,TWN,05W8F4-E,26.2,US OTC,@NA,TW0003231007,667248,Wistron Corporation,1.0,WICOF-US,0,SHARE,B02WHL3,C,Wistron Corporation1.pdf,26.2,26
FDS1GOAT,,1969,"Zijin Mining Group Co., Ltd.",1,1986.0,HKG,FDS1GOAT1,,CHN,05W0C8-E,24.45,@NA,@NA,@NA,672529,"Zijin Mining Group Co., Ltd.",1.0,@NA,0,SHARE,@NA,C,"Zijin Mining Group Co., Ltd.1.pdf",24.4,24
CA86102Q1081,,1970,Stock Trend Capital Inc.,1,1965.0,CAN,86102Q108,19960301.0,CAN,0KR5P9-E,21.1,CNQ,@NA,CA86102Q1081,BQKRMR,Stock Trend Capital Inc.,1.0,PUMP-CA,1,SHARE,BQKRMR3,C,Stock Trend Capital Inc.2.pdf,21.1,21
US8968181011,,1971,"Triumph Group, Inc.",1,1993.0,USA,896818101,19961025.0,USA,001BPJ-E,30.3,NYSE,TGI-US,US8968181011,89681810,"Triumph Group, Inc.",1.0,TGI-US,1,SHARE,2893071,C,"Triumph Group, Inc.3.pdf",30.3,30
MYL4944OO004,,1972,Nylex (Malaysia) Bhd.,1,1970.0,MYS,Y6423V100,19910111.0,MYS,05JB61-E,20.13,MALAYSIA,4944-MY,MYL4944OO004,B01KLG,Nylex (Malaysia) Bhd.,1.0,4944-MY,1,SHARE,B01KLG1,C,Nylex (Malaysia) Bhd.1.pdf,20.1,20
US3719271047,,1973,"Genesis Energy, L.P.",1,1996.0,USA,371927104,19961127.0,USA,001BZP-E,20.13,NYSE,GEL-US,US3719271047,37192710,"Genesis Energy, L.P.",1.0,GEL-US,1,SHARE,2372257,C,"Genesis Energy, L.P.2.pdf",20.1,20
KYG378791068,,1974,Gemilang International Ltd.,1,2016.0,HKG,G37879106,20161111.0,MYS,0GF0JF-E,29.2,HONG KONG,6163-HK,KYG378791068,BD20XC,Gemilang International Ltd.,1.0,6163-HK,1,SHARE,BD20XC1,C,Gemilang International Ltd.1.pdf,29.2,29
INE588G01013,,1975,Milkfood Ltd.,1,1973.0,IND,Y6043S115,19961017.0,IND,06MMKP-E,10.42,BSE INDIA,@NA,INE588G01013,658176,Milkfood Ltd.,1.0,507621-IN,1,SHARE,6581769,C,Milkfood Ltd.1.pdf,10.4,10
KYG6981F1090,,1976,Peijia Medical Ltd.,1,2012.0,HKG,G6981F109,20201231.0,CHN,0LWL5C-E,32.5,HONG KONG CONNECT  - SHANGHAI,@NA,KYG6981F1090,BMT7V1,Peijia Medical Ltd.,1.0,@NA,0,SHARE,BL6CMW2,C,Peijia Medical Ltd.1.pdf,32.5,32
IT0004585243,,1977,Tesmec S.p.A.,1,1996.0,ITA,T9350L109,20100701.0,ITA,0720NM-E,28.92,MILAN,TES-IT,IT0004585243,B62QZS,Tesmec S.p.A.,1.0,TES-IT,1,SHARE,B62QZS0,C,Tesmec S.p.A.3.pdf,28.9,28
TW0006715006,,1978,"Lintes Technology Co., Ltd.",1,2011.0,TWN,Y5S85C103,20181115.0,TWN,0CWR1P-E,27.32,TAIWAN,6715-TW,TW0006715006,BGP5YC,"Lintes Technology Co., Ltd.",1.0,6715-TW,1,SHARE,BGP5YC1,C,"Lintes Technology Co., Ltd.2.pdf",27.3,27
KYG4295B1041,,1979,Harbour Equine Holdings Limited,1,2016.0,HKG,G4295B104,20171215.0,HKG,@NA,13.1,HONG KONG,@NA,KYG4295B1041,BP6DL3,Harbour Equine Holdings Limited,1.0,8377-HK,1,SHARE,BP6DL37,C,Harbour Equine Holdings Limited3.pdf,13.1,13
BD0301BOC004,,1980,Linde Bangladesh Limited,1,1973.0,BGD,Y0919T109,19960403.0,BGD,@NA,20.11,DHAKA,LINDEBD-BD,BD0301BOC004,610374,Linde Bangladesh Limited,1.0,LINDEBD-BD,1,SHARE,6103743,C,Linde Bangladesh Limited1.pdf,20.1,20
MYQ0171OO007,,1981,PeterLabs Holdings Bhd.,1,2010.0,MYS,Y6803Y104,20110726.0,MYS,0BX4MR-E,10.91,MALAYSIA,0171-MY,MYQ0171OO007,B6WC5H,PeterLabs Holdings Bhd.,1.0,0171-MY,1,SHARE,B6WC5H7,C,PeterLabs Holdings Bhd.2.pdf,10.9,10
TW0004142005,,1982,Adimmune Corporation,1,1965.0,TWN,Y0013X105,20100929.0,TWN,06Q04T-E,21.2,TAIWAN,4142-TW,TW0004142005,B3ML0F,Adimmune Corporation,1.0,4142-TW,1,SHARE,B3ML0F6,C,Adimmune Corporation1.pdf,21.2,21
TRASISEW91Q3,,1983,Turkiye Sise ve Cam Fabrikalari A.S.,1,1935.0,TUR,M9013U105,19900518.0,TUR,05J0T5-E,23.19,ISTANBUL,SISE.E-TR,TRASISEW91Q3,B03MXR,Turkiye Sise ve Cam Fabrikalari A.S.,1.0,SISE.E-TR,1,SHARE,B03MXR0,C,Turkiye Sise ve Cam Fabrikalari A.S.1.pdf,23.1,23
KYG5S00R1029,,1984,KML Technology Group Limited,1,2017.0,HKG,G5S00R102,20171016.0,HKG,@NA,27.33,HONG KONG,@NA,KYG5S00R1029,BYWG3X,KML Technology Group Limited,1.0,8065-HK,1,SHARE,BYWG3X7,C,KML Technology Group Limited3.pdf,27.3,27
US50015M1099,,1985,"Kodiak Sciences, Inc.",1,2009.0,USA,50015M109,20181004.0,USA,0JJRNG-E,21.1,NASDAQ,KOD-US,US50015M1099,50015M10,"Kodiak Sciences, Inc.",1.0,KOD-US,1,SHARE,BFXC933,C,"Kodiak Sciences, Inc.1.pdf",21.1,21
TW0008432006,,1986,TSH Biopharm Corp. Ltd.,1,2010.0,TWN,Y8975W106,20110616.0,TWN,@NA,21.2,TAIPEI,8432-TW,TW0008432006,B597YM,TSH Biopharm Corp. Ltd.,1.0,8432-TW,1,SHARE,B597YM6,C,TSH Biopharm Corp. Ltd.1.pdf,21.2,21
KYG6118R1092,,1987,Miji International Holdings Limited,1,2017.0,HKG,G6118R109,20180716.0,CHN,@NA,27.51,HONG KONG,@NA,KYG6118R1092,BG20S0,Miji International Holdings Limited,1.0,1715-HK,1,SHARE,BG20S05,C,Miji International Holdings Limited1.pdf,27.5,27
ID1000150204,,1988,PT Satyamitra Kemas Lestari Tbk,1,2001.0,IDN,Y7T28D114,20190711.0,IDN,0BT6PB-E,17.21,INDONESIA,SMKL-ID,ID1000150204,BGMG74,PT Satyamitra Kemas Lestari Tbk,1.0,SMKL-ID,1,SHARE,BGMG740,C,PT Satyamitra Kemas Lestari Tbk1.pdf,17.2,17
GB0004052071,,1989,Halma plc,1,1894.0,GBR,G42504103,20210329.0,GBR,05HXRL-E,26.51,MEXICO,@NA,GB0004052071,040520,Halma plc,1.0,HLMAN-MX,0,SHARE,BJMC0Z1,C,Halma plc1.pdf,26.5,26
MX01OR010004,,1990,Orbia Advance Corp. SAB de CV,1,1953.0,MEX,P7S81Y105,20080229.0,MEX,05K4P0-E,22.21,FRANKFURT,@NA,MX01OR010004,BH3T8K,Orbia Advance Corp. SAB de CV,1.0,4FZ-DE,0,SHARE,BKP37N5,C,Orbia Advance Corp. SAB de CV1.pdf,22.2,22
JP3833400009,,1991,"Precision System Science Co.,Ltd",1,1985.0,JPN,J6397V109,20220727.0,JPN,05J49X-E,21.2,US OTC,@NA,JP3833400009,631824,"Precision System Science Co.,Ltd",1.0,PCNEF-US,0,SHARE,BMVHNY8,C,"Precision System Science Co.,Ltd1.pdf",21.2,21
BMG5150J1577,,1992,Johnson Electric Holdings Limited,1,1959.0,HKG,G5150J157,19981022.0,HKG,05HWG5-E,29.31,STUTTGART,@NA,BMG5150J1577,BP4JH1,Johnson Electric Holdings Limited,1.0,JOHB-DE,0,SHARE,BP82BB0,C,Johnson Electric Holdings Limited1.pdf,29.3,29
AU000000PPG6,,1993,Pro-Pac Packaging Ltd,1,1987.0,AUS,Q7752Z109,20050427.0,AUS,0077N1-E,17.29,ASX,PPG-AU,AU000000PPG6,B07629,Pro-Pac Packaging Ltd,1.0,PPG-AU,1,SHARE,B076293,C,Pro-Pac Packaging Ltd1.pdf,17.2,17
FDS1IX9P,,1994,"Zylox-Tonbridge Medical Technology Co., Ltd.",1,2012.0,HKG,FDS1IX9P9,,CHN,0LDMKS-E,32.5,@NA,@NA,@NA,BP6FHK,"Zylox-Tonbridge Medical Technology Co., Ltd.",1.0,@NA,0,SHARE,@NA,C,"Zylox-Tonbridge Medical Technology Co., Ltd.1.pdf",32.5,32
TW0009930008,,1995,CHC Resources Corporation,1,1991.0,TWN,Y1456E109,19991227.0,TWN,06209S-E,23.51,TAIWAN,9930-TW,TW0009930008,619902,CHC Resources Corporation,1.0,9930-TW,1,SHARE,6199021,C,CHC Resources Corporation1.pdf,23.5,23
AU000000NTI9,,1996,Neurotech International Ltd.,1,2016.0,AUS,Q6644M102,20161104.0,AUS,0GK4F2-E,32.5,ASX,@NA,AU000000NTI9,BD8789,Neurotech International Ltd.,1.0,NTI-AU,1,SHARE,BD87898,C,Neurotech International Ltd.2.pdf,32.5,32
KYG3472Y1017,,1997,FIH Mobile Ltd.,1,2000.0,HKG,G3472Y101,20070711.0,TWN,006T2D-E,26.2,US OTC,@NA,KYG3472Y1017,BBQ2Z6,FIH Mobile Limited,1.0,FXCNF-US,0,SHARE,BBT32M2,C,FIH Mobile Ltd.1.pdf,26.2,26
MYL7107OO005,,1998,Oriental Food Industries Holdings Bhd.,1,1996.0,MYS,Y6503E101,20000810.0,MYS,05WQP9-E,10.82,MALAYSIA,7107-MY,MYL7107OO005,628211,Oriental Food Industries Holdings Bhd.,1.0,7107-MY,1,SHARE,6282114,C,Oriental Food Industries Holdings Bhd.1.pdf,10.8,10
FDS24636,,1999,"Zhuzhou CRRC Times Electric Co., Ltd.",1,2005.0,HKG,FDS246369,,CHN,008V37-E,27.33,@NA,@NA,@NA,B1L3XL,"Zhuzhou CRRC Times Electric Co., Ltd.",1.0,@NA,0,SHARE,@NA,C,"Zhuzhou CRRC Times Electric Co., Ltd.1.pdf",27.3,27
KR7005850003,,2000,SL Corporation,1,1954.0,KOR,Y8087R102,19930709.0,KOR,05JB5W-E,27.4,KOREA,005850-KR,KR7005850003,652979,SL Corporation,1.0,005850-KR,1,SHARE,6529792,C,SL Corporation1.pdf,27.4,27
TW0004743000,,2001,"Oneness Biotech Co., Ltd.",1,2008.0,TWN,Y6425E106,20090622.0,TWN,@NA,21.2,TAIPEI,4743-TW,TW0004743000,B606XG,"Oneness Biotech Co., Ltd.",1.0,4743-TW,1,SHARE,B606XG6,C,"Oneness Biotech Co., Ltd.3.pdf",21.2,21
US09075F1075,,2002,"Bionano Genomics, Inc.",1,2003.0,USA,09075F107,20180921.0,USA,06WDG4-E,21.1,NASDAQ,BNGO-US,US09075F1075,09075F10,"Bionano Genomics, Inc.",1.0,BNGO-US,1,SHARE,BFY8K60,C,"Bionano Genomics, Inc.1.pdf",21.1,21
NO0003043309,,2003,Kongsberg Gruppen ASA,1,1814.0,NOR,R60837102,20110316.0,NOR,05HZT2-E,30.11,US OTC,@NA,NO0003043309,520824,Kongsberg Gruppen ASA,1.0,NSKFF-US,0,SHARE,B404X44,C,Kongsberg Gruppen ASA1.pdf,30.1,30
TW0008059007,,2004,"CastleNet Technology, Inc.",1,1998.0,TWN,Y1140Z104,20080212.0,TWN,@NA,26.3,TAIPEI,8059-TW,TW0008059007,B2PB5J,"CastleNet Technology, Inc.",1.0,8059-TW,1,SHARE,B2PB5J5,C,"CastleNet Technology, Inc.1.pdf",26.3,26
US7445731067,,2005,Public Service Enterprise Group Inc,1,1903.0,USA,744573106,20180129.0,USA,000V1Y-E,35.11,LONDON,@NA,US7445731067,74457310,Public Service Enterprise Group Inc,1.0,0KS2-GB,0,SHARE,BYZHC07,D,Public Service Enterprise Group Inc1.pdf,35.1,35
US84857L1017,,2006,Spire Inc.,1,1857.0,USA,84857L101,19841105.0,USA,0032H5-E,35.22,NYSE,SR-US,US84857L1017,84857L10,Spire Inc.,1.0,SR-US,1,SHARE,BYXJQG9,D,Spire Inc.1.pdf,35.2,35
CLP3710M1090,,2007,Enel Generacion Chile S.A.,1,1943.0,CHL,P3710M109,19921023.0,CHL,002DF3-E,35.11,SANTIAGO,ENELGXCH-CL,CLP3710M1090,229935,Enel Generacion Chile S.A.,1.0,ENELGXCH-CL,1,SHARE,2299356,D,Enel Generacion Chile S.A.1.pdf,35.1,35
HK0002007356,,2008,CLP Holdings Limited,0,1997.0,HKG,Y1660Q104,,HKG,003LC6-E,35.11,BERNE,@NA,HK0002007356,609701,CLP Holdings Limited,1.0,CLP-CH,0,SHARE,BMF1RL1,D,CLP Holdings Limited1.pdf,35.1,35
HK0006000050,,2009,Power Assets Holdings Limited,0,1976.0,HKG,Y7092Q109,,HKG,05HWD6-E,35.11,BERNE,@NA,HK0006000050,643532,Power Assets Holdings Limited,1.0,HEH-CH,0,SHARE,BMF1RP5,D,Power Assets Holdings Limited1.pdf,35.1,35
AU000000GNX5,,2010,Genex Power Ltd.,1,2011.0,AUS,Q40128102,20150708.0,AUS,0DFNK2-E,35.22,ASX,GNX-AU,AU000000GNX5,BYX248,Genex Power Ltd.,1.0,GNX-AU,1,SHARE,BYX2486,D,Genex Power Ltd.1.pdf,35.2,35
CL0002694637,,2011,AES Andes S.A.,1,1981.0,CHL,P0091L106,19910604.0,CHL,002C02-E,35.11,SANTIAGO,AESANDES-CL,CL0002694637,BNK8YV,AES Andes S.A.,1.0,AESANDES-CL,1,SHARE,BNK8YV3,D,AES Andes S.A.1.pdf,35.1,35
FDS13R0F,,2012,Brookfield Infrastructure Corp. (New York),1,,CAN,FDS13R0F9,,USA,0LGWJG-E,35.22,@NA,@NA,@NA,BLB767,Brookfield Infrastructure Corp. (New York),1.0,@NA,0,SHARE,@NA,D,Brookfield Infrastructure Corp. (New York)2.pdf,35.2,35
ID1000139900,,2013,PT Megapower Makmur Tbk,1,2007.0,IDN,Y5927S100,20170705.0,IDN,@NA,35.11,INDONESIA,@NA,ID1000139900,BZ9N38,PT Megapower Makmur Tbk,1.0,MPOW-ID,1,SHARE,BZ9N383,D,PT Megapower Makmur Tbk1.pdf,35.1,35
VGG9833A1049,,2014,Xinyi Energy Holdings Limited,1,2015.0,HKG,G9833A104,20190528.0,CHN,0JMVCZ-E,35.22,HONG KONG,3868-HK,VGG9833A1049,BGSN86,Xinyi Energy Holdings Limited,1.0,3868-HK,1,SHARE,BGSN864,D,Xinyi Energy Holdings Limited1.pdf,35.2,35
CA6665111002,,2015,Northland Power Inc.,1,1987.0,CAN,666511100,20120417.0,CAN,0BCZSC-E,35.11,US OTC,@NA,CA6665111002,B68XHC,Northland Power Inc.,1.0,NPIFF-US,0,SHARE,B66J109,D,Northland Power Inc.1.pdf,35.1,35
US0255371017,,2016,"American Electric Power Company, Inc.",1,1906.0,USA,025537101,19841105.0,USA,000BY1-E,35.11,NASDAQ,AEP-US,US0255371017,02553710,"American Electric Power Company, Inc.",1.0,AEP-US,1,SHARE,2026242,D,"American Electric Power Company, Inc.1.pdf",35.1,35
MYL4677OO000,,2017,YTL Corp Bhd.,1,1955.0,MYS,Y98610101,19850905.0,MYS,05HWRD-E,35.11,MALAYSIA,4677-MY,MYL4677OO000,643612,YTL Corp Bhd.,1.0,4677-MY,1,SHARE,6436126,D,YTL Corp Bhd.1.pdf,35.1,35
NZVCTE0001S7,,2018,Vector Limited,1,1994.0,NZL,Q9389B109,20090409.0,NZL,05MDBR-E,35.11,US OTC,@NA,NZVCTE0001S7,B0H0BC,Vector Limited,1.0,VETTF-US,0,SHARE,B614LN2,D,Vector Limited1.pdf,35.1,35
BRCPLEACNOR8,,2019,Companhia Paranaense de Energia,1,1954.0,BRA,P30557105,19940614.0,BRA,05W4HH-E,35.11,SAO PAULO,CPLE3-BR,BRCPLEACNOR8,220015,Companhia Paranaense de Energia,1.0,CPLE3-BR,0,SHARE,2192831,D,Companhia Paranaense de Energia1.pdf,35.1,35
TH0465010005,,2020,"Electricity Generating Public Co., Ltd.",1,1992.0,THA,Y22834108,19950116.0,THA,05HZB2-E,35.11,THAILAND,EGCO-TH,TH0465010005,630463,"Electricity Generating Public Co., Ltd.",1.0,EGCO-TH,1,SHARE,6304632,D,"Electricity Generating Public Co., Ltd.2.pdf",35.1,35
RU000A0JPPN4,,2021,Rosseti Volga PJSC,1,2007.0,RUS,X39921105,20080909.0,RUS,07707B-E,35.11,MICEX,MRKV-MIC,RU000A0JPPN4,B56GJR,Rosseti Volga PJSC,1.0,MRKV-RU,1,SHARE,B56GJR6,D,Rosseti Volga PJSC1.pdf,35.1,35
KYG889141175,,2022,TL Natural Gas Holdings Limited,1,2017.0,HKG,G88914117,20180518.0,CHN,@NA,35.22,HONG KONG,@NA,KYG889141175,BN936T,TL Natural Gas Holdings Limited,1.0,8536-HK,1,SHARE,BN936T1,D,TL Natural Gas Holdings Limited1.pdf,35.2,35
BMG983052074,,2023,China Zenith Chemical Group Limited,1,2000.0,HKG,G98305207,20010502.0,HKG,05RSY6-E,35.11,HONG KONG,362-HK,BMG983052074,BQZDHK,China Zenith Chemical Group Limited,1.0,362-HK,1,SHARE,BQZDHK4,D,China Zenith Chemical Group Limited1.pdf,35.1,35
US8425871071,,2024,Southern Company,1,1945.0,USA,842587107,19841105.0,USA,000WQ5-E,35.11,NYSE,SO-US,US8425871071,84258710,Southern Company,1.0,SO-US,1,SHARE,2829601,D,Southern Company1.pdf,35.1,35
INE306C01019,,2025,Energy Development Co. Ltd.,1,1995.0,IND,Y22929114,20050721.0,IND,06L8XR-E,35.11,BSE INDIA,@NA,INE306C01019,B03G61,Energy Development Co. Ltd.,1.0,532219-IN,1,SHARE,B03G617,D,Tianjin Binhai Energy Development Co. Ltd.1.pdf,35.1,35
US92840M1027,,2026,Vistra Corp.,1,1882.0,USA,92840M102,20160930.0,USA,0GL3K3-E,35.11,NYSE,VST-US,US92840M1027,92840M10,Vistra Corp.,1.0,VST-US,1,SHARE,BZ8VJQ8,D,Vistra Corp.1.pdf,35.1,35
BRENBRACNOR2,,2027,EDP - Energias do Brasil S.A.,1,1996.0,BRA,P3769R108,20050713.0,BRA,0663NL-E,35.11,SAO PAULO,ENBR3-BR,BRENBRACNOR2,B0D749,EDP - Energias do Brasil S.A.,1.0,ENBR3-BR,1,SHARE,B0D7494,D,EDP - Energias do Brasil S.A.1.pdf,35.1,35
BMG2178K1009,,2028,CK Infrastructure Holdings Limited,1,1996.0,HKG,G2178K100,19981022.0,HKG,05PPVZ-E,35.11,FRANKFURT,@NA,BMG2178K1009,BYVS6J,CK Infrastructure Holdings Limited,1.0,CHH-DE,0,SHARE,BYVSBC9,D,CK Infrastructure Holdings Limited1.pdf,35.1,35
FDS8A52A,,2029,Tianjin Jinran Public Utilit,1,1998.0,HKG,FDS8A52A3,,CHN,@NA,35.22,@NA,@NA,@NA,672869,Tianjin Jinran Public Utilities Co. Ltd.,1.0,@NA,0,SHARE,@NA,D,Tianjin Jinran Public Utilities Co. Ltd.1.pdf,35.2,35
GRS804003002,,2030,Selected Energy SA,1,2009.0,CYP,X7608S103,20120702.0,GRC,@NA,35.22,CYPRUS,@NA,GRS804003002,B8807R,Selected Energy SA,1.0,EPIEN-CY,1,SHARE,B8807R3,D,Selected Energy SA1.pdf,35.2,35
KYG8192K1094,,2031,Sino Gas Holdings Group Limited,1,,HKG,G8192K109,20181228.0,CHN,0F0MLK-E,35.22,HONG KONG,@NA,KYG8192K1094,BH3NQJ,Sino Gas Holdings Group Limited,1.0,1759-HK,1,SHARE,BH3NQJ5,D,Sino Gas Holdings Group Limited1.pdf,35.2,35
HK0836012952,,2032,China Resources Power Holdings Co. Ltd.,1,2001.0,HKG,Y1503A100,20031208.0,HKG,05V2SK-E,35.11,US OTC,@NA,HK0836012952,671156,China Resources Power Holdings Co. Ltd.,1.0,CRPJF-US,0,SHARE,B01XX86,D,China Resources Power Holdings Co. Ltd.3.pdf,35.1,35
IT0005211237,,2033,Italgas SpA,1,2016.0,ITA,T6R89Z103,20161107.0,ITA,05HQRC-E,35.22,MILAN,IG-IT,IT0005211237,BD2Z8S,Italgas SpA,1.0,IG-IT,1,SHARE,BD2Z8S7,D,Italgas SpA1.pdf,35.2,35
GB00B1VNSX38,,2034,Drax Group plc,0,2005.0,GBR,G2904K127,,GBR,007HDQ-E,35.11,SIX SWISS,@NA,GB00B1VNSX38,B1VNSX,Drax Group plc,1.0,DRX-CH,0,SHARE,BKSG2M5,D,Drax Group plc1.pdf,35.1,35
TW0009908004,,2035,Great Taipei Gas Corporation,1,1964.0,TWN,Y2864F100,19910920.0,TWN,@NA,35.22,TAIWAN,9908-TW,TW0009908004,688776,Great Taipei Gas Corporation,1.0,9908-TW,1,SHARE,6887768,D,Great Taipei Gas Corporation1.pdf,35.2,35
US8448951025,,2036,"Southwest Gas Holdings, Inc.",1,1931.0,USA,844895102,19841105.0,USA,0GR2P2-E,35.22,NYSE,SWX-US,US8448951025,84489510,"Southwest Gas Holdings, Inc.",1.0,SWX-US,1,SHARE,2831888,D,"Southwest Gas Holdings, Inc.1.pdf",35.2,35
SG1H05873721,,2037,Asian Micro Holdings Limited,1,1996.0,SGP,Y0362P109,19990923.0,SGP,@NA,35.22,SINGAPORE,@NA,SG1H05873721,617513,Asian Micro Holdings Limited,1.0,585-SG,1,SHARE,6175139,D,Asian Micro Holdings Limited1.pdf,35.2,35
BMG2116L1037,,2038,China Smarter Energy Group Holdings Limited,1,1997.0,HKG,G2116L103,19971009.0,HKG,0060RF-E,35.11,HONG KONG,1004-HK,BMG2116L1037,BVFMPJ,China Smarter Energy Group Holdings Limited,1.0,1004-HK,1,SHARE,BVFMPJ1,D,China Smarter Energy Group Holdings Limited1.pdf,35.1,35
GB00BD3VDH82,,2039,VivoPower International Plc,1,2016.0,USA,G9376R100,20161229.0,GBR,0GGBZH-E,35.11,NASDAQ,VVPR-US,GB00BD3VDH82,G9376R10,VivoPower International Plc,1.0,VVPR-US,1,SHARE,BD3VDH8,D,VivoPower International Plc1.pdf,35.1,35
HK0154000803,,2040,Beijing Enterprises Environment Group Limited,1,1963.0,HKG,Y0769W103,19850102.0,HKG,05J5WN-E,35.22,HONG KONG,154-HK,HK0154000803,643563,Beijing Enterprises Environment Group Limited,1.0,154-HK,1,SHARE,6435639,D,Beijing Enterprises Environment Group Limited1.pdf,35.2,35
BMG095871098,,2041,Beijing Gas Blue Sky Holdings Ltd,1,2000.0,HKG,G09587109,20110712.0,HKG,06QDGW-E,35.22,HONG KONG,6828-HK,BMG095871098,BYZD5D,Beijing Gas Blue Sky Holdings Ltd,1.0,6828-HK,1,SHARE,BYZD5D9,D,Beijing Gas Blue Sky Holdings Ltd1.pdf,35.2,35
KYG730761049,,2042,Puxing Energy Ltd.,1,2008.0,HKG,G73076104,20090710.0,CHN,00C38W-E,35.11,HONG KONG,90-HK,KYG730761049,BK75LL,Puxing Energy Ltd.,1.0,90-HK,1,SHARE,BK75LL5,D,Puxing Energy Ltd.1.pdf,35.1,35
BMG2345T1099,,2043,Concord New Energy Group Limited,1,1905.0,HKG,G2345T109,19920529.0,HKG,06XKMZ-E,35.11,HONG KONG,182-HK,BMG2345T1099,BVXTWR,Concord New Energy Group Limited,1.0,182-HK,1,SHARE,BVXTWR1,D,Concord New Energy Group Limited1.pdf,35.1,35
KYG9891U1334,,2044,Zhongyu Energy Holdings Limited,1,2001.0,HKG,G9891U133,20010605.0,HKG,05JQFH-E,35.22,HONG KONG,3633-HK,KYG9891U1334,BDDLRK,Zhongyu Energy Holdings Limited,1.0,3633-HK,1,SHARE,BDDLRK9,D,Zhongyu Energy Holdings Limited1.pdf,35.2,35
US03676B1026,,2045,Antero Midstream Corp.,1,2013.0,USA,03676B102,20170504.0,USA,0DL4X1-E,35.22,NYSE,AM-US,US03676B1026,03676B10,Antero Midstream Corp.,1.0,AM-US,1,SHARE,BJBT0Q4,D,Antero Midstream Corp.1.pdf,35.2,35
ID1000138902,,2046,PT Terregra Asia Energy Tbk,1,1995.0,IDN,Y85729104,20170516.0,IDN,@NA,35.11,INDONESIA,@NA,ID1000138902,BF13JK,PT Terregra Asia Energy Tbk,1.0,TGRA-ID,1,SHARE,BF13JK5,D,PT Terregra Asia Energy Tbk1.pdf,35.1,35
GB00B033F229,,2047,Centrica plc,1,1995.0,GBR,G2018Z143,19990216.0,GBR,003JJM-E,35.22,FRANKFURT,@NA,GB00B033F229,B033F2,Centrica plc,1.0,CENB-DE,0,SHARE,B03J9H3,D,Centrica plc1.pdf,35.2,35
IE0002424939,,2048,DCC Plc,1,1976.0,GBR,G2689P101,20040504.0,IRL,05HXJ5-E,35.22,US OTC,@NA,IE0002424939,024249,DCC Plc,1.0,DCCPF-US,0,SHARE,B01ZKG9,D,DCC Plc1.pdf,35.2,35
TH6075010Z06,,2049,Power Solution Technologies Public Co. Ltd.,1,2001.0,THA,Y707BC179,20141219.0,THA,0DRQFG-E,35.11,THAILAND,PSTC-TH,TH6075010Z06,BMFV0C,Power Solution Technologies Public Co. Ltd.,1.0,PSTC-TH,1,SHARE,BMFV0C3,D,Power Solution Technologies Public Co. Ltd.1.pdf,35.1,35
CA14042M1023,,2050,Capital Power Corporation,1,2009.0,CAN,14042M102,20120801.0,CAN,00C0ZN-E,35.11,US OTC,@NA,CA14042M1023,B61KF8,Capital Power Corporation,1.0,CPXWF-US,0,SHARE,B50L1C6,D,Capital Power Corporation1.pdf,35.1,35
BMG2113B1081,,2051,China Resources Gas Group Limited,0,1905.0,HKG,G2113B108,,HKG,07HFLK-E,35.22,BERNE,@NA,BMG2113B1081,653551,China Resources Gas Group Limited,1.0,LGX1-CH,0,SHARE,BLNNXK3,D,China Resources Gas Group Limited1.pdf,35.2,35
FDS1LG4A,,2052,"Huzhou Gas Co., Ltd.",1,2004.0,HKG,FDS1LG4A0,,CHN,0NYKFW-E,35.22,@NA,@NA,@NA,BPQW67,"Huzhou Gas Co., Ltd.",1.0,@NA,0,SHARE,@NA,D,"Huzhou Gas Co., Ltd.1.pdf",35.2,35
DE000A0H52F5,,2053,MVV Energie AG,1,1974.0,DEU,D5565G122,20071108.0,DEU,05HR19-E,35.11,LONDON,@NA,DE000A0H52F5,563103,MVV Energie AG,1.0,0FCK-GB,0,SHARE,B28KY25,D,MVV Energie AG1.pdf,35.1,35
LK0459N00004,,2054,LAUGFS Power Plc,1,1995.0,LKA,Y519AC112,20191030.0,LKA,0BFBQG-E,35.22,COLOMBO,@NA,LK0459N00004,BKDQJV,LAUGFS Power Plc,1.0,LPL.N0000-LK,1,SHARE,BKDQJV8,D,LAUGFS Power Plc1.pdf,35.2,35
KYG1146W1050,,2055,Shandong Hi-Speed New Energy Group Limited,1,2012.0,HKG,G1146W105,20181023.0,HKG,0D6SNL-E,35.22,HONG KONG CONNECT  - SHANGHAI,@NA,KYG1146W1050,BYZWFF,Shandong Hi-Speed New Energy Group Limited,1.0,@NA,0,SHARE,BGKFJ76,D,Shandong Hi-Speed New Energy Group Limited1.pdf,35.2,35
MYL5347OO009,,2056,Tenaga Nasional Bhd,1,1949.0,MYS,Y85859109,19920528.0,MYS,05HWD8-E,35.11,MALAYSIA,5347-MY,MYL5347OO009,690461,Tenaga Nasional Bhd,1.0,5347-MY,1,SHARE,6904612,D,Tenaga Nasional Bhd1.pdf,35.1,35
BMG162581083,,2057,Brookfield Renewable Partners LP,1,2011.0,CAN,G16258108,19991118.0,BMU,0C2SF1-E,35.11,TORONTO,BEP.UT-CA,BMG162581083,B712JY,Brookfield Renewable Partners LP,1.0,BEP.UT-CA,1,SHARE,B712JY0,D,Brookfield Renewable Partners LP2.pdf,35.1,35
OM0000001822,,2058,United Power Company SAOC,0,1995.0,OMN,M9T50M106,19960207.0,OMN,@NA,35.11,OMAN,UECS-OM,OM0000001822,691518,United Power Company SAOC,1.0,UECS-OM,1,SHARE,6915186,D,United Power Company SAOC3.pdf,35.1,35
CL0002266774,,2059,Enel Chile SA,1,2015.0,CHL,P3762G109,20160421.0,CHL,0G1NL4-E,35.11,SANTIAGO,ENELCHILE-CL,CL0002266774,BYMLZD,Enel Chile SA,1.0,ENELCHILE-CL,1,SHARE,BYMLZD6,D,Enel Chile SA1.pdf,35.1,35
SG1T37930313,,2060,Gallant Venture Ltd.,1,2003.0,SGP,Y2679C102,20060606.0,SGP,0087T9-E,35.11,SINGAPORE,5IG-SG,SG1T37930313,B14SLW,Gallant Venture Ltd.,1.0,5IG-SG,1,SHARE,B14SLW5,D,Gallant Venture Ltd.2.pdf,35.1,35
TH1026010Y05,,2061,Green Tech Ventures Public Company Limited,1,2000.0,THA,Y9226L113,20100527.0,THA,@NA,35.22,THAILAND,GTV-TH,TH1026010Y05,BXVM2N,Green Tech Ventures Public Company Limited,1.0,GTV-TH,1,SHARE,BXVM2N2,D,Green Tech Ventures Public Company Limited1.pdf,35.2,35
KR7015760002,,2062,Korea Electric Power Corporation,1,1961.0,KOR,Y48406105,19911127.0,KOR,00191K-E,35.11,KOREA,015760-KR,KR7015760002,649573,Korea Electric Power Corporation,1.0,015760-KR,1,SHARE,6495730,D,Korea Electric Power Corporation1.pdf,35.1,35
IT0003242622,,2063,Terna S.p.A.,1,1999.0,ITA,T9471R100,20071102.0,ITA,05Z7RL-E,35.11,LONDON,@NA,IT0003242622,B01BN5,Terna S.p.A.,1.0,0LBM-GB,0,SHARE,B28MY09,D,Terna S.p.A.1.pdf,35.1,35
CL0000001801,,2064,Enel Distribucion Chile S.A.,1,1987.0,CHL,P37118109,19921002.0,CHL,06HX35-E,35.11,SANTIAGO,ENELDXCH-CL,CL0000001801,B0Z99V,Enel Distribucion Chile S.A.,1.0,ENELDXCH-CL,1,SHARE,B0Z99V5,D,Enel Distribucion Chile S.A.1.pdf,35.1,35
DE0007037129,,2065,RWE AG,1,1999.0,DEU,D6629K109,20030919.0,DEU,001FW9-E,35.11,US OTC,@NA,DE0007037129,476896,RWE AG,1.0,RWNFF-US,0,SHARE,B02NV25,D,RWE AG1.pdf,35.1,35
CA87807B1076,,2066,TC Energy Corporation,1,1951.0,CAN,87807B107,19850530.0,CAN,004HVJ-E,35.22,NYSE,TRP-US,CA87807B1076,BJMY6G,TC Energy Corporation,1.0,TRP-US,0,SHARE,BJMY6F9,D,TC Energy Corporation1.pdf,35.2,35
VN000000TTE6,,2067,Truong Thinh Energy Investment JSC,1,2014.0,VNM,Y8979D104,20181210.0,VNM,0K0FPB-E,35.11,VIETNAM,@NA,VN000000TTE6,BGSLWG,Truong Thinh Energy Investment JSC,1.0,TTE-VN,1,SHARE,BGSLWG6,D,Truong Thinh Energy Investment JSC3.pdf,35.1,35
US26441C2044,,2068,Duke Energy Corporation,1,1904.0,USA,26441C204,19841105.0,USA,06F9DV-E,35.11,NYSE,DUK-US,US26441C2044,26441C20,Duke Energy Corporation,1.0,DUK-US,1,SHARE,B7VD3F2,D,Duke Energy Corporation1.pdf,35.1,35
KYG8440V1133,,2069,China Technology Industry Group Limited,1,2000.0,HKG,G8440V113,20010103.0,HKG,0C0Z6N-E,35.11,HONG KONG,8111-HK,KYG8440V1133,BP37X4,China Technology Industry Group Limited,1.0,8111-HK,1,SHARE,BP37X47,D,China Technology Industry Group Limited2.pdf,35.1,35
PHY0005M1090,,2070,Aboitiz Power Corp.,1,1998.0,PHL,Y0005M109,20070716.0,PHL,06QWTR-E,35.22,PHILIPPINES,AP-PH,PHY0005M1090,B1Z9Q9,Aboitiz Power Corp.,1.0,AP-PH,1,SHARE,B1Z9Q99,D,Aboitiz Power Corp.1.pdf,35.2,35
CA4488112083,,2071,Hydro One Limited,1,2015.0,CAN,448811208,20151117.0,CAN,0FS5S5-E,35.11,US OTC,@NA,CA4488112083,BYYXJY,Hydro One Limited,1.0,HRNNF-US,0,SHARE,BYNH2K9,D,Hydro One Limited1.pdf,35.1,35
SI0031108580,,2072,Elektro Maribor d.d.,0,1914.0,SVN,X1936T107,20180314.0,SVN,@NA,35.11,LJUBLJANA,@NA,SI0031108580,B044YV,Elektro Maribor d.d.,1.0,EMAG-SI,0,SHARE,B044YV6,D,Elektro Maribor d.d.1.pdf,35.1,35
BRAESBACNOR7,,2073,AES Brasil Energia SA,1,2020.0,BRA,P0R9B6109,19990802.0,BRA,0NL3PH-E,35.11,SAO PAULO,AESB3-BR,BRAESBACNOR7,BMYVVL,AES Brasil Energia SA,1.0,AESB3-BR,1,SHARE,BMYVVL0,D,AES Brasil Energia SA1.pdf,35.1,35
PLENEA000013,,2074,ENEA S.A.,1,1904.0,POL,X2232G104,20081117.0,POL,067HV6-E,35.11,WARSAW,ENA-PL,PLENEA000013,B3F97B,ENEA S.A.,1.0,ENA-PL,1,SHARE,B3F97B2,D,ENEA S.A.1.pdf,35.1,35
ROELECACNOR5,,2075,Societatea Energetica Electrica S.A.,1,1898.0,ROU,X8067D108,20140724.0,ROU,05WQZC-E,35.11,LONDON,@NA,ROELECACNOR5,BNK007,Societatea Energetica Electrica S.A.,1.0,0QVZ-GB,0,SHARE,BP7Q9C0,D,Societatea Energetica Electrica S.A.1.pdf,35.1,35
IT0003128367,,2076,Enel SpA,0,1992.0,ITA,T3679P115,20141103.0,ITA,0031L0-E,35.11,BERNE,@NA,IT0003128367,714456,Enel SpA,1.0,ENL-CH,0,SHARE,BRTM890,D,Enel SpA1.pdf,35.1,35
US8168511090,,2077,Sempra Energy,0,1996.0,USA,816851109,20140730.0,USA,00247H-E,35.11,MEXICO,@NA,US8168511090,81685110,Sempra Energy,1.0,SRE-MX,0,SHARE,BPPWWG5,D,Sempra Energy1.pdf,35.1,35
US65473P1057,,2078,NiSource Inc,1,1987.0,USA,65473P105,20180129.0,USA,002HW9-E,35.22,LONDON,@NA,US65473P1057,65473P10,NiSource Inc,1.0,0K87-GB,0,SHARE,BYZH9G2,D,NiSource Inc1.pdf,35.2,35
TW0001769008,,2079,"Shin Chung Natural Gas Co., Ltd.",1,1972.0,TWN,Y7T494101,,TWN,@NA,35.22,TAIPEI,@NA,TW0001769008,B5LK43,"Shin Chung Natural Gas Co., Ltd.",1.0,1769-TW,1,SHARE,B5LK434,D,"Shin Chung Natural Gas Co., Ltd.1.pdf",35.2,35
TH0342010Y07,,2080,Advanced Connection Corp. Public Co. Ltd.,1,1949.0,THA,Y0020D118,19930430.0,THA,@NA,35.22,THAILAND,ACC-TH,TH0342010Y07,BYV007,Advanced Connection Corp. Public Co. Ltd.,1.0,ACC-TH,1,SHARE,BYV0073,D,Advanced Connection Corp. Public Co. Ltd.3.pdf,35.2,35
RU000A0JPPQ7,,2081,ROSSETI Northern Caucasus PJSC,1,2006.0,RUS,X3991U102,20080904.0,RUS,076PXW-E,35.11,MICEX,MRKK-RU,RU000A0JPPQ7,B56DTC,ROSSETI Northern Caucasus PJSC,1.0,MRKK-RU,1,SHARE,B56DTC2,D,ROSSETI Northern Caucasus PJSC2.pdf,35.1,35
INE899L01022,,2082,Ujaas Energy Limited,1,1979.0,IND,Y5S9AJ118,20111020.0,IND,0BGY0Y-E,35.22,BSE INDIA,533644-IN,INE899L01022,B96LR4,Ujaas Energy Limited,1.0,533644-IN,1,SHARE,B96LR42,D,Ujaas Energy Limited2.pdf,35.2,35
BRSTKFACNOR5,,2083,Statkraft Energias Renovaveis SA,1,1995.0,BRA,P81274105,,BRA,0FPN0L-E,35.11,SAO PAULO,@NA,BRSTKFACNOR5,BYPG46,Statkraft Energias Renovaveis SA,1.0,STKF3-BR,1,SHARE,BYPG464,D,Statkraft Energias Renovaveis SA1.pdf,35.1,35
KYG2R55E1030,,2084,China Everbright Greentech Ltd.,0,2006.0,HKG,G2R55E103,,HKG,0G9VWD-E,35.11,BERNE,@NA,KYG2R55E1030,BF0LS5,China Everbright Greentech Ltd.,1.0,@NA,0,SHARE,BG0RZV8,D,China Everbright Greentech Ltd.1.pdf,35.1,35
INE999K01014,,2085,"Orient Green Power Co., Ltd.",1,2006.0,IND,Y6478S101,20101008.0,IND,07H69Z-E,35.11,BSE INDIA,533263-IN,INE999K01014,B3QY20,"Orient Green Power Co., Ltd.",1.0,533263-IN,1,SHARE,B3QY200,D,"Orient Green Power Co., Ltd.1.pdf",35.1,35
MYL6742OO000,,2086,YTL Power International Bhd.,1,1996.0,MYS,Y9861K107,19970523.0,MYS,05HWX8-E,35.11,MALAYSIA,6742-MY,MYL6742OO000,B01GQS,YTL Power International Bhd.,1.0,6742-MY,1,SHARE,B01GQS6,D,YTL Power International Bhd.1.pdf,35.1,35
US2810201077,,2087,Edison International,1,1886.0,USA,281020107,20180129.0,USA,0018R5-E,35.11,LONDON,@NA,US2810201077,28102010,Edison International,1.0,0IFJ-GB,0,SHARE,BYZHKC5,D,Edison International1.pdf,35.1,35
US1653031088,,2088,Chesapeake Utilities Corporation,1,1947.0,USA,165303108,19841105.0,USA,000DP3-E,35.22,NYSE,CPK-US,US1653031088,16530310,Chesapeake Utilities Corporation,1.0,CPK-US,1,SHARE,2190750,D,Chesapeake Utilities Corporation1.pdf,35.2,35
PK0069001011,,2089,Tri-Star Power Limited,1,1993.0,PAK,Y8973P103,19941024.0,PAK,@NA,35.22,PAKISTAN STOCK EXCHANGE,@NA,PK0069001011,690530,Tri-Star Power Limited,1.0,TSPL-PK,1,SHARE,6905303,D,Tri-Star Power Limited2.pdf,35.2,35
CLP306321066,,2090,Compania General de Electricidad S.A.,1,1905.0,CHL,P30632106,19921030.0,CHL,0GND9C-E,35.11,SANTIAGO,CGE-CL,CLP306321066,219610,Compania General de Electricidad S.A.,1.0,CGE-CL,1,SHARE,2196101,D,Compania General de Electricidad S.A.3.pdf,35.1,35
SG1I14879601,,2091,Metis Energy Limited,1,1990.0,SGP,Y5764M117,20000228.0,SGP,@NA,35.11,SINGAPORE,L02-SG,SG1I14879601,621813,Metis Energy Limited,1.0,L02-SG,1,SHARE,6218131,D,Metis Energy Limited1.pdf,35.1,35
ES0130960018,,2092,Enagas SA,1,1972.0,ESP,E41759106,20060808.0,ESP,05JLQW-E,35.22,FRANKFURT,@NA,ES0130960018,738307,Enagas SA,1.0,EG4-DE,0,SHARE,B1BK276,D,Enagas SA1.pdf,35.2,35
PHY4467A1089,,2093,Jolliville Holdings Corp.,1,1986.0,PHL,Y4467A108,20020913.0,PHL,0064BQ-E,35.11,PHILIPPINES,JOH-PH,PHY4467A1089,654636,Jolliville Holdings Corp.,1.0,JOH-PH,1,SHARE,6546360,D,Jolliville Holdings Corp.1.pdf,35.1,35
CH0130293662,,2094,BKW AG,1,1898.0,CHE,H10053108,20111209.0,CHE,0C86LS-E,35.11,SIX SWISS,BKW-CH,CH0130293662,B76D41,BKW AG,1.0,BKW-CH,1,SHARE,B76D410,D,BKW AG1.pdf,35.1,35
INE227G01018,,2095,Indowind Energy Limited,1,1995.0,IND,Y3979V105,20070914.0,IND,06KB8T-E,35.11,BSE INDIA,532894-IN,INE227G01018,B240XL,Indowind Energy Limited,1.0,532894-IN,1,SHARE,B240XL1,D,Indowind Energy Limited1.pdf,35.1,35
NL0010391108,,2096,Photon Energy NV,1,2010.0,CZE,N7100U102,20161017.0,NLD,0D61MZ-E,35.11,PRAGUE,PEN-CZ,NL0010391108,BZCNL6,Photon Energy NV,1.0,PEN-CZ,1,SHARE,BZCNL64,D,Photon Energy NV1.pdf,35.1,35
BRCPFEACNOR0,,2097,CPFL Energia S.A.,1,1912.0,BRA,P3179C105,20041001.0,BRA,0066G5-E,35.11,SAO PAULO,CPFE3-BR,BRCPFEACNOR0,B031NN,CPFL Energia S.A.,1.0,CPFE3-BR,1,SHARE,B031NN3,D,CPFL Energia S.A.1.pdf,35.1,35
KR7389260001,,2098,Dae Myoung Energy Co. Ltd.,1,2000.0,KOR,FDS1UAAM0,20220516.0,KOR,0RP8BD-E,35.22,KOREA,389260-KR,KR7389260001,BPLP5B,Dae Myoung Energy Co. Ltd.,1.0,389260-KR,1,SHARE,BPLP5B4,D,Dae Myoung Energy Co. Ltd.2.pdf,35.2,35
PK0002801014,,2099,Sui Southern Gas Co. Ltd.,1,1989.0,PAK,Y8184N103,19940526.0,PAK,05J2XQ-E,35.22,PAKISTAN STOCK EXCHANGE,SSGC-PK,PK0002801014,686351,Sui Southern Gas Co. Ltd.,1.0,SSGC-PK,1,SHARE,6863519,D,Sui Southern Gas Co. Ltd.1.pdf,35.2,35
PK0102701015,,2100,Engro Powergen Qadirpur Ltd,1,2006.0,PAK,Y2R9KX106,20140917.0,PAK,0BZBR4-E,35.11,PAKISTAN STOCK EXCHANGE,EPQL-PK,PK0102701015,BQT41L,Engro Powergen Qadirpur Ltd.,1.0,EPQL-PK,1,SHARE,BQT41L2,D,Engro Powergen Qadirpur Ltd.1.pdf,35.1,35
US6866881021,,2101,"Ormat Technologies, Inc.",1,1965.0,USA,686688102,20180129.0,USA,00650X-E,35.11,LONDON,@NA,US6866881021,68668810,"Ormat Technologies, Inc.",1.0,0KDH-GB,0,SHARE,BG05Y59,D,"Ormat Technologies, Inc.1.pdf",35.1,35
SG1C67001091,,2102,Renaissance United Limited,1,1975.0,SGP,Y4175J102,19930726.0,SGP,05JBW5-E,35.22,SINGAPORE,I11-SG,SG1C67001091,645767,Renaissance United Limited,1.0,I11-SG,1,SHARE,6457677,D,Renaissance United Limited2.pdf,35.2,35
ZM0000000136,,2103,Copperbelt Energy Corporation PLC,1,1997.0,ZMB,V24731107,20040107.0,ZMB,070WQY-E,35.11,ZAMBIA,CEC-ZM,ZM0000000136,617504,Copperbelt Energy Corporation PLC,1.0,CEC-ZM,1,SHARE,6175043,D,Copperbelt Energy Corporation PLC1.pdf,35.1,35
FDS07Y72,,2104,"Via Renewables, Inc.",1,1999.0,USA,FDS07Y724,,USA,0DQMHM-E,35.11,@NA,@NA,@NA,92556D30,"Via Renewables, Inc.",1.0,@NA,0,SHARE,@NA,D,"Via Renewables, Inc.1.pdf",35.1,35
BMG210901242,,2105,China Water Affairs Group Limited,1,1998.0,HKG,G21090124,19991011.0,HKG,05W625-E,36.0,HONG KONG,855-HK,BMG210901242,667147,China Water Affairs Group Limited,1.0,855-HK,1,SHARE,6671477,E,China Water Affairs Group Limited1.pdf,36.0,36
MYQ0011OO005,,2106,Brite-Tech Bhd.,1,2001.0,MYS,Y0970D100,20020730.0,MYS,@NA,37.0,MALAYSIA,@NA,MYQ0011OO005,653455,Brite-Tech Bhd.,1.0,0011-MY,1,SHARE,6534558,E,Brite-Tech Bhd.1.pdf,37.0,37
FDS1V3FM,,2107,"Beijing China Sciences Runyu Environmental Technology Co., Ltd",1,2012.0,CHN,FDS1V3FM0,,CHN,@NA,37.0,@NA,@NA,@NA,BMWP3V,"Beijing China Sciences Runyu Environmental Technology Co., Ltd",1.0,@NA,0,SHARE,@NA,E,"Beijing China Sciences Runyu Environmental Technology Co., Ltd1.pdf",37.0,37
US7403451039,,2108,"Precicion Trim, Inc.",0,2005.0,USA,740345103,20010829.0,USA,002ZSW-E,38.11,US OTC,@NA,US7403451039,74034510,"Precicion Trim, Inc.",1.0,PRTR-US,1,SHARE,BYQBFR6,E,"Precicion Trim, Inc.2.pdf",38.1,38
KH1000010004,,2109,Phnom Penh Water Supply Authority,1,1959.0,KHM,Y2243G100,,KHM,@NA,36.0,@NA,@NA,KH1000010004,B79RG9,Phnom Penh Water Supply Authority,1.0,PWSA-KH,1,SHARE,B79RG91,E,Phnom Penh Water Supply Authority1.pdf,36.0,36
GB00BNNTLN49,,2110,Pennon Group Plc,0,1989.0,GBR,G8295T239,,GBR,05HX59-E,36.0,BERNE,@NA,GB00BNNTLN49,BNNTLN,@NA,1.0,3PN-CH,0,SHARE,BMXLCG3,E,Pennon Group Plc2.pdf,36.0,36
KYG579641013,,2111,Man Shing Global Holdings Limited,1,2016.0,HKG,G57964101,20170413.0,HKG,0GLZJV-E,39.0,HONG KONG,@NA,KYG579641013,BF2S1V,Man Shing Global Holdings Limited,1.0,8309-HK,1,SHARE,BF2S1V4,E,Man Shing Global Holdings Limited1.pdf,39.0,39
GB00B1FH8J72,,2112,Severn Trent Plc,0,1974.0,GBR,G8056D159,,GBR,003K5J-E,36.0,SIX SWISS,@NA,GB00B1FH8J72,B1FH8J,Severn Trent Plc,1.0,SVT-CH,0,SHARE,BKSG2J2,E,Severn Trent Plc1.pdf,36.0,36
FDS0J0UY,,2113,"Kunming Dianchi Water Treatment Co., Ltd.",1,2010.0,HKG,FDS0J0UY9,,CHN,0GFNFY-E,36.0,@NA,@NA,@NA,BD0XKG,"Kunming Dianchi Water Treatment Co., Ltd.",1.0,@NA,0,SHARE,@NA,E,"Kunming Dianchi Water Treatment Co., Ltd.1.pdf",36.0,36
INE272G01014,,2114,Parle Industries Limited,1,1983.0,IND,Y6776Q104,20080403.0,IND,@NA,38.11,BSE INDIA,@NA,INE272G01014,B28XRP,Parle Industries Limited,1.0,532911-IN,1,SHARE,B28XRP8,E,Parle Industries Limited1.pdf,38.1,38
BE0974320526,,2115,Umicore,1,1904.0,BEL,B95505184,20180212.0,BEL,001ZCT-E,38.32,VIENNA,@NA,BE0974320526,BF4446,Umicore SA,1.0,UMI-AT,0,SHARE,BG0VH58,E,Umicore SA1.pdf,38.3,38
US29670G1022,,2116,"Essential Utilities, Inc.",1,1968.0,USA,29670G102,20050715.0,USA,000TCG-E,36.0,FRANKFURT,@NA,US29670G1022,29670G10,"Essential Utilities, Inc.",1.0,A2A-DE,0,SHARE,BJN54C4,E,"Essential Utilities, Inc.1.pdf",36.0,36
AU000000CWY3,,2117,Cleanaway Waste Management Ltd.,1,1987.0,AUS,Q2506H109,,AUS,0077N6-E,38.11,US OTC,@NA,AU000000CWY3,BYQ8KW,Cleanaway Waste Management Ltd.,1.0,TSPCF-US,0,SHARE,BYQG8L6,E,Cleanaway Waste Management Ltd.1.pdf,38.1,38
BE0974380124,,2118,Ekopak NV,1,1997.0,BEL,B3506B114,20210331.0,BEL,0LFVMS-E,38.11,EURONEXT BRUSSELS,EKOP-BE,BE0974380124,BKSCR3,Ekopak NV,1.0,EKOP-BE,1,SHARE,BKSCR39,E,Ekopak NV2.pdf,38.1,38
KYG2114E1355,,2119,China Water Industry Group Limited,1,2002.0,HKG,G2114E135,20020117.0,HKG,0061RT-E,36.0,HONG KONG,1129-HK,KYG2114E1355,B7F0BG,China Water Industry Group Limited,1.0,1129-HK,1,SHARE,B7F0BG6,E,China Water Industry Group Limited1.pdf,36.0,36
KYG4812S1012,,2120,Integrated Waste Solutions Group Holdings Limited,1,1968.0,HKG,G4812S101,20100331.0,HKG,08V80R-E,38.11,HONG KONG,923-HK,KYG4812S1012,BD04NT,Integrated Waste Solutions Group Holdings Limited,1.0,923-HK,1,SHARE,BD04NT2,E,Integrated Waste Solutions Group Holdings Limited2.pdf,38.1,38
HK0882007260,,2121,Tianjin Development Holdings Limited,1,1997.0,HKG,Y8822M103,19981005.0,HKG,05J1JW-E,36.0,FRANKFURT,@NA,HK0882007260,609235,Tianjin Development Holdings Limited,1.0,TJN-DE,0,SHARE,5404663,E,Tianjin Development Holdings Limited1.pdf,36.0,36
US1844961078,,2122,"Clean Harbors, Inc.",1,1980.0,USA,184496107,19871124.0,USA,000DTF-E,38.11,NYSE,CLH-US,US1844961078,18449610,"Clean Harbors, Inc.",1.0,CLH-US,1,SHARE,2202473,E,"Clean Harbors, Inc.2.pdf",38.1,38
TW0002062007,,2123,Sunspring Metal Corporation,1,1978.0,TWN,Y8240F128,20061214.0,TWN,06MG2V-E,38.32,TAIWAN,2062-TW,TW0002062007,B29HGV,Sunspring Metal Corporation,1.0,2062-TW,1,SHARE,B29HGV8,E,Sunspring Metal Corporation2.pdf,38.3,38
US8589121081,,2124,"Stericycle, Inc.",1,1989.0,USA,858912108,20180129.0,USA,0017BJ-E,38.11,LONDON,@NA,US8589121081,85891210,"Stericycle, Inc.",1.0,0L9O-GB,0,SHARE,BYZHFZ3,E,"Stericycle, Inc.1.pdf",38.1,38
TW0006944002,,2125,"Mega Union Technology, Inc.",0,2004.0,TWN,Y593AH108,20230427.0,TWN,@NA,36.0,TAIPEI,@NA,TW0006944002,BQXNNT,"Mega Union Technology, Inc.",1.0,6944-TW,0,SHARE,BQXNNT7,E,"Mega Union Technology, Inc.2.pdf",36.0,36
LU1704650164,,2126,Befesa SA,1,2013.0,DEU,L0R30V103,20220107.0,LUX,0HH49N-E,38.11,US OTC,@NA,LU1704650164,BDZRDG,Befesa SA,1.0,BFSAF-US,0,SHARE,BM9JCC7,E,Befesa SA1.pdf,38.1,38
GB00B39J2M42,,2127,United Utilities Group PLC,1,2008.0,GBR,G92755100,20030922.0,GBR,002V08-E,36.0,US OTC,@NA,GB00B39J2M42,B39J2M,United Utilities Group PLC,1.0,UUGWF-US,0,SHARE,B3C9KC7,E,United Utilities Group PLC1.pdf,36.0,36
AU0000153280,,2128,Clean TeQ Water Ltd,1,1990.0,AUS,Q2509Y109,20210715.0,AUS,@NA,38.11,US OTC,@NA,AU0000153280,BLNLT2,Clean TeQ Water Ltd,1.0,CNQQF-US,0,SHARE,BMY0GL2,E,Clean TeQ Water Ltd1.pdf,38.1,38
PHY569991086,,2129,Manila Water Co. Inc.,1,1997.0,PHL,Y56999108,20071016.0,PHL,006XL9-E,36.0,US OTC,@NA,PHY569991086,B0684C,Manila Water Co. Inc.,1.0,MWTCF-US,0,SHARE,B085VM5,E,Manila Water Co. Inc.2.pdf,36.0,36
KYG3017A1058,,2130,ELL Environmental Holdings Limited,1,2014.0,HKG,G3017A105,20140926.0,CHN,0DWHT7-E,37.0,HONG KONG,1395-HK,KYG3017A1058,BQTZGT,ELL Environmental Holdings Limited,1.0,1395-HK,1,SHARE,BQTZGT8,E,ELL Environmental Holdings Limited1.pdf,37.0,37
US74623V1035,,2131,PureCycle Technologies Inc,1,,USA,74623V103,20200611.0,USA,0NJRQF-E,38.11,NASDAQ,PCT-US,US74623V1035,74623V10,PureCycle Technologies Inc,1.0,PCT-US,1,SHARE,BLNB073,E,PureCycle Technologies Inc2.pdf,38.1,38
TW0006771009,,2132,Ping Ho Environmental.Technology Co. Ltd.,1,2006.0,TWN,Y689BK106,20200107.0,TWN,@NA,37.0,TAIPEI,@NA,TW0006771009,BJVS9J,Ping Ho Environmental.Technology Co. Ltd.,1.0,6771-TW,1,SHARE,BJVS9J7,E,Ping Ho Environmental.Technology Co. Ltd.2.pdf,37.0,37
KYG4596V1068,,2133,"Hongcheng Environmental Technology Co., Ltd.",1,2021.0,HKG,G4596V106,20211112.0,CHN,0NSC82-E,38.11,HONG KONG,@NA,KYG4596V1068,BKVDP6,"Hongcheng Environmental Technology Co., Ltd.",1.0,2265-HK,1,SHARE,BKVDP68,E,"Hongcheng Environmental Technology Co., Ltd.1.pdf",38.1,38
SGXE13155820,,2134,Memiontec Holdings Ltd.,1,1992.0,SGP,Y594KJ119,20200305.0,SGP,0LSV14-E,38.11,SINGAPORE,@NA,SGXE13155820,BPLZ8Y,Memiontec Holdings Ltd.,1.0,TWL-SG,1,SHARE,BPLZ8Y8,E,Memiontec Holdings Ltd.1.pdf,38.1,38
SGXE61364597,,2135,Shanaya Limited,1,2002.0,SGP,Y767ER102,19990121.0,SGP,@NA,38.11,SINGAPORE,SES-SG,SGXE61364597,BNSNRS,Shanaya Limited,1.0,SES-SG,1,SHARE,BNSNRS8,E,Shanaya Limited1.pdf,38.1,38
US88823T1060,,2136,Tirex Corporation,0,1987.0,USA,88823T106,19930917.0,USA,@NA,38.11,US OTC,@NA,US88823T1060,88823T10,Tirex Corporation,1.0,TXMC-US,1,SHARE,2891321,E,Tirex Corporation2.pdf,38.1,38
TW0008422007,,2137,"Cleanaway Co., Ltd.",1,1999.0,TWN,Y16688106,20101026.0,TWN,0B56SJ-E,39.0,TAIWAN,8422-TW,TW0008422007,B4VYX1,"Cleanaway Co., Ltd.",1.0,8422-TW,1,SHARE,B4VYX10,E,"Cleanaway Co., Ltd.1.pdf",39.0,39
KYG9287P1028,,2138,Universal Technologies Holdings Limited,1,2001.0,HKG,G9287P102,20011026.0,HKG,05WVP9-E,36.0,HONG KONG,1026-HK,KYG9287P1028,641777,Universal Technologies Holdings Limited,1.0,1026-HK,1,SHARE,6417778,E,Universal Technologies Holdings Limited1.pdf,36.0,36
INE862Y01015,,2139,Banka BioLoo Ltd.,1,2012.0,IND,Y0631Z102,20180227.0,IND,@NA,39.0,NSE INDIA,@NA,INE862Y01015,BD3G2W,Banka BioLoo Ltd.,1.0,BANKA-IN,1,SHARE,BD3G2W1,E,Banka BioLoo Ltd.3.pdf,39.0,39
US02563X2018,,2140,American Energy Partners Inc,1,1987.0,USA,02563X201,20031208.0,USA,003MNJ-E,36.0,US OTC,@NA,US02563X2018,02563X20,American Energy Partners Inc,1.0,AEPT-US,1,SHARE,BNG5B28,E,American Energy Partners Inc1.pdf,36.0,36
CA34988A1021,,2141,Forward Water Technologies Corp,1,2016.0,CAN,34988A102,20170509.0,CAN,0PK8PL-E,37.0,TSX VENTURE,@NA,CA34988A1021,34988A10,Forward Water Technologies Corp,1.0,FWTC-CA,1,SHARE,BPDYD59,E,Forward Water Technologies Corp2.pdf,37.0,37
US4158641070,,2142,Harsco Corporation,1,1853.0,USA,415864107,19841105.0,USA,000LHL-E,38.11,NYSE,HSC-US,US4158641070,41586410,Harsco Corporation,1.0,HSC-US,1,SHARE,2412700,E,Harsco Corporation2.pdf,38.1,38
US9871841089,,2143,York Water Company,1,1816.0,USA,987184108,19861003.0,USA,000Z2R-E,36.0,NASDAQ,YORW-US,US9871841089,98718410,York Water Company,1.0,YORW-US,1,SHARE,2425292,E,York Water Company3.pdf,36.0,36
CA36168Q1046,,2144,GFL Environmental Inc,1,2007.0,CAN,36168Q104,20201016.0,CAN,0L8X5P-E,38.11,FRANKFURT,@NA,CA36168Q1046,BKDT64,GFL Environmental Inc,1.0,36E-DE,0,SHARE,BKM8J59,E,GFL Environmental Inc1.pdf,38.1,38
KYG521541048,,2145,Kangda International Environmental Co Ltd,1,2011.0,HKG,G52154104,20140704.0,CHN,0DR7QR-E,38.11,HONG KONG,6136-HK,KYG521541048,BNGWZ4,Kangda International Environmental Co Ltd,1.0,6136-HK,1,SHARE,BNGWZ49,E,Kangda International Environmental Co Ltd1.pdf,38.1,38
TW0006912009,,2146,"Yi Chun Green Technology Co., Ltd.",0,2019.0,TWN,Y9804S100,20221019.0,TWN,@NA,38.11,TAIPEI,@NA,TW0006912009,BN6NHR,"Yi Chun Green Technology Co., Ltd.",1.0,6912-TW,0,SHARE,BN6NHR9,E,"Yi Chun Green Technology Co., Ltd.1.pdf",38.1,38
VN000000HDW7,,2147,Hai Duong Water Joint Stock Co,0,1936.0,VNM,Y2985T104,,VNM,@NA,36.0,HANOI,@NA,VN000000HDW7,BYWRWZ,Hai Duong Water Joint Stock Co,1.0,HDW-VN,0,SHARE,BYWRWZ5,E,Hai Duong Water Joint Stock Co1.pdf,36.0,36
FDS0JLDJ,,2148,"Luzhou Xinglu Water (Group) Co., Ltd.",1,2002.0,HKG,FDS0JLDJ5,,CHN,0GJ7F9-E,36.0,@NA,@NA,@NA,BD0NZ2,"Luzhou Xinglu Water (Group) Co., Ltd.",1.0,@NA,0,SHARE,@NA,E,"Luzhou Xinglu Water (Group) Co., Ltd.1.pdf",36.0,36
US47089W1045,,2149,"JanOne, Inc.",1,1976.0,USA,47089W104,19911107.0,USA,000C7K-E,38.11,NASDAQ,JAN-US,US47089W1045,47089W10,"JanOne, Inc.",1.0,JAN-US,1,SHARE,BKFHHK4,E,"JanOne, Inc.2.pdf",38.1,38
US74738F1003,,2150,QHY Group,1,2007.0,USA,74738F100,20091214.0,USA,0C8W8G-E,37.0,US OTC,@NA,US74738F1003,74738F10,QHY Group,1.0,QHYG-US,1,SHARE,BD9H2F1,E,QHY Group1.pdf,37.0,37
KYG408011057,,2151,China TianYF Holdings Group Limited,1,2001.0,HKG,G40801105,20151209.0,CHN,0FL8SP-E,37.0,HONG KONG,@NA,KYG408011057,BYVT80,China TianYF Holdings Group Limited,1.0,8196-HK,1,SHARE,BYVT809,E,China TianYF Holdings Group Limited1.pdf,37.0,37
KYG5352A1031,,2152,Lai Si Enterprise Holding Ltd.,1,2016.0,HKG,G5352A103,20170210.0,MAC,0GHP0M-E,41.1,HONG KONG,@NA,KYG5352A1031,BD1MJX,Lai Si Enterprise Holding Ltd.,1.0,2266-HK,1,SHARE,BD1MJX1,F,Lai Si Enterprise Holding Ltd.1.pdf,41.1,41
FDS0EIVW,,2153,"Jujiang Construction Group Co., Ltd.",1,1965.0,HKG,FDS0EIVW8,,CHN,0FS1Q7-E,41.1,@NA,@NA,@NA,BYV50T,"Jujiang Construction Group Co., Ltd.",1.0,@NA,0,SHARE,@NA,F,"Jujiang Construction Group Co., Ltd.1.pdf",41.1,41
VN000000DLR9,,2154,Dalat Real Estate JSC,0,1992.0,VNM,Y19652109,20100520.0,VNM,09RV0R-E,42.99,HANOI,@NA,VN000000DLR9,B3R2JR,Dalat Real Estate JSC,1.0,DLR-VN,1,SHARE,B3R2JR9,F,Dalat Real Estate JSC2.pdf,42.9,42
INE0A1E01018,,2155,Siddhika Coatings Limited,1,2010.0,IND,Y793D5107,,IND,0ND1WP-E,43.34,NSE INDIA,@NA,INE0A1E01018,BNXLD4,Siddhika Coatings Limited,1.0,SIDDHIKA-IN,1,SHARE,BNXLD45,F,Siddhika Coatings Limited1.pdf,43.3,43
HK0257001336,,2156,China Everbright Environment Group Limited,0,1961.0,HKG,Y14226107,,HKG,05J34H-E,42.22,MEXICO,@NA,HK0257001336,663094,China Everbright Environment Group Limited,1.0,257N-MX,0,SHARE,BJRF516,F,China Everbright Environment Group Limited1.pdf,42.2,42
TH3443010006,,2157,Sriracha Construction Public Co. Ltd.,1,1980.0,THA,Y7866U104,20120702.0,THA,@NA,42.99,THAILAND,SRICHA-TH,TH3443010006,B7H46C,Sriracha Construction Public Co. Ltd.,1.0,SRICHA-TH,1,SHARE,B7H46C7,F,Sriracha Construction Public Co. Ltd.1.pdf,42.9,42
AU000000JLG8,,2158,Johns Lyng Group Ltd,1,1953.0,AUS,Q5081S101,20171026.0,AUS,@NA,41.1,ASX,JLG-AU,AU000000JLG8,BYPHBX,Johns Lyng Group Ltd,1.0,JLG-AU,1,SHARE,BYPHBX3,F,Johns Lyng Group Ltd1.pdf,41.1,41
INE243D01012,,2159,BF Utilities Ltd.,1,2000.0,IND,Y08804125,20011231.0,IND,0064NG-E,42.11,BSE INDIA,532430-IN,INE243D01012,B03JNJ,BF Utilities Ltd.,1.0,532430-IN,1,SHARE,B03JNJ3,F,BF Utilities Ltd.3.pdf,42.1,42
KYG0862U1031,,2160,Basetrophy Group Holdings Limited,1,2016.0,HKG,G0862U103,20170627.0,HKG,0GLCKP-E,43.12,HONG KONG,@NA,KYG0862U1031,BYZQVS,Basetrophy Group Holdings Limited,1.0,8460-HK,1,SHARE,BYZQVS5,F,Basetrophy Group Holdings Limited1.pdf,43.1,43
NL0000113652,,2161,Kardan N.V.,1,2003.0,ISR,N4784C102,20031028.0,NLD,05W811-E,42.22,TEL AVIV,KRNV.M-IL,NL0000113652,669714,Kardan N.V.,1.0,KRNV.M-IL,1,SHARE,6697149,F,Kardan N.V.1.pdf,42.2,42
SG2F06984247,,2162,Sysma Holdings Ltd.,1,1986.0,SGP,Y831AF106,20120803.0,SGP,0CPJV2-E,41.2,SINGAPORE,@NA,SG2F06984247,B8Q8VR,Sysma Holdings Ltd.,1.0,5UO-SG,1,SHARE,B8Q8VR7,F,Sysma Holdings Ltd.2.pdf,41.2,41
KYG2123Y1061,,2163,Chuan Holdings Limited,1,2015.0,HKG,G2123Y106,20160608.0,SGP,0G62NJ-E,43.12,HONG KONG,@NA,KYG2123Y1061,BD96HK,Chuan Holdings Limited,1.0,1420-HK,1,SHARE,BD96HK8,F,Chuan Holdings Limited1.pdf,43.1,43
MYL5263OO008,,2164,Sunway Construction Group Bhd.,1,2014.0,MYS,Y83096100,20150728.0,MYS,0DZ74X-E,41.2,MALAYSIA,5263-MY,MYL5263OO008,BX909K,Sunway Construction Group Bhd.,1.0,5263-MY,1,SHARE,BX909K4,F,Sunway Construction Group Bhd.1.pdf,41.2,41
EE3100039496,,2165,Nordecon AS,0,1989.0,EST,X5876S102,20171214.0,EST,06GXFL-E,41.2,LONDON,@NA,EE3100039496,B15CLP,Nordecon AS,1.0,0NZ8-GB,0,SHARE,B28GWP2,F,Nordecon AS1.pdf,41.2,41
KYG183221004,,2166,Canvest Environmental Protection Group Co. Ltd.,0,2014.0,HKG,G18322100,,HKG,0DY262-E,42.22,BERNE,@NA,KYG183221004,BTLWVY,Canvest Environmental Protection Group Co. Ltd.,1.0,@NA,0,SHARE,BMF1V97,F,Canvest Environmental Protection Group Co. Ltd.1.pdf,42.2,42
TW0005515001,,2167,"Chien Kuo Construction Co., Ltd",1,1931.0,TWN,Y13671105,19990903.0,TWN,05WWM3-E,41.1,TAIWAN,5515-TW,TW0005515001,614275,"Chien Kuo Construction Co., Ltd",1.0,5515-TW,1,SHARE,6142757,F,"Chien Kuo Construction Co., Ltd3.pdf",41.1,41
FDS16KXN,,2168,Eltel AB,1,2007.0,SWE,FDS16KXN8,,SWE,0F9PKS-E,42.22,@NA,@NA,@NA,BVRZ9V,Eltel AB,1.0,@NA,0,SHARE,@NA,F,Eltel AB1.pdf,42.2,42
SE0007491303,,2169,Bravida Holding AB,1,2012.0,SWE,W2R16Z106,20151016.0,SWE,0D5Q5M-E,43.21,OMX NORDIC STOCKHOLM,BRAV-SE,SE0007491303,BZ1DP2,Bravida Holding AB,1.0,BRAV-SE,1,SHARE,BZ1DP29,F,Bravida Holding AB1.pdf,43.2,43
JP3107990008,,2170,Aqualine Ltd.,1,1994.0,JPN,J01966100,20150831.0,JPN,0FP0NG-E,43.22,TOKYO,6173-JP,JP3107990008,BYT6XR,Aqualine Ltd.,1.0,6173-JP,1,SHARE,BYT6XR4,F,Aqualine Ltd.3.pdf,43.2,43
KYG216771363,,2171,China State Construction International Holdings Limited,0,2004.0,HKG,G21677136,,HKG,064T8Z-E,42.11,BERNE,@NA,KYG216771363,B0BM5T,China State Construction International Holdings Limited,1.0,C4S1-CH,0,SHARE,BL63G45,F,China State Construction International Holdings Limited1.pdf,42.1,42
AU000000LLC3,,2172,Lendlease Group,0,1958.0,AUS,Q55368114,,AUS,089VZ3-E,41.1,BERNE,@NA,AU000000LLC3,651200,Lendlease Group,1.0,LLC-CH,0,SHARE,BHZLLF8,F,Lendlease Group1.pdf,41.1,41
KYG937641358,,2173,Green Economy Development Limited,1,2011.0,HKG,G93764135,,HKG,0C9CY7-E,41.2,US OTC,@NA,KYG937641358,BM9Z6Q,Green Economy Development Limited,1.0,VSFFF-US,0,SHARE,BNM0D65,F,Green Economy Development Limited1.pdf,41.2,41
NO0010368228,,2174,On & Offshore Services AS,0,2003.0,NOR,R67093105,20070529.0,NOR,@NA,42.99,NORWEGIAN OTC MARKET,@NA,NO0010368228,B1Y4PF,On & Offshore Services AS,1.0,ONOF-NO,1,SHARE,B1Y4PF4,F,On & Offshore Services AS1.pdf,42.9,42
US74762E1029,,2175,"Quanta Services, Inc.",1,1997.0,USA,74762E102,19980212.0,USA,001WC9-E,43.21,NYSE,PWR-US,US74762E1029,74762E10,"Quanta Services, Inc.",1.0,PWR-US,1,SHARE,2150204,F,"Quanta Services, Inc.1.pdf",43.2,43
INE095B01010,,2176,Elegant Marbles & Grani Industries Ltd.,1,1984.0,IND,Y2285Y118,20070514.0,IND,@NA,43.33,BSE INDIA,526705-IN,INE095B01010,B1XGBL,Elegant Marbles & Grani Industries Ltd.,1.0,526705-IN,1,SHARE,B1XGBL9,F,Elegant Marbles & Grani Industries Ltd.1.pdf,43.3,43
SE0016798417,,2177,Netel Holding AB,1,2021.0,SWE,W5709Z118,20220107.0,SWE,@NA,42.22,LONDON,@NA,SE0016798417,BN4N2L,Netel Holding AB,1.0,0AAB-GB,0,SHARE,BMG9CT7,F,Netel Holding AB1.pdf,42.2,42
INE962Y01021,,2178,IRCON International Ltd.,1,1976.0,IND,Y39397131,20180928.0,IND,08XPPD-E,42.11,BSE INDIA,541956-IN,INE962Y01021,BM7SZX,IRCON International Ltd.,1.0,541956-IN,1,SHARE,BM7SZX8,F,IRCON International Ltd.3.pdf,42.1,42
GB0000904986,,2179,Bellway p.l.c.,1,1978.0,GBR,G09744155,20071003.0,GBR,05HXSC-E,41.2,FRANKFURT,@NA,GB0000904986,009049,Bellway p.l.c.,1.0,41B-DE,0,SHARE,B287JM1,F,Bellway p.l.c.1.pdf,41.2,41
SG1J32888328,,2180,King Wan Corporation Limited,1,1977.0,SGP,Y4800N106,20001207.0,SGP,@NA,43.21,SINGAPORE,554-SG,SG1J32888328,631347,King Wan Corporation Limited,1.0,554-SG,1,SHARE,6313478,F,King Wan Corporation Limited1.pdf,43.2,43
BE0003764785,,2181,Ackermans & van Haaren NV,0,1876.0,BEL,B01165156,,BEL,05HXKZ-E,42.99,BERNE,@NA,BE0003764785,571577,Ackermans & van Haaren NV,1.0,B3K-CH,0,SHARE,BHZL7C7,F,Ackermans & van Haaren NV1.pdf,42.9,42
KYG8211U1040,,2182,Smart City Development Holdings Limited,1,2014.0,HKG,G8211U104,20150108.0,HKG,0DX1ZY-E,43.21,HONG KONG,@NA,KYG8211U1040,BL6KCZ,Smart City Development Holdings Limited,1.0,8268-HK,1,SHARE,BL6KCZ9,F,Smart City Development Holdings Limited1.pdf,43.2,43
MYL5297OO006,,2183,Tuju Setia Bhd.,1,2005.0,MYS,Y9000J102,20210519.0,MYS,0NRTZS-E,41.1,MALAYSIA,5297-MY,MYL5297OO006,BNG0HC,Tuju Setia Bhd.,1.0,5297-MY,1,SHARE,BNG0HC5,F,Tuju Setia Bhd.1.pdf,41.1,41
FDS0M2RN,,2184,PT Adhi Karya (Persero) Tbk,1,1960.0,IDN,FDS0M2RN9,,IDN,061131-E,42.11,@NA,@NA,@NA,B00D9M,PT Adhi Karya (Persero) Tbk,1.0,@NA,0,SHARE,@NA,F,PT Adhi Karya (Persero) Tbk1.pdf,42.1,42
BMG668971101,,2185,NWS Holdings Limited,1,1996.0,HKG,G66897110,20141117.0,HKG,05J32R-E,41.1,HONG KONG CONNECT  - SHANGHAI,659-HSC,BMG668971101,656835,NWS Holdings Limited,1.0,@NA,0,SHARE,BP3RWQ2,F,NWS Holdings Limited1.pdf,41.1,41
ID1000168909,,2186,PT Arkora Hydro Tbk,1,2010.0,IDN,Y0S1Q3106,20220708.0,IDN,0LFZ4N-E,42.99,INDONESIA,@NA,ID1000168909,BMZ42F,PT Arkora Hydro Tbk,1.0,ARKO-ID,1,SHARE,BMZ42F9,F,PT Arkora Hydro Tbk2.pdf,42.9,42
FDSFCBC8,,2187,"Baoye Group Co., Ltd.",1,1974.0,HKG,FDSFCBC86,,CHN,05R5KS-E,41.2,@NA,@NA,@NA,664966,"Baoye Group Co., Ltd.",1.0,@NA,0,SHARE,@NA,F,"Baoye Group Co., Ltd.1.pdf",41.2,41
KYG3962W1024,,2188,Golden Ponder Holdings Limited,1,2017.0,HKG,G3962W102,20180822.0,HKG,@NA,41.2,HONG KONG,@NA,KYG3962W1024,BGGJJ2,Golden Ponder Holdings Limited,1.0,1783-HK,1,SHARE,BGGJJ27,F,Golden Ponder Holdings Limited1.pdf,41.2,41
VGG857251026,,2189,Sundart Holdings Ltd.,1,1986.0,HKG,G85725102,20151229.0,HKG,0C1VYY-E,43.99,HONG KONG,1568-HK,VGG857251026,BYQ1V6,Sundart Holdings Ltd.,1.0,1568-HK,1,SHARE,BYQ1V67,F,Sundart Holdings Ltd.3.pdf,43.9,43
US96951A1043,,2190,Williams Industrial Services Group Inc.,1,1958.0,USA,96951A104,20010518.0,USA,0036BR-E,42.22,NYSE AMERICAN,WLMS-US,US96951A1043,96951A10,Williams Industrial Services Group Inc.,1.0,WLMS-US,1,SHARE,BG7PR53,F,Williams Industrial Services Group Inc.2.pdf,42.2,42
KYG5496R1039,,2191,Ling Yui Holdings Limited,1,2017.0,HKG,G5496R103,20171228.0,HKG,@NA,43.12,HONG KONG,@NA,KYG5496R1039,BF8J0T,Ling Yui Holdings Limited,1.0,784-HK,1,SHARE,BF8J0T2,F,Ling Yui Holdings Limited1.pdf,43.1,43
GB0001859296,,2192,Vistry Group PLC,1,1935.0,GBR,G9424B107,20040303.0,GBR,05HYW2-E,41.2,US OTC,@NA,GB0001859296,018592,Vistry Group PLC,1.0,BVHMF-US,0,SHARE,B02S6X6,F,Vistry Group PLC1.pdf,41.2,41
SG2E68980290,,2193,Civmec Ltd.,1,2009.0,SGP,Y16376108,20120413.0,AUS,0CHG23-E,42.99,SINGAPORE,P9D-SG,SG2E68980290,B75ZM2,Civmec Ltd.,1.0,P9D-SG,1,SHARE,B75ZM24,F,Civmec Ltd.1.pdf,42.9,42
QA000BD0VCK4,,2194,Mekdam Holding Group Company,1,2018.0,QAT,M6872C101,20210809.0,QAT,@NA,41.1,DOHA,@NA,QA000BD0VCK4,BNQMSD,Mekdam Holding Group Company,1.0,MKDM-QA,1,SHARE,BNQMSD9,F,Mekdam Holding Group Company1.pdf,41.1,41
INE469F01026,,2195,KCL Infra Projects Ltd,1,1995.0,IND,Y4481M112,20050120.0,IND,09P4B4-E,41.2,BSE INDIA,@NA,INE469F01026,B031LP,KCL Infra Projects Ltd,1.0,531784-IN,1,SHARE,B031LP1,F,KCL Infra Projects Ltd1.pdf,41.2,41
INE737D01021,,2196,Modison Limited,1,1965.0,IND,Y61365113,20050124.0,IND,07CX2L-E,43.21,BSE INDIA,506261-IN,INE737D01021,B03Q11,Modison Limited,1.0,506261-IN,1,SHARE,B03Q112,F,Modison Limited2.pdf,43.2,43
ID1000141104,,2197,PT Wijaya Karya Bangunan Gedung Tbk,1,2008.0,IDN,Y937J0105,20171130.0,IDN,0HC5GB-E,41.1,INDONESIA,WEGE-ID,ID1000141104,BF2S51,PT Wijaya Karya Bangunan Gedung Tbk,1.0,WEGE-ID,1,SHARE,BF2S512,F,PT Wijaya Karya Bangunan Gedung Tbk1.pdf,41.1,41
US8894781033,,2198,"Toll Brothers, Inc.",1,1967.0,USA,889478103,20180129.0,USA,000XS9-E,41.2,LONDON,@NA,US8894781033,88947810,"Toll Brothers, Inc.",1.0,0LFS-GB,0,SHARE,BD6TJS2,F,"Toll Brothers, Inc.1.pdf",41.2,41
US9038581081,,2199,Ultimate Lifestyle Corporation,0,1998.0,USA,903858108,19980610.0,USA,@NA,41.2,US OTC,UMLS-US,US9038581081,90385810,Ultimate Lifestyle Corporation,1.0,UMLS-US,1,SHARE,2249748,F,Ultimate Lifestyle Corporation2.pdf,41.2,41
PLEDINV00014,,2200,ED invest S.A.,0,2003.0,POL,X19456114,20171214.0,POL,@NA,41.2,LONDON,@NA,PLEDINV00014,B532QF,ED invest S.A.,1.0,0Q3R-GB,0,SHARE,B5N57F0,F,ED invest S.A.1.pdf,41.2,41
KH1000140009,,2201,Pestech (Cambodia) Plc,1,2010.0,@NA,FDS215WX3,,KHM,@NA,42.22,@NA,@NA,KH1000140009,FDS215WX,Pestech (Cambodia) Plc,1.0,PEPC-KH,1,SHARE,@NA,F,Pestech (Cambodia) Plc1.pdf,42.2,42
US2793072016,,2202,"Edd Helms Group, Inc.",0,1975.0,USA,279307201,19891003.0,USA,@NA,43.22,US OTC,@NA,US2793072016,27930720,"Edd Helms Group, Inc.",1.0,EDHD-US,1,SHARE,2690119,F,"Edd Helms Group, Inc.2.pdf",43.2,43
DE0005909006,,2203,Bilfinger SE,1,1880.0,DEU,D11648108,19850102.0,DEU,05HQLJ-E,41.2,XETRA,GBF-DE,DE0005909006,511738,Bilfinger SE,1.0,GBF-DE,1,SHARE,5117381,F,Bilfinger SE1.pdf,41.2,41
GB00BCDPBX55,,2204,Etalon Group Plc,1,1987.0,CYP,M4063J100,,CYP,00D3F6-E,41.2,UNITED KINGDOM UNLISTED,@NA,GB00BCDPBX55,B5TWX8,Etalon Group Plc,1.0,@NA,1,SHARE,BCDPBX5,F,Etalon Group Plc1.pdf,41.2,41
KYG428581030,,2205,Hanison Construction Holdings Limited,1,2001.0,HKG,G42858103,,HKG,05VGC7-E,41.1,US OTC,@NA,KYG428581030,643344,Hanison Construction Holdings Limited,1.0,HACOF-US,0,SHARE,B0376L0,F,Hanison Construction Holdings Limited1.pdf,41.1,41
GB0000811801,,2206,Barratt Developments PLC,0,1958.0,GBR,G08288105,,GBR,05HWZ1-E,41.2,BERNE,@NA,GB0000811801,008118,Barratt Developments PLC,1.0,3BA-CH,0,SHARE,BKT1Z86,F,Barratt Developments PLC1.pdf,41.2,41
IT0005495657,,2207,Saipem S.p.A.,1,1957.0,ITA,T82000257,19850116.0,ITA,05HWJ4-E,42.22,MILAN,SPM-IT,IT0005495657,BMY36H,Saipem S.p.A.,1.0,SPM-IT,1,SHARE,BMY36H7,F,Saipem S.p.A.1.pdf,42.2,42
NL0009269109,,2208,Heijmans NV,1,1923.0,NLD,N3928R264,19930921.0,NLD,05HZCR-E,41.1,EURONEXT AMSTERDAM,HEIJM-NL,NL0009269109,507503,Heijmans NV,1.0,HEIJM-NL,1,SHARE,5075036,F,Heijmans NV1.pdf,41.1,41
CA09076P1045,,2209,Bird Construction Inc.,1,1920.0,CAN,09076P104,20060227.0,CAN,00CZ0Z-E,41.2,TORONTO,BDT-CA,CA09076P1045,B6621M,Bird Construction Inc.,1.0,BDT-CA,1,SHARE,B6621M0,F,Bird Construction Inc.1.pdf,41.2,41
ID1000120702,,2210,PT Solusi Tunas Pratama Tbk,1,2006.0,IDN,Y71378106,20111011.0,IDN,0BJS79-E,42.22,INDONESIA,SUPR-ID,ID1000120702,B6X19S,PT Solusi Tunas Pratama Tbk,1.0,SUPR-ID,1,SHARE,B6X19S2,F,PT Solusi Tunas Pratama Tbk1.pdf,42.2,42
FDS0M281,,2211,PT PP (Persero) Tbk,1,1953.0,IDN,FDS0M2818,,IDN,07BQNN-E,41.1,@NA,@NA,@NA,B6277R,PT PP (Persero) Tbk,1.0,@NA,0,SHARE,@NA,F,PT PP (Persero) Tbk2.pdf,41.1,41
ID1000109002,,2212,PT Bekasi Asri Pemula Tbk,1,1993.0,IDN,Y711AE103,20080114.0,IDN,0748GN-E,41.2,INDONESIA,BAPA-ID,ID1000109002,B2NDX0,PT Bekasi Asri Pemula Tbk,1.0,BAPA-ID,1,SHARE,B2NDX00,F,PT Bekasi Asri Pemula Tbk1.pdf,41.2,41
KYG9844G1082,,2213,Yield Go Holdings Ltd.,1,,HKG,G9844G108,20181231.0,HKG,0JMMQ5-E,41.2,HONG KONG,1796-HK,KYG9844G1082,BH3CLG,Yield Go Holdings Ltd.,1.0,1796-HK,1,SHARE,BH3CLG4,F,Yield Go Holdings Ltd.1.pdf,41.2,41
INE00SW01015,,2214,BCPL Railway Infrastructure Ltd.,1,1995.0,IND,Y07796108,20181029.0,IND,0JW8PB-E,42.99,BSE INDIA,@NA,INE00SW01015,BGGK5G,BCPL Railway Infrastructure Ltd.,1.0,542057-IN,1,SHARE,BGGK5G6,F,BCPL Railway Infrastructure Ltd.1.pdf,42.9,42
IE00BD6JX574,,2215,Glenveagh Properties Plc,1,2003.0,IRL,G39155109,20171010.0,IRL,0HFV9H-E,41.2,LONDON,@NA,IE00BD6JX574,BD6JX5,Glenveagh Properties Plc,1.0,GLV-GB,0,SHARE,BF0GTX8,F,Glenveagh Properties Plc1.pdf,41.2,41
VN000000RCC0,,2216,Railway Construction Corporation Joint Stock Co,0,1973.0,VNM,Y71695103,,VNM,@NA,42.13,HANOI,@NA,VN000000RCC0,BDDWF1,Railway Construction Corporation Joint Stock Co,1.0,RCC-VN,0,SHARE,BDDWF19,F,Railway Construction Corporation Joint Stock Co1.pdf,42.1,42
HU0000200647,,2217,Energy Investment Plc.,0,,HUN,X2R3EB105,20230104.0,HUN,@NA,43.21,BUDAPEST,@NA,HU0000200647,BPLDPV,Energy Investment Plc.,1.0,ENRGY-HU,0,SHARE,BPLDPV8,F,Energy Investment Plc.2.pdf,43.2,43
KYG0984U1067,,2218,Beng Soon Machinery Holdings Limited,1,1979.0,HKG,G0984U106,20191108.0,SGP,0JQLTW-E,43.11,HONG KONG,@NA,KYG0984U1067,BKL9QN,Beng Soon Machinery Holdings Limited,1.0,1987-HK,1,SHARE,BKL9QN0,F,Beng Soon Machinery Holdings Limited2.pdf,43.1,43
TW0005521009,,2219,Kung Sing Engineering Corporation,1,1941.0,TWN,Y5052X106,19991124.0,TWN,062B54-E,42.11,TAIWAN,5521-TW,TW0005521009,619823,Kung Sing Engineering Corporation,1.0,5521-TW,1,SHARE,6198233,F,Kung Sing Engineering Corporation1.pdf,42.1,42
JP3802210009,,2220,First-corporation Inc.,1,2011.0,JPN,J13484100,20150324.0,JPN,0FC120-E,41.2,TOKYO,1430-JP,JP3802210009,BW9C4V,First-corporation Inc.,1.0,1430-JP,1,SHARE,BW9C4V9,F,First-corporation Inc.1.pdf,41.2,41
INE700V01013,,2221,Shashijit Infraprojects Ltd.,0,1991.0,IND,Y770GN103,20161017.0,IND,@NA,41.2,BSE INDIA,@NA,INE700V01013,BDQZG4,Shashijit Infraprojects Ltd.,1.0,540147-IN,0,SHARE,BDQZG45,F,Shashijit Infraprojects Ltd.1.pdf,41.2,41
VN000000CTX2,,2222,Vietnam Investment Construction & Trading JSC,1,1982.0,VNM,FDSEE2478,20120524.0,VNM,@NA,42.99,HANOI,@NA,VN000000CTX2,B79P6G,Vietnam Investment Construction & Trading JSC,1.0,CTX-VN,1,SHARE,B79P6G2,F,Vietnam Investment Construction & Trading JSC1.pdf,42.9,42
ZAE000209532,,2223,Balwin Properties Ltd.,1,1996.0,ZAF,S0R95L100,20151015.0,ZAF,0FTQZN-E,41.1,JSE,@NA,ZAE000209532,BYYN3C,Balwin Properties Ltd.,1.0,BWN-ZA,1,SHARE,BYYN3C5,F,Balwin Properties Ltd.1.pdf,41.1,41
TH0530010Z06,,2224,CH. Karnchang Public Co. Ltd.,1,1972.0,THA,Y15663134,19950807.0,THA,05J9F0-E,41.2,THAILAND,CK-TH,TH0530010Z06,671365,CH. Karnchang Public Co. Ltd.,1.0,CK-TH,1,SHARE,6713658,F,CH. Karnchang Public Co. Ltd.1.pdf,41.2,41
KYG2031R1020,,2225,Century Group International Holdings Ltd.,1,2016.0,HKG,G2031R102,20161017.0,HKG,0GBKGJ-E,43.12,HONG KONG,2113-HK,KYG2031R1020,BN4MWY,Century Group International Holdings Ltd.,1.0,2113-HK,1,SHARE,BN4MWY0,F,Century Group International Holdings Ltd.1.pdf,43.1,43
MYQ0237OO006,,2226,Haily Group Bhd.,1,2020.0,MYS,Y2973V103,20210721.0,MYS,@NA,41.2,MALAYSIA,0237-MY,MYQ0237OO006,BND89T,Haily Group Bhd.,1.0,0237-MY,1,SHARE,BND89T3,F,Haily Group Bhd.1.pdf,41.2,41
BYXD97,,2227,Lap Kei Engineering (Holdings) Limited,1,1997.0,HKG,FDS0CZ832,20150925.0,HKG,0FL9YC-E,43.22,HONG KONG,@NA,@NA,BYXD97,Lap Kei Engineering (Holdings) Limited,1.0,1690-HK,1,SHARE,BYXD973,F,Lap Kei Engineering (Holdings) Limited1.pdf,43.2,43
KYG406581093,,2228,Grandshores Technology Group Limited,1,2016.0,HKG,G40658109,20170330.0,HKG,0GDQBF-E,43.21,HONG KONG,@NA,KYG406581093,BDVPPK,Grandshores Technology Group Limited,1.0,1647-HK,1,SHARE,BDVPPK9,F,Grandshores Technology Group Limited1.pdf,43.2,43
VN000000DC23,,2229,Development Investment Construction No. 2 JSC,1,2004.0,VNM,Y2055Z105,20100702.0,VNM,@NA,42.99,HANOI,@NA,VN000000DC23,B3Y2BS,Development Investment Construction No. 2 JSC,1.0,DC2-VN,1,SHARE,B3Y2BS7,F,Development Investment Construction No. 2 JSC1.pdf,42.9,42
US23331A1097,,2230,"D.R. Horton, Inc.",1,1978.0,USA,23331A109,20180129.0,USA,000LS9-E,41.2,LONDON,@NA,US23331A1097,23331A10,"D.R. Horton, Inc.",1.0,0I6K-GB,0,SHARE,BYZHJQ2,F,"D.R. Horton, Inc.1.pdf",41.2,41
ID1000129307,,2231,PT Jaya Konstruksi Manggala Pratama Tbk,1,1982.0,IDN,Y7124Z127,20071204.0,IDN,070RN7-E,42.11,INDONESIA,JKON-ID,ID1000129307,BDFLYY,PT Jaya Konstruksi Manggala Pratama Tbk,1.0,JKON-ID,1,SHARE,BDFLYY0,F,PT Jaya Konstruksi Manggala Pratama Tbk1.pdf,42.1,42
RONLG8JKKYH3,,2232,Simtel Team SA,0,2010.0,ROU,X7T4VW105,,ROU,@NA,43.21,BUCHAREST SPOT,@NA,RONLG8JKKYH3,BNKJ1P,Simtel Team SA,1.0,SMTL-RO,0,SHARE,BNKJ1P9,F,Simtel Team SA2.pdf,43.2,43
KYG7569L1041,,2233,Rimbaco Group Global Limited,1,1985.0,HKG,G7569L104,20220616.0,MYS,0LFPTR-E,41.1,US OTC,@NA,KYG7569L1041,BMD3GC,Rimbaco Group Global Limited,1.0,RBGGF-US,0,SHARE,BN2C1Q7,F,Rimbaco Group Global Limited2.pdf,41.1,41
KYG406451065,,2234,Grand Ming Group Holdings Ltd.,1,1995.0,HKG,G40645106,20130809.0,HKG,0D8DMB-E,41.1,HONG KONG,1271-HK,KYG406451065,BCT4ZH,Grand Ming Group Holdings Ltd.,1.0,1271-HK,1,SHARE,BCT4ZH8,F,Grand Ming Group Holdings Ltd.2.pdf,41.1,41
KYG036431065,,2235,Anchorstone Holdings Limited,1,2016.0,HKG,G03643106,20180704.0,HKG,0HN83M-E,43.33,HONG KONG,@NA,KYG036431065,BDZ2MH,Anchorstone Holdings Limited,1.0,1592-HK,1,SHARE,BDZ2MH2,F,Anchorstone Holdings Limited1.pdf,43.3,43
US29278K1097,,2236,New Technology Acquisition Holdings,1,1986.0,USA,29278K109,19901218.0,USA,002N6V-E,42.22,US OTC,@NA,US29278K1097,29278K10,New Technology Acquisition Holdings,1.0,NTAC-US,1,SHARE,BF2BG29,F,New Technology Acquisition Holdings1.pdf,42.2,42
GB00BV9GHQ09,,2237,Kinovo PLC,1,2014.0,GBR,G5275D101,20210112.0,GBR,@NA,43.22,US OTC,@NA,GB00BV9GHQ09,BV9GHQ,Kinovo PLC,1.0,BILBF-US,0,SHARE,BNRQKK1,F,Kinovo PLC1.pdf,43.2,43
KYG811921090,,2238,Shun Wo Group Holdings Ltd.,1,1995.0,HKG,G81192109,20160928.0,HKG,@NA,43.12,HONG KONG,@NA,KYG811921090,BD5L4T,Shun Wo Group Holdings Ltd.,1.0,1591-HK,1,SHARE,BD5L4T5,F,Shun Wo Group Holdings Ltd.3.pdf,43.1,43
TW0002597002,,2239,Ruentex Engineering & Construction Co. Ltd.,1,1975.0,TWN,Y7354Q110,20071218.0,TWN,071JGC-E,41.1,TAIWAN,2597-TW,TW0002597002,B29WJR,Ruentex Engineering & Construction Co. Ltd.,1.0,2597-TW,1,SHARE,B29WJR0,F,Ruentex Engineering & Construction Co. Ltd.3.pdf,41.1,41
SG2D87975520,,2240,TA Corporation Ltd.,1,1972.0,SGP,Y8344N100,20111121.0,SGP,0C5GYC-E,41.1,SINGAPORE,PA3-SG,SG2D87975520,B63PXV,TA Corporation Ltd.,1.0,PA3-SG,1,SHARE,B63PXV5,F,TA Corporation Ltd.1.pdf,41.1,41
SG1B06007705,,2241,Koh Brothers Group Limited,1,1966.0,SGP,Y4818D108,19941212.0,SGP,05JCCG-E,42.13,SINGAPORE,K75-SG,SG1B06007705,649487,Koh Brothers Group Limited,1.0,K75-SG,1,SHARE,6494878,F,Koh Brothers Group Limited1.pdf,42.1,42
INE0N0Y01013,,2242,Udayshivakumar Infra Ltd.,1,2002.0,IND,Y903BL109,20230403.0,IND,@NA,42.11,BSE INDIA,@NA,INE0N0Y01013,BMV9RG,Udayshivakumar Infra Ltd.,1.0,543861-IN,1,SHARE,BMV9RG4,F,Udayshivakumar Infra Ltd.1.pdf,42.1,42
MYL8052OO002,,2243,Central Global Bhd,1,1972.0,MYS,Y1627K109,19901005.0,MYS,@NA,41.2,MALAYSIA,8052-MY,MYL8052OO002,618391,Central Global Bhd,1.0,8052-MY,1,SHARE,6183916,F,Central Global Bhd3.pdf,41.2,41
IL0011415309,,2244,Brenmiller Energy Ltd,1,2012.0,ISR,M2R43K115,20170810.0,ISR,@NA,42.99,TEL AVIV,@NA,IL0011415309,BF4RV7,Brenmiller Energy Ltd,1.0,BNRG-IL,1,SHARE,BF4RV75,F,Brenmiller Energy Ltd1.pdf,42.9,42
GB00B76BK617,,2245,J Smart & Co (Contractors) PLC,1,1947.0,GBR,G82111116,19850102.0,GBR,05J61N-E,41.2,LONDON,SMJ-GB,GB00B76BK617,B76BK6,J Smart & Co (Contractors) PLC,1.0,SMJ-GB,1,SHARE,B76BK61,F,J Smart & Co (Contractors) PLC1.pdf,41.2,41
MYQ0273OO001,,2246,Vestland Bhd,1,2011.0,MYS,Y936L6101,20230131.0,MYS,@NA,41.1,MALAYSIA,0273-MY,MYQ0273OO001,BMF85K,Vestland Bhd,1.0,0273-MY,1,SHARE,BMF85K7,F,Vestland Bhd1.pdf,41.1,41
INE891N01017,,2247,Anubhav Infrastructure Ltd,0,2006.0,IND,Y0161W107,20141212.0,IND,@NA,42.99,BSE INDIA,@NA,INE891N01017,BSVL6S,Anubhav Infrastructure Ltd.,1.0,538833-IN,0,SHARE,BSVL6S7,F,Anubhav Infrastructure Ltd.1.pdf,42.9,42
NO0010612450,,2248,Selvaag Bolig ASA,1,2008.0,NOR,R7800E107,20121130.0,NOR,0922DC-E,41.2,LONDON,@NA,NO0010612450,B4V6DD,Selvaag Bolig ASA,1.0,0Q92-GB,0,SHARE,B88D9W1,F,Selvaag Bolig ASA1.pdf,41.2,41
TW0002545001,,2249,Huang Hsiang Construction Corporation,1,1991.0,TWN,Y3744Z100,19991007.0,TWN,062967-E,41.2,TAIWAN,2545-TW,TW0002545001,615603,Huang Hsiang Construction Corporation,1.0,2545-TW,1,SHARE,6156037,F,Huang Hsiang Construction Corporation3.pdf,41.2,41
BMG2109L1697,,2250,Chinney Alliance Group Limited,1,1993.0,HKG,G2109L169,19931119.0,HKG,05JQQT-E,43.22,HONG KONG,@NA,BMG2109L1697,B09WJT,Chinney Alliance Group Limited,1.0,385-HK,1,SHARE,B09WJT8,F,Chinney Alliance Group Limited1.pdf,43.2,43
GB00BG11K365,,2251,Redrow plc,1,1993.0,GBR,G7455X147,19940603.0,GBR,05HYZV-E,41.2,LONDON,RDW-GB,GB00BG11K365,BG11K3,Redrow plc,1.0,RDW-GB,1,SHARE,BG11K36,F,Redrow plc1.pdf,41.2,41
DE000A1DAHH0,,2252,Brenntag Societas Europaea,1,1874.0,DEU,D12459117,20100329.0,DEU,09M3P3-E,46.73,XETRA,BNR-DE,DE000A1DAHH0,B4YVF5,Brenntag Societas Europaea,1.0,BNR-DE,1,SHARE,B4YVF56,G,Brenntag Societas Europaea1.pdf,46.7,46
AU0000154833,,2253,Endeavour Group Ltd,1,2012.0,AUS,Q3482R103,20210728.0,AUS,0L6NTM-E,47.25,US OTC,@NA,AU0000154833,BNVS14,Endeavour Group Ltd,1.0,EDVGF-US,0,SHARE,BNBVH23,G,Endeavour Group Ltd2.pdf,47.2,47
MX01WA000038,,2254,Wal-Mart de Mexico SAB de CV,1,1958.0,MEX,P98180188,19960102.0,MEX,003Q6N-E,47.19,MEXICO,WALMEX-MX,MX01WA000038,BW1YVH,Wal-Mart de Mexico SAB de CV,1.0,WALMEX-MX,1,SHARE,BW1YVH8,G,Wal-Mart de Mexico SAB de CV1.pdf,47.1,47
FDS1EUV8,,2255,Yatsen Holding Ltd.,1,2016.0,CHN,FDS1EUV82,,CHN,0N222Q-E,47.78,@NA,@NA,@NA,98519410,Yatsen Holding Ltd.,1.0,@NA,0,SHARE,@NA,G,Yatsen Holding Ltd.1.pdf,47.7,47
US2786421030,,2256,eBay Inc.,1,1995.0,USA,278642103,20070413.0,USA,0024V8-E,47.91,MEXICO,@NA,US2786421030,27864210,eBay Inc.,1.0,EBAY-MX,0,SHARE,B0113P7,G,eBay Inc.1.pdf,47.9,47
SE0018040677,,2257,Hexatronic Group AB,0,1972.0,SWE,W4580A169,,SWE,07G0CD-E,46.69,BERNE,@NA,SE0018040677,BM9S1Z,@NA,1.0,02H-CH,0,SHARE,BNM26G2,G,Hexatronic Group AB1.pdf,46.6,46
GB0000055888,,2258,discoverIE Group PLC,1,1986.0,GBR,G2887F103,19880719.0,GBR,05J19L-E,46.52,LONDON,DSCV-GB,GB0000055888,000558,discoverIE Group PLC,1.0,DSCV-GB,1,SHARE,0005588,G,discoverIE Group PLC1.pdf,46.5,46
NL0009432491,,2259,Royal Vopak NV,1,1999.0,NLD,N5075T159,19850102.0,NLD,05HXJK-E,46.71,EURONEXT AMSTERDAM,VPK-NL,NL0009432491,580942,Royal Vopak NV,1.0,VPK-NL,1,SHARE,5809428,G,Royal Vopak NV1.pdf,46.7,46
INE313G01016,,2260,Dhoot Industrial Finance Limited,0,1978.0,IND,Y2063V112,20051220.0,IND,00B0R8-E,46.75,BSE INDIA,@NA,INE313G01016,B0VFL6,Dhoot Industrial Finance Limited,1.0,526971-IN,0,SHARE,B0VFL66,G,Dhoot Industrial Finance Limited1.pdf,46.7,46
JE00B4T3BW64,,2261,Glencore plc,0,1974.0,GBR,G39420107,,CHE,0BRLNB-E,46.71,SIX SWISS,@NA,JE00B4T3BW64,B4T3BW,Glencore plc,1.0,@NA,0,SHARE,BX19WN3,G,Glencore plc1.pdf,46.7,46
LU1789205884,,2262,B&S Group S.A.,1,2008.0,NLD,L0594B104,20180323.0,LUX,0J69MN-E,46.46,EURONEXT AMSTERDAM,BSGR-NL,LU1789205884,BFMH1Z,B&S Group S.A.,1.0,BSGR-NL,1,SHARE,BFMH1Z5,G,B&S Group S.A.1.pdf,46.4,46
US37946R1095,,2263,Global Partners LP,1,2005.0,USA,37946R109,20050929.0,USA,0077JG-E,46.71,NYSE,GLP-US,US37946R1095,37946R10,Global Partners LP,1.0,GLP-US,1,SHARE,B0H9BJ5,G,Global Partners LP3.pdf,46.7,46
GRS148003015,,2264,IDEAL HOLDINGS S.A.,1,1972.0,GRC,X3448A196,19930112.0,GRC,@NA,46.51,ATHENS,INTEK-GR,GRS148003015,B1VW06,IDEAL HOLDINGS S.A.,1.0,INTEK-GR,1,SHARE,B1VW067,G,IDEAL HOLDINGS S.A.1.pdf,46.5,46
US76010Y1038,,2265,"Rent the Runway, Inc.",1,2008.0,USA,76010Y103,20211027.0,USA,00C46W-E,47.91,NASDAQ,RENT-US,US76010Y1038,76010Y10,"Rent the Runway, Inc.",1.0,RENT-US,1,SHARE,BMVR876,G,"Rent the Runway, Inc.1.pdf",47.9,47
SG1I02877971,,2266,Abundance International Limited,1,1975.0,SGP,Y1772W106,20000120.0,SGP,0061ZH-E,47.52,SINGAPORE,@NA,SG1I02877971,620672,Abundance International Limited,1.0,541-SG,1,SHARE,6206727,G,Abundance International Limited1.pdf,47.5,47
INE350C01017,,2267,Optiemus Infracom Limited,1,1993.0,IND,Y0031U117,20041025.0,IND,0828VK-E,46.52,BSE INDIA,@NA,INE350C01017,B03HLR,Optiemus Infracom Limited,1.0,530135-IN,1,SHARE,B03HLR1,G,Optiemus Infracom Limited2.pdf,46.5,46
KYG3825A1076,,2268,Genes Tech Group Holdings Company Limited,1,2016.0,HKG,G3825A107,20170714.0,TWN,0GHP85-E,46.64,HONG KONG,@NA,KYG3825A1076,BYVSX0,Genes Tech Group Holdings Company Limited,1.0,8257-HK,1,SHARE,BYVSX01,G,Genes Tech Group Holdings Company Limited1.pdf,46.6,46
VN000000CTF9,,2269,City Auto Corporation,1,2009.0,VNM,Y16335104,20170530.0,VNM,@NA,45.11,VIETNAM,@NA,VN000000CTF9,BF3FFK,City Auto Corporation,1.0,CTF-VN,1,SHARE,BF3FFK1,G,City Auto Corporation3.pdf,45.1,45
BMG320501254,,2270,Eternity Investment Limited,1,1999.0,HKG,G32050125,20000215.0,HKG,079QJT-E,47.77,HONG KONG,764-HK,BMG320501254,B8BXHP,Eternity Investment Limited,1.0,764-HK,1,SHARE,B8BXHP7,G,Eternity Investment Limited2.pdf,47.7,47
KYG811691073,,2271,Shenglong Splendecor International Limited,1,2013.0,HKG,G81169107,20170717.0,CHN,0GMDVM-E,46.76,HONG KONG,@NA,KYG811691073,BYVSX8,Shenglong Splendecor International Limited,1.0,8481-HK,1,SHARE,BYVSX89,G,Shenglong Splendecor International Limited1.pdf,46.7,46
GB00BF1XGQ00,,2272,Angling Direct Plc,1,2004.0,GBR,G03755108,20170713.0,GBR,@NA,47.64,LONDON,ANG-GB,GB00BF1XGQ00,BF1XGQ,Angling Direct Plc,1.0,ANG-GB,1,SHARE,BF1XGQ0,G,Angling Direct Plc1.pdf,47.6,47
US79546E1047,,2273,"Sally Beauty Holdings, Inc.",1,1964.0,USA,79546E104,20061113.0,USA,05LJBY-E,47.78,NYSE,SBH-US,US79546E1047,79546E10,"Sally Beauty Holdings, Inc.",1.0,SBH-US,1,SHARE,B1GZ005,G,"Sally Beauty Holdings, Inc.1.pdf",47.7,47
JMP5178T1046,,2274,Honey Bun (1982) Ltd.,1,1982.0,JAM,P5178T104,20150717.0,JAM,@NA,47.24,KINGSTON,@NA,JMP5178T1046,B75HB0,Honey Bun (1982) Ltd.,1.0,HONBUN-JM,1,SHARE,B75HB01,G,Honey Bun (1982) Ltd.1.pdf,47.2,47
ZAE000063863,,2275,Woolworths Holdings Limited,1,1931.0,ZAF,S98758121,19971021.0,ZAF,05HZR8-E,47.71,JSE,WHL-ZA,ZAE000063863,B06KZ9,Woolworths Holdings Limited,1.0,WHL-ZA,1,SHARE,B06KZ97,G,Woolworths Holdings Limited1.pdf,47.7,47
AU000000HVN7,,2276,Harvey Norman Holdings Ltd,1,1982.0,AUS,Q4525E117,20211129.0,AUS,05HWSK-E,47.54,US OTC,@NA,AU000000HVN7,617350,Harvey Norman Holdings Ltd,1.0,HNORF-US,0,SHARE,B02P0J1,G,Harvey Norman Holdings Ltd1.pdf,47.5,47
AU000000JBH7,,2277,JB Hi-Fi Limited,1,1974.0,AUS,Q5029L101,20211221.0,AUS,05T4K0-E,47.42,US OTC,@NA,AU000000JBH7,670262,JB Hi-Fi Limited,1.0,JBHIF-US,0,SHARE,B05PJR9,G,JB Hi-Fi Limited1.pdf,47.4,47
US30219E1038,,2278,"Express, Inc.",1,1980.0,USA,30219E103,20100521.0,USA,070CS9-E,47.71,FRANKFURT,@NA,US30219E1038,30219E10,"Express, Inc.",1.0,02Z-DE,0,SHARE,B523W72,G,"Pineapple Express, Inc.1.pdf",47.7,47
KYG211921021,,2279,China MeiDong Auto Holdings Ltd.,1,2012.0,HKG,G21192102,20131205.0,CHN,0DFTGF-E,45.11,HONG KONG,1268-HK,KYG211921021,BH0VXF,China MeiDong Auto Holdings Ltd.,1.0,1268-HK,1,SHARE,BH0VXF7,G,China MeiDong Auto Holdings Ltd.1.pdf,45.1,45
SE0010948588,,2280,BHG Group AB,1,2016.0,SWE,W2R38X105,20180518.0,SWE,0J73TT-E,47.91,LONDON,@NA,SE0010948588,BD4535,BHG Group AB,1.0,0SOM-GB,0,SHARE,BD93DP6,G,BHG Group AB1.pdf,47.9,47
VGG1890L1076,,2281,Capri Holdings Limited,0,2002.0,USA,G1890L107,20141103.0,GBR,00DL81-E,47.71,BERNE,@NA,VGG1890L1076,G1890L10,Capri Holdings Limited,1.0,MKO-CH,0,SHARE,BHXKPN3,G,Capri Holdings Limited1.pdf,47.7,47
PHY0860R1024,,2282,"Berjaya Philippines, Inc.",1,1924.0,PHL,Y0860R102,19971001.0,PHL,05SYMD-E,45.11,PHILIPPINES,BCOR-PH,PHY0860R1024,618297,"Berjaya Philippines, Inc.",1.0,BCOR-PH,1,SHARE,6182979,G,"Berjaya Philippines, Inc.1.pdf",45.1,45
AU000000WES1,,2283,Wesfarmers Limited,1,1914.0,AUS,Q95870103,19850723.0,AUS,05HWF5-E,47.52,ASX,WES-AU,AU000000WES1,694883,Wesfarmers Limited,1.0,WES-AU,1,SHARE,6948836,G,Wesfarmers Limited1.pdf,47.5,47
INE01JE01028,,2284,Marine Electricals (India) Limited,1,1978.0,IND,Y58446124,,IND,0CTM7B-E,46.69,NSE INDIA,@NA,INE01JE01028,BKP851,Marine Electricals (India) Limited,1.0,MARINE-IN,1,SHARE,BKP8514,G,Marine Electricals (India) Limited1.pdf,46.6,46
US35113E2081,,2285,"Fovea Jewelry Holdings, Ltd.",1,1988.0,USA,35113E208,19940718.0,HKG,@NA,47.77,US OTC,@NA,US35113E2081,35113E20,"Fovea Jewelry Holdings, Ltd.",1.0,FJHL-US,1,SHARE,BLD0TB7,G,"Fovea Jewelry Holdings, Ltd.3.pdf",47.7,47
TH9597010007,,2286,Central Retail Corporation Public Company Limited,1,1947.0,THA,Y1244X112,20200220.0,THA,05W60P-E,47.19,THAILAND,CRC-TH,TH9597010007,BKP8ZP,Central Retail Corporation Public Company Limited,1.0,CRC-TH,1,SHARE,BKP8ZP8,G,Central Retail Corporation Public Company Limited1.pdf,47.1,47
TW0006908007,,2287,"Acer Gaming, Inc.",0,2020.0,TWN,Y002PB107,20220913.0,TWN,@NA,47.91,TAIPEI,@NA,TW0006908007,BNQNJ0,"Acer Gaming, Inc.",1.0,6908-TW,0,SHARE,BNQNJ06,G,"Acer Gaming, Inc.1.pdf",47.9,47
KYG8891T1040,,2288,Yoho Group Holdings Ltd.,1,2008.0,HKG,G8891T104,20220610.0,HKG,@NA,47.91,HONG KONG,@NA,KYG8891T1040,BP6GP0,Yoho Group Holdings Ltd.,1.0,2347-HK,1,SHARE,BP6GP01,G,Yoho Group Holdings Ltd.1.pdf,47.9,47
AU0000066789,,2289,Mosaic Brands Limited,1,1977.0,AUS,Q63230108,20000515.0,AUS,00618R-E,47.71,ASX,MOZ-AU,AU0000066789,BK5R0G,Mosaic Brands Limited,1.0,MOZ-AU,1,SHARE,BK5R0G1,G,Mosaic Brands Limited1.pdf,47.7,47
INE798C01017,,2290,Silver Oak Commercial Ltd.,0,1985.0,IND,Y7936N114,20120731.0,IND,@NA,46.9,BSE INDIA,@NA,INE798C01017,B8KQ3N,Silver Oak Commercial Ltd.,1.0,512197-IN,0,SHARE,B8KQ3N7,G,Silver Oak Commercial Ltd.1.pdf,46.9,46
TH1020010Z07,,2291,Moong Pattana International PCL,1,1981.0,THA,Y61362169,20091001.0,THA,00C779-E,46.42,THAILAND,MOONG-TH,TH1020010Z07,BPXZGH,Moong Pattana International PCL,1.0,MOONG-TH,1,SHARE,BPXZGH5,G,Moong Pattana International PCL1.pdf,46.4,46
GB00B2PDGW16,,2292,WH Smith PLC,1,2004.0,GBR,G8927V149,20060901.0,GBR,05HWYD-E,47.11,LONDON,SMWH-GB,GB00B2PDGW16,B2PDGW,WH Smith PLC,1.0,SMWH-GB,1,SHARE,B2PDGW1,G,WH Smith PLC1.pdf,47.1,47
BMG8800F1876,,2293,Theme International Holdings Limited,1,1986.0,HKG,G8800F187,20061114.0,HKG,05JFCY-E,46.71,FRANKFURT,@NA,BMG8800F1876,688949,Theme International Holdings Limited,1.0,TM4C-DE,0,SHARE,B1HJG19,G,Theme International Holdings Limited1.pdf,46.7,46
KYG226921008,,2294,COFCO Joycome Foods Limited,1,2014.0,HKG,G22692100,20181024.0,CHN,0GC6R5-E,46.32,HONG KONG CONNECT  - SHANGHAI,@NA,KYG226921008,BYNJJY,COFCO Joycome Foods Limited,1.0,@NA,0,SHARE,BGY7Q11,G,COFCO Joycome Foods Limited1.pdf,46.3,46
SE0009888738,,2295,Boozt AB,1,2009.0,SWE,W2198L106,20170607.0,SWE,0CMPST-E,47.91,LONDON,@NA,SE0009888738,BZ30KS,Boozt AB,1.0,0RPY-GB,0,SHARE,BF334F3,G,Boozt AB1.pdf,47.9,47
AU000000KGN2,,2296,Kogan.com Ltd.,1,2006.0,AUS,Q53502102,20191023.0,AUS,0GB32Z-E,47.99,US OTC,@NA,AU000000KGN2,BYYY33,Kogan.com Ltd.,1.0,KGGNF-US,0,SHARE,BYWYX19,G,Kogan.com Ltd.1.pdf,47.9,47
TH0737010Y08,,2297,CP All Public Co. Ltd.,1,1988.0,THA,Y1772K151,20031014.0,THA,05W3SR-E,47.11,THAILAND,CPALL-TH,TH0737010Y08,B08YDG,CP All Public Co. Ltd.,1.0,CPALL-TH,1,SHARE,B08YDG0,G,CP All Public Co. Ltd.1.pdf,47.1,47
FDS0PGW8,,2298,Ama Group Limited,1,2005.0,AUS,FDS0PGW82,,AUS,06KFRR-E,45.2,@NA,@NA,@NA,B1CND9,Ama Group Limited,1.0,@NA,0,SHARE,@NA,G,Ama Group Limited1.pdf,45.2,45
NL0015000AU7,,2299,Pepco Group BV,1,2014.0,POL,G6999C106,20210526.0,GBR,@NA,47.78,WARSAW,PCO-PL,NL0015000AU7,BMXNYN,Pepco Group BV,1.0,PCO-PL,1,SHARE,BMXNYN0,G,Pepco Group BV1.pdf,47.7,47
KYG9035N1025,,2300,Tree Holdings Ltd.,1,2016.0,HKG,G9035N102,20180125.0,HKG,0GR1JN-E,47.59,HONG KONG,@NA,KYG9035N1025,BD0M4G,Tree Holdings Ltd.,1.0,8395-HK,1,SHARE,BD0M4G0,G,Tree Holdings Ltd.2.pdf,47.5,47
ID1000178700,,2301,PT Multi Medika Internasional Tbk,0,2020.0,IDN,Y712FZ109,20221206.0,IDN,@NA,46.69,INDONESIA,MMIX-ID,ID1000178700,BPCM7T,PT Multi Medika Internasional Tbk,1.0,MMIX-ID,0,SHARE,BPCM7T6,G,PT Multi Medika Internasional Tbk1.pdf,46.6,46
US40417F1093,,2302,"HF Foods Group, Inc.",1,1997.0,USA,40417F109,20170907.0,USA,0JXCRG-E,46.39,NASDAQ,@NA,US40417F1093,40417F10,"HF Foods Group, Inc.",1.0,HFFG-US,1,SHARE,BYZLWZ4,G,"HF Foods Group, Inc.1.pdf",46.3,46
US1011371077,,2303,Boston Scientific Corporation,1,1979.0,USA,101137107,19920519.0,USA,0011GG-E,46.69,NYSE,BSX-US,US1011371077,10113710,Boston Scientific Corporation,1.0,BSX-US,1,SHARE,2113434,G,Boston Scientific Corporation1.pdf,46.6,46
US8923561067,,2304,Tractor Supply Company,0,1938.0,USA,892356106,20180427.0,USA,0019FL-E,47.76,LONDON,@NA,US8923561067,89235610,Tractor Supply Company,1.0,0REL-GB,0,SHARE,BD8SKN9,G,Tractor Supply Company1.pdf,47.7,47
HRCIAKRA0007,,2305,CIAK Grupa d.d,1,1999.0,HRV,X1R26K108,20210104.0,HRV,0MNR58-E,45.31,ZAGREB,@NA,HRCIAKRA0007,BL6G8T,CIAK Grupa d.d,1.0,CIAK-HR,1,SHARE,BL6G8T3,G,CIAK Grupa d.d1.pdf,45.3,45
MYL8702OO002,,2306,Texchem Resources Bhd.,1,1973.0,MYS,Y8592R100,19931206.0,MYS,05JBZY-E,46.75,MALAYSIA,8702-MY,MYL8702OO002,687696,Texchem Resources Bhd.,1.0,8702-MY,1,SHARE,6876960,G,Texchem Resources Bhd.2.pdf,46.7,46
BD0320IRSL07,,2307,Intraco Refueling Station Ltd.,1,2007.0,BGD,Y4120B105,20180517.0,BGD,0J2WFY-E,46.71,DHAKA,@NA,BD0320IRSL07,BD1R2T,Intraco Refueling Station Ltd.,1.0,INTRACO-BD,1,SHARE,BD1R2T3,G,Intraco Refueling Station Ltd.2.pdf,46.7,46
MYL5008OO007,,2308,Harrisons Holdings Malaysia Bhd.,1,1990.0,MYS,Y3101U108,19991025.0,MYS,006214-E,46.52,MALAYSIA,5008-MY,MYL5008OO007,617368,Harrisons Holdings Malaysia Bhd.,1.0,5008-MY,1,SHARE,6173683,G,Harrisons Holdings Malaysia Bhd.1.pdf,46.5,46
PLEURCH00011,,2309,Eurocash S.A.,1,1995.0,POL,X2382S106,20100930.0,POL,05TYH9-E,46.39,LONDON,@NA,PLEURCH00011,B064B9,Eurocash S.A.,1.0,0LTM-GB,0,SHARE,B28H2J9,G,Eurocash S.A.1.pdf,46.3,46
PHY6142T1052,,2310,Monde Nissin Corp.,1,1979.0,PHL,Y6142T105,20210601.0,PHL,08DPCJ-E,47.24,PHILIPPINES,MONDE-PH,PHY6142T1052,BMDTTT,Monde Nissin Corp.,1.0,MONDE-PH,1,SHARE,BMDTTT9,G,Monde Nissin Corp.1.pdf,47.2,47
INE731A01020,,2311,Archies Limited,1,1979.0,IND,Y02011156,19991229.0,IND,@NA,47.78,BSE INDIA,532212-IN,INE731A01020,615764,Archies Limited,1.0,532212-IN,1,SHARE,6157643,G,Archies Limited1.pdf,47.7,47
BMG9888Y1066,,2312,Yunnan Energy International Co. Limited,1,2004.0,HKG,G9888Y106,20040709.0,HKG,0066J6-E,46.69,SINGAPORE,T43-SG,BMG9888Y1066,BGV4W2,Yunnan Energy International Co. Limited,1.0,T43-SG,0,SHARE,BHX7556,G,Yunnan Energy International Co. Limited1.pdf,46.6,46
PK0082901015,,2313,Attock Petroleum Limited,1,1995.0,PAK,Y04522101,20050318.0,PAK,@NA,46.71,PAKISTAN STOCK EXCHANGE,APL-PK,PK0082901015,B06HDB,Attock Petroleum Limited,1.0,APL-PK,1,SHARE,B06HDB6,G,Attock Petroleum Limited1.pdf,46.7,46
KYG7998M1033,,2314,TATA Health International Holdings Ltd.,1,1974.0,HKG,G7998M103,20130711.0,HKG,0D7074-E,47.72,HONG KONG,1255-HK,KYG7998M1033,BC5ZHS,TATA Health International Holdings Ltd.,1.0,1255-HK,1,SHARE,BC5ZHS0,G,TATA Health International Holdings Ltd.1.pdf,47.7,47
BRLRENACNOR1,,2315,Lojas Renner S.A.,1,1965.0,BRA,P6332C102,19940912.0,BRA,05K029-E,47.71,SAO PAULO,LREN3-BR,BRLRENACNOR1,B0CGYD,Lojas Renner S.A.,1.0,LREN3-BR,1,SHARE,B0CGYD6,G,Lojas Renner S.A.1.pdf,47.7,47
BMG6179G1096,,2316,Mobicon Group Limited,1,1983.0,HKG,G6179G109,20010508.0,HKG,0060G5-E,46.52,HONG KONG,@NA,BMG6179G1096,634821,Mobicon Group Limited,1.0,1213-HK,1,SHARE,6348210,G,Mobicon Group Limited1.pdf,46.5,46
US55616P1049,,2317,"Macy's, Inc.",1,1858.0,USA,55616P104,20180129.0,USA,000JHP-E,47.19,LONDON,@NA,US55616P1049,55616P10,"Macy's, Inc.",1.0,0JXD-GB,0,SHARE,BYZH876,G,"Macy's, Inc.1.pdf",47.1,47
US3647601083,,2318,"Gap, Inc.",1,1969.0,USA,364760108,19841105.0,USA,000KWJ-E,47.71,NYSE,GPS-US,US3647601083,36476010,"Gap, Inc.",1.0,GPS-US,1,SHARE,2360326,G,"Gap, Inc.1.pdf",47.7,47
MXP369181377,,2319,El Puerto de Liverpool SAB de CV,1,1847.0,MEX,P36918137,20040831.0,MEX,05HX00-E,47.19,US OTC,@NA,MXP369181377,230681,El Puerto de Liverpool SAB de CV,1.0,ELPQF-US,0,SHARE,B05P2P8,G,El Puerto de Liverpool SAB de CV1.pdf,47.1,47
JP3346190006,,2320,"Ci Medical Co., Ltd.",1,2000.0,JPN,J0791R103,20160617.0,JPN,08XB9G-E,46.69,TOKYO,3540-JP,JP3346190006,BDGV6P,"Ci Medical Co., Ltd.",1.0,3540-JP,1,SHARE,BDGV6P4,G,"Ci Medical Co., Ltd.1.pdf",46.6,46
GB00B021F836,,2321,Naked Wines plc,1,1980.0,GBR,G6361W102,20101223.0,GBR,05J41T-E,46.34,US OTC,@NA,GB00B021F836,B021F8,Naked Wines plc,1.0,NWINF-US,0,SHARE,B3BJ277,G,Naked Wines plc1.pdf,46.3,46
SG1DA6000004,,2322,Wong Fong Industries Limited,1,2015.0,SGP,Y96650109,20160728.0,SGP,0GC9XP-E,46.64,SINGAPORE,@NA,SG1DA6000004,BD6F8K,Wong Fong Industries Limited,1.0,1A1-SG,1,SHARE,BD6F8K5,G,Wong Fong Industries Limited3.pdf,46.6,46
TH6050010Y00,,2323,Harn Engineering Solutions Public Co. Ltd.,1,1958.0,THA,Y306C0118,20141113.0,THA,@NA,46.73,THAILAND,HARN-TH,TH6050010Y00,BZ18XB,Harn Engineering Solutions Public Co. Ltd.,1.0,HARN-TH,1,SHARE,BZ18XB9,G,Harn Engineering Solutions Public Co. Ltd.1.pdf,46.7,46
GB0004170089,,2324,Headlam Group plc,1,1948.0,GBR,G43680100,19850102.0,GBR,05J0C4-E,47.53,LONDON,HEAD-GB,GB0004170089,041700,Headlam Group plc,1.0,HEAD-GB,1,SHARE,0417008,G,Headlam Group plc1.pdf,47.5,47
MYL5136OO006,,2325,Hextar Technologies Solutions Berhad.,1,2005.0,MYS,Y1692S102,20070830.0,MYS,009K02-E,46.73,MALAYSIA,5136-MY,MYL5136OO006,B2477M,Hextar Technologies Solutions Berhad.,1.0,5136-MY,1,SHARE,B2477M1,G,Hextar Technologies Solutions Berhad.1.pdf,46.7,46
INE896P01011,,2326,Creative Merchants Ltd,0,1984.0,IND,Y1R7CJ110,20140702.0,IND,@NA,47.78,BSE INDIA,@NA,INE896P01011,BNG62P,Creative Merchants Ltd.,1.0,538504-IN,0,SHARE,BNG62P1,G,Creative Merchants Ltd.3.pdf,47.7,47
KYG811881070,,2327,Shunten International (Holdings) Ltd.,1,2011.0,HKG,G81188107,20131011.0,HKG,0DCJXV-E,46.9,HONG KONG,932-HK,KYG811881070,BDVKSS,Shunten International (Holdings) Ltd.,1.0,932-HK,1,SHARE,BDVKSS3,G,Shunten International (Holdings) Ltd.1.pdf,46.9,46
SE0001515552,,2328,Indutrade AB,1,1919.0,SWE,W4939U106,20180613.0,SWE,05SLPP-E,46.64,US OTC,@NA,SE0001515552,B0LDBX,Indutrade AB,1.0,IDDWF-US,0,SHARE,BZ9NY80,G,Indutrade AB1.pdf,46.6,46
BA100PROMRA9,,2329,Promet TP a.d.,0,,BIH,X6940H106,20190801.0,BIH,@NA,47.11,BANJA LUKA,@NA,BA100PROMRA9,B55078,Promet TP a.d.,1.0,PROM.R.A-BA,0,SHARE,B550786,G,Promet TP a.d.1.pdf,47.1,47
KR7069960003,,2330,"Hyundai Department Store Co., Ltd",1,2002.0,KOR,Y38306109,20021125.0,KOR,064QX8-E,47.19,KOREA,069960-KR,KR7069960003,656861,"Hyundai Department Store Co., Ltd",1.0,069960-KR,1,SHARE,6568610,G,"Hyundai Department Store Co., Ltd2.pdf",47.1,47
CH0023405456,,2331,Dufry AG,1,1865.0,CHE,H2082J107,20051206.0,CHE,06B35H-E,47.78,FRANKFURT,@NA,CH0023405456,B0R80X,Dufry AG,1.0,D2J-DE,0,SHARE,B0T0CZ9,G,Dufry AG2.pdf,47.7,47
ID1000128705,,2332,PT Sumber Alfaria Trijaya,1,1989.0,IDN,Y71362118,20090115.0,IDN,06HNL4-E,47.11,INDONESIA,AMRT-ID,ID1000128705,BCDBLJ,PT Sumber Alfaria Trijaya,1.0,AMRT-ID,1,SHARE,BCDBLJ9,G,PT Sumber Alfaria Trijaya1.pdf,47.1,47
KYG5804G1047,,2333,Maoye International Holdings Ltd.,1,2007.0,HKG,G5804G104,20080505.0,CHN,009XSB-E,47.19,HONG KONG,848-HK,KYG5804G1047,B2NT80,Maoye International Holdings Ltd.,1.0,848-HK,1,SHARE,B2NT803,G,Maoye International Holdings Ltd.1.pdf,47.1,47
TH9527010002,,2334,"AppliCad Public Co., Ltd.",1,1994.0,THA,Y0186P111,20191122.0,THA,0G80G7-E,46.51,THAILAND,APP-TH,TH9527010002,BKWFPH,"AppliCad Public Co., Ltd.",1.0,APP-TH,1,SHARE,BKWFPH4,G,"AppliCad Public Co., Ltd.1.pdf",46.5,46
GB00B019KW72,,2335,J Sainsbury plc,1,1869.0,GBR,G77732173,19900731.0,GBR,05HFTW-E,47.11,US OTC,@NA,GB00B019KW72,B019KW,J Sainsbury plc,1.0,JSNSF-US,0,SHARE,B1GXRR5,G,J Sainsbury plc1.pdf,47.1,47
SG2G55000001,,2336,EuroSports Global Ltd.,1,1998.0,SGP,Y2358B102,20140117.0,SGP,0DGXMC-E,45.11,SINGAPORE,@NA,SG2G55000001,BJ3Q6B,EuroSports Global Ltd.,1.0,5G1-SG,1,SHARE,BJ3Q6B0,G,EuroSports Global Ltd.1.pdf,45.1,45
CA04045U1021,,2337,"Aritzia, Inc.",1,1984.0,CAN,04045U102,20161213.0,CAN,0GGP55-E,47.71,US OTC,@NA,CA04045U1021,BDCG2C,"Aritzia, Inc.",1.0,ATZAF-US,0,SHARE,BYVQ4V3,G,"Aritzia, Inc.1.pdf",47.7,47
90269100,,2338,UGI Corporation,0,1882.0,USA,902691005,,USA,0014W4-E,46.71,@NA,@NA,@NA,90268110,UGI Corporation,1.0,@NA,0,SHARE,@NA,G,UGI Corporation1.pdf,46.7,46
SG1M59904946,,2339,Cortina Holdings Limited,1,1972.0,SGP,Y1756L100,20020729.0,SGP,00606D-E,47.77,SINGAPORE,C41-SG,SG1M59904946,653837,Cortina Holdings Limited,1.0,C41-SG,1,SHARE,6538378,G,Cortina Holdings Limited1.pdf,47.7,47
TW0004175005,,2340,"MedFirst Healthcare Services, Inc. (TW)",1,1990.0,TWN,Y58851109,20121221.0,TWN,0CXLZ2-E,46.69,TAIPEI,4175-TW,TW0004175005,B7YZNV,"MedFirst Healthcare Services, Inc. (TW)",1.0,4175-TW,1,SHARE,B7YZNV1,G,"MedFirst Healthcare Services, Inc. (TW)1.pdf",46.6,46
TH0365010Z07,,2341,"SVOA Public Co., Ltd.",1,1982.0,THA,Y831K8101,20000301.0,THA,05WH3R-E,46.51,THAILAND,SVOA-TH,TH0365010Z07,672373,"SVOA Public Co., Ltd.",1.0,SVOA-TH,1,SHARE,6723732,G,"SVOA Public Co., Ltd.3.pdf",46.5,46
KYG650071098,,2342,New World Department Store China Limited,0,1993.0,HKG,G65007109,,HKG,009DJY-E,47.19,BERNE,@NA,KYG650071098,B1Z69H,New World Department Store China Limited,1.0,@NA,0,SHARE,BL63H64,G,New World Department Store China Limited1.pdf,47.1,47
FDS0I97A,,2343,"Camping World Holdings, Inc.",1,1966.0,USA,FDS0I97A9,,USA,0GB44Q-E,45.19,@NA,@NA,@NA,13462K10,"Camping World Holdings, Inc.",1.0,@NA,0,SHARE,@NA,G,"Camping World Holdings, Inc.1.pdf",45.1,45
US1266501006,,2344,CVS Health Corporation,1,1963.0,USA,126650100,20090128.0,USA,001HHK-E,47.73,MEXICO,@NA,US1266501006,12665010,CVS Health Corporation,1.0,CVS-MX,0,SHARE,B3B9868,G,CVS Health Corporation1.pdf,47.7,47
SE0003303627,,2345,Byggmax Group AB,1,2004.0,SWE,W2237L109,20101014.0,SWE,08DK3J-E,47.52,LONDON,@NA,SE0003303627,B5BLGL,Byggmax Group AB,1.0,0MR4-GB,0,SHARE,B5ZN2J1,G,Byggmax Group AB1.pdf,47.5,47
IL0003890154,,2346,Cofix Group Ltd.,1,1992.0,ISR,M0241Z107,19960501.0,ISR,@NA,47.11,TEL AVIV,@NA,IL0003890154,601040,Cofix Group Ltd.,1.0,CFX-IL,1,SHARE,6010401,G,Cofix Group Ltd.2.pdf,47.1,47
GB00B1QH8P22,,2347,Frasers Group PLC,1,2006.0,GBR,G3661L100,20070301.0,GBR,0091TM-E,47.64,FRANKFURT,@NA,GB00B1QH8P22,B1QH8P,Frasers Group PLC,1.0,ZVX-DE,0,SHARE,B1TFMP1,G,Frasers Group PLC1.pdf,47.6,47
US58155Q1031,,2348,McKesson Corporation,0,1833.0,USA,58155Q103,20111020.0,USA,000PM1-E,46.46,MEXICO,@NA,US58155Q1031,58155Q10,McKesson Corporation,1.0,MCK-MX,0,SHARE,B662J93,G,McKesson Corporation1.pdf,46.4,46
GB0001826634,,2349,Diploma PLC,0,1931.0,GBR,G27664112,,GBR,05J3L6-E,46.64,MEXICO,@NA,GB0001826634,018266,Diploma PLC,1.0,DPLMN-MX,0,SHARE,BPJHCT9,G,Diploma PLC2.pdf,46.6,46
INE849A01020,,2350,Trent Limited,1,1952.0,IND,Y8969R105,19940707.0,IND,05JBBW-E,47.71,BSE INDIA,500251-IN,INE849A01020,BDDRN3,Trent Limited,1.0,500251-IN,1,SHARE,BDDRN32,G,Trent Limited1.pdf,47.7,47
ZAE000012373,,2351,Mustek Limited,1,1987.0,ZAF,S52999109,19970403.0,ZAF,05JC3W-E,46.51,JSE,MST-ZA,ZAE000012373,661143,Mustek Limited,1.0,MST-ZA,1,SHARE,6611439,G,Mustek Limited1.pdf,46.5,46
KYG886801060,,2352,Tianjin Port Development Holdings Limited,1,2005.0,HKG,G88680106,20060524.0,HKG,0088P3-E,52.24,FRANKFURT,@NA,KYG886801060,B1528Y,Tianjin Port Development Holdings Limited,1.0,T9P-DE,0,SHARE,B15MR17,H,Tianjin Port Development Holdings Limited1.pdf,52.2,52
EE3100004466,,2353,Tallink Grupp AS,1,1989.0,EST,X8849T108,20171030.0,EST,062GN5-E,50.1,LONDON,@NA,EE3100004466,B04BGR,Tallink Grupp AS,1.0,0NY4-GB,0,SHARE,B28MRJ9,H,Tallink Grupp AS1.pdf,50.1,50
LR0008862868,,2354,Royal Caribbean Group,1,1968.0,USA,V7780T103,19930428.0,USA,001JWC-E,50.1,NYSE,RCL-US,LR0008862868,V7780T10,Royal Caribbean Group,1.0,RCL-US,1,SHARE,2754907,H,Royal Caribbean Group2.pdf,50.1,50
JE00BN574F90,,2355,Wizz Air Holdings Plc,1,2003.0,GBR,G96871101,20201218.0,GBR,0BSWGG-E,51.1,BUDAPEST,@NA,JE00BN574F90,BN574F,Wizz Air Holdings Plc,1.0,WIZZ-HU,0,SHARE,BMYZ7D6,H,Wizz Air Holdings Plc1.pdf,51.1,51
BE0003816338,,2356,Euronav NV,1,2003.0,BEL,B38564108,20041201.0,BEL,05W0XT-E,50.2,EURONEXT BRUSSELS,EURN-BE,BE0003816338,B04M8J,Euronav NV,1.0,EURN-BE,1,SHARE,B04M8J6,H,Euronav NV1.pdf,50.2,50
INE927A01040,,2357,Rollatainers Limited,1,1968.0,IND,Y73243167,19950807.0,IND,07CS2X-E,52.29,BSE INDIA,@NA,INE927A01040,BYQ76T,Rollatainers Limited,1.0,502448-IN,1,SHARE,BYQ76T3,H,Rollatainers Limited3.pdf,52.2,52
GB00BKDTK925,,2358,Trainline Plc,1,2019.0,GBR,G8992Y119,20190621.0,GBR,0F8YF8-E,52.29,LONDON,TRN-GB,GB00BKDTK925,BKDTK9,Trainline Plc,1.0,TRN-GB,1,SHARE,BKDTK92,H,Trainline Plc1.pdf,52.2,52
FI0009003230,,2359,Finnair Oyj,1,1972.0,FIN,X24877106,20090911.0,FIN,05HZWM-E,51.1,US OTC,@NA,FI0009003230,433639,Finnair Oyj,1.0,FNNNF-US,0,SHARE,B02FM84,H,Finnair Oyj1.pdf,51.1,51
FDS0JX8X,,2360,"ZTO Express (Cayman), Inc.",1,2002.0,HKG,FDS0JX8X4,,CHN,0GKNW9-E,53.2,@NA,@NA,@NA,BMZ1C8,"ZTO Express (Cayman), Inc.",1.0,@NA,0,SHARE,@NA,H,"ZTO Express (Cayman), Inc.1.pdf",53.2,53
INE109A01011,,2361,Shipping Corporation of India Limited,1,1975.0,IND,Y7757H113,19940705.0,IND,05HZ7J-E,52.29,BSE INDIA,523598-IN,INE109A01011,610124,Shipping Corporation of India Limited,1.0,523598-IN,1,SHARE,6101242,H,Shipping Corporation of India Limited1.pdf,52.2,52
GB0003452173,,2362,FirstGroup plc,1,1995.0,GBR,G34604101,19950616.0,GBR,05HWSD-E,49.31,LONDON,FGP-GB,GB0003452173,034521,FirstGroup plc,1.0,FGP-GB,1,SHARE,0345217,H,FirstGroup plc1.pdf,49.3,49
MYL5014OO005,,2363,Malaysia Airports Holdings Bhd.,1,1992.0,MYS,Y5585D106,19991130.0,MYS,05HZ3L-E,52.23,MALAYSIA,5014-MY,MYL5014OO005,618819,Malaysia Airports Holdings Bhd.,1.0,5014-MY,1,SHARE,6188193,H,Malaysia Airports Holdings Bhd.1.pdf,52.2,52
NO0010257728,,2364,Havila Shipping ASA,1,2000.0,NOR,R3192Q105,20050302.0,NOR,066GPM-E,52.22,OSLO,HAVI-NO,NO0010257728,B06DMG,Havila Shipping ASA,1.0,HAVI-NO,1,SHARE,B06DMG2,H,Havila Shipping ASA2.pdf,52.2,52
MYL6254OO006,,2365,PDZ Holdings Bhd.,1,1996.0,MYS,Y6802Y105,19960722.0,MYS,05WSV3-E,50.2,MALAYSIA,6254-MY,MYL6254OO006,628332,PDZ Holdings Bhd.,1.0,6254-MY,1,SHARE,6283322,H,PDZ Holdings Bhd.1.pdf,50.2,50
GB0000600931,,2366,Braemar PLC,1,1988.0,GBR,G1554N100,19971127.0,GBR,05JC0P-E,52.22,LONDON,BMS-GB,GB0000600931,006009,Braemar PLC,1.0,BMS-GB,1,SHARE,0060093,H,Braemar PLC1.pdf,52.2,52
FDS0XLK2,,2367,"Lyft, Inc.",1,2007.0,USA,FDS0XLK28,,USA,07V3WZ-E,49.39,@NA,@NA,@NA,55087P10,"Lyft, Inc.",1.0,@NA,0,SHARE,@NA,H,"Lyft, Inc.1.pdf",49.3,49
BMG9880L1028,,2368,Yuexiu Transport Infrastructure Limited,1,1996.0,HKG,G9880L102,19970130.0,HKG,05J1M5-E,52.21,HONG KONG,1052-HK,BMG9880L1028,639878,Yuexiu Transport Infrastructure Limited,1.0,1052-HK,1,SHARE,6398787,H,Yuexiu Transport Infrastructure Limited1.pdf,52.2,52
HK0293001514,,2369,Cathay Pacific Airways Limited,0,1946.0,HKG,Y11757104,,HKG,05HWFT-E,51.1,BERNE,@NA,HK0293001514,617975,Cathay Pacific Airways Limited,1.0,CTY-CH,0,SHARE,BMF1SS5,H,Cathay Pacific Airways Limited1.pdf,51.1,51
ID1000132707,,2370,PT Blue Bird Tbk,1,2001.0,IDN,Y7140H101,20141105.0,IDN,0CTR8B-E,49.39,INDONESIA,BIRD-ID,ID1000132707,BRJ6FX,PT Blue Bird Tbk,1.0,BIRD-ID,1,SHARE,BRJ6FX5,H,PT Blue Bird Tbk2.pdf,49.3,49
MYQ0068OO005,,2371,Asdion Bhd.,1,2002.0,MYS,Y0261X104,20050113.0,MYS,006Q4W-E,52.29,MALAYSIA,@NA,MYQ0068OO005,B05KKN,Asdion Bhd.,1.0,0068-MY,1,SHARE,B05KKN7,H,Asdion Bhd.1.pdf,52.2,52
LK0333N00001,,2372,Tess Agro PLC,1,1992.0,LKA,Y8591C104,20030106.0,LKA,09JWW1-E,52.1,COLOMBO,@NA,LK0333N00001,B065ZF,Tess Agro PLC,1.0,TESS.N0000-LK,1,SHARE,B065ZF8,H,Tess Agro PLC3.pdf,52.1,52
JP3399790009,,2373,"STORAGE-OH Co.,Ltd.",1,2005.0,JPN,J76751106,20220427.0,JPN,0R7YV6-E,52.1,TOKYO,2997-JP,JP3399790009,BMXFTD,"STORAGE-OH Co.,Ltd.",1.0,2997-JP,1,SHARE,BMXFTD1,H,"STORAGE-OH Co.,Ltd.3.pdf",52.1,52
GB0030329360,,2374,Wincanton plc,1,1925.0,GBR,G9688X100,20050930.0,GBR,05J06W-E,52.29,US OTC,@NA,GB0030329360,303293,Wincanton plc,1.0,WNCNF-US,0,SHARE,B02R912,H,Wincanton plc1.pdf,52.2,52
KYG8187G1055,,2375,"SITC International Holdings Co., Ltd.",1,1991.0,HKG,G8187G105,20161205.0,HKG,0B18LG-E,50.2,HONG KONG CONNECT - SHENZHEN,1308-SZSC,KYG8187G1055,B61X7R,"SITC International Holdings Co., Ltd.",1.0,@NA,0,SHARE,BD8NJN7,H,"SITC International Holdings Co., Ltd.1.pdf",50.2,50
US89342A1079,,2376,TransAct Energy Corp.,1,2006.0,USA,89342A107,20100104.0,USA,008WL9-E,49.41,US OTC,@NA,US89342A1079,89342A10,TransAct Energy Corp.,1.0,TEGY-US,1,SHARE,B58SNZ6,H,TransAct Energy Corp.3.pdf,49.4,49
PHY411571011,,2377,"International Container Terminal Services, Inc.",1,1987.0,PHL,Y41157101,19920918.0,PHL,05J37K-E,52.24,PHILIPPINES,ICT-PH,PHY411571011,645581,"International Container Terminal Services, Inc.",1.0,ICT-PH,1,SHARE,6455819,H,"International Container Terminal Services, Inc.1.pdf",52.2,52
SE0016074728,,2378,Swedish Logistic Property AB,1,2018.0,SWE,W9545H118,,SWE,@NA,52.29,@NA,@NA,SE0016074728,BJLL64,Swedish Logistic Property AB,1.0,@NA,0,SHARE,@NA,H,Swedish Logistic Property AB1.pdf,52.2,52
NL0009739416,,2379,PostNL NV,1,1997.0,NLD,N7203C108,19980709.0,NLD,063Q6G-E,53.2,LONDON,@NA,NL0009739416,548155,PostNL NV,1.0,0P47-GB,0,SHARE,0306258,H,PostNL NV1.pdf,53.2,53
GRS470003013,,2380,Piraeus Port Authority S.A.,1,1930.0,GRC,X6560Q105,20030808.0,GRC,05ZTW5-E,52.22,ATHENS,PPA-GR,GRS470003013,764862,Piraeus Port Authority S.A.,1.0,PPA-GR,1,SHARE,7648629,H,Piraeus Port Authority S.A.1.pdf,52.2,52
NO0010936792,,2381,Froy ASA,1,2019.0,NOR,R2R342103,20210329.0,NOR,0NGYJS-E,52.22,OSLO,FROY-NO,NO0010936792,BMZ3CS,Froy ASA,1.0,FROY-NO,1,SHARE,BMZ3CS9,H,Froy ASA1.pdf,52.2,52
ID1000132608,,2382,PT AirAsia Indonesia Tbk,1,1989.0,IDN,Y71208139,19941213.0,IDN,0HV06C-E,51.1,INDONESIA,CMPP-ID,ID1000132608,BQ13FX,PT AirAsia Indonesia Tbk,1.0,CMPP-ID,1,SHARE,BQ13FX7,H,PT AirAsia Indonesia Tbk1.pdf,51.1,51
FDS0V3HK,,2383,Meituan,1,2010.0,HKG,FDS0V3HK4,,CHN,0JNJ6Y-E,53.2,@NA,@NA,@NA,BGJW37,Meituan,1.0,@NA,0,SHARE,@NA,H,Meituan1.pdf,53.2,53
US9078181081,,2384,Union Pacific Corporation,0,1969.0,USA,907818108,20110620.0,USA,000Y1Z-E,49.1,MEXICO,@NA,US9078181081,90781810,Union Pacific Corporation,1.0,UNP-MX,0,SHARE,B410C77,H,Union Pacific Corporation1.pdf,49.1,49
AU000000QUB5,,2385,Qube Holdings Ltd.,1,2006.0,AUS,Q7834B112,20220916.0,AUS,06QBDS-E,52.24,US OTC,@NA,AU000000QUB5,B1L4BC,Qube Holdings Ltd.,1.0,QUBHF-US,0,SHARE,BQ5HK85,H,Qube Holdings Ltd.1.pdf,52.2,52
SG2C45963924,,2386,Nordic Group Limited,1,2010.0,SGP,Y6364Z102,20101110.0,SGP,0B4TPL-E,50.2,SINGAPORE,MR7-SG,SG2C45963924,B5WCD6,Nordic Group Limited,1.0,MR7-SG,1,SHARE,B5WCD65,H,Nordic Group Limited1.pdf,50.2,50
JP3674400001,,2387,Nissin Corporation,1,1938.0,JPN,J57977100,19850102.0,JPN,05J2BF-E,52.29,TOKYO,9066-JP,JP3674400001,664302,Nissin Corporation,1.0,9066-JP,1,SHARE,6643023,H,Nissin Corporation1.pdf,52.2,52
TH6651010006,,2388,WICE Logistics PCL,1,1993.0,THA,Y9582X107,20150728.0,THA,@NA,50.2,THAILAND,WICE-TH,TH6651010006,BYY9WQ,WICE Logistics PCL,1.0,WICE-TH,1,SHARE,BYY9WQ0,H,WICE Logistics PCL2.pdf,50.2,50
NO0011109563,,2389,Gram Car Carriers ASA,1,2005.0,NOR,R2R31S109,20230426.0,NOR,@NA,52.22,US OTC,@NA,NO0011109563,BPGC14,Gram Car Carriers ASA,1.0,GCCRF-US,0,SHARE,BQC4RR7,H,Gram Car Carriers ASA1.pdf,52.2,52
US4456581077,,2390,"J.B. Hunt Transport Services, Inc.",1,1961.0,USA,445658107,20180129.0,USA,000LVB-E,49.41,LONDON,@NA,US4456581077,44565810,"J.B. Hunt Transport Services, Inc.",1.0,0J71-GB,0,SHARE,BYZH6Q1,H,"J.B. Hunt Transport Services, Inc.1.pdf",49.4,49
BMG8165U1009,,2391,Sinopec Kantons Holdings Limited,1,1998.0,HKG,G8165U100,19990722.0,HKG,05J34Q-E,49.5,HONG KONG,934-HK,BMG8165U1009,616269,Sinopec Kantons Holdings Limited,1.0,934-HK,1,SHARE,6162692,H,Sinopec Kantons Holdings Limited1.pdf,49.5,49
NO0010262686,,2392,GC Rieber Shipping ASA,1,2005.0,NOR,R72212104,20050309.0,NOR,05J54C-E,50.2,OSLO,RISH-NO,NO0010262686,B1VYCQ,GC Rieber Shipping ASA,1.0,RISH-NO,1,SHARE,B1VYCQ7,H,GC Rieber Shipping ASA1.pdf,50.2,50
NO0010571680,,2393,Wallenius Wilhelmsen ASA,1,2010.0,NOR,R9820L103,20220928.0,NOR,05J1LS-E,50.2,US OTC,@NA,NO0010571680,B55WMQ,Wallenius Wilhelmsen ASA,1.0,WAWIF-US,0,SHARE,BQC4RM2,H,Wallenius Wilhelmsen ASA1.pdf,50.2,50
PK0079701014,,2394,Pakistan International Container Terminal Limited,1,2002.0,PAK,Y6669V103,20040116.0,PAK,06HKC2-E,52.24,PAKISTAN STOCK EXCHANGE,PICT-PK,PK0079701014,673185,Pakistan International Container Terminal Limited,1.0,PICT-PK,1,SHARE,6731854,H,Pakistan International Container Terminal Limited3.pdf,52.2,52
SG2G57000009,,2395,Kim Heng Ltd,1,1968.0,SGP,Y475A6102,20220321.0,SGP,0DJ4WS-E,52.22,US OTC,@NA,SG2G57000009,BJ590X,Kim Heng Ltd,1.0,KNHGF-US,0,SHARE,BNLYZL7,H,Kim Heng Ltd1.pdf,52.2,52
HK0308001558,,2396,China Travel International Investment Hong Kong Limited,1,1992.0,HKG,Y1507D100,20030919.0,HKG,05HXQC-E,52.29,US OTC,@NA,HK0308001558,619728,China Travel International Investment Hong Kong Limited,1.0,CTVIF-US,0,SHARE,B01XX97,H,China Travel International Investment Hong Kong Limited1.pdf,52.2,52
FDS8DB42,,2397,China High-Speed Railway Technology Co. Ltd.,1,1989.0,CHN,FDS8DB423,,CHN,060JL9-E,49.1,@NA,@NA,@NA,647895,China High-Speed Railway Technology Co. Ltd.,1.0,@NA,0,SHARE,@NA,H,China High-Speed Railway Technology Co. Ltd.1.pdf,49.1,49
GB0007276115,,2398,Lok'nStore Group plc,1,2000.0,GBR,G5558T104,19970926.0,GBR,05J62S-E,52.1,LONDON,LOK-GB,GB0007276115,072761,Lok'nStore Group plc,1.0,LOK-GB,1,SHARE,0727611,H,Lok'nStore Group plc1.pdf,52.1,52
US8447411088,,2399,Southwest Airlines Co.,1,1967.0,USA,844741108,20110805.0,USA,000WR8-E,51.1,MEXICO,@NA,US8447411088,84474110,Southwest Airlines Co.,1.0,LUV-MX,0,SHARE,B4W2Z62,H,Southwest Airlines Co.1.pdf,51.1,51
HRCRALRA0005,,2400,Croatia Airlines d.d.,1,1989.0,HRV,X17497102,19960418.0,HRV,06YWHM-E,51.1,ZAGREB,@NA,HRCRALRA0005,501985,Croatia Airlines d.d.,1.0,CRAL-HR,1,SHARE,5019852,H,Croatia Airlines d.d.1.pdf,51.1,51
BMG850801025,,2401,Stolt-Nielsen Limited,1,1959.0,NOR,G85080102,20071102.0,BMU,00CWXJ-E,50.2,LONDON,@NA,BMG850801025,B4PKZG,Stolt-Nielsen Limited,1.0,0OHK-GB,0,SHARE,B42PHG5,H,Stolt-Nielsen Limited1.pdf,50.2,50
GB0006215205,,2402,National Express Group PLC,0,1991.0,GBR,G6374M109,,GBR,05HX8P-E,49.39,SIX SWISS,@NA,GB0006215205,062152,National Express Group PLC,1.0,NEX-CH,0,SHARE,BKSG128,H,National Express Group PLC1.pdf,49.3,49
CA94106B1013,,2403,"Waste Connections, Inc.",1,1997.0,CAN,94106B101,20221116.0,CAN,0G9D7R-E,49.41,BULGARIA,@NA,CA94106B1013,BYQFRK,"Waste Connections, Inc.",1.0,UI51-BG,0,SHARE,BP396J9,H,"Waste Connections, Inc.1.pdf",49.4,49
HK0066009694,,2404,MTR Corporation Limited,1,2000.0,HKG,Y6146T101,20070206.0,HKG,003L1W-E,49.31,US OTC,@NA,HK0066009694,629005,MTR Corporation Limited,1.0,MTRJF-US,0,SHARE,B02W6S3,H,MTR Corporation Limited2.pdf,49.3,49
DE0008232125,,2405,Deutsche Lufthansa AG,1,1926.0,DEU,D1908N106,20160711.0,DEU,003JN9-E,51.1,MILAN,@NA,DE0008232125,528748,Deutsche Lufthansa AG,1.0,1LHA-IT,0,SHARE,B834VQ7,H,Deutsche Lufthansa AG1.pdf,51.1,51
ID1000164908,,2406,PT RMK Energy Tbk,1,2009.0,IDN,Y7S8EF102,20211207.0,IDN,@NA,49.41,INDONESIA,RMKE-ID,ID1000164908,BMZQ70,PT RMK Energy Tbk,1.0,RMKE-ID,1,SHARE,BMZQ705,H,PT RMK Energy Tbk1.pdf,49.4,49
MHY110822068,,2407,Capital Product Partners LP,1,2007.0,USA,Y11082206,20180129.0,GRC,0093JR-E,50.2,LONDON,@NA,MHY110822068,Y1108220,Capital Product Partners LP,1.0,0Q4K-GB,0,SHARE,BJ2Z0C7,H,Capital Product Partners LP1.pdf,50.2,50
SG1W14938268,,2408,Marco Polo Marine Ltd.,1,1991.0,SGP,Y5763S107,20071105.0,SGP,06Y22B-E,50.3,SINGAPORE,5LY-SG,SG1W14938268,B28Z26,Marco Polo Marine Ltd.,1.0,5LY-SG,1,SHARE,B28Z260,H,Marco Polo Marine Ltd.1.pdf,50.3,50
INE118K01011,,2409,Binny Ltd.,1,1969.0,IND,Y0887R119,19990106.0,IND,@NA,52.1,BSE INDIA,@NA,INE118K01011,609826,Binny Ltd.,1.0,514215-IN,1,SHARE,6098269,H,Binny Ltd.2.pdf,52.1,52
BMG5137R1088,,2410,Jinhui Shipping & Transportation Ltd.,1,1991.0,NOR,G5137R108,19941025.0,HKG,003QBR-E,50.2,OSLO,JIN-NO,BMG5137R1088,443448,Jinhui Shipping & Transportation Ltd.,1.0,JIN-NO,1,SHARE,4434489,H,Jinhui Shipping & Transportation Ltd.1.pdf,50.2,50
MYL5259OO006,,2411,E.A. Technique (M) Bhd.,1,1993.0,MYS,Y2234E106,20141211.0,MYS,06J33N-E,50.2,MALAYSIA,5259-MY,MYL5259OO006,BTF7ZK,E.A. Technique (M) Bhd.,1.0,5259-MY,1,SHARE,BTF7ZK3,H,E.A. Technique (M) Bhd.3.pdf,50.2,50
DE000A255F11,,2412,Friedrich Vorwerk Group SE,1,2019.0,DEU,D2R9Z3109,20210325.0,DEU,@NA,49.5,XETRA,VH2-DE,DE000A255F11,BNTJ0F,Friedrich Vorwerk Group SE,1.0,VH2-DE,1,SHARE,BNTJ0F3,H,Friedrich Vorwerk Group SE1.pdf,49.5,49
MYL5173OO009,,2413,Shin Yang Shipping Corp. Bhd.,1,2004.0,MYS,Y7753V108,20100623.0,MYS,09SCYB-E,52.22,MALAYSIA,5173-MY,MYL5173OO009,B56H33,Shin Yang Shipping Corp. Bhd.,1.0,5173-MY,1,SHARE,B56H333,H,Shin Yang Shipping Corp. Bhd.1.pdf,52.2,52
GB00B1V9NW54,,2414,Hilton Food Group plc,1,2007.0,GBR,G4586W106,20070517.0,GBR,009856-E,52.29,LONDON,HFG-GB,GB00B1V9NW54,B1V9NW,Hilton Food Group plc,1.0,HFG-GB,1,SHARE,B1V9NW5,H,Hilton Food Group plc3.pdf,52.2,52
IE00BYTBXV33,,2415,Ryanair Holdings Plc,1,1996.0,IRL,G7727C186,20150415.0,IRL,001Y6H-E,51.1,MEXICO,@NA,IE00BYTBXV33,BYTBXV,Ryanair Holdings Plc,1.0,RYAN-MX,0,SHARE,BYNZB51,H,Ryanair Holdings Plc1.pdf,51.1,51
MHY8564W1030,,2416,Teekay Corporation,1,1973.0,USA,Y8564W103,19950720.0,BMU,000ZGH-E,50.2,NYSE,TK-US,MHY8564W1030,Y8564W10,Teekay Corporation,1.0,TK-US,1,SHARE,2933795,H,Teekay Corporation1.pdf,50.2,50
CA13646K1084,,2417,Canadian Pacific Kansas City Limited,1,2001.0,CAN,13646K108,20220110.0,CAN,0NKVRD-E,49.1,MEXICO,@NA,CA13646K1084,BMBQR0,Canadian Pacific Kansas City Limited,1.0,CPKCN-MX,0,SHARE,BNTY456,H,Canadian Pacific Kansas City Limited1.pdf,49.1,49
SI0031101346,,2418,LUKA KOPER d.d.,1,1957.0,SVN,X5060A107,,SVN,05L3D0-E,52.24,LONDON,@NA,SI0031101346,516664,LUKA KOPER d.d.,1.0,0NNP-GB,0,SHARE,B28K1B3,H,LUKA KOPER d.d.1.pdf,52.2,52
US23753F1075,,2419,"Daseke, Inc.",1,2008.0,USA,23753F107,20151012.0,USA,0GWKR3-E,49.41,NASDAQ,DSKE-US,US23753F1075,23753F10,"Daseke, Inc.",1.0,DSKE-US,1,SHARE,BF00KC6,H,"Daseke, Inc.1.pdf",49.4,49
SG1X55941717,,2420,Chasen Holdings Limited,1,1995.0,SGP,Y12960145,20000808.0,SGP,06RZD9-E,52.29,SINGAPORE,5NV-SG,SG1X55941717,628144,Chasen Holdings Limited,1.0,5NV-SG,1,SHARE,6281445,H,Chasen Holdings Limited1.pdf,52.2,52
MHY923351016,,2421,United Maritime Corp.,1,,USA,Y92335101,20220706.0,GRC,0S01LN-E,50.2,NASDAQ,@NA,MHY923351016,Y9233510,United Maritime Corp.,1.0,USEA-US,1,SHARE,BMZ4BN0,H,United Maritime Corp.3.pdf,50.2,50
KYG9377G1111,,2422,Vision International Holdings Limited,1,2017.0,HKG,G9377G111,20180504.0,HKG,@NA,52.29,HONG KONG,@NA,KYG9377G1111,BMD9D2,Vision International Holdings Limited,1.0,8107-HK,1,SHARE,BMD9D20,H,Vision International Holdings Limited1.pdf,52.2,52
GB00BYM1K758,,2423,On The Beach Group PLC,1,2015.0,GBR,G6754C101,20150923.0,GBR,0FSDXJ-E,52.29,LONDON,OTB-GB,GB00BYM1K758,BYM1K7,On The Beach Group PLC,1.0,OTB-GB,1,SHARE,BYM1K75,H,On The Beach Group PLC1.pdf,52.2,52
AU0000187932,,2424,Avada Group Limited,1,,AUS,Q1214F108,20211217.0,AUS,@NA,52.21,ASX,AVD-AU,AU0000187932,BL5789,Avada Group Limited,1.0,AVD-AU,1,SHARE,BL57897,H,Avada Group Limited1.pdf,52.2,52
NZPOTE0003S0,,2425,Port of Tauranga Limited,1,1985.0,NZL,Q7701D134,19920602.0,NZL,05J0NB-E,52.24,NEW ZEALAND,POT-NZ,NZPOTE0003S0,BZCMYD,Port of Tauranga Limited,1.0,POT-NZ,1,SHARE,BZCMYD9,H,Port of Tauranga Limited1.pdf,52.2,52
AU0000013559,,2426,Atlas Arteria,1,2009.0,AUS,Q06180105,20100310.0,AUS,09J3J2-E,52.21,US OTC,@NA,AU0000013559,BZ03TZ,Atlas Arteria,1.0,MAQAF-US,0,SHARE,BDFDLP6,H,Atlas Arteria1.pdf,52.2,52
KYG9877D1051,,2427,YTO International Express and Supply Chain Technology Limited,1,2013.0,HKG,G9877D105,20200909.0,HKG,0DRMBZ-E,51.1,US OTC,@NA,KYG9877D1051,BYZNX0,YTO International Express and Supply Chain Technology Limited,1.0,YTOEF-US,0,SHARE,BN2BFB7,H,YTO International Express and Supply Chain Technology Limited1.pdf,51.1,51
FDS127MF,,2428,China Eastern Airlines Corporation Limited,1,1995.0,HKG,FDS127MF0,,CHN,002C58-E,51.1,@NA,@NA,@NA,617137,China Eastern Airlines Corporation Limited,1.0,@NA,0,SHARE,@NA,H,China Eastern Airlines Corporation Limited1.pdf,51.1,51
PHY0367R1006,,2429,"Asian Terminals, Inc.",1,1986.0,PHL,Y0367R100,19960410.0,PHL,05J9XQ-E,52.24,PHILIPPINES,ATI-PH,PHY0367R1006,600140,"Asian Terminals, Inc.",1.0,ATI-PH,1,SHARE,6001405,H,"Asian Terminals, Inc.2.pdf",52.2,52
US60783X1046,,2430,ModivCare Inc.,1,1996.0,USA,60783X104,20030819.0,USA,004MCV-E,49.39,NASDAQ,MODV-US,US60783X1046,60783X10,ModivCare Inc.,1.0,MODV-US,1,SHARE,BNDL420,H,ModivCare Inc.1.pdf,49.3,49
MHY1771G1026,,2431,Costamare Inc.,1,1974.0,USA,Y1771G102,20101104.0,MCO,00CVF4-E,50.2,NYSE,CMRE-US,MHY1771G1026,Y1771G10,Costamare Inc.,1.0,CMRE-US,1,SHARE,B566T98,H,Costamare Inc.1.pdf,50.2,50
ID1000170905,,2432,PT Pelayaran Nasional Ekalya Purnamasari Tbk,0,1992.0,IDN,Y6805N106,20220808.0,IDN,@NA,52.29,INDONESIA,@NA,ID1000170905,BP4CVR,PT Pelayaran Nasional Ekalya Purnamasari Tbk,1.0,ELPI-ID,0,SHARE,BP4CVR0,H,PT Pelayaran Nasional Ekalya Purnamasari Tbk1.pdf,52.2,52
FDSE4EAA,,2433,Malta International Airport P.L.C.,1,1991.0,MLT,FDSE4EAA9,,MLT,05N20J-E,52.23,@NA,@NA,@NA,755099,Malta International Airport P.L.C.,1.0,@NA,0,SHARE,@NA,H,Malta International Airport P.L.C.1.pdf,52.2,52
US8485771021,,2434,"Spirit Airlines, Inc.",1,1964.0,USA,848577102,20110526.0,USA,05RYHC-E,51.1,NYSE,SAVE-US,US8485771021,84857710,"Spirit Airlines, Inc.",1.0,SAVE-US,1,SHARE,B3ZG8F4,H,"Spirit Airlines, Inc.3.pdf",51.1,51
HU0000120720,,2435,WABERER'S INTERNATIONAL NYRT.,1,1948.0,HUN,X9522V105,20170710.0,HUN,0DS2NS-E,49.41,BUDAPEST,WABS-HU,HU0000120720,BYTRGT,WABERER'S INTERNATIONAL NYRT.,1.0,WABS-HU,1,SHARE,BYTRGT0,H,WABERER'S INTERNATIONAL NYRT.1.pdf,49.4,49
SGXE15078822,,2436,Vallianz Holdings Limited,1,1992.0,SGP,Y9346C126,20010518.0,SGP,006084-E,50.2,SINGAPORE,WPC-SG,SGXE15078822,BJ9PRW,Vallianz Holdings Limited,1.0,WPC-SG,1,SHARE,BJ9PRW9,H,Vallianz Holdings Limited1.pdf,50.2,50
EE3100021635,,2437,Tallinna Sadam AS,1,1996.0,EST,X0R5WQ101,20210803.0,EST,06Y8DW-E,52.24,US OTC,@NA,EE3100021635,BZ16ZZ,Tallinna Sadam AS,1.0,TSMTF-US,0,SHARE,BN0WPV2,H,Tallinna Sadam AS1.pdf,52.2,52
BMG8114Z1014,,2438,"COSCO SHIPPING International (Hong Kong) Co., Ltd.",1,1991.0,HKG,G8114Z101,19920318.0,HKG,05J3B9-E,52.29,HONG KONG,517-HK,BMG8114Z1014,680628,"COSCO SHIPPING International (Hong Kong) Co., Ltd.",1.0,517-HK,1,SHARE,6806280,H,"COSCO SHIPPING International (Hong Kong) Co., Ltd.1.pdf",52.2,52
MHY1146L1258,,2439,"Castor Maritime, Inc.",1,2017.0,USA,Y1146L125,20190211.0,CYP,0JD42C-E,50.2,NASDAQ,@NA,MHY1146L1258,Y1146L12,"Castor Maritime, Inc.",1.0,CTRM-US,1,SHARE,BNVVL76,H,"Castor Maritime, Inc.1.pdf",50.2,50
US6558441084,,2440,Norfolk Southern Corporation,1,1980.0,USA,655844108,19841105.0,USA,000RD2-E,49.1,NYSE,NSC-US,US6558441084,65584410,Norfolk Southern Corporation,1.0,NSC-US,1,SHARE,2641894,H,Norfolk Southern Corporation1.pdf,49.1,49
US11040G1031,,2441,Bristow Group Inc,1,1948.0,USA,11040G103,20130122.0,USA,0MGFCF-E,51.1,NYSE,VTOL-US,US11040G1031,11040G10,Bristow Group Inc,1.0,VTOL-US,1,SHARE,BMBT0Z4,H,Bristow Group Inc1.pdf,51.1,51
INE446C01013,,2442,Global Offshore Services Limited,1,1976.0,IND,Y26828114,19940923.0,IND,06M489-E,52.22,BSE INDIA,501848-IN,INE446C01013,631329,Global Offshore Services Limited,1.0,501848-IN,1,SHARE,6313296,H,Global Offshore Services Limited1.pdf,52.2,52
SGXE30264951,,2443,Pacific Radiance Ltd.,1,2002.0,SGP,Y6586W119,20131113.0,SGP,09Q0H7-E,50.2,SINGAPORE,RXS-SG,SGXE30264951,BNNL6R,Pacific Radiance Ltd.,1.0,RXS-SG,1,SHARE,BNNL6R9,H,Pacific Radiance Ltd.1.pdf,50.2,50
ID1000183809,,2444,PT Jasa Berdikari Logistics Tbk,1,2007.0,IDN,Y4S5DV119,20230127.0,IDN,@NA,52.29,INDONESIA,@NA,ID1000183809,BPTH34,PT Jasa Berdikari Logistics Tbk,1.0,LAJU-ID,1,SHARE,BPTH341,H,PT Jasa Berdikari Logistics Tbk1.pdf,52.2,52
FDS0HPLF,,2445,TORM PLC,1,2015.0,DNK,FDS0HPLF7,,GBR,0G4HDW-E,50.2,@NA,@NA,@NA,BZ3CNK,TORM PLC,1.0,@NA,0,SHARE,@NA,H,TORM PLC1.pdf,50.2,50
KR7014130009,,2446,"Han Express Co., Ltd.",1,1979.0,KOR,Y7468Z105,19931214.0,KOR,05JQJV-E,52.29,KOREA,014130-KR,KR7014130009,677167,"Han Express Co., Ltd.",1.0,014130-KR,1,SHARE,6771678,H,"Han Express Co., Ltd.2.pdf",52.2,52
SE0003366871,,2447,SAS AB,1,1946.0,SWE,W7501Z171,19850102.0,SWE,05HXCC-E,51.1,OSLO,SASNO-NO,SE0003366871,712957,SAS AB,1.0,SASNO-NO,0,SHARE,7130728,H,SAS AB1.pdf,51.1,51
NO0010070063,,2448,DOF ASA,1,1984.0,NOR,R6000K194,20001005.0,NOR,05J4DX-E,52.22,OSLO,DOF-NO,NO0010070063,452520,DOF ASA,1.0,DOF-NO,1,SHARE,4525208,H,DOF ASA1.pdf,52.2,52
MHY641771016,,2449,Okeanis Eco Tankers Corp.,1,2018.0,NOR,Y64177101,20180704.0,GRC,0JNP75-E,50.2,OSLO,OET-NO,MHY641771016,BD44K2,Okeanis Eco Tankers Corp.,1.0,OET-NO,1,SHARE,BD44K20,H,Okeanis Eco Tankers Corp.1.pdf,50.2,50
INE377E01016,,2450,Coastal Corporation Limited,1,1981.0,IND,Y16667118,20130823.0,IND,@NA,52.22,BSE INDIA,501831-IN,INE377E01016,B03V78,Coastal Corporation Limited,1.0,501831-IN,1,SHARE,B03V786,H,Coastal Corporation Limited2.pdf,52.2,52
ROCOTEACNOR7,,2451,Conpet SA,1,1956.0,ROU,X17492103,20090216.0,ROU,@NA,49.5,BUCHAREST SPOT,COTE-RO,ROCOTEACNOR7,B23JW6,Conpet SA,1.0,COTE-RO,1,SHARE,B23JW67,H,Conpet SA2.pdf,49.5,49
US03852U1060,,2452,Aramark,1,1959.0,USA,03852U106,20131212.0,USA,06V4FD-E,56.1,NYSE,ARMK-US,US03852U1060,03852U10,Aramark,1.0,ARMK-US,1,SHARE,BH3XG17,I,Aramark2.pdf,56.1,56
GB00B1JQDM80,,2453,Marston's PLC,1,1834.0,GBR,G5852L104,20040924.0,GBR,008X24-E,56.1,US OTC,@NA,GB00B1JQDM80,B1JQDM,Marston's PLC,1.0,MARZF-US,0,SHARE,B1MJ1Q4,I,Marston's PLC1.pdf,56.1,56
ID1000146202,,2454,PT Jaya Bersama Indo,0,2003.0,IDN,Y4S59M106,20181010.0,IDN,0K662C-E,56.1,INDONESIA,@NA,ID1000146202,BD9NCV,PT Jaya Bersama Indo,1.0,DUCK-ID,1,SHARE,BD9NCV5,I,PT Jaya Bersama Indo2.pdf,56.1,56
ID1000148802,,2455,PT Hotel Fitra International Tbk,1,2014.0,IDN,Y3283U116,20190611.0,IDN,0L43Y2-E,55.1,INDONESIA,@NA,ID1000148802,BJYHP9,PT Hotel Fitra International Tbk,1.0,FITT-ID,1,SHARE,BJYHP93,I,PT Hotel Fitra International Tbk1.pdf,55.1,55
US25754A2015,,2456,"Domino's Pizza, Inc.",1,1960.0,USA,25754A201,20040713.0,USA,002F57-E,56.1,NYSE,DPZ-US,US25754A2015,25754A20,"Domino's Pizza, Inc.",1.0,DPZ-US,1,SHARE,B01SD70,I,"Domino's Pizza, Inc.1.pdf",56.1,56
FI4000064332,,2457,NoHo Partners Plc,1,1996.0,FIN,X7332Q100,20160411.0,FIN,0997G2-E,56.1,LONDON,@NA,FI4000064332,BGLCD1,NoHo Partners Plc,1.0,0QI6-GB,0,SHARE,BH3H5Q7,I,NoHo Partners Plc1.pdf,56.1,56
US9884981013,,2458,"Yum! Brands, Inc.",1,1997.0,USA,988498101,19980929.0,USA,001QFL-E,56.1,XETRA,@NA,US9884981013,98849810,"Yum! Brands, Inc.",1.0,TGR-DE,0,SHARE,5546305,I,"Yum! Brands, Inc.2.pdf",56.1,56
TH0203010Z00,,2459,Shangri-La Hotel Public Co. Ltd.,1,1981.0,THA,Y7699N129,19900615.0,THA,@NA,55.1,THAILAND,SHANG-TH,TH0203010Z00,679977,Shangri-La Hotel Public Co. Ltd.,1.0,SHANG-TH,1,SHARE,6799777,I,Shangri-La Hotel Public Co. Ltd.2.pdf,55.1,55
MYL3182OO002,,2460,Genting Bhd.,1,1965.0,MYS,Y26926116,19900731.0,MYS,003J23-E,55.1,US OTC,@NA,MYL3182OO002,B1VXJL,Genting Bhd.,1.0,GEBHF-US,0,SHARE,B1W1RW8,I,Genting Bhd.1.pdf,55.1,55
US98850P1093,,2461,"Yum China Holdings, Inc.",1,1987.0,USA,98850P109,20170810.0,CHN,0G79DM-E,56.1,MEXICO,@NA,US98850P1093,98850P10,"Yum China Holdings, Inc.",1.0,YUMC-MX,0,SHARE,BF54HC2,I,"Yum China Holdings, Inc.1.pdf",56.1,56
MU0016N00009,,2462,Sun Limited,1,1983.0,MUS,V8840W102,19960130.0,MUS,05J38H-E,55.1,MAURITIUS,SUN-MU,MU0016N00009,686261,Sun Limited,1.0,SUN-MU,1,SHARE,6862613,I,Southern Sun Limited1.pdf,55.1,55
SG1U97935860,,2463,Soup Holdings Limited,1,1991.0,SGP,Y80730107,20070528.0,SGP,@NA,56.1,SINGAPORE,@NA,SG1U97935860,B1XK9W,Soup Holdings Limited,1.0,5KI-SG,1,SHARE,B1XK9W8,I,Soup Holdings Limited1.pdf,56.1,56
KYG548041022,,2464,Li Bao Ge Group Ltd.,1,1997.0,HKG,G54804102,20160630.0,HKG,0FSKFY-E,56.1,HONG KONG,@NA,KYG548041022,BD8CRN,Li Bao Ge Group Ltd.,1.0,1869-HK,1,SHARE,BD8CRN0,I,Li Bao Ge Group Ltd.1.pdf,56.1,56
LK0130N00001,,2465,Nuwara Eliya Hotels Company Plc,1,1891.0,LKA,Y64214102,19940914.0,LKA,@NA,55.1,COLOMBO,@NA,LK0130N00001,664827,Nuwara Eliya Hotels Company Plc,1.0,NEH.N0000-LK,1,SHARE,6648277,I,Nuwara Eliya Hotels Company Plc1.pdf,55.1,55
SG1CB7000003,,2466,Datapulse Technology Limited,1,1980.0,SGP,Y2009A115,19940221.0,SGP,@NA,55.1,SINGAPORE,BKW-SG,SG1CB7000003,BYM8DH,Datapulse Technology Limited,1.0,BKW-SG,1,SHARE,BYM8DH7,I,Datapulse Technology Limited1.pdf,55.1,55
US8552441094,,2467,Starbucks Corporation,1,1985.0,USA,855244109,20010502.0,USA,000WW4-E,56.1,HONG KONG,4337-HK,US8552441094,85524410,Starbucks Corporation,1.0,4337-HK,0,SHARE,6345620,I,Starbucks Corporation1.pdf,56.1,56
ZW0009011470,,2468,Rainbow Tourism Group (Private) Limited,1,1991.0,ZWE,V7638E100,20090317.0,ZWE,@NA,55.1,ZIMBABWE,RTG-ZW,ZW0009011470,618236,Rainbow Tourism Group (Private) Limited,1.0,RTG-ZW,1,SHARE,6182366,I,Rainbow Tourism Group (Private) Limited1.pdf,55.1,55
GB00BD6K4575,,2469,Compass Group PLC,0,1941.0,GBR,G23296208,,GBR,05HFH4-E,56.1,SIX SWISS,@NA,GB00BD6K4575,BD6K45,Compass Group PLC,1.0,CPG-CH,0,SHARE,BKSG3Q6,I,Compass Group PLC3.pdf,56.1,56
KYG8656L1068,,2470,TH International Limited,1,,USA,G8656L106,20210308.0,CHN,0PDBT7-E,56.1,NASDAQ,@NA,KYG8656L1068,G8656L10,TH International Limited,1.0,THCH-US,1,SHARE,BNHW3N3,I,TH International Limited1.pdf,56.1,56
RSPUTNE40253,,2471,Putnik AD,1,1923.0,SRB,X69829103,20091027.0,SRB,@NA,55.1,BELGRADE,@NA,RSPUTNE40253,B1LJF1,Putnik AD,1.0,PTNK-RS,1,SHARE,B1LJF18,I,Putnik AD Novi Sad1.pdf,55.1,55
SI0031117821,,2472,Union hoteli d.d.,1,1905.0,SVN,X9429P102,20001115.0,SVN,05N6DX-E,55.1,LJUBLJANA,@NA,SI0031117821,BN0TG1,Union hoteli d.d.,1.0,GHUR-SI,1,SHARE,BN0TG10,I,Union hoteli d.d.2.pdf,55.1,55
US39679A1051,,2473,Greenway Technology,0,1997.0,USA,39679A105,19970317.0,USA,@NA,55.1,US OTC,@NA,US39679A1051,39679A10,Greenway Technology,1.0,GWYT-US,0,SHARE,B069431,I,"Guangdong Greenway Technology Co., Ltd.2.pdf",55.1,55
SG1EA9000009,,2474,No Signboard Holdings Ltd.,1,1981.0,SGP,Y6S91T106,20171130.0,SGP,@NA,56.1,SINGAPORE,@NA,SG1EA9000009,BFNQ7Z,No Signboard Holdings Ltd.,1.0,1G6-SG,1,SHARE,BFNQ7Z3,I,No Signboard Holdings Ltd.1.pdf,56.1,56
LK0032N00009,,2475,Ceylon Hotels Corporation PLC,1,1967.0,LKA,Y1275S107,19931122.0,LKA,00BMXN-E,55.1,COLOMBO,@NA,LK0032N00009,618528,Ceylon Hotels Corporation PLC,1.0,CHOT.N0000-LK,1,SHARE,6185280,I,Ceylon Hotels Corporation PLC2.pdf,55.1,55
GB00B2NDK989,,2476,"Young & Co.'s Brewery, P.L.C.",1,1831.0,GBR,G9T762107,19850102.0,GBR,05J5Z0-E,56.1,LONDON,YNGN-GB,GB00B2NDK989,B2NDK7,"Young & Co.'s Brewery, P.L.C.",1.0,YNGN-GB,0,SHARE,B2NDK98,I,"Young & Co.'s Brewery, P.L.C.1.pdf",56.1,56
KYG369231033,,2477,Fulum Group Holdings Ltd.,1,1992.0,HKG,G36923103,20141113.0,HKG,0DRP9Q-E,56.1,HONG KONG,@NA,KYG369231033,BSBN6G,Fulum Group Holdings Ltd.,1.0,1443-HK,1,SHARE,BSBN6G1,I,Fulum Group Holdings Ltd.1.pdf,56.1,56
US91879Q1094,,2478,"Vail Resorts, Inc.",1,1957.0,USA,91879Q109,19970204.0,USA,0018DX-E,55.1,NYSE,MTN-US,US91879Q1094,91879Q10,"Vail Resorts, Inc.",1.0,MTN-US,1,SHARE,2954194,I,"Vail Resorts, Inc.1.pdf",55.1,55
KYG8672Y1089,,2479,Tao Heung Holdings Limited,1,1991.0,HKG,G8672Y108,20070629.0,HKG,009C8S-E,56.1,HONG KONG,573-HK,KYG8672Y1089,B1YZ9N,Tao Heung Holdings Limited,1.0,573-HK,1,SHARE,B1YZ9N3,I,Tao Heung Holdings Limited1.pdf,56.1,56
KYG5496E1109,,2480,Link Holdings Ltd,1,2012.0,HKG,G5496E110,20140707.0,HKG,0DCC7T-E,55.1,HONG KONG,8237-HK,KYG5496E1109,BRK0T3,Link Holdings Ltd,1.0,8237-HK,1,SHARE,BRK0T34,I,Link Holdings Ltd1.pdf,55.1,55
ID1000063209,,2481,PT Fast Food Indonesia Tbk,1,1978.0,IDN,Y71219136,19930514.0,IDN,05JB6P-E,56.1,INDONESIA,FAST-ID,ID1000063209,630544,PT Fast Food Indonesia Tbk,1.0,FAST-ID,1,SHARE,6305442,I,PT Fast Food Indonesia Tbk3.pdf,56.1,56
TH0789010Z08,,2482,Oishi Group Public Co. Ltd.,1,1999.0,THA,Y6421A140,20040825.0,THA,061129-E,56.1,THAILAND,OISHI-TH,TH0789010Z08,BK51XQ,Oishi Group Public Co. Ltd.,1.0,OISHI-TH,1,SHARE,BK51XQ4,I,Oishi Group Public Co. Ltd.1.pdf,56.1,56
TW0002707007,,2483,Formosa International Hotels Corporation,1,1976.0,TWN,Y2603W109,19980310.0,TWN,05J17D-E,56.1,TAIWAN,2707-TW,TW0002707007,610757,Formosa International Hotels Corporation,1.0,2707-TW,1,SHARE,6107574,I,Formosa International Hotels Corporation1.pdf,56.1,56
ROSFGPACNOR4,,2484,Sphera Franchise Group SA,1,2017.0,ROU,X8T49P103,20171024.0,ROU,0HJTTK-E,56.1,BUCHAREST SPOT,SFG-RO,ROSFGPACNOR4,BF3G78,Sphera Franchise Group SA,1.0,SFG-RO,1,SHARE,BF3G786,I,Sphera Franchise Group SA1.pdf,56.1,56
SG1S82928544,,2485,Imperium Crown Limited,1,1995.0,SGP,Y16921101,20060119.0,SGP,007XQ5-E,55.1,SINGAPORE,5HT-SG,SG1S82928544,B0WR7R,Imperium Crown Limited,1.0,5HT-SG,1,SHARE,B0WR7R4,I,Imperium Crown Limited1.pdf,55.1,55
SG1DF7000002,,2486,Lifebrandz Ltd.,1,2001.0,SGP,Y5276F147,20040617.0,SGP,@NA,56.1,SINGAPORE,1D3-SG,SG1DF7000002,BYQHT5,Lifebrandz Ltd.,1.0,1D3-SG,1,SHARE,BYQHT50,I,Lifebrandz Ltd.1.pdf,56.1,56
KYG7800X1079,,2487,Sands China Ltd.,1,2009.0,HKG,G7800X107,20091201.0,MAC,089DQ9-E,55.1,FRANKFURT,@NA,KYG7800X1079,B5B23W,Sands China Ltd.,1.0,599A-DE,0,SHARE,B4Z67Z4,I,Sands China Ltd.1.pdf,55.1,55
AU000000DMP0,,2488,Domino's Pizza Enterprises Limited,0,1983.0,AUS,Q32503106,,AUS,05ZDJP-E,56.1,BERNE,@NA,AU000000DMP0,B07SFG,Domino's Pizza Enterprises Limited,1.0,HQX-CH,0,SHARE,BKPX1J9,I,Domino's Pizza Enterprises Limited1.pdf,56.1,56
TH0007A10Z06,,2489,Dusit Thani Public Co. Ltd.,1,1948.0,THA,Y21773190,19870218.0,THA,05J533-E,55.1,THAILAND,DUSIT-TH,TH0007A10Z06,BYQPN2,Dusit Thani Public Co. Ltd.,1.0,DUSIT-TH,1,SHARE,BYQPN29,I,Dusit Thani Public Co. Ltd.1.pdf,55.1,55
US6323471002,,2490,"Nathan's Famous, Inc.",1,1916.0,USA,632347100,19930226.0,USA,001B53-E,56.1,NASDAQ,NATH-US,US6323471002,63234710,"Nathan's Famous, Inc.",1.0,NATH-US,1,SHARE,2622747,I,"Nathan's Famous, Inc.1.pdf",56.1,56
US98311A1051,,2491,"Wyndham Hotels & Resorts, Inc.",1,1990.0,USA,98311A105,20180518.0,USA,0J7VR6-E,55.1,NYSE,WH-US,US98311A1051,98311A10,"Wyndham Hotels & Resorts, Inc.",1.0,WH-US,1,SHARE,BF108P4,I,"Wyndham Hotels & Resorts, Inc.1.pdf",55.1,55
RSPUNSE62960,,2492,Putnik AD Novi Sad,1,1991.0,SRB,X9T83P108,20090828.0,SRB,@NA,55.1,BELGRADE,@NA,RSPUNSE62960,B3VNYH,Putnik AD Novi Sad,1.0,PUNS-RS,1,SHARE,B3VNYH3,I,Putnik AD Novi Sad1.pdf,55.1,55
JP3142360001,,2493,"Ikka Holdings Co.,Ltd.",1,,JPN,J23577109,20211001.0,JPN,@NA,56.1,TOKYO,7127-JP,JP3142360001,BLGYHR,"Ikka Holdings Co.,Ltd.",1.0,7127-JP,1,SHARE,BLGYHR8,I,"Ikka Holdings Co.,Ltd.1.pdf",56.1,56
GB00BHJYC057,,2494,InterContinental Hotels Group PLC,1,1777.0,GBR,G4804L163,19850102.0,GBR,004DM2-E,55.1,LONDON,IHG-GB,GB00BHJYC057,BHJYC0,InterContinental Hotels Group PLC,1.0,IHG-GB,1,SHARE,BHJYC05,I,InterContinental Hotels Group PLC1.pdf,55.1,55
ID1000167406,,2495,PT Indo Boga Sukses Tbk,0,2019.0,IDN,Y3968V116,20220425.0,IDN,@NA,56.1,INDONESIA,@NA,ID1000167406,BNZKMB,PT Indo Boga Sukses Tbk,1.0,IBOS-ID,0,SHARE,BNZKMB0,I,PT Indo Boga Sukses Tbk1.pdf,56.1,56
INE915K01010,,2496,Asian Hotels (West) Limited,0,2007.0,IND,Y0362Y100,20100805.0,IND,09X0MZ-E,55.1,BSE INDIA,@NA,INE915K01010,B54WBW,Asian Hotels (West) Limited,1.0,533221-IN,1,SHARE,B54WBW5,I,Asian Hotels (West) Limited2.pdf,55.1,55
GB00B1FP6H53,,2497,Mitchells & Butlers plc,1,1898.0,GBR,G61614122,20060810.0,GBR,004DGL-E,56.1,FRANKFURT,@NA,GB00B1FP6H53,B1FP6H,Mitchells & Butlers plc,1.0,MABB-DE,0,SHARE,B1G3PS2,I,Mitchells & Butlers plc1.pdf,56.1,56
INE664D01019,,2498,Benares Hotels Limited,1,1971.0,IND,Y0777F118,20050525.0,IND,@NA,55.1,BSE INDIA,509438-IN,INE664D01019,B03LH1,Benares Hotels Limited,1.0,509438-IN,1,SHARE,B03LH19,I,Benares Hotels Limited3.pdf,55.1,55
INE510D01014,,2499,James Hotels Limited,0,1980.0,IND,Y4260J116,20041220.0,IND,@NA,55.1,BSE INDIA,@NA,INE510D01014,B056L8,James Hotels Limited,1.0,526558-IN,1,SHARE,B056L87,I,James Hotels Limited2.pdf,55.1,55
KYG6382M1096,,2500,NagaCorp Ltd.,1,1995.0,HKG,G6382M109,20061019.0,KHM,06K6DZ-E,55.1,HONG KONG,3918-HK,KYG6382M1096,B1FSSM,NagaCorp Ltd.,1.0,3918-HK,1,SHARE,B1FSSM3,I,NagaCorp Ltd.1.pdf,55.1,55
KYG894351041,,2501,Top Standard Corp.,1,2016.0,HKG,G89435104,20180213.0,HKG,0HCJ2S-E,56.1,HONG KONG,@NA,KYG894351041,BG0CZX,Top Standard Corp.,1.0,8510-HK,1,SHARE,BG0CZX5,I,Top Standard Corp.1.pdf,56.1,56
KYG4469K1040,,2502,Helens International Holdings Company Limited,1,2009.0,HKG,G4469K104,20210910.0,CHN,@NA,56.3,HONG KONG,9869-HK,KYG4469K1040,BPF0N6,Helens International Holdings Company Limited,1.0,9869-HK,1,SHARE,BPF0N66,I,Helens International Holdings Company Limited1.pdf,56.3,56
MYL1287OO001,,2503,Pan Malaysia Holdings Bhd.,1,1983.0,MYS,Y6706K102,19870213.0,MYS,05JCY9-E,55.1,MALAYSIA,1287-MY,MYL1287OO001,667993,Pan Malaysia Holdings Bhd.,1.0,1287-MY,1,SHARE,6679932,I,Pan Malaysia Holdings Bhd.1.pdf,55.1,55
HK0184000948,,2504,Keck Seng Investments (Hong Kong) Limited,0,1973.0,HKG,Y46079102,,HKG,05JLTT-E,55.1,BERNE,@NA,HK0184000948,648668,Keck Seng Investments (Hong Kong) Limited,1.0,@NA,0,SHARE,BMF1SF2,I,Keck Seng Investments (Hong Kong) Limited1.pdf,55.1,55
JP3499650004,,2505,DD Holdings Co. Ltd.,1,1996.0,JPN,J1274H109,20070307.0,JPN,071WXB-E,56.1,TOKYO,3073-JP,JP3499650004,B1Q8JH,DD Holdings Co. Ltd.,1.0,3073-JP,1,SHARE,B1Q8JH4,I,DD Holdings Co. Ltd.1.pdf,56.1,56
US0942351083,,2506,"Bloomin' Brands, Inc.",1,1988.0,USA,094235108,20120808.0,USA,00DVZ9-E,56.1,NASDAQ,BLMN-US,US0942351083,09423510,"Bloomin' Brands, Inc.",1.0,BLMN-US,1,SHARE,B847RJ0,I,"Bloomin' Brands, Inc.1.pdf",56.1,56
KYG2190B1041,,2507,Classified Group (Holdings) Limited,1,2014.0,HKG,G2190B104,20160711.0,HKG,0G3BB8-E,56.1,HONG KONG,@NA,KYG2190B1041,BD9GZP,Classified Group (Holdings) Limited,1.0,8232-HK,1,SHARE,BD9GZP9,I,Classified Group (Holdings) Limited1.pdf,56.1,56
HK0037039283,,2508,Far East Hotels & Entertainment Ltd.,1,1978.0,HKG,Y24611140,19850102.0,HKG,05JDYZ-E,55.1,HONG KONG,@NA,HK0037039283,633139,Far East Hotels & Entertainment Ltd.,1.0,37-HK,1,SHARE,6331395,I,Far East Hotels & Entertainment Ltd.1.pdf,55.1,55
TW0002750007,,2509,"Hotel Orchard Park Co., Ltd.",1,2009.0,TWN,Y3722T100,20180808.0,TWN,0JTTQ7-E,55.1,TAIPEI,@NA,TW0002750007,BD0SWV,"Hotel Orchard Park Co., Ltd.",1.0,2750-TW,1,SHARE,BD0SWV9,I,"Hotel Orchard Park Co., Ltd.1.pdf",55.1,55
BMG638671088,,2510,National Arts Group Holdings Limited,0,2001.0,HKG,G63867108,20021017.0,HKG,06HTLJ-E,56.1,HONG KONG,8228-HK,BMG638671088,BLH35L,National Arts Group Holdings Limited,1.0,8228-HK,1,SHARE,BLH35L4,I,National Arts Group Holdings Limited3.pdf,56.1,56
JP3836400006,,2511,"Pepper Food Service Co., Ltd.",1,1970.0,JPN,J6363L101,20060921.0,JPN,05ZCZ0-E,56.1,TOKYO,3053-JP,JP3836400006,B1CFCC,"Pepper Food Service Co., Ltd.",1.0,3053-JP,1,SHARE,B1CFCC5,I,"Pepper Food Service Co., Ltd.1.pdf",56.1,56
US87615L1070,,2512,Target Hospitality Corp.,1,1978.0,USA,87615L107,20180308.0,USA,0KQY1H-E,55.9,NASDAQ,TH-US,US87615L1070,87615L10,Target Hospitality Corp.,1.0,TH-US,1,SHARE,BJMYWL7,I,Target Hospitality Corp.1.pdf,55.9,55
MT0000110107,,2513,International Hotel Investments P.L.C.,1,1962.0,MLT,X3953L108,20001205.0,MLT,05VH05-E,55.1,MALTA,@NA,MT0000110107,774115,International Hotel Investments P.L.C.,1.0,IHI-MT,1,SHARE,7741153,I,International Hotel Investments P.L.C.1.pdf,55.1,55
KYG8673P1063,,2514,Shanghai XNG Holdings Limited,1,1987.0,HKG,G8673P106,20120704.0,CHN,0C2SL2-E,56.1,HONG KONG,3666-HK,KYG8673P1063,BZ0X38,Shanghai XNG Holdings Limited,1.0,3666-HK,1,SHARE,BZ0X382,I,Shanghai XNG Holdings Limited1.pdf,56.1,56
KYG569701090,,2515,Luk Hing Entertainment Group Holdings Limited,1,2015.0,HKG,G56970109,20161111.0,HKG,@NA,56.1,HONG KONG,@NA,KYG569701090,BDH3P5,Luk Hing Entertainment Group Holdings Limited,1.0,8052-HK,1,SHARE,BDH3P52,I,Luk Hing Entertainment Group Holdings Limited1.pdf,56.1,56
INE548D01014,,2516,Velan Hotels Limited,1,1990.0,IND,Y9360T112,20050512.0,IND,07D7GJ-E,55.1,BSE INDIA,@NA,INE548D01014,B03QCN,Velan Hotels Limited,1.0,526755-IN,1,SHARE,B03QCN1,I,Velan Hotels Limited1.pdf,55.1,55
JP3993700008,,2517,Washington Hotel Corp.,1,1961.0,JPN,J94973104,20191018.0,JPN,06DBN4-E,55.1,TOKYO,@NA,JP3993700008,BKLG6R,Washington Hotel Corp.,1.0,4691-JP,1,SHARE,BKLG6R5,I,Washington Hotel Corp.1.pdf,55.1,55
INE564S01019,,2518,Vidli Restaurants Ltd,0,2007.0,IND,Y9368E109,20160215.0,IND,@NA,56.1,BSE INDIA,@NA,INE564S01019,BYVJSK,Vidli Restaurants Ltd,1.0,539659-IN,0,SHARE,BYVJSK9,I,Vidli Restaurants Ltd2.pdf,56.1,56
ZW0009012114,,2519,Meikles Limited,0,1933.0,ZWE,V6162H109,19961024.0,ZWE,05HYVN-E,55.1,LONDON,@NA,ZW0009012114,665372,Meikles Limited,1.0,MIK-GB,0,SHARE,0646222,I,Meikles Limited1.pdf,55.1,55
SG1EA3000005,,2520,RE&S Holdings Ltd.,1,1988.0,SGP,Y7271A107,20171122.0,SGP,0HKSM7-E,56.1,SINGAPORE,@NA,SG1EA3000005,BDDVKS,RE&S Holdings Ltd.,1.0,1G1-SG,1,SHARE,BDDVKS8,I,RE&S Holdings Ltd.1.pdf,56.1,56
HRILRARA0009,,2521,Ilirija dd,1,1957.0,HRV,X36066102,20071018.0,HRV,@NA,55.1,ZAGREB,ILRA-HR,HRILRARA0009,B28R4Q,Ilirija dd,1.0,ILRA-HR,1,SHARE,B28R4Q0,I,Ilirija dd1.pdf,55.1,55
INE053A01029,,2522,Indian Hotels Co. Ltd.,1,1899.0,IND,Y3925F147,19921117.0,IND,05J28Q-E,55.1,BSE INDIA,500850-IN,INE053A01029,B1FRT6,Indian Hotels Co. Ltd.,1.0,500850-IN,1,SHARE,B1FRT61,I,Indian Hotels Co. Ltd.3.pdf,55.1,55
BMG6051D1175,,2523,Mexan Limited,1,1991.0,HKG,G6051D117,19920522.0,HKG,05J3RR-E,55.1,HONG KONG,22-HK,BMG6051D1175,605619,Mexan Limited,1.0,22-HK,1,SHARE,6056193,I,Mexan Limited1.pdf,55.1,55
BMG3698L1072,,2524,Future Bright Holdings Limited,1,2001.0,HKG,G3698L107,20020815.0,HKG,06JPS0-E,56.1,HONG KONG,703-HK,BMG3698L1072,B1YCCW,Future Bright Holdings Limited,1.0,703-HK,1,SHARE,B1YCCW4,I,Future Bright Holdings Limited2.pdf,56.1,56
IT0001137345,,2525,Autogrill S.p.A.,1,1997.0,ITA,T8347V105,19970813.0,ITA,05HWKK-E,56.1,MILAN,AGL-IT,IT0001137345,525620,Autogrill S.p.A.,1.0,AGL-IT,1,SHARE,5256206,I,Autogrill S.p.A.1.pdf,56.1,56
KYG8629S1057,,2526,S.A.I Leisure Group Co. Ltd.,1,2018.0,HKG,G8629S105,20190516.0,HKG,0KB5ZY-E,55.1,HONG KONG,@NA,KYG8629S1057,BJK33W,S.A.I Leisure Group Co. Ltd.,1.0,1832-HK,1,SHARE,BJK33W4,I,S.A.I Leisure Group Co. Ltd.1.pdf,55.1,55
SG1O44912994,,2527,Heeton Holdings Limited,1,1976.0,SGP,Y3120Z104,20030908.0,SGP,00617G-E,55.1,SINGAPORE,5DP-SG,SG1O44912994,668809,Heeton Holdings Limited,1.0,5DP-SG,1,SHARE,6688091,I,Heeton Holdings Limited1.pdf,55.1,55
GG00B1Z5FH87,,2528,PPHE Hotel Group Limited,1,1986.0,GBR,G6942S109,20070712.0,NLD,009FXJ-E,55.1,LONDON,PPH-GB,GG00B1Z5FH87,B1Z5FH,PPHE Hotel Group Limited,1.0,PPH-GB,1,SHARE,B1Z5FH8,I,PPHE Hotel Group Limited3.pdf,55.1,55
SG1DF1000008,,2529,Kimly Ltd.,1,2016.0,SGP,Y475EZ104,20170320.0,SGP,0GVN8T-E,56.1,SINGAPORE,1D0-SG,SG1DF1000008,BDT7NG,Kimly Ltd.,1.0,1D0-SG,1,SHARE,BDT7NG9,I,Kimly Ltd.1.pdf,56.1,56
SG2R04002568,,2530,Bonvests Holdings Limited,1,1982.0,SGP,V11160104,19850102.0,SGP,05J5NV-E,55.1,SINGAPORE,B28-SG,SG2R04002568,611148,Bonvests Holdings Limited,1.0,B28-SG,1,SHARE,6111489,I,Bonvests Holdings Limited1.pdf,55.1,55
MYL5592OO000,,2531,Grand Central Enterprises Bhd.,1,1968.0,MYS,Y28434101,19931206.0,MYS,@NA,55.1,MALAYSIA,5592-MY,MYL5592OO000,638082,Grand Central Enterprises Bhd.,1.0,5592-MY,1,SHARE,6380825,I,Grand Central Enterprises Bhd.1.pdf,55.1,55
SG1AI6000003,,2532,HL Global Enterprises Limited,1,1961.0,SGP,Y3230V118,19880324.0,SGP,05JQS6-E,55.1,SINGAPORE,AVX-SG,SG1AI6000003,BWT3FY,HL Global Enterprises Limited,1.0,AVX-SG,1,SHARE,BWT3FY2,I,HL Global Enterprises Limited1.pdf,55.1,55
NGCAPHOTEL09,,2533,Capital Hotels PLC,1,1981.0,NGA,V1570B109,20080819.0,NGA,@NA,55.1,NIGERIA,@NA,NGCAPHOTEL09,B3CQWW,Capital Hotels PLC,1.0,CAPHOTEL-NG,1,SHARE,B3CQWW2,I,Capital Hotels PLC2.pdf,55.1,55
ROCAORACNOR9,,2534,SIF Hoteluri S.A.,0,1952.0,ROU,X1177U102,20171214.0,ROU,@NA,55.1,LONDON,@NA,ROCAORACNOR9,B3CXV9,SIF Hoteluri S.A.,1.0,0Q8Z-GB,0,SHARE,B8FY778,I,SIF Hoteluri S.A.2.pdf,55.1,55
KYG844271141,,2535,"StarGlory Holdings Co., Ltd.",1,2001.0,HKG,G84427114,20030318.0,HKG,05WQNL-E,56.3,HONG KONG,8213-HK,KYG844271141,BMHWSX,"StarGlory Holdings Co., Ltd.",1.0,8213-HK,1,SHARE,BMHWSX1,I,"StarGlory Holdings Co., Ltd.1.pdf",56.3,56
US7731081052,,2536,Rockelle Corp.,0,2003.0,USA,773108105,20051130.0,USA,@NA,56.1,US OTC,@NA,US7731081052,77310810,Rockelle Corp.,1.0,RKLC-US,1,SHARE,B0DSG91,I,Rockelle Corp.3.pdf,56.1,56
PHY7690Y1083,,2537,"Shakey's Pizza Asia Ventures, Inc.",1,1974.0,PHL,Y7690Y108,20161215.0,PHL,0GL6ZD-E,56.1,PHILIPPINES,PIZZA-PH,PHY7690Y1083,BDC50X,"Shakey's Pizza Asia Ventures, Inc.",1.0,PIZZA-PH,1,SHARE,BDC50X6,I,"Shakey's Pizza Asia Ventures, Inc.1.pdf",56.1,56
ID1000176506,,2538,PT Puri Sentul Permai Tbk,0,2008.0,IDN,Y714B1112,20221109.0,IDN,@NA,55.1,INDONESIA,@NA,ID1000176506,BQ0KNW,PT Puri Sentul Permai Tbk,1.0,KDTN-ID,0,SHARE,BQ0KNW4,I,PT Puri Sentul Permai Tbk2.pdf,55.1,55
JP3851950000,,2539,"HotLand Co., Ltd.",1,1988.0,JPN,J22598106,20140930.0,JPN,0BKZMS-E,56.1,TOKYO,3196-JP,JP3851950000,BQJYQT,"HotLand Co., Ltd.",1.0,3196-JP,1,SHARE,BQJYQT5,I,"HotLand Co., Ltd.2.pdf",56.1,56
MYQ0116OO002,,2540,Focus Dynamics Group Bhd.,1,2002.0,MYS,Y2574A102,20060210.0,MYS,007XQC-E,56.1,MALAYSIA,@NA,MYQ0116OO002,B0WJ4L,Focus Dynamics Group Bhd.,1.0,0116-MY,1,SHARE,B0WJ4L3,I,Focus Dynamics Group Bhd.1.pdf,56.1,56
PTIBS0AM0008,,2541,"Ibersol, SGPS S.A.",1,1985.0,PRT,X3434V113,20071205.0,PRT,05J5HG-E,56.1,LONDON,@NA,PTIBS0AM0008,700367,"Ibersol, SGPS S.A.",1.0,0KJ7-GB,0,SHARE,B28JD03,I,"Ibersol, SGPS S.A.1.pdf",56.1,56
FR0000064446,,2542,Catering International Services,1,1992.0,FRA,F1422H104,19980703.0,FRA,05J5XN-E,56.1,EURONEXT PARIS,ALCIS-FR,FR0000064446,717294,Catering International Services,1.0,ALCIS-FR,1,SHARE,7172946,I,Catering International Services2.pdf,56.1,56
KYG988361021,,2543,Yummy Town (Cayman) Holdings Corp.,1,2009.0,TWN,G98836102,20141224.0,CYM,0DJ4XB-E,56.1,TAIPEI,2726-TW,KYG988361021,BTDY3D,Yummy Town (Cayman) Holdings Corp.,1.0,2726-TW,1,SHARE,BTDY3D5,I,Yummy Town (Cayman) Holdings Corp.1.pdf,56.1,56
SG1C01001033,,2544,AF Global Limited,1,1973.0,SGP,Y5229N106,19851126.0,SGP,067353-E,55.1,SINGAPORE,L38-SG,SG1C01001033,632233,AF Global Limited,1.0,L38-SG,1,SHARE,6322333,I,AF Global Limited1.pdf,55.1,55
US6988131024,,2545,"Papa John's International, Inc.",1,1984.0,USA,698813102,19930608.0,USA,000ZLZ-E,56.1,NASDAQ,PZZA-US,US6988131024,69881310,"Papa John's International, Inc.",1.0,PZZA-US,1,SHARE,2696117,I,"Papa John's International, Inc.1.pdf",56.1,56
INE872J01023,,2546,Devyani International Ltd.,1,1991.0,IND,Y2R58Y114,20210816.0,IND,079FPH-E,56.1,BSE INDIA,543330-IN,INE872J01023,BKVD65,Devyani International Ltd.,1.0,543330-IN,1,SHARE,BKVD654,I,Devyani International Ltd.2.pdf,56.1,56
ID1000166101,,2547,PT Champ Resto Indonesia Tbk,1,2010.0,IDN,Y129GV104,20220208.0,IDN,0DXLPM-E,55.1,INDONESIA,ENAK-ID,ID1000166101,BP9QPY,PT Champ Resto Indonesia Tbk,1.0,ENAK-ID,1,SHARE,BP9QPY2,I,PT Champ Resto Indonesia Tbk1.pdf,55.1,55
FDS0F14W,,2548,Melco Resorts & Entertainment Ltd.,1,2003.0,HKG,FDS0F14W4,,HKG,008TML-E,55.1,@NA,@NA,@NA,58546410,Melco Resorts & Entertainment Ltd.,1.0,@NA,1,SHARE,@NA,I,Melco Resorts & Entertainment Ltd.1.pdf,55.1,55
BMG2031G1069,,2549,Century Entertainment International Holdings Limited,1,1997.0,HKG,G2031G106,19971003.0,HKG,005ZYZ-E,55.1,HONG KONG,959-HK,BMG2031G1069,BMG7BF,Century Entertainment International Holdings Limited,1.0,959-HK,1,SHARE,BMG7BF0,I,Century Entertainment International Holdings Limited1.pdf,55.1,55
SG1DA5000005,,2550,Katrina Group Ltd.,1,2016.0,SGP,Y451A0106,20160726.0,SGP,0GCK9B-E,56.1,SINGAPORE,1A0-SG,SG1DA5000005,BD6F8G,Katrina Group Ltd.,1.0,1A0-SG,1,SHARE,BD6F8G1,I,Katrina Group Ltd.1.pdf,56.1,56
HK0219009344,,2551,Shun Ho Property Investments Ltd,1,1970.0,HKG,Y7842Q102,19850102.0,HKG,05JHLF-E,55.1,HONG KONG,219-HK,HK0219009344,659856,Shun Ho Property Investments Ltd,1.0,219-HK,1,SHARE,6598565,I,Shun Ho Property Investments Ltd1.pdf,55.1,55
INE793A01012,,2552,Accelya Solutions India Ltd.,1,1976.0,IND,Y4522P108,19991230.0,IND,05LFK8-E,58.29,BSE INDIA,532268-IN,INE793A01012,629299,Accelya Solutions India Ltd.,1.0,532268-IN,1,SHARE,6292997,J,Accelya Solutions India Ltd.1.pdf,58.2,58
RO0MDTLNZV25,,2553,Safetech Innovations SA,0,2011.0,ROU,X7T4VF102,20230206.0,ROU,@NA,62.09,BUCHAREST SPOT,@NA,RO0MDTLNZV25,BNKFDY,Safetech Innovations SA,1.0,SAFE-RO,0,SHARE,BNKFDY0,J,Safetech Innovations SA1.pdf,62.0,62
AU000000RKN9,,2554,Reckon Limited,1,1987.0,AUS,Q80501101,20220622.0,AUS,05JM7K-E,58.29,US OTC,@NA,AU000000RKN9,616502,Reckon Limited,1.0,RKNLF-US,0,SHARE,B05KRW5,J,Reckon Limited1.pdf,58.2,58
SG1DA4000006,,2555,Procurri Corporation Limited,1,2009.0,SGP,Y707BH103,20210108.0,SGP,0DPBHN-E,62.01,US OTC,@NA,SG1DA4000006,BZBG4H,Procurri Corporation Limited,1.0,PRCRF-US,0,SHARE,BN44W02,J,Procurri Corporation Limited2.pdf,62.0,62
FDS1J8MA,,2556,Linklogis Inc.,1,2016.0,HKG,FDS1J8MA1,,CHN,0N8P5X-E,62.09,@NA,@NA,@NA,BKSCMF,Linklogis Inc.,1.0,@NA,0,SHARE,@NA,J,Linklogis Inc.1.pdf,62.0,62
NL0013332471,,2557,TomTom NV,1,2005.0,NLD,N87695123,20090923.0,NLD,0079K9-E,58.29,LONDON,@NA,NL0013332471,BFY1TC,TomTom NV,1.0,0MKS-GB,0,SHARE,BKF19S8,J,TomTom NV1.pdf,58.2,58
KYG0512W1033,,2558,Archosaur Games Inc.,1,1997.0,HKG,G0512W103,20220321.0,CHN,0M6FR1-E,58.29,HONG KONG CONNECT - SHENZHEN,@NA,KYG0512W1033,BMQ69B,Archosaur Games Inc.,1.0,@NA,0,SHARE,BMGPZB8,J,Archosaur Games Inc.1.pdf,58.2,58
ES0178430E18,,2559,Telefonica SA,1,1924.0,ESP,879382109,19850627.0,ESP,05DZGP-E,61.2,LONDON,@NA,ES0178430E18,573252,Telefonica SA,1.0,0TDE-GB,0,SHARE,0798394,J,Telefonica SA2.pdf,61.2,61
AU000000TLS2,,2560,Telstra Group Limited,1,1992.0,AUS,Q8975N105,20031112.0,AUS,0TXR0P-E,61.9,US OTC,@NA,AU000000TLS2,608728,Telstra Group Limited,1.0,TTRAF-US,0,SHARE,B02Q4Z8,J,Telstra Group Limited3.pdf,61.9,61
GB00BVYVFW23,,2561,Auto Trader Group PLC,1,1977.0,GBR,G06708104,20150319.0,GBR,00GMT5-E,63.11,LONDON,AUTO-GB,GB00BVYVFW23,BVYVFW,Auto Trader Group PLC,1.0,AUTO-GB,1,SHARE,BVYVFW2,J,Auto Trader Group PLC1.pdf,63.1,63
NO0003078800,,2562,TGS ASA,1,1996.0,NOR,R9138B102,19971024.0,NOR,05HZTK-E,63.11,OSLO,TGS-NO,NO0003078800,B15SLC,TGS ASA,1.0,TGS-NO,1,SHARE,B15SLC4,J,TGS ASA1.pdf,63.1,63
AU0000168676,,2563,X2M Connect Limited,1,,AUS,Q9866Y101,20210922.0,AUS,@NA,62.09,ASX,X2M-AU,AU0000168676,BNNSK1,X2M Connect Limited,1.0,X2M-AU,1,SHARE,BNNSK12,J,X2M Connect Limited1.pdf,62.0,62
US74275K1088,,2564,Procore Technologies Inc,1,2002.0,USA,74275K108,20210520.0,USA,074LCP-E,58.29,NYSE,PCOR-US,US74275K1088,74275K10,Procore Technologies Inc,1.0,PCOR-US,1,SHARE,BLH11J8,J,Procore Technologies Inc2.pdf,58.2,58
US09626A1025,,2565,"Blueprint Technologies, Inc.",0,2005.0,USA,09626A102,20061121.0,USA,06TLTZ-E,62.09,US OTC,@NA,US09626A1025,09626A10,"Blueprint Technologies, Inc.",1.0,BKSD-US,1,SHARE,B1G4VJ8,J,"Blueprint Technologies, Inc.2.pdf",62.0,62
KYG6464H1011,,2566,Newborn Town Inc.,1,2009.0,HKG,G6464H101,20210930.0,CHN,0L6JFP-E,58.29,US OTC,@NA,KYG6464H1011,BKX8X2,Newborn Town Inc.,1.0,NWBTF-US,0,SHARE,BKSBH58,J,Newborn Town Inc.2.pdf,58.2,58
US2546871060,,2567,Walt Disney Company,1,1923.0,USA,254687106,19841105.0,USA,000HLG-E,59.11,NYSE,DIS-US,US2546871060,25468710,Walt Disney Company,1.0,DIS-US,1,SHARE,2270726,J,Walt Disney Company1.pdf,59.1,59
KYG2347J1094,,2568,CMGE Technology Group Limited,1,2018.0,HKG,G2347J109,20191031.0,CHN,0JY9DP-E,58.29,HONG KONG,302-HK,KYG2347J1094,BK2299,CMGE Technology Group Limited,1.0,302-HK,1,SHARE,BK22995,J,CMGE Technology Group Limited1.pdf,58.2,58
ID1000066103,,2569,PT Astra Graphia Tbk,1,1975.0,IDN,Y71164142,19900404.0,IDN,@NA,63.11,INDONESIA,ASGR-ID,ID1000066103,621419,PT Astra Graphia Tbk,1.0,ASGR-ID,1,SHARE,6214195,J,PT Astra Graphia Tbk1.pdf,63.1,63
FDS081YD,,2570,"GoDaddy, Inc.",1,1997.0,USA,FDS081YD1,,USA,00G546-E,63.11,@NA,@NA,@NA,38023710,"GoDaddy, Inc.",1.0,@NA,0,SHARE,@NA,J,"GoDaddy, Inc.1.pdf",63.1,63
KR7226340008,,2571,"Bonne Co., Ltd.",1,2015.0,KOR,Y32318100,20151105.0,KOR,0K858J-E,58.29,KOREA,226340-KR,KR7226340008,BYZKGM,"Bonne Co., Ltd.",1.0,226340-KR,1,SHARE,BYZKGM6,J,"Bonne Co., Ltd.1.pdf",58.2,58
KYG5571U1040,,2572,Linmon Media Limited,1,1994.0,HKG,G5571U104,20230314.0,CHN,0PD4KN-E,59.11,HONG KONG CONNECT  - SHANGHAI,@NA,KYG5571U1040,BN47TM,Linmon Media Limited,1.0,@NA,0,SHARE,BNZJ6Z9,J,Linmon Media Limited1.pdf,59.1,59
BW0000001569,,2573,Botswana Telecommunications Corporation Limited,1,1980.0,BWA,V12358103,20160413.0,BWA,08BJ54-E,61.1,BOTSWANA,BTCL-BW,BW0000001569,BYXJWG,Botswana Telecommunications Corporation Limited,1.0,BTCL-BW,1,SHARE,BYXJWG1,J,Botswana Telecommunications Corporation Limited1.pdf,61.1,61
KR7223220005,,2574,"Logis Mon, Inc.",1,2013.0,KOR,Y2R67M101,20150709.0,KOR,@NA,58.29,KONEX,@NA,KR7223220005,BZ21P4,"Logis Mon, Inc.",1.0,223220-KR,1,SHARE,BZ21P44,J,"Logis Mon, Inc.1.pdf",58.2,58
INE0BTM01013,,2575,SecMark Consultancy Ltd.,1,2011.0,IND,Y7566A101,20201001.0,IND,0MS2Z3-E,62.09,BSE INDIA,@NA,INE0BTM01013,BLF7DW,SecMark Consultancy Ltd.,1.0,543234-IN,1,SHARE,BLF7DW5,J,SecMark Consultancy Ltd.1.pdf,62.0,62
GB00B06GNN57,,2576,Blancco Technology Group plc,1,2004.0,GBR,G11649202,20050331.0,USA,0074TY-E,58.29,LONDON,BLTG-GB,GB00B06GNN57,B06GNN,Blancco Technology Group plc,1.0,BLTG-GB,1,SHARE,B06GNN5,J,Blancco Technology Group plc1.pdf,58.2,58
FDS334C9,,2577,Grupo Clarin SA,1,1945.0,ARG,FDS334C97,,ARG,05W53Z-E,60.2,@NA,@NA,@NA,B2967L,Grupo Clarin SA,1.0,@NA,0,SHARE,@NA,J,Grupo Clarin SA1.pdf,60.2,60
KR7207760000,,2578,Mr. Blue Corp.,1,2002.0,KOR,Y209FT100,20141212.0,KOR,@NA,58.29,KOREA,207760-KR,KR7207760000,BTFQXW,Mr. Blue Corp.,1.0,207760-KR,1,SHARE,BTFQXW8,J,Mr. Blue Corp.2.pdf,58.2,58
IL0010805971,,2579,Gilat Telecom Global Ltd,1,1968.0,ISR,M67767109,19960828.0,ISR,073LBG-E,61.9,TEL AVIV,@NA,IL0010805971,650516,Gilat Telecom Global Ltd,1.0,GLTL-IL,1,SHARE,6505167,J,Gilat Telecom Global Ltd1.pdf,61.9,61
BE0003735496,,2580,Orange Belgium SA,1,1995.0,BEL,B6404X104,19981006.0,BEL,003JZX-E,61.2,EURONEXT BRUSSELS,OBEL-BE,BE0003735496,554197,Orange Belgium SA,1.0,OBEL-BE,1,SHARE,5541979,J,Orange Belgium SA1.pdf,61.2,61
BMG9349W1038,,2581,VEON Ltd.,1,1992.0,NLD,G9349W103,20170404.0,NLD,09GVG3-E,61.2,EURONEXT AMSTERDAM,VEON-NL,BMG9349W1038,BF2S1D,VEON Ltd.,1.0,VEON-NL,1,SHARE,BF2S1D6,J,VEON Ltd.1.pdf,61.2,61
US68389X1054,,2582,Oracle Corporation,1,1977.0,USA,68389X105,20060308.0,USA,000SY8-E,58.29,LONDON,@NA,US68389X1054,68389X10,Oracle Corporation,1.0,0R1Z-GB,0,SHARE,B10S3T0,J,Oracle Corporation3.pdf,58.2,58
KYG3461G1863,,2583,Finsoft Financial Investment Holdings Ltd.,1,2012.0,HKG,G3461G186,20130926.0,HKG,0DBYNM-E,62.01,HONG KONG,8018-HK,KYG3461G1863,BLD3BS,Finsoft Financial Investment Holdings Ltd.,1.0,8018-HK,1,SHARE,BLD3BS7,J,Finsoft Financial Investment Holdings Ltd.1.pdf,62.0,62
TW0003682001,,2584,"Asia Pacific Telecom Co., Ltd.",1,2000.0,TWN,Y0R895106,20111201.0,TWN,08CRJQ-E,61.2,TAIWAN,3682-TW,TW0003682001,B6RN4B,"Asia Pacific Telecom Co., Ltd.",1.0,3682-TW,1,SHARE,B6RN4B2,J,"Asia Pacific Telecom Co., Ltd.2.pdf",61.2,61
KYG4212K1040,,2585,Gushengtang Holdings Limited,1,2010.0,HKG,G4212K104,20211210.0,CHN,0LQT1G-E,63.11,HONG KONG,2273-HK,KYG4212K1040,BP6TX6,Gushengtang Holdings Limited,1.0,2273-HK,1,SHARE,BP6TX62,J,Gushengtang Holdings Limited1.pdf,63.1,63
SG1V12936232,,2586,StarHub Ltd,0,1998.0,SGP,Y8152F132,,SGP,006DR9-E,61.9,BERNE,@NA,SG1V12936232,B1CNDB,StarHub Ltd,1.0,@NA,0,SHARE,BJ054B6,J,StarHub Ltd1.pdf,61.9,61
US15100P1012,,2587,"Celerity Solutions, Inc.",0,1982.0,USA,15100P101,19920401.0,USA,@NA,62.01,US OTC,@NA,US15100P1012,15100P10,"Celerity Solutions, Inc.",1.0,CLTY-US,1,SHARE,2175122,J,"Celerity Solutions, Inc.1.pdf",62.0,62
FDSZ073V,,2588,"Yonyou Auto Information Technology (Shanghai) Co., Ltd.",1,2003.0,CHN,FDSZ073V3,,CHN,@NA,58.29,@NA,@NA,@NA,BRJQJ9,"Yonyou Auto Information Technology (Shanghai) Co., Ltd.",1.0,@NA,0,SHARE,@NA,J,"Yonyou Auto Information Technology (Shanghai) Co., Ltd.2.pdf",58.2,58
AU000000SEK6,,2589,Seek Limited,0,1997.0,AUS,Q8382E102,,AUS,0077N3-E,63.11,BERNE,@NA,AU000000SEK6,B0767Y,Seek Limited,1.0,SLD-CH,0,SHARE,BLNP235,J,Seek Limited1.pdf,63.1,63
FR0000133308,,2590,Orange SA,1,1991.0,FRA,F6866T100,20030814.0,FRA,0011MS-E,61.2,US OTC,FNCTF-US,FR0000133308,517617,Orange SA,1.0,FNCTF-US,0,SHARE,B030BQ9,J,Orange SA2.pdf,61.2,61
NO0004822503,,2591,Atea ASA,1,1967.0,NOR,R0728G106,20130613.0,NOR,07JGW7-E,62.09,US OTC,@NA,NO0004822503,B12TR1,Atea ASA,1.0,ATAZF-US,0,SHARE,B3BJ1C5,J,Atea ASA1.pdf,62.0,62
US74940T1043,,2592,RDE Inc,1,1997.0,USA,74940T104,19951211.0,USA,@NA,63.11,US OTC,RSTN-US,US74940T1043,74940T10,RDE Inc,1.0,RSTN-US,1,SHARE,BN7JZM7,J,RDE Inc2.pdf,63.1,63
US0918442098,,2593,BLGI Inc,0,2013.0,USA,091844209,20140407.0,USA,00FJ6X-E,58.29,US OTC,@NA,US0918442098,09184420,BLGI Inc,1.0,BLGI-US,1,SHARE,BMVCBL6,J,BLGI Inc2.pdf,58.2,58
US92343V1044,,2594,Verizon Communications Inc.,1,1983.0,USA,92343V104,19850102.0,USA,000CQ8-E,61.2,LONDON,@NA,US92343V1044,92343V10,Verizon Communications Inc.,1.0,0Q1S-GB,0,SHARE,0089560,J,Verizon Communications Inc.2.pdf,61.2,61
US40171V1008,,2595,"Guidewire Software, Inc.",1,2001.0,USA,40171V100,20120125.0,USA,0634Y0-E,58.29,NYSE,GWRE-US,US40171V1008,40171V10,"Guidewire Software, Inc.",1.0,GWRE-US,1,SHARE,B7JYSG3,J,"Guidewire Software, Inc.1.pdf",58.2,58
EE3100084203,,2596,Modera AS,0,2007.0,EST,X4R0TW113,20211015.0,EST,@NA,58.29,OMX BALTIC TALLINN,@NA,EE3100084203,BMHRTW,Modera AS,1.0,MODE-EE,0,SHARE,BMHRTW2,J,Modera AS1.pdf,58.2,58
US5502411037,,2597,"Lumen Technologies, Inc.",1,1930.0,USA,550241103,19841105.0,USA,09SD1S-E,61.1,NYSE,LUMN-US,US5502411037,55024110,"Lumen Technologies, Inc.",1.0,LUMN-US,1,SHARE,BMDH249,J,"Lumen Technologies, Inc.1.pdf",61.1,61
JP3108180005,,2598,"Accrete, Inc.",1,2014.0,JPN,J00076109,20180726.0,JPN,0FD8NV-E,61.9,TOKYO,4395-JP,JP3108180005,BDC422,"Accrete, Inc.",1.0,4395-JP,1,SHARE,BDC4226,J,"Accrete, Inc.2.pdf",61.9,61
FDS1F6OD,,2599,"17 Education & Technology Group, Inc.",1,2012.0,CHN,FDS1F6OD1,,CHN,0N3T5C-E,63.11,@NA,@NA,@NA,81807M20,"17 Education & Technology Group, Inc.",1.0,@NA,0,SHARE,@NA,J,"17 Education & Technology Group, Inc.1.pdf",63.1,63
KYG2121R1039,,2600,China Literature Ltd.,1,2004.0,HKG,G2121R103,20171108.0,CHN,0H5FYM-E,58.11,HONG KONG,772-HK,KYG2121R1039,BYP71J,China Literature Ltd.,1.0,772-HK,1,SHARE,BYP71J9,J,China Literature Ltd.1.pdf,58.1,58
GB0006776081,,2601,Pearson PLC,1,1844.0,GBR,G69651100,20201125.0,GBR,002ZV7-E,58.11,MEXICO,@NA,GB0006776081,067760,Pearson PLC,1.0,PSONN-MX,0,SHARE,BK81SZ5,J,Pearson PLC1.pdf,58.1,58
CA09228F1036,,2602,BlackBerry Limited,1,1984.0,CAN,09228F103,19990204.0,CAN,002TMH-E,58.29,NYSE,BB-US,CA09228F1036,BCBHZ3,BlackBerry Limited,1.0,BB-US,0,SHARE,BCBHZ42,J,BlackBerry Limited2.pdf,58.2,58
PLOPTTC00011,,2603,CD Projekt S.A.,1,1994.0,POL,X0957E106,20020201.0,POL,@NA,58.29,WARSAW,CDR-PL,PLOPTTC00011,730221,CD Projekt SA,1.0,CDR-PL,1,SHARE,7302215,J,CD Projekt S.A.2.pdf,58.2,58
KYG7060L1086,,2604,Phoenix New Media Ltd.,1,1998.0,HKG,G7060L108,,CHN,08B49N-E,63.11,CAYMAN ISLANDS UNLISTED,@NA,KYG7060L1086,71910C20,Phoenix New Media Ltd.,1.0,@NA,1,SHARE,BKKMV79,J,Phoenix New Media Ltd.1.pdf,63.1,63
FDS1GBVC,,2605,"Bumble, Inc.",1,2014.0,USA,FDS1GBVC3,,USA,0N9C82-E,58.29,@NA,@NA,@NA,12047B10,"Bumble, Inc.",1.0,@NA,0,SHARE,@NA,J,"Bumble, Inc.1.pdf",58.2,58
GB00BK6SHS41,,2606,SEEEN Plc,1,2017.0,GBR,G11764100,20170927.0,GBR,@NA,58.29,LONDON,SEEN-GB,GB00BK6SHS41,BK6SHS,SEEEN Plc,1.0,SEEN-GB,1,SHARE,BK6SHS4,J,SEEEN Plc2.pdf,58.2,58
LU0061462528,,2607,RTL Group S.A.,1,1973.0,DEU,L80326108,19850327.0,LUX,05HH9H-E,60.2,LUXEMBOURG,RTLL-LU,LU0061462528,B1BK20,RTL Group S.A.,1.0,RTLL-LU,0,SHARE,4062277,J,RTL Group S.A.1.pdf,60.2,60
PLRDDVS00016,,2608,Red Dev Studio S.A.,0,2016.0,POL,X7290R108,20190926.0,POL,@NA,58.29,WARSAW,@NA,PLRDDVS00016,BK1WVW,Red Dev Studio S.A.,1.0,RDS-PL,0,SHARE,BK1WVW3,J,Red Dev Studio S.A.1.pdf,58.2,58
US5949181045,,2609,Microsoft Corporation,1,1975.0,USA,594918104,19860313.0,USA,000Q07-E,58.29,NASDAQ,MSFT-US,US5949181045,59491810,Microsoft Corporation,1.0,MSFT-US,1,SHARE,2588173,J,Microsoft Corporation1.pdf,58.2,58
US10807Q7007,,2610,"Bridgeline Digital, Inc.",1,2000.0,USA,10807Q700,20070629.0,USA,003L94-E,58.29,NASDAQ,BLIN-US,US10807Q7007,10807Q70,"Bridgeline Digital, Inc.",1.0,BLIN-US,1,SHARE,BJQKP89,J,"Bridgeline Digital, Inc.3.pdf",58.2,58
SE0011870195,,2611,Lime Technologies AB,1,2013.0,SWE,W5321Z116,20181206.0,SWE,0JDWXV-E,58.29,OMX NORDIC STOCKHOLM,LIME-SE,SE0011870195,BH31X6,Lime Technologies AB,1.0,LIME-SE,1,SHARE,BH31X65,J,Lime Technologies AB1.pdf,58.2,58
SG1T75931496,,2612,Singapore Telecommunications Limited,1,1992.0,SGP,Y79985209,19931101.0,SGP,0010HR-E,61.2,SINGAPORE,Z74-SG,SG1T75931496,B02PY1,Singapore Telecommunications Limited,1.0,Z74-SG,1,SHARE,B02PY11,J,Singapore Telecommunications Limited1.pdf,61.2,61
NZTELE0001S4,,2613,Spark New Zealand Limited,1,1987.0,NZL,Q8619N107,19910913.0,NZL,001ZZD-E,61.1,ASX,SPK-AU,NZTELE0001S4,688143,Spark New Zealand Limited,1.0,SPK-AU,0,SHARE,6881500,J,Spark New Zealand Limited1.pdf,61.1,61
MYL6947OO005,,2614,CelcomDigi Berhad,1,1995.0,MYS,Y2070F100,20090310.0,MYS,05HXMR-E,61.2,US OTC,@NA,MYL6947OO005,608624,CelcomDigi Berhad,1.0,DIGBF-US,0,SHARE,B02PGM6,J,CelcomDigi Berhad1.pdf,61.2,61
FI4000519228,,2615,WithSecure Corporation,1,1988.0,FIN,X3034C218,19991105.0,FIN,003JSV-E,58.29,OMX NORDIC HELSINKI,WITH-FI,FI4000519228,BMZ424,WithSecure Corporation,1.0,WITH-FI,1,SHARE,BMZ4248,J,WithSecure Corporation1.pdf,58.2,58
SGXE24704236,,2616,iWOW Technology Limited,1,1999.0,SGP,Y4215K101,20220414.0,SGP,@NA,58.29,SINGAPORE,@NA,SGXE24704236,BP2ST2,iWOW Technology Limited,1.0,NXR-SG,1,SHARE,BP2ST21,J,iWOW Technology Limited1.pdf,58.2,58
NO0012861667,,2617,Arribatec Group ASA,1,1998.0,NOR,R0R77L129,20010716.0,NOR,0GQS8G-E,62.02,OSLO,ARR-NO,NO0012861667,BMGRKJ,Arribatec Group ASA,1.0,ARR-NO,1,SHARE,BMGRKJ7,J,Arribatec Group ASA1.pdf,62.0,62
GB00BKT6VH21,,2618,Shearwater Group plc,1,2004.0,GBR,G8085K158,20040507.0,GBR,005R9G-E,62.01,LONDON,SWG-GB,GB00BKT6VH21,BKT6VH,Shearwater Group plc,1.0,SWG-GB,1,SHARE,BKT6VH2,J,Shearwater Group plc1.pdf,62.0,62
SE0009697220,,2619,Enea AB,0,1981.0,SWE,W2529P149,,SWE,05JBDZ-E,58.29,BERNE,@NA,SE0009697220,BYPBRY,Enea AB,1.0,EED5-CH,0,SHARE,BKS2L26,J,Enea AB1.pdf,58.2,58
KR7036630002,,2620,Sejong Telecom Inc.,1,1992.0,KOR,Y6438J100,20001020.0,KOR,0706N0-E,61.1,KOREA,036630-KR,KR7036630002,640998,Sejong Telecom Inc.,1.0,036630-KR,1,SHARE,6409980,J,Sejong Telecom Inc.1.pdf,61.1,61
DE000PSM7770,,2621,ProSiebenSat.1 Media SE,1,1998.0,DEU,D6216S143,20031113.0,DEU,003QS1-E,60.2,US OTC,@NA,DE000PSM7770,BCZM1B,ProSiebenSat.1 Media SE,1.0,PBSFF-US,0,SHARE,BCZM1C3,J,ProSiebenSat.1 Media SE2.pdf,60.2,60
USU7744C1063,,2622,"BOKU, Inc.",1,2009.0,GBR,U7744C106,20171120.0,USA,@NA,58.29,LONDON,BOKU-GB,USU7744C1063,BF0GJW,"BOKU, Inc.",1.0,BOKU-GB,1,SHARE,BF0GJW7,J,"BOKU, Inc.1.pdf",58.2,58
AU0000158594,,2623,PEXA Group Limited,1,2018.0,AUS,Q9131W104,20210701.0,AUS,0NYRWB-E,63.11,ASX,PXA-AU,AU0000158594,BMD0WJ,PEXA Group Limited,1.0,PXA-AU,1,SHARE,BMD0WJ3,J,PEXA Group Limited1.pdf,63.1,63
BMG0438M1064,,2624,APT Satellite Holdings Limited,1,1992.0,HKG,G0438M106,19961219.0,HKG,001JXS-E,61.9,HONG KONG,1045-HK,BMG0438M1064,603964,APT Satellite Holdings Limited,1.0,1045-HK,1,SHARE,6039644,J,APT Satellite Holdings Limited1.pdf,61.9,61
US88554D2053,,2625,3D Systems Corporation,1,1986.0,USA,88554D205,20141105.0,USA,0013LF-E,62.02,LONDON,@NA,US88554D2053,88554D20,3D Systems Corporation,1.0,0QYH-GB,0,SHARE,BSJC745,J,3D Systems Corporation1.pdf,62.0,62
US26884K3095,,2626,"ERF Wireless, Inc.",1,1986.0,USA,26884K309,19980909.0,USA,002N0S-E,61.2,US OTC,@NA,US26884K3095,26884K30,"ERF Wireless, Inc.",1.0,ERFB-US,1,SHARE,BHBFXF8,J,"ERF Wireless, Inc.3.pdf",61.2,61
PK0084201018,,2627,Netsol Technologies Limited,1,1995.0,PAK,Y6257M101,20060620.0,PAK,06JQ8Q-E,58.29,PAKISTAN STOCK EXCHANGE,NETSOL-PK,PK0084201018,B0JCGX,Netsol Technologies Limited,1.0,NETSOL-PK,1,SHARE,B0JCGX1,J,Netsol Technologies Limited2.pdf,58.2,58
US63947X1019,,2628,nCino Inc,1,2011.0,USA,63947X101,20200714.0,USA,0Q5FDX-E,58.29,NASDAQ,NCNO-US,US63947X1019,63947X10,nCino Inc,1.0,NCNO-US,1,SHARE,BMC8TD1,J,nCino Inc1.pdf,58.2,58
AU0000126468,,2629,Nexion Group Ltd.,1,2018.0,AUS,Q6751P104,20210218.0,AUS,0N6GZT-E,62.09,ASX,@NA,AU0000126468,BL6CN4,Nexion Group Ltd.,1.0,NNG-AU,1,SHARE,BL6CN41,J,Nexion Group Ltd.2.pdf,62.0,62
INE669C01036,,2630,Tech Mahindra Limited,1,2010.0,IND,Y85491127,20060829.0,IND,06JLTG-E,62.01,BSE INDIA,532755-IN,INE669C01036,BWFGD6,Tech Mahindra Limited,1.0,532755-IN,1,SHARE,BWFGD63,J,Tech Mahindra Limited2.pdf,62.0,62
SG1DH9000006,,2631,NetLink NBN Trust,1,2017.0,SGP,Y6S61H108,20170719.0,SGP,0H6D3W-E,61.1,SINGAPORE,CJLU-SG,SG1DH9000006,BF5GLW,NetLink NBN Trust,1.0,CJLU-SG,1,SHARE,BF5GLW6,J,NetLink NBN Trust1.pdf,61.1,61
KYG2114J1186,,2632,Chuanglian Holdings Limited,1,2004.0,HKG,G2114J118,20041118.0,HKG,006KJ2-E,61.9,HONG KONG,2371-HK,KYG2114J1186,BNFVQW,Chuanglian Holdings Limited,1.0,2371-HK,1,SHARE,BNFVQW2,J,Chuanglian Holdings Limited2.pdf,61.9,61
BD0002BSCCL0,,2633,Bangladesh Submarine Cable Co. Ltd.,1,2008.0,BGD,Y000CC103,20120618.0,BGD,0C5BNY-E,61.9,DHAKA,BSCCL-BD,BD0002BSCCL0,B4LWWD,Bangladesh Submarine Cable Co. Ltd.,1.0,BSCCL-BD,1,SHARE,B4LWWD9,J,Bangladesh Submarine Cable Co. Ltd.1.pdf,61.9,61
US5380341090,,2634,"Live Nation Entertainment, Inc.",1,1996.0,USA,538034109,20180129.0,USA,09HB7M-E,59.2,LONDON,@NA,US5380341090,53803410,"Live Nation Entertainment, Inc.",1.0,0JVD-GB,0,SHARE,BD6TGW5,J,"Live Nation Entertainment, Inc.1.pdf",59.2,59
GB00BMXH3352,,2635,MotorK PLC,1,2014.0,NLD,G632AA109,20211105.0,GBR,0HGWRF-E,63.11,EURONEXT AMSTERDAM,MTRK-NL,GB00BMXH3352,BMXH33,MotorK PLC,1.0,MTRK-NL,1,SHARE,BMXH335,J,MotorK PLC1.pdf,63.1,63
IL0011015349,,2636,Cellcom Israel Ltd.,1,1994.0,ISR,M2196U109,20070809.0,ISR,063HCZ-E,61.2,TEL AVIV,CEL-IL,IL0011015349,B23WQK,Cellcom Israel Ltd.,1.0,CEL-IL,1,SHARE,B23WQK8,J,Cellcom Israel Ltd.1.pdf,61.2,61
KYG9390R1103,,2637,Vobile Group Ltd.,1,2005.0,HKG,G9390R110,20191209.0,HKG,0H4WFV-E,58.29,US OTC,@NA,KYG9390R1103,BNT8LN,Vobile Group Ltd.,1.0,VOBIF-US,0,SHARE,BNT8PS8,J,Vobile Group Ltd.1.pdf,58.2,58
GB0033147751,,2638,Bloomsbury Publishing Plc,1,1986.0,GBR,G1179Q132,19940623.0,GBR,05J1S4-E,58.11,LONDON,BMY-GB,GB0033147751,331477,Bloomsbury Publishing Plc,1.0,BMY-GB,1,SHARE,3314775,J,Bloomsbury Publishing Plc1.pdf,58.1,58
CA19239C1068,,2639,Cogeco Communications Inc.,1,1972.0,CAN,19239C106,19930706.0,CAN,003VHK-E,60.2,TORONTO,CCA-CA,CA19239C1068,BZCDFX,Cogeco Communications Inc.,1.0,CCA-CA,1,SHARE,BZCDFX9,J,Cogeco Communications Inc.1.pdf,60.2,60
GB00B7TW1V39,,2640,Redcentric Plc,1,2013.0,GBR,G7444T108,20130424.0,GBR,0D0669-E,62.01,LONDON,RCN-GB,GB00B7TW1V39,B7TW1V,Redcentric Plc,1.0,RCN-GB,1,SHARE,B7TW1V3,J,Redcentric Plc1.pdf,62.0,62
PLCOMAR00012,,2641,Comarch S.A.,1,1993.0,POL,X1450R107,19990511.0,POL,05J5PG-E,62.09,WARSAW,CMR-PL,PLCOMAR00012,446929,Comarch S.A.,1.0,CMR-PL,1,SHARE,4469298,J,Comarch S.A.1.pdf,62.0,62
CA19238T1003,,2642,Cogeco Inc.,1,1957.0,CAN,19238T100,20120823.0,CAN,003N2D-E,60.2,US OTC,@NA,CA19238T1003,218689,Cogeco Inc.,1.0,CGECF-US,0,SHARE,B3BGRD9,J,Cogeco Inc.1.pdf,60.2,60
DE0005557508,,2643,Deutsche Telekom AG,1,1995.0,DEU,D2035M136,20060724.0,DEU,0011H9-E,61.1,MILAN,@NA,DE0005557508,584235,Deutsche Telekom AG,1.0,1DTE-IT,0,SHARE,B19GHY8,J,Deutsche Telekom AG2.pdf,61.1,61
DE000A288904,,2644,CompuGroup Medical SE & Co. KGaA,1,1987.0,DEU,D193ZN100,20090618.0,DEU,05J9VL-E,58.29,US OTC,@NA,DE000A288904,BMY7CH,CompuGroup Medical SE & Co. KGaA,1.0,CMPVF-US,0,SHARE,BLB0D51,J,CompuGroup Medical SE & Co. KGaA1.pdf,58.2,58
JP3835400007,,2645,Vector Inc.,1,1989.0,JPN,J9451E104,20000814.0,JPN,@NA,58.29,TOKYO,2656-JP,JP3835400007,628004,Vector Inc.,1.0,2656-JP,1,SHARE,6280044,J,Vector Inc.1.pdf,58.2,58
KYG2153C1078,,2646,China Bright Culture Group,1,2014.0,HKG,G2153C107,20200313.0,CHN,0LD1Z3-E,59.11,HONG KONG,1859-HK,KYG2153C1078,BL398Y,China Bright Culture Group,1.0,1859-HK,1,SHARE,BL398Y0,J,China Bright Culture Group1.pdf,59.1,59
JP3748520008,,2647,Nihon Falcom Corporation,1,1981.0,JPN,J5014F109,20031202.0,JPN,@NA,58.29,TOKYO,@NA,JP3748520008,670991,Nihon Falcom Corporation,1.0,3723-JP,1,SHARE,6709914,J,Nihon Falcom Corporation1.pdf,58.2,58
KYG2R50A1062,,2648,Cheshi Technology Inc.,1,2018.0,HKG,G2R50A106,20210115.0,CHN,0L6148-E,63.11,HONG KONG,1490-HK,KYG2R50A1062,BMXLWR,Cheshi Technology Inc.,1.0,1490-HK,1,SHARE,BMXLWR4,J,Cheshi Technology Inc.1.pdf,63.1,63
INE871H01011,,2649,GSS Infotech Limited,1,1999.0,IND,Y2904M107,20080307.0,IND,06Q8GB-E,62.09,BSE INDIA,532951-IN,INE871H01011,B2339G,GSS Infotech Limited,1.0,532951-IN,1,SHARE,B2339G8,J,GSS Infotech Limited1.pdf,62.0,62
GB00B28HSF71,,2650,Tracsis plc,1,2004.0,GBR,G90029102,,GBR,@NA,58.29,US OTC,@NA,GB00B28HSF71,B28HSF,Tracsis plc,1.0,TCIIF-US,0,SHARE,B97DG06,J,Tracsis plc1.pdf,58.2,58
AU000000LVT6,,2651,LiveTiles Limited,1,1994.0,AUS,Q55815106,19990817.0,AUS,@NA,58.29,ASX,LVT-AU,AU000000LVT6,BZ17WJ,LiveTiles Limited,1.0,LVT-AU,1,SHARE,BZ17WJ7,J,LiveTiles Limited1.pdf,58.2,58
CA3434492037,,2652,Flow Capital Corp.,1,1993.0,CAN,343449203,20130605.0,CAN,0HSV8R-E,64.99,US OTC,@NA,CA3434492037,BMGGJQ,Flow Capital Corp.,1.0,AHFCF-US,0,SHARE,BMGGJR5,K,Flow Capital Corp.3.pdf,64.9,64
PK0055601014,,2653,MCB Bank Limited,1,1947.0,PAK,Y61898105,19940126.0,PAK,05J41G-E,64.19,PAKISTAN STOCK EXCHANGE,MCB-PK,PK0055601014,661157,MCB Bank Limited,1.0,MCB-PK,1,SHARE,6611570,K,MCB Bank Limited1.pdf,64.1,64
FR0000120628,,2654,AXA SA,1,1985.0,FRA,F06106102,20030922.0,FRA,001VPR-E,65.11,US OTC,@NA,FR0000120628,708842,AXA SA,1.0,AXAHF-US,0,SHARE,B02PRD4,K,AXA SA1.pdf,65.1,65
CA3039011026,,2655,Fairfax Financial Holdings Limited,1,1951.0,CAN,303901102,20021218.0,CAN,000JFZ-E,65.12,US OTC,FRFHF-US,CA3039011026,256635,Fairfax Financial Holdings Limited,1.0,FRFHF-US,0,SHARE,2173665,K,Fairfax Financial Holdings Limited1.pdf,65.1,65
US1300511052,,2656,California Business Bank,0,2005.0,USA,130051105,20060425.0,USA,@NA,64.19,US OTC,@NA,US1300511052,13005110,California Business Bank,1.0,CABB-US,0,SHARE,B13FSK4,K,California Business Bank1.pdf,64.1,64
FDS0JXSU,,2657,Shandong International Trust Co. Ltd.,1,1987.0,HKG,FDS0JXSU8,,CHN,05WV4C-E,64.3,@NA,@NA,@NA,BD2CBD,Shandong International Trust Co. Ltd.,1.0,@NA,0,SHARE,@NA,K,Shandong International Trust Co. Ltd.1.pdf,64.3,64
GB00BLF7PP25,,2658,Downing Renewables & Infrastructure Trust Plc,1,1986.0,GBR,G29015107,20201210.0,GBR,@NA,64.3,LONDON,DORE-GB,GB00BLF7PP25,BLF7PP,Downing Renewables & Infrastructure Trust Plc,1.0,DORE-GB,1,SHARE,BLF7PP2,K,Downing Renewables & Infrastructure Trust Plc2.pdf,64.3,64
IT0003796171,,2659,Poste Italiane SpA,1,1925.0,ITA,T7S697106,20200317.0,ITA,05L6TG-E,64.19,US OTC,@NA,IT0003796171,BYYN70,Poste Italiane SpA,1.0,PITAF-US,0,SHARE,BLHDD87,K,Poste Italiane SpA1.pdf,64.1,64
IT0000784196,,2660,Banca Popolare di Sondrio S.p.A.,1,1871.0,ITA,T1549L116,19920909.0,ITA,05HX6R-E,64.19,MILAN,BPSO-IT,IT0000784196,411522,Banca Popolare di Sondrio S.p.A.,1.0,BPSO-IT,1,SHARE,4115223,K,Banca Popolare di Sondrio S.p.A.1.pdf,64.1,64
BD0109UTARA6,,2661,Uttara Bank Limited.,1,1965.0,BGD,Y9329Q100,19960404.0,BGD,05R5L0-E,64.19,DHAKA,@NA,BD0109UTARA6,692158,Uttara Bank Limited.,1.0,UTTARABANK-BD,1,SHARE,6921581,K,Uttara Bank Limited.1.pdf,64.1,64
ZAE000006565,,2662,Sasfin Holdings Limited,1,1951.0,ZAF,S7367W101,19920908.0,ZAF,05JGSS-E,66.12,JSE,SFN-ZA,ZAE000006565,677741,Sasfin Holdings Limited,1.0,SFN-ZA,1,SHARE,6777416,K,Sasfin Holdings Limited2.pdf,66.1,66
CA37959M2031,,2663,Global Gaming Technologies Corp,0,2010.0,USA,37959M203,20111230.0,CAN,00CHCN-E,64.99,US OTC,@NA,CA37959M2031,37959M20,Global Gaming Technologies Corp.,1.0,BLKCF-US,1,SHARE,BJQ1Y96,K,Global Gaming Technologies Corp.1.pdf,64.9,64
GB0031348658,,2664,Barclays PLC,1,,GBR,G08036124,20141103.0,GBR,05H4C8-E,66.12,SIX SWISS,@NA,GB0031348658,313486,Barclays PLC,1.0,BARC-CH,0,SHARE,BRTM7V5,K,Barclays PLC1.pdf,66.1,66
CA1360691010,,2665,Canadian Imperial Bank of Commerce,1,1961.0,CAN,136069101,19990205.0,CAN,001VG4-E,64.19,FRANKFURT,@NA,CA1360691010,217052,Canadian Imperial Bank of Commerce,1.0,CAI-DE,0,SHARE,5619694,K,Canadian Imperial Bank of Commerce1.pdf,64.1,64
FI4000062195,,2666,Taaleri Plc,1,2007.0,FIN,X8T3H4111,20130424.0,FIN,08BDC8-E,66.3,OMX NORDIC HELSINKI,TAALA-FI,FI4000062195,B975ZB,Taaleri Plc,1.0,TAALA-FI,1,SHARE,B975ZB6,K,Taaleri Plc1.pdf,66.3,66
ARBVAL3024G2,,2667,Banco De Valores,1,1978.0,ARG,P1S09F710,20000203.0,ARG,06LK09-E,64.19,BUENOS AIRES,VALO-AR,ARBVAL3024G2,BJLD2Z,Banco De Valores,1.0,VALO-AR,1,SHARE,BJLD2Z9,K,Banco De Valores1.pdf,64.1,64
GB00BM8PJY71,,2668,NatWest Group Plc,1,1968.0,GBR,G6422B147,20030813.0,GBR,0030BD-E,64.19,US OTC,@NA,GB00BM8PJY71,BM8PJY,NatWest Group Plc,1.0,RBSPF-US,0,SHARE,BMBW923,K,NatWest Group Plc1.pdf,64.1,64
SG2D00968206,,2669,Hutchison Port Holdings Trust,1,2011.0,SGP,Y3780D104,20120402.0,SGP,0BKJC8-E,64.3,SINGAPORE,@NA,SG2D00968206,B56ZM7,Hutchison Port Holdings Trust,1.0,@NA,0,SHARE,B7TDJS9,K,Hutchison Port Holdings Trust3.pdf,64.3,64
BH0004652895,,2670,Bahrain Commercial Facilities Company BSC,1,1983.0,BHR,M1573S109,19960212.0,BHR,006ZDD-E,64.92,BAHRAIN,BCFC-BH,BH0004652895,607149,Bahrain Commercial Facilities Company BSC,1.0,BCFC-BH,1,SHARE,6071497,K,Bahrain Commercial Facilities Company BSC1.pdf,64.9,64
INE837E01019,,2671,Winro Commercial (India) Ltd,0,1983.0,IND,Y96593101,20050929.0,IND,@NA,64.99,BSE INDIA,@NA,INE837E01019,B0573V,Winro Commercial (India) Ltd,1.0,512022-IN,0,SHARE,B0573V7,K,Winro Commercial (India) Ltd2.pdf,64.9,64
US8618961085,,2672,StoneX Group Inc.,1,1987.0,USA,861896108,19950213.0,USA,0013QC-E,66.12,NASDAQ,SNEX-US,US8618961085,86189610,StoneX Group Inc.,1.0,SNEX-US,1,SHARE,BMQ8XV3,K,StoneX Group Inc.1.pdf,66.1,66
US7580541008,,2673,Redwood Group International,0,2000.0,USA,758054100,20021031.0,USA,@NA,66.12,US OTC,@NA,US7580541008,75805410,Redwood Group International,1.0,RDWD-US,1,SHARE,B4V4VZ0,K,Redwood Group International1.pdf,66.1,66
US8983492047,,2674,TrustCo Bank Corp NY,1,1902.0,USA,898349204,19841105.0,USA,000XY7-E,64.19,NASDAQ,TRST-US,US8983492047,89834920,TrustCo Bank Corp NY,1.0,TRST-US,1,SHARE,BN0ZBP7,K,TrustCo Bank Corp NY1.pdf,64.1,64
GB00BY9D0Y18,,2675,Direct Line Insurance Group Plc,0,1988.0,GBR,G2871V114,,GBR,0988T6-E,65.12,BERNE,@NA,GB00BY9D0Y18,BY9D0Y,Direct Line Insurance Group Plc,1.0,D1LN-CH,0,SHARE,BHSRZ95,K,Direct Line Insurance Group Plc1.pdf,65.1,65
ZAE000070660,,2676,Sanlam Limited,1,1918.0,ZAF,S7302C137,19981130.0,ZAF,05HWML-E,65.12,JSE,SLM-ZA,ZAE000070660,B0L675,Sanlam Limited,1.0,SLM-ZA,1,SHARE,B0L6750,K,Sanlam Limited2.pdf,65.1,65
ZAE000244737,,2677,RH Bophelo Ltd.,1,2016.0,ZAF,S6992Y102,20170712.0,ZAF,@NA,64.99,JSE,@NA,ZAE000244737,BF0K74,RH Bophelo Ltd.,1.0,RHB-ZA,1,SHARE,BF0K747,K,RH Bophelo Ltd.1.pdf,64.9,64
FDS09VYW,,2678,Tatra banka a.s.,1,1990.0,SVK,FDS09VYW2,,SVK,05TN3V-E,64.19,@NA,@NA,@NA,724043,Tatra banka a.s.,1.0,@NA,0,SHARE,@NA,K,Tatra banka a.s.1.pdf,64.1,64
US1729674242,,2679,Citigroup Inc.,1,1812.0,USA,172967424,20191202.0,USA,0027L0-E,64.19,MILAN,@NA,US1729674242,17296742,Citigroup Inc.,1.0,CIT.U-IT,0,SHARE,B8GQ7Q2,K,Citigroup Inc.2.pdf,64.1,64
INE274M01026,,2680,Comfort Fincap Ltd.,1,1982.0,IND,Y1670N117,20130325.0,IND,@NA,64.92,BSE INDIA,@NA,INE274M01026,BR0WYX,Comfort Fincap Ltd.,1.0,535267-IN,1,SHARE,BR0WYX5,K,Comfort Fincap Ltd.1.pdf,64.9,64
US3377381088,,2681,"Fiserv, Inc.",1,1984.0,USA,337738108,20060224.0,USA,000KJ3-E,66.19,LONDON,@NA,US3377381088,33773810,"Fiserv, Inc.",1.0,0IP9-GB,0,SHARE,B0ZSHX0,K,"Fiserv, Inc.1.pdf",66.1,66
JO2102511018,,2682,Islamic Insurance Co.,1,1996.0,JOR,M5733W108,19990429.0,JOR,@NA,66.22,AMMAN,TIIC-JO,JO2102511018,645118,Islamic Insurance Co.,1.0,TIIC-JO,1,SHARE,6451185,K,Islamic Insurance Co.2.pdf,66.2,66
FDS1CSMW,,2683,Kingswood Acquisition Corp.,1,2020.0,USA,FDS1CSMW6,,USA,@NA,64.99,@NA,@NA,@NA,49686110,Kingswood Acquisition Corp.,1.0,@NA,0,SHARE,@NA,K,Kingswood Acquisition Corp.1.pdf,64.9,64
US7443201022,,2684,"Prudential Financial, Inc.",1,1875.0,USA,744320102,20180129.0,USA,00371D-E,65.11,LONDON,@NA,US7443201022,74432010,"Prudential Financial, Inc.",1.0,0KRX-GB,0,SHARE,BYZHBZ5,K,"Prudential Financial, Inc.1.pdf",65.1,65
FDS1NRE1,,2685,Prosus N.V.,1,1997.0,NLD,FDS1NRE13,,NLD,08C30P-E,64.99,@NA,@NA,@NA,BJDS7L,Prosus N.V.,1.0,@NA,0,SHARE,@NA,K,Prosus N.V.1.pdf,64.9,64
US9497461015,,2686,Wells Fargo & Company,1,1852.0,USA,949746101,20141106.0,USA,000RGR-E,64.19,LONDON,@NA,US9497461015,94974610,Wells Fargo & Company,1.0,0R2F-GB,0,SHARE,BSJC9N8,K,Wells Fargo & Company1.pdf,64.1,64
CA30163L1031,,2687,Exelerate Capital Corp.,1,2018.0,CAN,30163L103,20190610.0,CAN,@NA,64.99,TSX VENTURE,@NA,CA30163L1031,30163L10,Exelerate Capital Corp.,1.0,XCAP.P-CA,1,SHARE,BJTN2Q2,K,Exelerate Capital Corp.2.pdf,64.9,64
FDSFAE32,,2688,"GP Investments, Ltd.",1,1993.0,LUX,FDSFAE325,,BMU,06JLZM-E,64.99,@NA,@NA,@NA,B16CKW,"GP Investments, Ltd.",1.0,@NA,0,SHARE,@NA,K,"GP Investments, Ltd.1.pdf",64.9,64
GB0005405286,,2689,HSBC Holdings Plc,1,1959.0,GBR,G4634U169,20141117.0,GBR,002J95-E,64.19,HONG KONG CONNECT  - SHANGHAI,5-HSC,GB0005405286,054052,HSBC Holdings Plc,1.0,@NA,0,SHARE,BP3RVM1,K,HSBC Holdings Plc2.pdf,64.1,64
PHY7571C1000,,2690,Security Bank Corp. (Philippines),1,1951.0,PHL,Y7571C100,19950720.0,PHL,05J4BQ-E,64.19,PHILIPPINES,SECB-PH,PHY7571C1000,679233,Security Bank Corp. (Philippines),1.0,SECB-PH,1,SHARE,6792334,K,Security Bank Corp. (Philippines)2.pdf,64.1,64
SG1J21887414,,2691,UOB-Kay Hian Holdings Limited,1,1970.0,SGP,Y92991101,20001023.0,SGP,05J0NW-E,66.12,SINGAPORE,U10-SG,SG1J21887414,629438,UOB-Kay Hian Holdings Limited,1.0,U10-SG,1,SHARE,6294380,K,UOB-Kay Hian Holdings Limited1.pdf,66.1,66
CA89679A2092,,2692,Trisura Group Ltd.,1,2006.0,CAN,89679A209,20170622.0,CAN,0GVBWF-E,65.12,US OTC,@NA,CA89679A2092,BFNJQX,Trisura Group Ltd.,1.0,TRRSF-US,0,SHARE,BYWPWZ9,K,Trisura Group Ltd.1.pdf,65.1,65
GB00BD8SLV43,,2693,Marlowe Plc,1,2016.0,GBR,G5840S104,20071026.0,GBR,0G3PVV-E,64.99,LONDON,MRL-GB,GB00BD8SLV43,BD8SLV,Marlowe Plc,1.0,MRL-GB,1,SHARE,BD8SLV4,K,Marlowe Plc1.pdf,64.9,64
INE356F01017,,2694,Jindal Capital Limited,0,1994.0,IND,Y4442V102,20041124.0,IND,@NA,64.3,BSE INDIA,@NA,INE356F01017,B04GKP,Jindal Capital Limited,1.0,530405-IN,0,SHARE,B04GKP8,K,Jindal Capital Limited2.pdf,64.3,64
DE0008019001,,2695,Deutsche Pfandbriefbank AG,1,1997.0,DEU,D1R83Y100,20180508.0,DEU,05G6F2-E,64.19,US OTC,@NA,DE0008019001,BYM691,Deutsche Pfandbriefbank AG,1.0,PBBGF-US,0,SHARE,BF2FHS4,K,Deutsche Pfandbriefbank AG3.pdf,64.1,64
US1746101054,,2696,"Citizens Financial Group, Inc.",1,1828.0,USA,174610105,20180119.0,USA,05K8PY-E,64.19,LONDON,@NA,US1746101054,17461010,"Citizens Financial Group, Inc.",1.0,0HYP-GB,0,SHARE,BYZHHS0,K,"Citizens Financial Group, Inc.3.pdf",64.1,64
BMG7371X1065,,2697,R&Q Insurance Holdings Ltd,1,1991.0,GBR,G7371X106,20200812.0,BMU,0D7DG3-E,66.22,US OTC,@NA,BMG7371X1065,BBL4RK,R&Q Insurance Holdings Ltd,1.0,RQIHF-US,0,SHARE,BBM58C7,K,R&Q Insurance Holdings Ltd1.pdf,66.2,66
ZW0009011611,,2698,Zimre Holdings Limited,1,1983.0,ZWE,V98988104,20090317.0,ZWE,06KWTH-E,66.22,ZIMBABWE,ZIMR-ZW,ZW0009011611,628266,Zimre Holdings Limited,1.0,ZIMR-ZW,1,SHARE,6282664,K,Zimre Holdings Limited1.pdf,66.2,66
INE512D01028,,2699,Intellivate Capital Ventures Limited,1,1982.0,IND,Y4098N123,20080527.0,IND,@NA,64.99,BSE INDIA,@NA,INE512D01028,B2QVGM,Intellivate Capital Ventures Limited,1.0,506134-IN,1,SHARE,B2QVGM4,K,Intellivate Capital Ventures Limited1.pdf,64.9,64
BBP5622P1043,,2700,Insurance Corporation of Barbados Ltd,1,1994.0,BRB,P5622P120,,BRB,@NA,65.11,BARBADOS,@NA,BBP5622P1043,B4V6KM,Insurance Corporation of Barbados Ltd,1.0,ICBL-BB,1,SHARE,B4V6KM6,K,Insurance Corporation of Barbados Ltd1.pdf,65.1,65
US4969042021,,2701,Kingsway Financial Services Inc,1,1989.0,USA,496904202,20010712.0,USA,00281P-E,65.11,NYSE,KFS-US,US4969042021,49690420,Kingsway Financial Services Inc,1.0,KFS-US,1,SHARE,BGNQ6J7,K,Kingsway Financial Services Inc1.pdf,65.1,65
NO0006000207,,2702,SpareBank 1 Sorost-Norge,1,1859.0,NOR,R83248105,19940606.0,NOR,07GFKN-E,64.19,OSLO,SOON-NO,NO0006000207,480935,SpareBank 1 Sorost-Norge,1.0,SOON-NO,1,SHARE,4809355,K,SpareBank 1 Sorost-Norge1.pdf,64.1,64
EE3100007857,,2703,Coop Pank AS,1,1997.0,EST,X1898W106,20191210.0,EST,0JB75N-E,64.19,OMX BALTIC TALLINN,CPA1T-EE,EE3100007857,B04CK6,Coop Pank AS,1.0,CPA1T-EE,1,SHARE,B04CK67,K,Coop Pank AS1.pdf,64.1,64
INE746D01014,,2704,Pioneer Investcorp Limited,1,1985.0,IND,Y69821117,20040102.0,IND,06D0P3-E,66.12,BSE INDIA,507864-IN,INE746D01014,672644,Pioneer Investcorp Limited,1.0,507864-IN,1,SHARE,6726441,K,Pioneer Investcorp Limited2.pdf,66.1,66
MEATBARA1PG6,,2705,Atlas Banka a.d,0,2002.0,@NA,V0R74H118,,MNE,06GYQP-E,64.19,MONTENEGRO,@NA,MEATBARA1PG6,B79DNV,Atlas Banka a.d,1.0,ATBA-ME,0,SHARE,B79DNV0,K,Atlas Banka a.d2.pdf,64.1,64
US3909051076,,2706,"Great Southern Bancorp, Inc.",1,1923.0,USA,390905107,19891215.0,USA,00159P-E,64.19,NASDAQ,GSBC-US,US3909051076,39090510,"Great Southern Bancorp, Inc.",1.0,GSBC-US,1,SHARE,2387002,K,"Great Southern Bancorp, Inc.1.pdf",64.1,64
CA7800871021,,2707,Royal Bank of Canada,1,1864.0,CAN,780087102,19841105.0,CAN,0018FV-E,64.19,TORONTO,RY-CA,CA7800871021,275438,Royal Bank of Canada,1.0,RY-CA,1,SHARE,2754383,K,Royal Bank of Canada1.pdf,64.1,64
AU0000117343,,2708,E&P Financial Group Ltd.,1,2015.0,AUS,Q3547F102,20180514.0,AUS,0HWS0B-E,66.3,ASX,@NA,AU0000117343,BMCV9Z,E&P Financial Group Ltd.,1.0,EP1-AU,1,SHARE,BMCV9Z2,K,E&P Financial Group Ltd.1.pdf,66.3,66
BG1100106050,,2709,First Investment Bank AD,1,1993.0,BGR,X3031M102,20070712.0,BGR,05XF66-E,64.19,BULGARIA,FIB-BG,BG1100106050,B1XVBR,First Investment Bank AD,1.0,FIB-BG,1,SHARE,B1XVBR0,K,First Investment Bank AD1.pdf,64.1,64
GG00BMGYLN96,,2710,Burford Capital Limited,1,2009.0,GBR,G17977110,20150401.0,GBR,00C72Y-E,64.99,NYSE,BUR-US,GG00BMGYLN96,BMGYLN,Burford Capital Limited,1.0,BUR-US,0,SHARE,BMHLZ26,K,Burford Capital Limited2.pdf,64.9,64
BMG2108M2182,,2711,Chinese Estates Holdings Ltd.,1,1989.0,HKG,G2108M218,19881109.0,HKG,05J1FL-E,66.12,HONG KONG,127-HK,BMG2108M2182,619118,Chinese Estates Holdings Ltd.,1.0,127-HK,1,SHARE,6191180,K,Chinese Estates Holdings Ltd.3.pdf,66.1,66
KYG2760V1005,,2712,Differ Group Auto Limited,1,2012.0,HKG,G2760V100,20220309.0,CHN,0DGBZ0-E,64.92,HONG KONG CONNECT - SHENZHEN,@NA,KYG2760V1005,BH576T,Differ Group Auto Limited,1.0,@NA,0,SHARE,BN942C9,K,Differ Group Auto Limited1.pdf,64.9,64
SG1S02002305,,2713,Sing Investments & Finance Limited,1,1964.0,SGP,V8210K100,19851101.0,SGP,05JBYH-E,64.92,SINGAPORE,S35-SG,SG1S02002305,681186,Sing Investments & Finance Limited,1.0,S35-SG,1,SHARE,6811864,K,Sing Investments & Finance Limited1.pdf,64.9,64
US0605051046,,2714,Bank of America Corp,1,1904.0,USA,060505104,20131118.0,USA,000R3K-E,64.19,COLOMBIA,@NA,US0605051046,06050510,Bank of America Corp,1.0,BAC-CO,0,SHARE,B65LCY7,K,Bank of America Corp1.pdf,64.1,64
AU0000004129,,2715,Wisr Ltd.,1,1966.0,AUS,Q98057104,20220927.0,AUS,0FN38K-E,66.19,US OTC,@NA,AU0000004129,BFLV66,Wisr Ltd.,1.0,WSRLF-US,0,SHARE,BL5H2D9,K,Wisr Ltd.1.pdf,66.1,66
INE625G01013,,2716,Welspun Enterprises Ltd.,1,1994.0,IND,Y613A1109,20041104.0,IND,0FM5VP-E,64.99,BSE INDIA,532553-IN,INE625G01013,B03QWC,Welspun Enterprises Ltd.,1.0,532553-IN,1,SHARE,B03QWC0,K,Welspun Enterprises Ltd.2.pdf,64.9,64
GB00BYQCS703,,2717,Kanabo Group Plc,1,2016.0,GBR,G8353R109,20170517.0,GBR,@NA,64.99,LONDON,@NA,GB00BYQCS703,BYQCS7,Kanabo Group Plc,1.0,KNB-GB,1,SHARE,BYQCS70,K,Kanabo Group Plc1.pdf,64.9,64
FDS1873A,,2718,Onex Corporation,1,1984.0,CAN,FDS1873A6,,CAN,001C89-E,66.3,@NA,@NA,@NA,265951,Onex Corporation,1.0,@NA,0,SHARE,@NA,K,Onex Corporation1.pdf,66.3,66
US3186861023,,2719,"First Bancshares, Inc.",1,1982.0,USA,318686102,20060626.0,USA,0BKL9F-E,64.19,US OTC,@NA,US3186861023,31868610,"First Bancshares, Inc.",1.0,FIBH-US,1,SHARE,2086729,K,"ServisFirst Bancshares, Inc.1.pdf",64.1,64
KYG0706A1076,,2720,Baiying Holdings Group Ltd.,1,2010.0,HKG,G0706A107,20180718.0,CHN,0HS7KM-E,64.92,HONG KONG,@NA,KYG0706A1076,BMF5Q4,Baiying Holdings Group Ltd.,1.0,8525-HK,1,SHARE,BMF5Q49,K,Baiying Holdings Group Ltd.2.pdf,64.9,64
FDS0XON7,,2721,"Tradeweb Markets, Inc.",1,1996.0,USA,FDS0XON78,,USA,0KPVQ3-E,66.11,@NA,@NA,@NA,89267210,"Tradeweb Markets, Inc.",1.0,@NA,0,SHARE,@NA,K,"Tradeweb Markets, Inc.1.pdf",66.1,66
NO0010887110,,2722,Sparebank 68 grader nord,1,1926.0,NOR,R8170X105,20210812.0,NOR,0KHT4H-E,64.19,OSLO,SB68-NO,NO0010887110,BP2P0J,Sparebank 68 grader nord,1.0,SB68-NO,1,SHARE,BP2P0J6,K,Sparebank 68 grader nord2.pdf,64.1,64
FDS1N476,,2723,Brookfield Business Corp.,1,2021.0,CAN,FDS1N4761,,USA,@NA,64.99,@NA,@NA,@NA,BP960C,Brookfield Business Corp.,1.0,@NA,0,SHARE,@NA,K,Brookfield Business Corp.1.pdf,64.9,64
BMG4643L1019,,2724,Huarong International Financial Holdings Limited,1,1993.0,HKG,G4643L101,20061114.0,HKG,05JQ67-E,66.3,FRANKFURT,@NA,BMG4643L1019,BYW83K,Huarong International Financial Holdings Limited,1.0,93W-DE,0,SHARE,BMHJ5P3,K,Huarong International Financial Holdings Limited2.pdf,66.3,66
FDS09O63,,2725,Shengjing Bank Co. Ltd.,1,1997.0,HKG,FDS09O633,,CHN,07H3PB-E,64.19,@NA,@NA,@NA,BTF7ZR,Shengjing Bank Co. Ltd.,1.0,@NA,0,SHARE,@NA,K,Shengjing Bank Co. Ltd.3.pdf,64.1,64
NO0006001908,,2726,Melhus Sparebank,1,1840.0,NOR,R4416Y106,19981111.0,NOR,0060FV-E,64.19,OSLO,MELG-NO,NO0006001908,556808,Melhus Sparebank,1.0,MELG-NO,1,SHARE,5568086,K,Melhus Sparebank1.pdf,64.1,64
ZAE000073128,,2727,Conduit Capital Ltd,0,1998.0,ZAF,S1814C107,20150424.0,ZAF,@NA,65.11,US OTC,@NA,ZAE000073128,617794,Conduit Capital Ltd,1.0,CNCPF-US,0,SHARE,BN70832,K,Conduit Capital Ltd1.pdf,65.1,65
SI0021110513,,2728,Pozavarovalnica Sava d.d.,1,1977.0,SVN,X6919C104,20220621.0,SVN,06KLND-E,65.11,LONDON,@NA,SI0021110513,B3B20Y,Pozavarovalnica Sava d.d.,1.0,0MSR-GB,0,SHARE,B46KQX6,K,Pozavarovalnica Sava d.d.1.pdf,65.1,65
DE0006223407,,2729,ProCredit Holding AG & Co. KGaA,1,1998.0,DEU,D61977100,20161222.0,DEU,068R86-E,64.19,XETRA,PCZ-DE,DE0006223407,BYZCP6,ProCredit Holding AG & Co. KGaA,1.0,PCZ-DE,1,SHARE,BYZCP69,K,ProCredit Holding AG & Co. KGaA1.pdf,64.1,64
CA42328X1042,,2730,Helios Fairfax Partners Corp.,1,2016.0,CAN,42328X104,,CAN,0GQV27-E,64.99,TORONTO,@NA,CA42328X1042,BNG23G,Helios Fairfax Partners Corp.,1.0,HFPC.USD-CA,1,SHARE,BNG23G7,K,Helios Fairfax Partners Corp.1.pdf,64.9,64
CH0001319265,,2731,Schweizerische Nationalbank,1,1907.0,CHE,H73554109,19850102.0,CHE,05J5GV-E,64.19,SIX SWISS,SNBN-CH,CH0001319265,478140,Schweizerische Nationalbank,1.0,SNBN-CH,1,SHARE,4781408,K,Schweizerische Nationalbank3.pdf,64.1,64
INE886A01014,,2732,Industrial Investment Trust Limited,1,1933.0,IND,Y4061M128,19961017.0,IND,05V98Y-E,66.12,BSE INDIA,@NA,INE886A01014,645294,Industrial Investment Trust Limited,1.0,501295-IN,1,SHARE,6452940,K,Industrial Investment Trust Limited1.pdf,66.1,66
INE001A01036,,2733,Housing Development Finance Corporation Limited,1,1977.0,IND,Y37246207,19931102.0,IND,05HX0K-E,66.19,BSE INDIA,500010-IN,INE001A01036,617190,Housing Development Finance Corporation Limited,1.0,500010-IN,1,SHARE,6171900,K,Housing Development Finance Corporation Limited2.pdf,66.1,66
FDS1GC1Q,,2734,"Western Securities Co., Ltd.",1,2001.0,CHN,FDS1GC1Q3,,CHN,05QMVL-E,66.12,@NA,@NA,@NA,B819M0,"Western Securities Co., Ltd.",1.0,@NA,0,SHARE,@NA,K,"Western Securities Co., Ltd.3.pdf",66.1,66
FDS18UB9,,2735,"Rocket Companies, Inc.",1,1985.0,USA,FDS18UB99,,USA,0MJFM3-E,64.91,@NA,@NA,@NA,77311W10,"Rocket Companies, Inc.",1.0,@NA,0,SHARE,@NA,K,"Rocket Companies, Inc.1.pdf",64.9,64
NZNZXE0001S7,,2736,NZX Limited,1,2002.0,NZL,Q7018C118,20080226.0,NZL,05WMZJ-E,66.11,US OTC,@NA,NZNZXE0001S7,662315,NZX Limited,1.0,NZSTF-US,0,SHARE,B2N9V59,K,NZX Limited2.pdf,66.1,66
HK0218001102,,2737,Shenwan Hongyuan (H.K.) Limited,1,1972.0,HKG,Y7743N125,20061114.0,HKG,05J57K-E,66.12,FRANKFURT,@NA,HK0218001102,666002,Shenwan Hongyuan (H.K.) Limited,1.0,WAY-DE,0,SHARE,B1HHNB2,K,Shenwan Hongyuan (H.K.) Limited1.pdf,66.1,66
CA45075E1043,,2738,iA Financial Corporation Inc.,1,1892.0,CAN,45075E104,20000204.0,CAN,0KHBJ0-E,66.3,TORONTO,IAG-CA,CA45075E1043,BJ2ZH3,iA Financial Corporation Inc.,1.0,IAG-CA,1,SHARE,BJ2ZH37,K,iA Financial Corporation Inc.1.pdf,66.3,66
BMG1932V3035,,2739,CASH Financial Services Group Ltd,1,1972.0,HKG,G1932V303,20001215.0,HKG,05JQHC-E,66.12,HONG KONG,510-HK,BMG1932V3035,BP2SMK,CASH Financial Services Group Ltd,1.0,510-HK,1,SHARE,BP2SMK0,K,CASH Financial Services Group Ltd1.pdf,66.1,66
KYG8903A1013,,2740,Times Neighborhood Holdings Ltd.,1,2019.0,HKG,G8903A101,20191219.0,CHN,0LFFN8-E,64.99,HONG KONG,9928-HK,KYG8903A1013,BL3HKC,Times Neighborhood Holdings Ltd.,1.0,9928-HK,1,SHARE,BL3HKC6,K,Times Neighborhood Holdings Ltd.2.pdf,64.9,64
FDS0RGNB,,2741,"Bank of Gansu Co., Ltd.",1,2011.0,HKG,FDS0RGNB3,,CHN,0G1X9Z-E,64.19,@NA,@NA,@NA,BFFJZP,"Bank of Gansu Co., Ltd.",1.0,@NA,0,SHARE,@NA,K,"Bank of Gansu Co., Ltd.1.pdf",64.1,64
US2003401070,,2742,Comerica Incorporated,1,1973.0,USA,200340107,19841105.0,USA,000F01-E,64.19,NYSE,CMA-US,US2003401070,20034010,Comerica Incorporated,1.0,CMA-US,1,SHARE,2212870,K,Comerica Incorporated1.pdf,64.1,64
IL0011328858,,2743,Trendlines Group Ltd.,1,2007.0,SGP,M8824L106,20211008.0,ISR,079K16-E,66.3,US OTC,@NA,IL0011328858,BZ3F8T,Trendlines Group Ltd.,1.0,TRNGF-US,0,SHARE,BD8F3W0,K,Trendlines Group Ltd.1.pdf,66.3,66
US40051Y1091,,2744,"Grupo International, Inc.",0,1998.0,USA,40051Y109,19900412.0,CAN,@NA,64.2,US OTC,@NA,US40051Y1091,40051Y10,"Grupo International, Inc.",1.0,GRPI-US,1,SHARE,B8FSHM5,K,"Grupo International, Inc.2.pdf",64.2,64
TH0042010007,,2745,Bangkok Insurance Public Co. Ltd.,1,1947.0,THA,Y0607V127,19880802.0,THA,05J2SF-E,65.12,THAILAND,BKI-TH,TH0042010007,607897,Bangkok Insurance Public Co. Ltd.,1.0,BKI-TH,1,SHARE,6078971,K,Bangkok Insurance Public Co. Ltd.1.pdf,65.1,65
INE276H01013,,2746,Nidhi Granites Ltd.,1,1981.0,IND,Y63492105,20080512.0,IND,@NA,66.11,BSE INDIA,@NA,INE276H01013,B2QVH1,Nidhi Granites Ltd.,1.0,512103-IN,1,SHARE,B2QVH10,K,Nidhi Granites Ltd.1.pdf,66.1,66
US78423F1012,,2747,Shi Corporation,0,1979.0,USA,78423F101,19860912.0,USA,@NA,64.99,US OTC,@NA,US78423F1012,78423F10,Shi Corporation,1.0,SHCC-US,1,SHARE,2811307,K,Shi Corporation3.pdf,64.9,64
PK0069401013,,2748,IGI Life Insurance Limited,1,1952.0,PAK,Y3875H101,19950627.0,PAK,@NA,65.11,PAKISTAN STOCK EXCHANGE,@NA,PK0069401013,602604,IGI Life Insurance Limited,1.0,IGIL-PK,1,SHARE,6026044,K,IGI Life Insurance Limited1.pdf,65.1,65
NL0000303709,,2749,Aegon N.V.,1,1844.0,NLD,N00927298,19891002.0,NLD,05H9FH-E,65.11,EURONEXT AMSTERDAM,AGN-NL,NL0000303709,592737,Aegon N.V.,1.0,AGN-NL,1,SHARE,5927375,K,Aegon N.V.1.pdf,65.1,65
HK0656038673,,2750,Fosun International Limited,1,1992.0,HKG,Y2618Y108,20070716.0,CHN,009DQF-E,65.11,HONG KONG,656-HK,HK0656038673,B1Z7FX,Fosun International Limited,1.0,656-HK,1,SHARE,B1Z7FX0,K,Fosun International Limited1.pdf,65.1,65
LK0306N00007,,2751,Union Bank of Colombo PLC,1,1995.0,LKA,Y9060M102,20110329.0,LKA,0BHMBR-E,64.19,COLOMBO,UBC.N0000-LK,LK0306N00007,B4QXH3,Union Bank of Colombo PLC,1.0,UBC.N0000-LK,1,SHARE,B4QXH32,K,Union Bank of Colombo PLC1.pdf,64.1,64
BMG0533U2355,,2752,Asia Standard International Group Limited,1,1984.0,HKG,G0533U235,19920123.0,HKG,05J345-E,68.1,HONG KONG,129-HK,BMG0533U2355,605458,Asia Standard International Group Limited,1.0,129-HK,1,SHARE,6054584,L,Asia Standard International Group Limited1.pdf,68.1,68
SG2G85000005,,2753,KOP Limited,1,1994.0,SGP,Y7542B116,20060323.0,SGP,0082FQ-E,68.1,SINGAPORE,5I1-SG,SG2G85000005,BM4NPV,KOP Limited,1.0,5I1-SG,1,SHARE,BM4NPV4,L,KOP Limited1.pdf,68.1,68
KYG5139V1077,,2754,Jiande International Holdings Ltd.,1,2000.0,HKG,G5139V107,20001229.0,HKG,0GV72C-E,68.31,HONG KONG,865-HK,KYG5139V1077,BDGHXC,Jiande International Holdings Ltd.,1.0,865-HK,1,SHARE,BDGHXC8,L,Jiande International Holdings Ltd.1.pdf,68.3,68
MYL5180TO003,,2755,Capitaland Malaysia Trust,1,2010.0,MYS,Y1122W103,20100716.0,MYS,09VP15-E,68.2,MALAYSIA,5180-MY,MYL5180TO003,B3RZ1Q,Capitaland Malaysia Trust,1.0,5180-MY,1,SHARE,B3RZ1Q1,L,Capitaland Malaysia Trust3.pdf,68.2,68
KR7357250000,,2756,"Miraeasset Maps REIT 1 Co., Ltd.",1,2019.0,KOR,Y604QR104,20200805.0,KOR,0MP2PJ-E,68.2,KOREA,@NA,KR7357250000,BN4PDS,"Miraeasset Maps REIT 1 Co., Ltd.",1.0,357250-KR,1,SHARE,BN4PDS0,L,"Miraeasset Maps REIT 1 Co., Ltd.1.pdf",68.2,68
BG1100102059,,2757,Quantum Developments REIT,0,2005.0,BGR,X6994L102,20180104.0,BGR,@NA,68.2,LONDON,@NA,BG1100102059,B0T9VT,Quantum Developments REIT,1.0,0I83-GB,0,SHARE,B28LH63,L,Quantum Developments REIT2.pdf,68.2,68
AU000000PPC5,,2758,Peet Limited,1,1895.0,AUS,Q73763106,20040805.0,AUS,006FTW-E,68.1,ASX,PPC-AU,AU000000PPC5,B01QLP,Peet Limited,1.0,PPC-AU,1,SHARE,B01QLP8,L,Peet Limited1.pdf,68.1,68
VN000000CII6,,2759,Ho Chi Minh City Infrastructure Investment JSC,1,2001.0,VNM,Y32322102,20070912.0,VNM,06JZ5N-E,68.31,VIETNAM,CII-VN,VN000000CII6,B16GKN,Ho Chi Minh City Infrastructure Investment JSC,1.0,CII-VN,1,SHARE,B16GKN1,L,Ho Chi Minh City Infrastructure Investment JSC3.pdf,68.3,68
KYG0583P1028,,2760,Art Group Holdings Ltd.,1,2003.0,HKG,G0583P102,20030910.0,HKG,0065G3-E,68.2,HONG KONG,565-HK,KYG0583P1028,BD5F4Z,Art Group Holdings Ltd.,1.0,565-HK,1,SHARE,BD5F4Z3,L,Art Group Holdings Ltd.1.pdf,68.2,68
TW0006219009,,2761,Full Wang International Development Co. Ltd.,1,1997.0,TWN,Y8897Q104,20030226.0,TWN,06QR18-E,68.31,TAIPEI,6219-TW,TW0006219009,658651,Full Wang International Development Co. Ltd.,1.0,6219-TW,1,SHARE,6586515,L,Full Wang International Development Co. Ltd.2.pdf,68.3,68
TH0538A10Z04,,2762,Grand Canal Land Public Co. Ltd.,1,1985.0,THA,Y2844L151,19960304.0,THA,09R0MS-E,68.31,THAILAND,GLAND-TH,TH0538A10Z04,657513,Grand Canal Land Public Co. Ltd.,1.0,GLAND-TH,1,SHARE,6575137,L,Grand Canal Land Public Co. Ltd.1.pdf,68.3,68
FDS0I2BW,,2763,Aseana Properties Limited,1,2006.0,GBR,FDS0I2BW1,,GBR,06M02T-E,68.1,@NA,@NA,@NA,B1RZDJ,Aseana Properties Limited,1.0,@NA,0,SHARE,@NA,L,Aseana Properties Limited1.pdf,68.1,68
US03464Y1082,,2764,"Angel Oak Mortgage REIT, Inc.",1,2018.0,USA,03464Y108,20210617.0,USA,0KL55Q-E,68.2,NYSE,AOMR-US,US03464Y1082,03464Y10,"Angel Oak Mortgage REIT, Inc.",1.0,AOMR-US,1,SHARE,BMFZKV4,L,"Angel Oak Mortgage REIT, Inc.1.pdf",68.2,68
HK0000063609,,2765,Swire Properties Limited,1,1972.0,HKG,Y83191109,20141117.0,HKG,06132B-E,68.32,HONG KONG CONNECT  - SHANGHAI,1972-HSC,HK0000063609,B67C2G,Swire Properties Limited,1.0,@NA,0,SHARE,BP3RQX7,L,Swire Properties Limited1.pdf,68.3,68
INE695B01025,,2766,Country Condo's Limited,1,1987.0,IND,Y0132B109,20080717.0,IND,@NA,68.1,BSE INDIA,@NA,INE695B01025,B03J16,Country Condo's Limited,1.0,531624-IN,1,SHARE,B03J166,L,Country Condo's Limited1.pdf,68.1,68
SE0001664707,,2767,Catena AB,1,1987.0,SWE,W2356E100,20160630.0,SWE,06FTCX-E,68.32,LONDON,@NA,SE0001664707,B131GJ,Catena AB,1.0,0GVS-GB,0,SHARE,B290BJ0,L,Catena AB1.pdf,68.3,68
DE000A2YPDD0,,2768,VIB Vermoegen AG,1,2000.0,DEU,D8789N121,20051128.0,DEU,069TJM-E,68.32,XETRA,VIH1-DE,DE000A2YPDD0,BH4GH6,VIB Vermoegen AG,1.0,VIH1-DE,1,SHARE,BH4GH67,L,VIB Vermoegen AG1.pdf,68.3,68
MYL5249OO007,,2769,IOI Properties Group Bhd.,1,2013.0,MYS,Y417A6104,20140115.0,MYS,0DJ1V3-E,68.1,MALAYSIA,5249-MY,MYL5249OO007,BH7JFJ,IOI Properties Group Bhd.,1.0,5249-MY,1,SHARE,BH7JFJ2,L,IOI Properties Group Bhd.2.pdf,68.1,68
JO3108211017,,2770,Arab East Investment,1,1995.0,JOR,M1360R108,20030813.0,JOR,065JQH-E,68.1,AMMAN,AEIV-JO,JO3108211017,667787,Arab East Investment,1.0,AEIV-JO,1,SHARE,6677873,L,Arab East Investment1.pdf,68.1,68
US42250P1030,,2771,"Healthpeak Properties, Inc.",1,1985.0,USA,42250P103,19850523.0,USA,000LKT-E,68.2,NYSE,PEAK-US,US42250P1030,42250P10,"Healthpeak Properties, Inc.",1.0,PEAK-US,1,SHARE,BJBLRK3,L,"Healthpeak Properties, Inc.1.pdf",68.2,68
MYL8893OO009,,2772,MK Land Holdings Bhd.,1,1978.0,MYS,Y6133A131,19940118.0,MYS,05J2L5-E,68.1,MALAYSIA,8893-MY,MYL8893OO009,668011,MK Land Holdings Bhd.,1.0,8893-MY,1,SHARE,6680116,L,MK Land Holdings Bhd.2.pdf,68.1,68
MYL8923OO004,,2773,Jiankun International Bhd,1,1983.0,MYS,Y8585F105,19940118.0,MYS,@NA,68.1,MALAYSIA,8923-MY,MYL8923OO004,618579,Jiankun International Bhd,1.0,8923-MY,1,SHARE,6185796,L,Jiankun International Bhd1.pdf,68.1,68
AU000000UOS4,,2774,United Overseas Australia Ltd,1,1987.0,AUS,Q9317H103,20071219.0,AUS,06HKBK-E,68.1,SINGAPORE,@NA,AU000000UOS4,691675,United Overseas Australia Ltd,1.0,EH5-SG,0,SHARE,B2NDKB0,L,United Overseas Australia Ltd3.pdf,68.1,68
INE0AJG01018,,2775,Hemisphere Properties India Ltd.,1,2005.0,IND,Y3127U108,20201022.0,IND,@NA,68.31,BSE INDIA,@NA,INE0AJG01018,BJVQH7,Hemisphere Properties India Ltd.,1.0,543242-IN,1,SHARE,BJVQH75,L,Hemisphere Properties India Ltd.1.pdf,68.3,68
SG1DA7000003,,2776,EC World Real Estate Investment Trust,1,2015.0,SGP,Y2245K109,20160728.0,SGP,0GF0BC-E,68.2,SINGAPORE,BWCU-SG,SG1DA7000003,BD3DS8,EC World Real Estate Investment Trust,1.0,BWCU-SG,1,SHARE,BD3DS80,L,EC World Real Estate Investment Trust1.pdf,68.2,68
KYG812901018,,2777,"Shinsun Holdings (Group) Co. , Ltd.",1,1995.0,HKG,G81290101,20201118.0,CHN,0MFC3K-E,68.1,HONG KONG,2599-HK,KYG812901018,BMCKSQ,"Shinsun Holdings (Group) Co. , Ltd.",1.0,2599-HK,1,SHARE,BMCKSQ3,L,"Shinsun Holdings (Group) Co. , Ltd.1.pdf",68.1,68
US0534841012,,2778,"AvalonBay Communities, Inc.",1,1978.0,USA,053484101,19940311.0,USA,000CNK-E,68.2,NYSE,AVB-US,US0534841012,05348410,"AvalonBay Communities, Inc.",1.0,AVB-US,1,SHARE,2131179,L,"AvalonBay Communities, Inc.1.pdf",68.2,68
DE000A0MW975,,2779,Fair Value REIT-AG,1,2004.0,DEU,D2714M100,20121121.0,DEU,06YQXB-E,68.2,LONDON,@NA,DE000A0MW975,B298W3,Fair Value REIT-AG,1.0,0NAG-GB,0,SHARE,B29HR26,L,Fair Value REIT-AG1.pdf,68.2,68
KYG8763X1189,,2780,Capital World Ltd.,1,2013.0,SGP,G8763X118,20140730.0,SGP,0H0VWN-E,68.1,SINGAPORE,1D5-SG,KYG8763X1189,BD3765,Capital World Ltd.,1.0,1D5-SG,1,SHARE,BD37655,L,Capital World Ltd.1.pdf,68.1,68
TW0002505005,,2781,"Kuo Yang Construction Co., Ltd.",1,1972.0,TWN,Y50571101,19900626.0,TWN,05J5KZ-E,68.1,TAIWAN,2505-TW,TW0002505005,649780,"Kuo Yang Construction Co., Ltd.",1.0,2505-TW,1,SHARE,6497800,L,"Kuo Yang Construction Co., Ltd.1.pdf",68.1,68
KYG6130M1042,,2782,Million Cities Holdings Ltd.,1,2016.0,HKG,G6130M104,20181220.0,HKG,0JQLVR-E,68.1,HONG KONG,@NA,KYG6130M1042,BHX9J5,Million Cities Holdings Ltd.,1.0,2892-HK,1,SHARE,BHX9J50,L,Million Cities Holdings Ltd.3.pdf,68.1,68
SG1O24911883,,2783,Ying Li International Real Estate Limited,1,1993.0,SGP,Y8103H104,20030728.0,SGP,07HL2W-E,68.1,SINGAPORE,5DM-SG,SG1O24911883,667151,Ying Li International Real Estate Limited,1.0,5DM-SG,1,SHARE,6671518,L,Ying Li International Real Estate Limited1.pdf,68.1,68
JP3167440001,,2784,"AMG HOLDINGS CO.,LTD.",1,1986.0,JPN,J8659X104,20010719.0,JPN,06G52C-E,68.31,TOKYO,@NA,JP3167440001,637075,"AMG HOLDINGS CO.,LTD.",1.0,8891-JP,1,SHARE,6370752,L,"AMG HOLDINGS CO.,LTD.2.pdf",68.3,68
ROPRIBACNOR1,,2785,Primcom SA,1,1991.0,ROU,X6S29P102,20090227.0,ROU,@NA,68.32,BUCHAREST SPOT,@NA,ROPRIBACNOR1,B3KYK8,Primcom SA,1.0,PRIB-RO,1,SHARE,B3KYK80,L,Primcom SA1.pdf,68.3,68
KYG5267M1015,,2786,Kingwell Group Limited,1,2000.0,HKG,G5267M101,20010517.0,HKG,05WRTM-E,68.1,HONG KONG,1195-HK,KYG5267M1015,635234,Kingwell Group Limited,1.0,1195-HK,1,SHARE,6352341,L,Kingwell Group Limited1.pdf,68.1,68
CA1264621006,,2787,CT Real Estate Investment Trust,1,2013.0,CAN,126462100,20161201.0,CAN,00FPF4-E,68.2,US OTC,@NA,CA1264621006,BFSRSC,CT Real Estate Investment Trust,1.0,CTRRF-US,0,SHARE,BYWF6Y6,L,CT Real Estate Investment Trust1.pdf,68.2,68
KYG207681001,,2788,Central China Real Estate Limited,1,1992.0,HKG,G20768100,20080606.0,HKG,00B7YG-E,68.1,HONG KONG,832-HK,KYG207681001,B2RDS3,Central China Real Estate Limited,1.0,832-HK,1,SHARE,B2RDS34,L,Central China Real Estate Limited1.pdf,68.1,68
KYG9898C1024,,2789,Zhongliang Holdings Group Company Limited,1,2018.0,HKG,G9898C102,20191216.0,CHN,0K9BRV-E,68.1,HONG KONG CONNECT  - SHANGHAI,2772-HSC,KYG9898C1024,BKKJC8,Zhongliang Holdings Group Company Limited,1.0,@NA,0,SHARE,BL6XTX5,L,Zhongliang Holdings Group Company Limited1.pdf,68.1,68
AU000000GMG2,,2790,Goodman Group,1,1989.0,AUS,Q4229W132,20080213.0,AUS,062QWJ-E,68.2,US OTC,@NA,AU000000GMG2,B03FYZ,Goodman Group,1.0,GMGSF-US,0,SHARE,B0VY550,L,Goodman Group1.pdf,68.2,68
SG1U27933225,,2791,First Real Estate Investment Trust,1,2006.0,SGP,Y2560E100,20080208.0,SGP,06S6XR-E,68.2,US OTC,@NA,SG1U27933225,B1L0H7,First Real Estate Investment Trust,1.0,FESNF-US,0,SHARE,B1VK179,L,First Real Estate Investment Trust2.pdf,68.2,68
DE000A1ML7J1,,2792,Vonovia SE,1,1998.0,DEU,D9581T100,20130711.0,DEU,05VHK5-E,68.32,XETRA,VNA-DE,DE000A1ML7J1,BBJPFY,Vonovia SE,1.0,VNA-DE,1,SHARE,BBJPFY1,L,Vonovia SE1.pdf,68.3,68
EE3100006040,,2793,Pro Kapital Grupp AS,1,1994.0,EST,X69797102,20121123.0,EST,08GLY7-E,68.31,OMX BALTIC TALLINN,PKG1T-EE,EE3100006040,B05BRV,Pro Kapital Grupp AS,1.0,PKG1T-EE,1,SHARE,B05BRV7,L,Pro Kapital Grupp AS1.pdf,68.3,68
US98159N1028,,2794,Worldwide Holdings Corp.,0,1988.0,USA,98159N102,19890519.0,USA,@NA,68.2,US OTC,@NA,US98159N1028,98159N10,Worldwide Holdings Corp.,1.0,WWDH-US,1,SHARE,2684167,L,Worldwide Holdings Corp.1.pdf,68.2,68
BMG6144P1014,,2795,Minmetals Land Limited,1,1991.0,HKG,G6144P101,19920528.0,HKG,003JM0-E,68.1,HONG KONG,230-HK,BMG6144P1014,650847,Minmetals Land Limited,1.0,230-HK,1,SHARE,6508478,L,Minmetals Land Limited2.pdf,68.1,68
VN000000HAR3,,2796,An Duong Thao Dien Real Estate Trading Investment JSC,1,2007.0,VNM,Y0122R106,20130117.0,VNM,0CW4TS-E,68.32,VIETNAM,HAR-VN,VN000000HAR3,B99G7P,An Duong Thao Dien Real Estate Trading Investment JSC,1.0,HAR-VN,1,SHARE,B99G7P5,L,An Duong Thao Dien Real Estate Trading Investment JSC2.pdf,68.3,68
SGXC39411175,,2797,United Hampshire US Real Estate Investment Trust,1,,SGP,Y92123101,20200312.0,SGP,0M3956-E,68.2,SINGAPORE,ODBU-SG,SGXC39411175,BLH0VB,United Hampshire US Real Estate Investment Trust,1.0,ODBU-SG,1,SHARE,BLH0VB7,L,United Hampshire US Real Estate Investment Trust1.pdf,68.2,68
FDS0E56M,,2798,Swiss Estates AG,1,1997.0,CHE,FDS0E56M6,,CHE,009C36-E,68.32,@NA,@NA,@NA,B1KJDP,Swiss Estates AG,1.0,@NA,0,SHARE,@NA,L,Swiss Estates AG2.pdf,68.3,68
NO0010716418,,2799,Entra ASA,1,2012.0,NOR,R2R8A2105,20141210.0,NOR,0DX3LP-E,68.32,LONDON,@NA,NO0010716418,BRJ2VC,Entra ASA,1.0,0R3Y-GB,0,SHARE,BT6SJ36,L,Entra ASA1.pdf,68.3,68
KYG319891092,,2800,ESR Group Limited,1,2006.0,HKG,G31989109,20210125.0,HKG,0H7R3K-E,68.32,US OTC,@NA,KYG319891092,BHNCRK,ESR Group Limited,1.0,ESRCF-US,0,SHARE,BN4Q112,L,ESR Group Limited1.pdf,68.3,68
PHY7748A1026,,2801,"Anchor Land Holdings, Inc.",1,2004.0,PHL,Y7748A102,20070808.0,PHL,06W4H0-E,68.1,PHILIPPINES,ALHI-PH,PHY7748A1026,B23KRX,"Anchor Land Holdings, Inc.",1.0,ALHI-PH,1,SHARE,B23KRX2,L,"Anchor Land Holdings, Inc.2.pdf",68.1,68
US74460D1090,,2802,Public Storage,1,1972.0,USA,74460D109,19841105.0,USA,00101M-E,68.2,NYSE,PSA-US,US74460D1090,74460D10,Public Storage,1.0,PSA-US,1,SHARE,2852533,L,Public Storage2.pdf,68.2,68
KYG4100M1050,,2803,Greentown China Holdings Ltd.,1,1995.0,HKG,G4100M105,,CHN,008FF6-E,68.1,US OTC,@NA,KYG4100M1050,B17N9P,Greentown China Holdings Ltd.,1.0,GTWCF-US,0,SHARE,B1BC818,L,Greentown China Holdings Ltd.1.pdf,68.1,68
HK0225001145,,2804,Pokfulam Development Co. Ltd.,1,1970.0,HKG,Y70513109,19850102.0,HKG,05JFBY-E,68.32,HONG KONG,225-HK,HK0225001145,669333,Pokfulam Development Co. Ltd.,1.0,225-HK,1,SHARE,6693330,L,Pokfulam Development Co. Ltd.2.pdf,68.3,68
MYL5020OO002,,2805,Glomac Bhd.,1,1983.0,MYS,Y27261109,20000613.0,MYS,05K1DY-E,68.1,MALAYSIA,5020-MY,MYL5020OO002,626165,Glomac Bhd.,1.0,5020-MY,1,SHARE,6261652,L,Glomac Bhd.1.pdf,68.1,68
AU0000058943,,2806,HMC Capital Limited,1,2008.0,AUS,Q46597102,20191014.0,AUS,0LGFTK-E,68.31,ASX,HMC-AU,AU0000058943,BJRBL6,HMC Capital Limited,1.0,HMC-AU,1,SHARE,BJRBL61,L,HMC Capital Limited1.pdf,68.3,68
SG1R95002270,,2807,GuocoLand Limited,1,1976.0,SGP,Y29599100,19850102.0,SGP,05J1S6-E,68.1,SINGAPORE,F17-SG,SG1R95002270,678673,GuocoLand Limited,1.0,F17-SG,1,SHARE,6786735,L,GuocoLand Limited1.pdf,68.1,68
GB0006928617,,2808,UNITE Group plc,1,1996.0,GBR,G9283N101,20161116.0,GBR,05J0C0-E,68.32,US OTC,@NA,GB0006928617,069286,UNITE Group plc,1.0,UTGPF-US,0,SHARE,B3BK4M9,L,UNITE Group plc1.pdf,68.3,68
ID1000166309,,2809,PT Adhi Commuter Properti Tbk,1,2018.0,IDN,Y002KH109,20220223.0,IDN,0L5ZGV-E,68.1,INDONESIA,ADCP-ID,ID1000166309,BN6NFK,PT Adhi Commuter Properti Tbk,1.0,ADCP-ID,1,SHARE,BN6NFK8,L,PT Adhi Commuter Properti Tbk1.pdf,68.1,68
NZARGE0010S7,,2810,Argosy Property Limited,1,2002.0,NZL,Q0525Z126,20021204.0,NZL,0066GZ-E,68.32,NEW ZEALAND,ARG-NZ,NZARGE0010S7,B6ZFBN,Argosy Property Limited,1.0,ARG-NZ,1,SHARE,B6ZFBN1,L,Argosy Property Limited1.pdf,68.3,68
HK0000132420,,2811,Great China Holdings (Hong Kong) Limited,1,1954.0,HKG,Y9529X103,19850102.0,HKG,05JG4S-E,68.31,HONG KONG,@NA,HK0000132420,B95DPD,Great China Holdings (Hong Kong) Limited,1.0,21-HK,1,SHARE,B95DPD4,L,Great China Holdings (Hong Kong) Limited1.pdf,68.3,68
OM0000001665,,2812,Dhofar Tourism Co. SAOG,1,1993.0,OMN,M28065106,20010309.0,OMN,00BQLT-E,68.32,OMAN,@NA,OM0000001665,626944,Dhofar Tourism Co. SAOG,1.0,DTCS-OM,1,SHARE,6269441,L,Dhofar Tourism Co. SAOG3.pdf,68.3,68
FDS0WMTK,,2813,"Hines Global Income Trust, Inc.",1,2013.0,@NA,FDS0WMTK8,,USA,00FPJM-E,68.2,@NA,@NA,@NA,@NA,"Hines Global Income Trust, Inc.",1.0,@NA,0,SHARE,@NA,L,"Hines Global Income Trust, Inc.1.pdf",68.2,68
SGXC37098255,,2814,Cromwell European Real Estate Investment Trust,1,2017.0,SGP,Y1867K124,20180416.0,SGP,0HBQG3-E,68.2,SINGAPORE,@NA,SGXC37098255,BL9YQK,Cromwell European Real Estate Investment Trust,1.0,@NA,0,SHARE,BL9YQM3,L,Cromwell European Real Estate Investment Trust1.pdf,68.2,68
TH8406010000,,2815,Bhiraj Office Leasehold Real Estate Investment Trust,1,,THA,Y0885J119,20180123.0,THA,0H9VZQ-E,68.2,THAILAND,BOFFICE-TH,TH8406010000,BDZ9WD,Bhiraj Office Leasehold Real Estate Investment Trust,1.0,BOFFICE-TH,1,SHARE,BDZ9WD9,L,Bhiraj Office Leasehold Real Estate Investment Trust1.pdf,68.2,68
AU000000INA9,,2816,Ingenia Communities Group,1,2003.0,AUS,Q4912D185,20200220.0,AUS,0066JF-E,68.2,US OTC,@NA,AU000000INA9,B84GSC,Ingenia Communities Group,1.0,INGEF-US,0,SHARE,BJP0FV3,L,Ingenia Communities Group1.pdf,68.2,68
NZWINE0003S1,,2817,Winton Land Limited,1,2009.0,NZL,FDS1QKNT4,20211217.0,NZL,@NA,68.1,ASX,@NA,NZWINE0003S1,BMFSQS,Winton Land Limited,1.0,WTN-AU,0,SHARE,BMFSQT3,L,Winton Land Limited1.pdf,68.1,68
KYG5322R1039,,2818,KWG Living Group Holdings Limited,1,2019.0,HKG,G5322R103,20201030.0,CHN,@NA,68.31,HONG KONG,3913-HK,KYG5322R1039,BLPJPQ,KWG Living Group Holdings Limited,1.0,3913-HK,1,SHARE,BLPJPQ9,L,KWG Living Group Holdings Limited1.pdf,68.3,68
HK0108000628,,2819,GR Properties Limited,1,1973.0,HKG,Y2896G100,19871126.0,HKG,05JQJS-E,68.31,HONG KONG,@NA,HK0108000628,615149,GR Properties Limited,1.0,108-HK,1,SHARE,6151496,L,GR Properties Limited2.pdf,68.3,68
KR7123890006,,2820,KOREA ASSET IN TRUST CO. LTD,1,2001.0,KOR,Y4S1A0101,20160713.0,KOR,090M1Q-E,68.2,KOREA,123890-KR,KR7123890006,BD6NPN,KOREA ASSET IN TRUST CO. LTD,1.0,123890-KR,1,SHARE,BD6NPN1,L,KOREA ASSET IN TRUST CO. LTD1.pdf,68.2,68
MYL5106TO008,,2821,Axis Real Estate Investment Trust,1,2005.0,MYS,Y05193100,20050803.0,MYS,066PRK-E,68.2,MALAYSIA,5106-MY,MYL5106TO008,B0CMCL,Axis Real Estate Investment Trust,1.0,5106-MY,1,SHARE,B0CMCL8,L,Axis Real Estate Investment Trust1.pdf,68.2,68
KYG011981035,,2822,Agile Group Holdings Limited,1,2005.0,HKG,G01198103,20161205.0,CHN,007T6N-E,68.1,HONG KONG CONNECT - SHENZHEN,3383-SZSC,KYG011981035,B0PR2F,Agile Group Holdings Limited,1.0,@NA,0,SHARE,BD8NMJ4,L,Agile Group Holdings Limited1.pdf,68.1,68
KYG2177B1014,,2823,CK Asset Holdings Limited,1,2015.0,HKG,G2177B101,20150608.0,HKG,0FDNKL-E,68.1,US OTC,@NA,KYG2177B1014,BYZQ07,CK Asset Holdings Limited,1.0,CHKGF-US,0,SHARE,BZ60MS0,L,CK Asset Holdings Limited3.pdf,68.1,68
AU000000GPT8,,2824,GPT Group,0,1971.0,AUS,Q4252X155,,AUS,060D92-E,68.2,BERNE,@NA,AU000000GPT8,636586,GPT Group,1.0,46T-CH,0,SHARE,BHZLHN8,L,GPT Group1.pdf,68.2,68
LU0775917882,,2825,Grand City Properties SA,1,2011.0,DEU,L4459Y100,20170524.0,LUX,0CLB0C-E,68.32,LONDON,@NA,LU0775917882,B8K9X7,Grand City Properties SA,1.0,0RPK-GB,0,SHARE,BF2K2Z1,L,Grand City Properties SA2.pdf,68.3,68
PLECHPS00019,,2826,Echo Investment S.A.,1,1994.0,POL,X1896T105,20081021.0,POL,05J4FG-E,68.31,LONDON,@NA,PLECHPS00019,B19HLL,Echo Investment S.A.,1.0,0LTK-GB,0,SHARE,B28GW52,L,Echo Investment S.A.2.pdf,68.3,68
KYG2751H1020,,2827,Dexin China Holdings Company Limited,1,1995.0,HKG,G2751H102,20190226.0,CHN,0JZR65-E,68.1,HONG KONG,2019-HK,KYG2751H1020,BJNFPR,Dexin China Holdings Company Limited,1.0,2019-HK,1,SHARE,BJNFPR6,L,Dexin China Holdings Company Limited1.pdf,68.1,68
US0152711091,,2828,"Alexandria Real Estate Equities, Inc.",1,1994.0,USA,015271109,19970528.0,USA,001M8L-E,68.2,NYSE,ARE-US,US0152711091,01527110,"Alexandria Real Estate Equities, Inc.",1.0,ARE-US,1,SHARE,2009210,L,"Alexandria Real Estate Equities, Inc.1.pdf",68.2,68
BG1100036042,,2829,Fund Estates REIT,0,2004.0,BGR,X071A9104,20171214.0,BGR,@NA,68.2,LONDON,@NA,BG1100036042,B0WD8K,Fund Estates REIT,1.0,0NU9-GB,0,SHARE,B28FF27,L,Fund Estates REIT3.pdf,68.2,68
KR7404990004,,2830,"Shinhan Seobu T&D REIT Co., Ltd.",1,2020.0,KOR,Y77532102,20211210.0,KOR,@NA,68.2,KOREA,404990-KR,KR7404990004,BMHYQX,"Shinhan Seobu T&D REIT Co., Ltd.",1.0,404990-KR,1,SHARE,BMHYQX3,L,"Shinhan Seobu T&D REIT Co., Ltd.1.pdf",68.2,68
PHY6956R1380,,2831,Philippine Realty & Holdings Corporation,1,1981.0,PHL,Y6956R138,19950424.0,PHL,@NA,68.31,PHILIPPINES,RLT-PH,PHY6956R1380,BYY7PF,Philippine Realty & Holdings Corporation,1.0,RLT-PH,1,SHARE,BYY7PF4,L,Philippine Realty & Holdings Corporation1.pdf,68.3,68
GB00B1G5HX72,,2832,LSL Property Services plc,1,2004.0,GBR,G571AR102,20061116.0,GBR,008SG2-E,68.31,LONDON,LSL-GB,GB00B1G5HX72,B1G5HX,LSL Property Services plc,1.0,LSL-GB,1,SHARE,B1G5HX7,L,LSL Property Services plc1.pdf,68.3,68
FDS14QV0,,2833,"Financial Street Property Co., Limited",1,1994.0,HKG,FDS14QV09,,CHN,@NA,68.31,@NA,@NA,@NA,BLFBX2,"Financial Street Property Co., Limited",1.0,@NA,0,SHARE,@NA,L,"Financial Street Property Co., Limited1.pdf",68.3,68
US25525P1075,,2834,Diversified Healthcare Trust,1,1998.0,USA,25525P107,19991007.0,USA,0029JY-E,68.2,NASDAQ,DHC-US,US25525P1075,25525P10,Diversified Healthcare Trust,1.0,DHC-US,1,SHARE,BKRN595,L,Diversified Healthcare Trust1.pdf,68.2,68
HK0119000674,,2835,Poly Property Group Co. Ltd.,1,1973.0,HKG,Y7064G105,19850102.0,HKG,05J4JD-E,68.1,HONG KONG,119-HK,HK0119000674,622098,Poly Property Group Co. Ltd.,1.0,119-HK,1,SHARE,6220987,L,Poly Property Group Co. Ltd.1.pdf,68.1,68
BW0000000314,,2836,Turnstar Holdings Limited,1,2002.0,BWA,V8853F103,20040120.0,BWA,06WM3Z-E,68.32,BOTSWANA,@NA,BW0000000314,673177,Turnstar Holdings Limited,1.0,TURNSTAR-BW,1,SHARE,6731779,L,Turnstar Holdings Limited1.pdf,68.3,68
SE0011166974,,2837,Fabege AB,1,1947.0,SWE,W7888D199,20071009.0,SWE,064H2S-E,68.32,FRANKFURT,@NA,SE0011166974,BFM6T3,Fabege AB,1.0,WILC-DE,0,SHARE,BFYGWS0,L,Fabege AB1.pdf,68.3,68
HK0004000045,,2838,Wharf (Holdings) Ltd.,1,1886.0,HKG,Y8800U127,20141117.0,HKG,003JR2-E,68.1,HONG KONG CONNECT  - SHANGHAI,4-HSC,HK0004000045,643557,Wharf (Holdings) Ltd.,1.0,@NA,0,SHARE,BP3RR01,L,Wharf (Holdings) Ltd.1.pdf,68.1,68
BE0003853703,,2839,MONTEA NV,1,1977.0,BEL,B6214F103,20061017.0,BEL,008PW5-E,68.2,EURONEXT BRUSSELS,MONT-BE,BE0003853703,B1FWD6,MONTEA NV,1.0,MONT-BE,1,SHARE,B1FWD64,L,MONTEA NV1.pdf,68.2,68
ZAE000208963,,2840,Stor-Age Property REIT Ltd.,1,2015.0,ZAF,S8T34K107,20151116.0,ZAF,0FWNPP-E,68.2,JSE,SSS-ZA,ZAE000208963,BYPJX2,Stor-Age Property REIT Ltd.,1.0,SSS-ZA,1,SHARE,BYPJX22,L,Stor-Age Property REIT Ltd.2.pdf,68.2,68
PLTWRNV00013,,2841,Tower Investments SA,1,2005.0,POL,X9815L103,20160712.0,POL,@NA,68.32,WARSAW,TOW-PL,PLTWRNV00013,BY7RL1,Tower Investments SA,1.0,TOW-PL,1,SHARE,BY7RL19,L,Tower Investments SA1.pdf,68.3,68
US8754651060,,2842,"Tanger Factory Outlet Centers, Inc.",1,1981.0,USA,875465106,20180129.0,USA,000X6S-E,68.2,LONDON,@NA,US8754651060,87546510,"Tanger Factory Outlet Centers, Inc.",1.0,0LD4-GB,0,SHARE,BG060B0,L,"Tanger Factory Outlet Centers, Inc.1.pdf",68.2,68
TH6172010006,,2843,Frasers Property Thailand Industrial Freehold & Leasehold REIT,1,2014.0,THA,Y8812J102,20150109.0,THA,0F0KSD-E,68.2,THAILAND,FTREIT-TH,TH6172010006,BV9DDJ,Frasers Property Thailand Industrial Freehold & Leasehold REIT,1.0,FTREIT-TH,1,SHARE,BV9DDJ6,L,Frasers Property Thailand Industrial Freehold & Leasehold REIT2.pdf,68.2,68
KYG7459A1013,,2844,Redsun Properties Group Ltd.,1,1999.0,HKG,G7459A101,20180712.0,CHN,0JBS7B-E,68.1,HONG KONG,1996-HK,KYG7459A1013,BG20RZ,Redsun Properties Group Ltd.,1.0,1996-HK,1,SHARE,BG20RZ3,L,Redsun Properties Group Ltd.1.pdf,68.1,68
GG00BMDHST63,,2845,Grit Real Estate Income Group Limited,1,2012.0,GBR,G41036107,20150331.0,MUS,0CQTBX-E,68.32,MAURITIUS,DEL.USD-MU,GG00BMDHST63,BMDHST,Grit Real Estate Income Group Limited,1.0,DEL.USD-MU,0,SHARE,BMBSDG3,L,Grit Real Estate Income Group Limited1.pdf,68.3,68
BE0003851681,,2846,Aedifica SA,0,2005.0,BEL,B0130A108,,BEL,008PX8-E,68.2,EURONEXT AMSTERDAM,@NA,BE0003851681,B1G5XP,Aedifica SA,1.0,@NA,0,SHARE,BJXT7X8,L,Aedifica SA1.pdf,68.2,68
SG1AH9000002,,2847,LHN Limited,1,1991.0,SGP,Y5274J109,20171229.0,SGP,0FDNJZ-E,68.32,HONG KONG,@NA,SG1AH9000002,BWTV88,LHN Limited,1.0,1730-HK,0,SHARE,BD96B84,L,LHN Limited1.pdf,68.3,68
LK0133N00005,,2848,Overseas Realty (Ceylon) Plc,1,1980.0,LKA,Y6589S107,19930128.0,LKA,06J3BF-E,68.1,COLOMBO,OSEA.N0000-LK,LK0133N00005,666359,Overseas Realty (Ceylon) Plc,1.0,OSEA.N0000-LK,1,SHARE,6663593,L,Overseas Realty (Ceylon) Plc1.pdf,68.1,68
GB00BK7YQK64,,2849,Hammerson plc,1,1940.0,GBR,G4273Q164,19850102.0,GBR,05HM7N-E,68.2,LONDON,HMSO-GB,GB00BK7YQK64,BK7YQK,Hammerson plc,1.0,HMSO-GB,1,SHARE,BK7YQK6,L,Hammerson plc1.pdf,68.2,68
TH0696010Z05,,2850,Charn Issara Development Public Co. Ltd.,1,1989.0,THA,Y1295G133,20021216.0,THA,05TJQ1-E,68.1,THAILAND,CI-TH,TH0696010Z05,BCRVWT,Charn Issara Development Public Co. Ltd.,1.0,CI-TH,1,SHARE,BCRVWT2,L,Charn Issara Development Public Co. Ltd.2.pdf,68.1,68
US6496048405,,2851,"New York Mortgage Trust, Inc.",1,2003.0,USA,649604840,20040624.0,USA,005B20-E,68.2,NASDAQ,NYMT-US,US6496048405,64960484,"New York Mortgage Trust, Inc.",1.0,NYMT-US,1,SHARE,BR4NQJ4,L,"New York Mortgage Trust, Inc.2.pdf",68.2,68
GB00BF52QY14,,2852,Mirriad Advertising plc,1,2015.0,GBR,G6192S106,20171219.0,GBR,@NA,73.11,LONDON,MIRI-GB,GB00BF52QY14,BF52QY,Mirriad Advertising plc,1.0,MIRI-GB,1,SHARE,BF52QY1,M,Mirriad Advertising plc1.pdf,73.1,73
SGXE57819042,,2853,Aedge Group Limited,1,2000.0,SGP,Y2260N103,20201214.0,SGP,0M5ZXX-E,71.12,SINGAPORE,@NA,SGXE57819042,BKVKQS,Aedge Group Limited,1.0,XVG-SG,1,SHARE,BKVKQS8,M,Aedge Group Limited1.pdf,71.1,71
IT0005425365,,2854,Promotica S.P.A.,1,2003.0,ITA,T7S661102,20201127.0,ITA,0HQLLJ-E,73.11,MILAN,PMT-IT,IT0005425365,BMYDK9,Promotica S.P.A.,1.0,PMT-IT,1,SHARE,BMYDK97,M,Promotica S.P.A.3.pdf,73.1,73
TW0006146004,,2855,Sporton International Inc.,1,1986.0,TWN,Y8129X109,20020123.0,TWN,0641S3-E,71.2,TAIPEI,6146-TW,TW0006146004,643138,Sporton International Inc.,1.0,6146-TW,1,SHARE,6431381,M,Sporton International Inc.1.pdf,71.2,71
AU000000DOW2,,2856,Downer EDI Limited,1,1933.0,AUS,Q32623151,19910215.0,AUS,05HR5C-E,71.12,ASX,DOW-AU,AU000000DOW2,646557,Downer EDI Limited,1.0,DOW-AU,1,SHARE,6465573,M,Downer EDI Limited1.pdf,71.1,71
SE0002402701,,2857,Ework Group AB,1,2000.0,SWE,W3287L106,20170411.0,SWE,077KSC-E,74.9,LONDON,@NA,SE0002402701,B2R89B,Ework Group AB,1.0,0MCB-GB,0,SHARE,B61D8G1,M,Ework Group AB1.pdf,74.9,74
US0936711052,,2858,"H&R Block, Inc.",1,1955.0,USA,093671105,20180129.0,USA,000LCV-E,69.2,LONDON,@NA,US0936711052,09367110,"H&R Block, Inc.",1.0,0HOB-GB,0,SHARE,BYZHFF3,M,"H&R Block, Inc.2.pdf",69.2,69
INE07L501010,,2859,DMR Hydroengineering & Infrastructures Ltd.,1,2009.0,IND,Y208AB106,20211207.0,IND,@NA,71.12,BSE INDIA,@NA,INE07L501010,BM8F3R,DMR Hydroengineering & Infrastructures Ltd.,1.0,543410-IN,1,SHARE,BM8F3R8,M,DMR Hydroengineering & Infrastructures Ltd.1.pdf,71.1,71
US30234L1089,,2860,Ezagoo Limited,1,2018.0,USA,30234L108,20200213.0,CHN,0KD8BB-E,73.11,US OTC,@NA,US30234L1089,30234L10,Ezagoo Limited,1.0,EZOO-US,1,SHARE,BLJMMF2,M,Ezagoo Limited2.pdf,73.1,73
AU000000WOR2,,2861,Worley Limited,1,1971.0,AUS,Q9858A103,20040512.0,AUS,05KYZD-E,71.12,US OTC,@NA,AU000000WOR2,656247,Worley Limited,1.0,WYGPF-US,0,SHARE,B04KKL6,M,Worley Limited1.pdf,71.1,71
KYG2124M1015,,2862,China Conch Environment Protection Holdings Ltd.,1,2020.0,HKG,G2124M101,20230314.0,CHN,@NA,74.9,HONG KONG CONNECT  - SHANGHAI,@NA,KYG2124M1015,BNM1NF,China Conch Environment Protection Holdings Ltd.,1.0,@NA,0,SHARE,BNZJ198,M,China Conch Environment Protection Holdings Ltd.1.pdf,74.9,74
US8608372020,,2863,"Stinger Systems, Inc.",0,1996.0,USA,860837202,20041111.0,USA,@NA,72.11,US OTC,@NA,US8608372020,86083720,"Stinger Systems, Inc.",1.0,STYS-US,1,SHARE,B03NQY1,M,"Stinger Systems, Inc.2.pdf",72.1,72
FDSFD941,,2864,CCID Consulting Co. Ltd.,1,2001.0,HKG,FDSFD9414,,CHN,@NA,70.22,@NA,@NA,@NA,657179,CCID Consulting Co. Ltd.,1.0,@NA,0,SHARE,@NA,M,CCID Consulting Co. Ltd.1.pdf,70.2,70
SG2B95959500,,2865,Asia Vets Holdings Ltd.,1,2010.0,SGP,Y806B0100,20100719.0,SGP,09WVRW-E,75.0,SINGAPORE,5RE-SG,SG2B95959500,B4KLGT,Asia Vets Holdings Ltd.,1.0,5RE-SG,1,SHARE,B4KLGT1,M,Asia Vets Holdings Ltd.1.pdf,75.0,75
DE0005232805,,2866,Bertrandt AG,1,1996.0,DEU,D1014N107,19961002.0,DEU,05J29B-E,71.12,XETRA,BDT-DE,DE0005232805,513086,Bertrandt AG,1.0,BDT-DE,1,SHARE,5130861,M,Bertrandt AG2.pdf,71.1,71
MYQ0151OO009,,2867,Kelington Group Bhd.,1,1999.0,MYS,Y4594C100,20091125.0,MYS,00C8L9-E,71.12,MALAYSIA,0151-MY,MYQ0151OO009,B59L1C,Kelington Group Bhd.,1.0,0151-MY,1,SHARE,B59L1C7,M,Kelington Group Bhd.1.pdf,71.1,71
US72302T1007,,2868,"Pineapple Express, Inc.",1,1983.0,USA,72302T100,19981015.0,USA,002Q2V-E,74.9,US OTC,@NA,US72302T1007,72302T10,"Pineapple Express, Inc.",1.0,PNPL-US,1,SHARE,BYTC156,M,"Pineapple Express, Inc.1.pdf",74.9,74
GB0000617950,,2869,Aukett Swanke Group Plc,1,1987.0,GBR,G0625Y137,19880303.0,GBR,009MKQ-E,71.11,LONDON,AUK-GB,GB0000617950,006179,Aukett Swanke Group Plc,1.0,AUK-GB,1,SHARE,0061795,M,Aukett Swanke Group Plc1.pdf,71.1,71
US3434121022,,2870,Fluor Corporation,1,1912.0,USA,343412102,20180123.0,USA,0035XX-E,71.12,LONDON,@NA,US3434121022,34341210,Fluor Corporation,1.0,0IQC-GB,0,SHARE,BYZH5N1,M,Fluor Corporation1.pdf,71.1,71
KYG4612W1042,,2871,Hospital Corporation of China Ltd,1,2014.0,HKG,G4612W104,20170316.0,CHN,0GCN9V-E,70.1,HONG KONG,3869-HK,KYG4612W1042,BF0BR0,Hospital Corporation of China Ltd,1.0,3869-HK,1,SHARE,BF0BR06,M,Hospital Corporation of China Ltd3.pdf,70.1,70
GB00BL9BW044,,2872,FRP Advisory Group Plc,1,2019.0,GBR,G371BX103,20200306.0,GBR,0LV1SN-E,70.22,LONDON,FRP-GB,GB00BL9BW044,BL9BW0,FRP Advisory Group Plc,1.0,FRP-GB,1,SHARE,BL9BW04,M,FRP Advisory Group Plc1.pdf,70.2,70
KYG857AT1018,,2873,Imperium Financial Group Limited,1,2000.0,HKG,G857AT101,20001214.0,HKG,05JPW6-E,75.0,HONG KONG,8029-HK,KYG857AT1018,BFCLBV,Imperium Financial Group Limited,1.0,8029-HK,1,SHARE,BFCLBV3,M,Imperium Financial Group Limited1.pdf,75.0,75
FDS1KPOL,,2874,ECIT AS,1,2013.0,NOR,FDS1KPOL5,,NOR,0GK2Q4-E,69.2,@NA,@NA,@NA,BNXFRC,ECIT AS,1.0,@NA,0,SHARE,@NA,M,ECIT AS1.pdf,69.2,69
FDS1SJ57,,2875,"Mega-Info Media Co., Ltd.",1,2007.0,CHN,FDS1SJ573,,CHN,@NA,73.11,@NA,@NA,@NA,BPF0MK,"Mega-Info Media Co., Ltd.",1.0,@NA,0,SHARE,@NA,M,"Mega-Info Media Co., Ltd.1.pdf",73.1,73
MYQ0093OO003,,2876,Solution Group Bhd,1,2004.0,MYS,Y806A9102,20050801.0,MYS,@NA,72.11,MALAYSIA,@NA,MYQ0093OO003,B0CMCS,Solution Group Bhd,1.0,0093-MY,1,SHARE,B0CMCS5,M,Solution Group Bhd1.pdf,72.1,72
JP3197730009,,2877,"Digital Holdings, Inc.",1,1994.0,JPN,J61659108,20040213.0,JPN,05ZT6W-E,73.11,TOKYO,2389-JP,JP3197730009,673139,"Digital Holdings, Inc.",1.0,2389-JP,1,SHARE,6731393,M,"Digital Holdings, Inc.2.pdf",73.1,73
US36114R1077,,2878,"FutureNet, Inc.",0,1996.0,USA,36114R107,19960912.0,USA,@NA,74.9,US OTC,@NA,US36114R1077,36114R10,"FutureNet, Inc.",1.0,FUUN-US,0,SHARE,2110316,M,"FutureNet, Inc.1.pdf",74.9,74
KYG9143C1050,,2879,Twintek Investment Holdings Ltd.,1,2017.0,HKG,G9143C105,20180117.0,HKG,0H5HLX-E,71.12,HONG KONG,@NA,KYG9143C1050,BFNNRX,Twintek Investment Holdings Ltd.,1.0,6182-HK,1,SHARE,BFNNRX2,M,Twintek Investment Holdings Ltd.1.pdf,71.1,71
FDS1JT9A,,2880,"Paymentus Holdings, Inc.",1,2004.0,USA,FDS1JT9A0,,USA,@NA,69.2,@NA,@NA,@NA,70439P10,"Paymentus Holdings, Inc.",1.0,@NA,0,SHARE,@NA,M,"Paymentus Holdings, Inc.2.pdf",69.2,69
INE429F01012,,2881,SKIL Infrastructure Limited,1,1983.0,IND,Y36774100,20080218.0,IND,0GXYT4-E,71.12,NSE INDIA,@NA,INE429F01012,B2PLZ0,SKIL Infrastructure Limited,1.0,SKIL-IN,1,SHARE,B2PLZ06,M,SKIL Infrastructure Limited2.pdf,71.1,71
NO0010609662,,2882,Webstep AS,1,2011.0,NOR,R0R13G101,20171011.0,NOR,05M7M2-E,74.9,OSLO,WSTEP-NO,NO0010609662,BYWKX9,Webstep AS,1.0,WSTEP-NO,1,SHARE,BYWKX95,M,Webstep AS1.pdf,74.9,74
US8860292064,,2883,"Thryv Holdings, Inc.",1,2012.0,USA,886029206,20170405.0,USA,0D4F9Z-E,73.11,NASDAQ,THRY-US,US8860292064,88602920,"Thryv Holdings, Inc.",1.0,THRY-US,1,SHARE,BMCMWY5,M,"Thryv Holdings, Inc.1.pdf",73.1,73
US8962881079,,2884,"TriNet Group, Inc.",1,1988.0,USA,896288107,20140327.0,USA,002VQ2-E,70.22,NYSE,TNET-US,US8962881079,89628810,"TriNet Group, Inc.",1.0,TNET-US,1,SHARE,2693914,M,"TriNet Group, Inc.1.pdf",70.2,70
AU0000150526,,2885,Trajan Group Holdings Ltd,1,2011.0,AUS,Q9172A102,20210607.0,AUS,0NTD7N-E,70.1,ASX,TRJ-AU,AU0000150526,BMXT0M,Trajan Group Holdings Ltd,1.0,TRJ-AU,1,SHARE,BMXT0M9,M,Trajan Group Holdings Ltd1.pdf,70.1,70
NZSCLE0002S8,,2886,Scales Corp. Ltd.,1,1897.0,NZL,Q8337X106,20140725.0,NZL,0956S5-E,74.9,NEW ZEALAND,SCL-NZ,NZSCLE0002S8,BNGY4V,Scales Corp. Ltd.,1.0,SCL-NZ,1,SHARE,BNGY4V5,M,Scales Corp. Ltd.1.pdf,74.9,74
US08205P1003,,2887,Benitec Biopharma Inc,1,2019.0,USA,08205P100,20120712.0,USA,@NA,72.11,NASDAQ,BNTC-US,US08205P1003,08205P10,Benitec Biopharma Inc,1.0,BNTC-US,1,SHARE,BLR67G2,M,Benitec Biopharma Inc2.pdf,72.1,72
US1598641074,,2888,"Charles River Laboratories International, Inc.",1,1947.0,USA,159864107,20000623.0,USA,002Q0C-E,72.11,NYSE,CRL-US,US1598641074,15986410,"Charles River Laboratories International, Inc.",1.0,CRL-US,1,SHARE,2604336,M,"Charles River Laboratories International, Inc.1.pdf",72.1,72
MYL2283OO009,,2889,Zelan Bhd.,1,1976.0,MYS,Y9893B109,19850102.0,MYS,05J9WR-E,71.12,MALAYSIA,2283-MY,MYL2283OO009,690469,Zelan Bhd.,1.0,2283-MY,1,SHARE,6904690,M,Zelan Bhd.1.pdf,71.1,71
KYG5321E1035,,2890,KPa-BM Holdings Ltd,1,2015.0,HKG,G5321E103,20151008.0,HKG,0FNJ7P-E,71.12,HONG KONG,@NA,KYG5321E1035,BYTRFF,KPa-BM Holdings Ltd,1.0,2663-HK,1,SHARE,BYTRFF9,M,KPa-BM Holdings Ltd1.pdf,71.1,71
GB0007689002,,2891,Kin and Carta Plc,1,1981.0,GBR,G5S68Y106,19851003.0,GBR,05HYZJ-E,74.9,LONDON,KCT-GB,GB0007689002,076890,Kin and Carta Plc,1.0,KCT-GB,1,SHARE,0768900,M,Kin and Carta Plc1.pdf,74.9,74
BMG2751X1314,,2892,Daohe Global Group Limited,1,1964.0,HKG,G2751X131,20020510.0,HKG,05JLRV-E,74.9,HONG KONG,915-HK,BMG2751X1314,BF5KDN,Daohe Global Group Limited,1.0,915-HK,1,SHARE,BF5KDN3,M,Daohe Global Group Limited3.pdf,74.9,74
ZAE000123766,,2893,Stefanutti Stocks Holdings Limited,1,1971.0,ZAF,S8216R111,20070803.0,ZAF,06VVPS-E,71.12,JSE,SSK-ZA,ZAE000123766,B23N6B,Stefanutti Stocks Holdings Limited,1.0,SSK-ZA,1,SHARE,B23N6B2,M,Stefanutti Stocks Holdings Limited1.pdf,71.1,71
SG1U68934629,,2894,Keppel Corporation Limited,1,1968.0,SGP,Y4722Z120,19900731.0,SGP,05HWVR-E,71.12,US OTC,@NA,SG1U68934629,B1VQ5C,Keppel Corporation Limited,1.0,KPELF-US,0,SHARE,B1WT6F8,M,Keppel Corporation Limited1.pdf,71.1,71
KYG4102M1033,,2895,"Greentown Management Holdings Co., Ltd.",1,2016.0,HKG,G4102M103,20210927.0,CHN,0M2QPG-E,70.22,US OTC,@NA,KYG4102M1033,BKWGV1,"Greentown Management Holdings Co., Ltd.",1.0,GRMHF-US,0,SHARE,BMXG8C6,M,"Greentown Management Holdings Co., Ltd.1.pdf",70.2,70
HRSPANRA0007,,2896,SPAN d.d.,0,1993.0,HRV,X8T129102,20210923.0,HRV,@NA,74.9,ZAGREB,@NA,HRSPANRA0007,BNKJB6,SPAN d.d.,1.0,SPAN-HR,0,SHARE,BNKJB60,M,SPAN d.d.2.pdf,74.9,74
TH0634B10Z06,,2897,Brooker Group Public Co. Ltd.,1,1994.0,THA,Y0975F274,20010917.0,THA,@NA,74.9,THAILAND,BROOK-TH,TH0634B10Z06,BXQ95G,Brooker Group Public Co. Ltd.,1.0,BROOK-TH,1,SHARE,BXQ95G2,M,Brooker Group Public Co. Ltd.1.pdf,74.9,74
KYG9684P1019,,2898,Pacific Online Ltd.,1,2007.0,HKG,G9684P101,20080620.0,CHN,@NA,73.11,US OTC,@NA,KYG9684P1019,B29TFJ,Pacific Online Ltd.,1.0,PCOLF-US,0,SHARE,B2PD955,M,Pacific Online Ltd.1.pdf,73.1,73
BMG2R28T1049,,2899,DTXS Silk Road Investment Holdings Company Limited,1,1991.0,HKG,G2R28T104,19911104.0,HKG,05JRZL-E,71.12,HONG KONG,620-HK,BMG2R28T1049,BZ8VTX,DTXS Silk Road Investment Holdings Company Limited,1.0,620-HK,1,SHARE,BZ8VTX5,M,DTXS Silk Road Investment Holdings Company Limited1.pdf,71.1,71
FDS1THS6,,2900,"Jiangsu Recbio Technology Co., Ltd.",1,2012.0,HKG,FDS1THS63,,CHN,0N3MGY-E,72.11,@NA,@NA,@NA,BLF9BM,"Jiangsu Recbio Technology Co., Ltd.",1.0,@NA,0,SHARE,@NA,M,"Jiangsu Recbio Technology Co., Ltd.1.pdf",72.1,72
KYG6429L1068,,2901,Netjoy Holdings Limited,1,2012.0,HKG,G6429L106,20201217.0,CHN,0MHYXQ-E,73.11,HONG KONG,2131-HK,KYG6429L1068,BMQBXK,Netjoy Holdings Limited,1.0,2131-HK,1,SHARE,BMQBXK1,M,Netjoy Holdings Limited1.pdf,73.1,73
US6353091076,,2902,"National CineMedia, Inc.",1,2006.0,USA,635309107,20070208.0,USA,063Y5D-E,73.11,NASDAQ,NCMI-US,US6353091076,63530910,"National CineMedia, Inc.",1.0,NCMI-US,1,SHARE,B1R2N51,M,"National CineMedia, Inc.1.pdf",73.1,73
KYG136931097,,2903,Bright Future Technology Holdings Limited,1,2018.0,HKG,G13693109,20201111.0,CHN,0KTKFR-E,73.11,HONG KONG,@NA,KYG136931097,BNC1DP,Bright Future Technology Holdings Limited,1.0,1351-HK,1,SHARE,BNC1DP7,M,Bright Future Technology Holdings Limited1.pdf,73.1,73
TW0006733009,,2904,"BioGend Therapeutics Co., Ltd.",1,2016.0,TWN,Y088DB109,20190618.0,TWN,@NA,72.11,TAIPEI,6733-TW,TW0006733009,BJGWCV,"BioGend Therapeutics Co., Ltd.",1.0,6733-TW,1,SHARE,BJGWCV7,M,"BioGend Therapeutics Co., Ltd.1.pdf",72.1,72
GB00B0H2K534,,2905,Petrofac Limited,1,1981.0,GBR,G7052T101,20150923.0,GBR,05L69W-E,71.12,MEXICO,@NA,GB00B0H2K534,B0H2K5,Petrofac Limited,1.0,PFCN-MX,0,SHARE,BYVZ5Z1,M,Petrofac Limited1.pdf,71.1,71
KYG9737K1094,,2906,Wonderful Sky Financial Group Holdings Limited,1,2011.0,HKG,G9737K109,20120330.0,HKG,09SWJB-E,70.21,HONG KONG,1260-HK,KYG9737K1094,B7R6JH,Wonderful Sky Financial Group Holdings Limited,1.0,1260-HK,1,SHARE,B7R6JH9,M,Wonderful Sky Financial Group Holdings Limited1.pdf,70.2,70
SG1AF2000003,,2907,Huationg Global Ltd.,1,1983.0,SGP,Y374C1106,20141209.0,SGP,0DZD13-E,71.12,SINGAPORE,@NA,SG1AF2000003,BSVV7F,Huationg Global Ltd.,1.0,41B-SG,1,SHARE,BSVV7F1,M,Huationg Global Ltd.1.pdf,71.1,71
CA85472N1096,,2908,Stantec Inc,1,1954.0,CAN,85472N109,20050805.0,CAN,003MYN-E,71.12,NYSE,STN-US,CA85472N1096,285423,Stantec Inc,1.0,STN-US,0,SHARE,B0G11S1,M,Stantec Inc1.pdf,71.1,71
MYQ0090OO009,,2909,Elsoft Research Bhd.,1,1996.0,MYS,Y22890100,20050802.0,MYS,@NA,72.11,MALAYSIA,0090-MY,MYQ0090OO009,B0CL69,Elsoft Research Bhd.,1.0,0090-MY,1,SHARE,B0CL691,M,Elsoft Research Bhd.1.pdf,72.1,72
INE268T01015,,2910,Supra Pacific Management Consultancy Ltd.,0,1986.0,IND,Y8T06Y112,20161028.0,IND,0GMCC2-E,69.2,BSE INDIA,@NA,INE268T01015,BYYDML,Supra Pacific Management Consultancy Ltd.,1.0,540168-IN,0,SHARE,BYYDML7,M,Supra Pacific Management Consultancy Ltd.3.pdf,69.2,69
US0778271033,,2911,Beliss Corp.,0,2016.0,USA,077827103,20180820.0,USA,0H8WFV-E,70.22,US OTC,@NA,US0778271033,07782710,Beliss Corp.,1.0,BLIS-US,0,SHARE,BFCMWD5,M,Beliss Corp.1.pdf,70.2,70
CA75526E1060,,2912,React Gaming Group Inc,1,2001.0,CAN,75526E106,20020401.0,CAN,07JPC7-E,73.11,TSX VENTURE,@NA,CA75526E1060,BP92TG,React Gaming Group Inc,1.0,RGG-CA,1,SHARE,BP92TG0,M,React Gaming Group Inc1.pdf,73.1,73
INE0I7C01011,,2913,Latent View Analytics Limited,1,2006.0,IND,Y5S9BG105,20211123.0,IND,@NA,70.22,BSE INDIA,543398-IN,INE0I7C01011,BPG97T,Latent View Analytics Limited,1.0,543398-IN,1,SHARE,BPG97T3,M,Latent View Analytics Limited2.pdf,70.2,70
JP3949550002,,2914,Unite & Grow Inc.,1,2005.0,JPN,J9426G101,20191218.0,JPN,07MRF7-E,74.9,TOKYO,4486-JP,JP3949550002,BL4KJ6,Unite & Grow Inc.,1.0,4486-JP,1,SHARE,BL4KJ61,M,Unite & Grow Inc.1.pdf,74.9,74
MYL5085OO005,,2915,Mudajaya Group Bhd.,1,2003.0,MYS,Y61390103,20040510.0,MYS,064KF6-E,71.12,MALAYSIA,5085-MY,MYL5085OO005,B01252,Mudajaya Group Bhd.,1.0,5085-MY,1,SHARE,B012521,M,Mudajaya Group Bhd.1.pdf,71.1,71
GB00BDFBVT43,,2916,Oxford BioMedica plc,1,1996.0,GBR,G6836F189,19961213.0,GBR,05J4ZN-E,72.11,LONDON,OXB-GB,GB00BDFBVT43,BDFBVT,Oxford BioMedica plc,1.0,OXB-GB,1,SHARE,BDFBVT4,M,Oxford BioMedica plc1.pdf,72.1,72
MYL5703OO003,,2917,Muhibbah Engineering (M) Bhd.,1,1972.0,MYS,Y6151L100,19940330.0,MYS,05JBS8-E,71.12,MALAYSIA,5703-MY,MYL5703OO003,660930,Muhibbah Engineering (M) Bhd.,1.0,5703-MY,1,SHARE,6609304,M,Muhibbah Engineering (M) Bhd.1.pdf,71.1,71
US7043261079,,2918,"Paychex, Inc.",1,1971.0,USA,704326107,19841105.0,USA,000T67-E,69.2,NASDAQ,PAYX-US,US7043261079,70432610,"Paychex, Inc.",1.0,PAYX-US,1,SHARE,2674458,M,"Paychex, Inc.1.pdf",69.2,69
JP3832700003,,2919,Plus Alpha Consulting Co. LTD.,1,2006.0,JPN,J63934103,20210630.0,JPN,@NA,74.9,TOKYO,4071-JP,JP3832700003,BMYGJG,Plus Alpha Consulting Co. LTD.,1.0,4071-JP,1,SHARE,BMYGJG6,M,Plus Alpha Consulting Co. LTD.1.pdf,74.9,74
INE748A01016,,2920,McNally Bharat Engineering Co. Ltd.,1,1961.0,IND,Y59353105,20030109.0,IND,05LL30-E,71.12,BSE INDIA,532629-IN,INE748A01016,658244,McNally Bharat Engineering Co. Ltd.,1.0,532629-IN,1,SHARE,6582449,M,McNally Bharat Engineering Co. Ltd.2.pdf,71.1,71
GB00B39GTJ17,,2921,Science Group Plc,1,2008.0,GBR,G7863T100,20080708.0,GBR,079S6W-E,70.22,LONDON,SAG-GB,GB00B39GTJ17,B39GTJ,Science Group Plc,1.0,SAG-GB,1,SHARE,B39GTJ1,M,Science Group Plc3.pdf,70.2,70
ZAE000018354,,2922,Labat Africa Ltd,1,1995.0,ZAF,S4475H100,19920507.0,ZAF,05JMCJ-E,70.22,JSE,LAB-ZA,ZAE000018354,614649,Labat Africa Ltd,1.0,LAB-ZA,1,SHARE,6146492,M,Labat Africa Ltd1.pdf,70.2,70
US98421H1077,,2923,Xinda International Corp.,1,2014.0,USA,98421H107,20160414.0,USA,00GFQN-E,74.9,US OTC,@NA,US98421H1077,98421H10,Xinda International Corp.,1.0,XNDA-US,1,SHARE,BYW6542,M,Xinda International Corp.2.pdf,74.9,74
GB00B2863827,,2924,CVS Group plc,1,2007.0,GBR,G27234106,20180323.0,GBR,009NYM-E,75.0,US OTC,@NA,GB00B2863827,B28638,CVS Group plc,1.0,CVSGF-US,0,SHARE,BDG76H4,M,CVS Group plc1.pdf,75.0,75
AU0000125577,,2925,Verbrec Ltd,1,1988.0,AUS,Q9394U100,20071211.0,AUS,06ZPPK-E,71.12,ASX,VBC-AU,AU0000125577,BMQ843,Verbrec Ltd,1.0,VBC-AU,1,SHARE,BMQ8432,M,Verbrec Ltd1.pdf,71.1,71
AU000000MND5,,2926,Monadelphous Group Limited,0,1972.0,AUS,Q62925104,,AUS,05JD9J-E,71.12,BERNE,@NA,AU000000MND5,660047,Monadelphous Group Limited,1.0,8MP-CH,0,SHARE,BLNP0T7,M,Monadelphous Group Limited1.pdf,71.1,71
TW0006261001,,2927,Youngtek Electronics Corporation,1,1991.0,TWN,Y9859Y101,20040302.0,TWN,06F0KZ-E,71.2,TAIPEI,6261-TW,TW0006261001,674437,Youngtek Electronics Corporation,1.0,6261-TW,1,SHARE,6744379,M,Youngtek Electronics Corporation1.pdf,71.2,71
KYG8T08B1025,,2928,Space Group Holdings Limited,1,2017.0,HKG,G8T08B102,20180116.0,MAC,0H1T54-E,71.12,HONG KONG,@NA,KYG8T08B1025,BDRHD1,Space Group Holdings Limited,1.0,2448-HK,1,SHARE,BDRHD16,M,Space Group Holdings Limited1.pdf,71.1,71
IL0011050551,,2929,Evogene Ltd,0,1999.0,ISR,M4119S104,,ISR,073Y13-E,72.11,STUTTGART,@NA,IL0011050551,B28953,Evogene Ltd,1.0,E3V-DE,0,SHARE,BYXQ1X2,M,Evogene Ltd1.pdf,72.1,72
US64754N1037,,2930,New Momentum Corporation,1,1999.0,USA,64754N103,20070713.0,SGP,0034GQ-E,70.1,US OTC,@NA,US64754N1037,64754N10,New Momentum Corporation,1.0,NNAX-US,1,SHARE,BMYJ3J6,M,New Momentum Corporation1.pdf,70.1,70
FDS0OC6Y,,2931,"Haitong Unitrust International Financial Leasing Co., Ltd",1,2004.0,HKG,FDS0OC6Y4,,CHN,0BZ2WH-E,74.9,@NA,@NA,@NA,BZ00Y5,"Haitong Unitrust International Financial Leasing Co., Ltd",1.0,@NA,0,SHARE,@NA,M,"Haitong Unitrust International Financial Leasing Co., Ltd1.pdf",74.9,74
PTMFR0AM0003,,2932,Martifer SGPS,1,1990.0,PRT,X52136102,20070627.0,PRT,05WS3M-E,71.12,EURONEXT LISBON,MAR-PT,PTMFR0AM0003,B1Z6KG,Martifer SGPS,1.0,MAR-PT,1,SHARE,B1Z6KG5,M,Martifer SGPS1.pdf,71.1,71
TH6253010008,,2933,Plan B Media Public Company Ltd,1,2005.0,THA,Y6987F103,20150217.0,THA,0CX0BR-E,73.11,THAILAND,PLANB-TH,TH6253010008,BVG6VZ,Plan B Media Public Company Ltd,1.0,PLANB-TH,1,SHARE,BVG6VZ0,M,Plan B Media Public Company Ltd1.pdf,73.1,73
TH6934010005,,2934,Kingsmen C.M.T.I. Public Co. Ltd.,1,1989.0,THA,Y47970101,20151218.0,THA,0DJDPR-E,71.11,THAILAND,K-TH,TH6934010005,BYXDDG,Kingsmen C.M.T.I. Public Co. Ltd.,1.0,K-TH,1,SHARE,BYXDDG0,M,Kingsmen C.M.T.I. Public Co. Ltd.1.pdf,71.1,71
GB00B5N0P849,,2935,John Wood Group PLC,0,1961.0,GBR,G9745T118,,GBR,0012R4-E,70.22,BERNE,@NA,GB00B5N0P849,B5N0P8,John Wood Group PLC,1.0,JWG1-CH,0,SHARE,BKSG344,M,John Wood Group PLC1.pdf,70.2,70
US46113X1046,,2936,"Interups, Inc.",0,2012.0,USA,46113X104,20131211.0,USA,@NA,73.11,US OTC,@NA,US46113X1046,46113X10,"Interups, Inc.",1.0,ITUP-US,1,SHARE,BGD7X77,M,"Interups, Inc.1.pdf",73.1,73
KYG8442C1399,,2937,China 33 Media Group Ltd.,1,2002.0,HKG,G8442C139,20110228.0,CHN,@NA,73.11,HONG KONG,8087-HK,KYG8442C1399,BP08K5,China 33 Media Group Ltd.,1.0,8087-HK,1,SHARE,BP08K53,M,China 33 Media Group Ltd.1.pdf,73.1,73
US75962A3032,,2938,"Remote Dynamics, Inc.",0,1994.0,USA,75962A303,19950623.0,USA,@NA,74.9,US OTC,RMTD-US,US75962A3032,75962A30,"Remote Dynamics, Inc.",1.0,RMTD-US,1,SHARE,B01SF74,M,"Remote Dynamics, Inc.2.pdf",74.9,74
US09076E1091,,2939,Biosecurity Technology Inc,0,2017.0,USA,09076E109,20200608.0,USA,@NA,74.1,US OTC,@NA,US09076E1091,09076E10,Biosecurity Technology Inc,1.0,BSEC-US,0,SHARE,BP2C945,M,Biosecurity Technology Inc1.pdf,74.1,74
DE000A3E5EC4,,2940,auto.de AG,0,,DEU,D0R06G105,20200623.0,DEU,0LZD33-E,74.9,DUESSELDORF,@NA,DE000A3E5EC4,BNRR5H,auto.de AG,1.0,C900-DE,0,SHARE,BNRR5H6,M,auto.de AG3.pdf,74.9,74
US57640Q1085,,2941,"Mastermind, Inc.",1,1997.0,USA,57640Q108,20000518.0,USA,060H48-E,73.11,US OTC,@NA,US57640Q1085,57640Q10,"Mastermind, Inc.",1.0,MMND-US,1,SHARE,BG31VX1,M,"Mastermind, Inc.2.pdf",73.1,73
JP3835500004,,2942,VECTOR Inc.,1,1993.0,JPN,J9451V106,20120327.0,JPN,0CGHH3-E,70.21,TOKYO,6058-JP,JP3835500004,B7MTYY,VECTOR Inc.,1.0,6058-JP,1,SHARE,B7MTYY5,M,VECTOR Inc.1.pdf,70.2,70
MYL7028OO003,,2943,Zecon Bhd.,1,1985.0,MYS,Y9888J109,19971119.0,MYS,05J9ZR-E,71.12,MALAYSIA,7028-MY,MYL7028OO003,608173,Zecon Bhd.,1.0,7028-MY,1,SHARE,6081731,M,Zecon Bhd.1.pdf,71.1,71
SG1Z21951640,,2944,Hock Lian Seng Holdings Limited,1,1969.0,SGP,Y32325105,20091221.0,SGP,08B33Z-E,71.12,SINGAPORE,J2T-SG,SG1Z21951640,B53098,Hock Lian Seng Holdings Limited,1.0,J2T-SG,1,SHARE,B530982,M,Hock Lian Seng Holdings Limited1.pdf,71.1,71
NL0014559478,,2945,Technip Energies NV,1,2019.0,FRA,N8486R101,20210216.0,FRA,0LZDB4-E,71.12,EURONEXT PARIS,TE-FR,NL0014559478,BNC011,Technip Energies NV,1.0,TE-FR,1,SHARE,BNC0116,M,Technip Energies NV1.pdf,71.1,71
NO0010844038,,2946,Adevinta ASA,1,2018.0,NOR,R0000V110,20200113.0,NOR,0KRF06-E,73.11,US OTC,@NA,NO0010844038,BJ0DP4,Adevinta ASA,1.0,ADEVF-US,0,SHARE,BK9PBB3,M,Adevinta ASA1.pdf,73.1,73
GB00BJMD6M39,,2947,DWF Group Plc,1,2018.0,GBR,G29406108,20190311.0,GBR,0F1CJZ-E,69.1,LONDON,DWF-GB,GB00BJMD6M39,BJMD6M,DWF Group Plc,1.0,DWF-GB,1,SHARE,BJMD6M3,M,DWF Group Plc1.pdf,69.1,69
GB00B87ZTG26,,2948,GlobalData Plc,1,2000.0,GBR,G3932U103,20050428.0,GBR,07P0RS-E,70.22,FRANKFURT,@NA,GB00B87ZTG26,B87ZTG,GlobalData Plc,1.0,YK6B-DE,0,SHARE,BM9VH17,M,GlobalData Plc1.pdf,70.2,70
SG1B17008288,,2949,Sunright Limited,1,1978.0,SGP,Y8301N101,19941213.0,SGP,05JFML-E,71.2,SINGAPORE,S71-SG,SG1B17008288,686854,Sunright Limited,1.0,S71-SG,1,SHARE,6868547,M,Sunright Limited1.pdf,71.2,71
IT0005466195,,2950,Star7 S.p.A,1,2004.0,ITA,T9097V113,20211223.0,ITA,0MZVVS-E,71.12,MILAN,STAR7-IT,IT0005466195,BP6PTB,Star7 S.p.A,1.0,STAR7-IT,1,SHARE,BP6PTB7,M,Star7 S.p.A1.pdf,71.1,71
CA12913L2030,,2951,Caldwell Partners International Inc.,1,1979.0,CAN,12913L203,20120905.0,CAN,003QF7-E,70.22,US OTC,@NA,CA12913L2030,216395,Caldwell Partners International Inc.,1.0,CWLPF-US,0,SHARE,B3BGXL9,M,Caldwell Partners International Inc.1.pdf,70.2,70
KYG8683B1059,,2952,Tat Hong Equipment Service Co. Ltd.,1,2006.0,HKG,G8683B105,20210113.0,CHN,0GWGTJ-E,77.32,HONG KONG,@NA,KYG8683B1059,BMGT3V,Tat Hong Equipment Service Co. Ltd.,1.0,2153-HK,1,SHARE,BMGT3V6,N,Tat Hong Equipment Service Co. Ltd.1.pdf,77.3,77
DE0007231326,,2953,Sixt SE,1,1912.0,DEU,D69899116,20141104.0,DEU,05HS3S-E,77.11,SIX SWISS,@NA,DE0007231326,526076,Sixt SE,1.0,SIX2-CH,0,SHARE,BJ053D1,N,Sixt SE1.pdf,77.1,77
US25382T2006,,2954,"Digital Ally, Inc.",1,2000.0,USA,25382T200,20050222.0,USA,0618FD-E,82.99,NASDAQ,DGLY-US,US25382T2006,25382T20,"Digital Ally, Inc.",1.0,DGLY-US,1,SHARE,BMX7G70,N,"Digital Ally, Inc.2.pdf",82.9,82
GB00B0130H42,,2955,ITM Power PLC,1,2004.0,GBR,G4985J102,20040611.0,GBR,@NA,82.99,LONDON,ITM-GB,GB00B0130H42,B0130H,ITM Power PLC,1.0,ITM-GB,1,SHARE,B0130H4,N,ITM Power PLC1.pdf,82.9,82
ID1000109705,,2956,PT Panorama Sentrawisata Tbk,1,1995.0,IDN,Y7136X110,20010918.0,IDN,06591X-E,79.12,INDONESIA,PANR-ID,ID1000109705,637999,PT Panorama Sentrawisata Tbk,1.0,PANR-ID,1,SHARE,6379997,N,PT Panorama Sentrawisata Tbk1.pdf,79.1,79
US7849331035,,2957,"SPAR Group, Inc.",1,1967.0,USA,784933103,19960301.0,USA,002L6L-E,82.99,NASDAQ,SGRP-US,US7849331035,78493310,"SPAR Group, Inc.",1.0,SGRP-US,1,SHARE,2700193,N,"SPAR Group, Inc.1.pdf",82.9,82
JE00BYVQYS01,,2958,IWG Plc,1,1989.0,GBR,G4969N103,20031226.0,CHE,0GQHWZ-E,82.99,US OTC,@NA,JE00BYVQYS01,BYVQYS,IWG Plc,1.0,IWGFF-US,0,SHARE,BYWLMJ1,N,IWG Plc1.pdf,82.9,82
JP3781360007,,2959,"Pacific Net Co., Ltd.",1,1988.0,JPN,J63429104,20060220.0,JPN,06D9JQ-E,77.33,TOKYO,3021-JP,JP3781360007,B0X6WC,"Pacific Net Co., Ltd.",1.0,3021-JP,1,SHARE,B0X6WC0,N,"Pacific Net Co., Ltd.2.pdf",77.3,77
AU000000CCP3,,2960,Credit Corp Group Limited,1,1992.0,AUS,Q2980K107,20000906.0,AUS,05WSYD-E,82.91,ASX,CCP-AU,AU000000CCP3,628765,Credit Corp Group Limited,1.0,CCP-AU,1,SHARE,6287658,N,Credit Corp Group Limited1.pdf,82.9,82
US4161962026,,2961,"Harte-Hanks, Inc.",1,1923.0,USA,416196202,19931104.0,USA,0022S1-E,82.99,NASDAQ,HHS-US,US4161962026,41619620,"Harte-Hanks, Inc.",1.0,HHS-US,1,SHARE,BFN64W9,N,"Harte-Hanks, Inc.1.pdf",82.9,82
BW0000000397,,2962,G4S Botswana Limited,1,1978.0,BWA,V7707U100,19951212.0,BWA,@NA,80.2,BOTSWANA,@NA,BW0000000397,645880,G4S Botswana Limited,1.0,G4S-BW,1,SHARE,6458807,N,G4S Botswana Limited1.pdf,80.2,80
GB00B19NLV48,,2963,Experian PLC,1,1980.0,GBR,G32655105,20190814.0,IRL,008NTK-E,82.91,MEXICO,@NA,GB00B19NLV48,B19NLV,Experian PLC,1.0,EXPNN-MX,0,SHARE,BK8JVV6,N,Experian PLC1.pdf,82.9,82
KYG9700F1110,,2964,Windmill Group Ltd.,1,1985.0,HKG,G9700F111,20170418.0,HKG,0GPBKG-E,80.2,HONG KONG,@NA,KYG9700F1110,BPYT7J,Windmill Group Ltd.,1.0,1850-HK,1,SHARE,BPYT7J5,N,Windmill Group Ltd.2.pdf,80.2,80
NGCILEASING2,,2965,C&I Leasing PLC,1,1990.0,NGA,V8829Y103,20000502.0,NGA,06P3PV-E,77.12,NIGERIA,@NA,NGCILEASING2,622535,C&I Leasing PLC,1.0,CILEASING-NG,1,SHARE,6225357,N,C&I Leasing PLC1.pdf,77.1,77
KYG6779G1038,,2966,Oriental Payment Group Holdings Limited,1,2004.0,HKG,G6779G103,20181016.0,THA,@NA,82.99,HONG KONG,@NA,KYG6779G1038,BD2PF4,Oriental Payment Group Holdings Limited,1.0,8613-HK,1,SHARE,BD2PF42,N,Oriental Payment Group Holdings Limited1.pdf,82.9,82
PLRNBWT00031,,2967,Rainbow Tours S.A.,0,1990.0,POL,X6999Q106,20171214.0,POL,06XC42-E,79.12,LONDON,@NA,PLRNBWT00031,B27Y7R,Rainbow Tours S.A.,1.0,0LY3-GB,0,SHARE,B2QBKP5,N,Rainbow Tours S.A.2.pdf,79.1,79
KYG459051093,,2968,Hing Ming Holdings Ltd,1,2016.0,HKG,G45905109,20170315.0,HKG,0GC6QB-E,77.39,HONG KONG,@NA,KYG459051093,BF0B38,Hing Ming Holdings Ltd,1.0,8425-HK,1,SHARE,BF0B386,N,Hing Ming Holdings Ltd1.pdf,77.3,77
NL0010776944,,2969,Brunel International N.V.,1,1989.0,NLD,N1677J186,19970625.0,NLD,@NA,78.3,EURONEXT AMSTERDAM,BRNL-NL,NL0010776944,BN573R,Brunel International N.V.,1.0,BRNL-NL,1,SHARE,BN573R4,N,Brunel International N.V.1.pdf,78.3,78
ID1000125800,,2970,PT Adi Sarana Armada Tbk,1,1999.0,IDN,Y7139B107,20121112.0,IDN,0CV1N4-E,77.11,INDONESIA,ASSA-ID,ID1000125800,B88SVC,PT Adi Sarana Armada Tbk,1.0,ASSA-ID,1,SHARE,B88SVC0,N,PT Adi Sarana Armada Tbk1.pdf,77.1,77
GB00BLH42507,,2971,Ashtead Technology Holdings PLC,1,2021.0,GBR,G0609Y103,20211123.0,GBR,0PPNKD-E,77.39,LONDON,AT-GB,GB00BLH42507,BLH425,Ashtead Technology Holdings PLC,1.0,AT-GB,1,SHARE,BLH4250,N,Ashtead Technology Holdings PLC3.pdf,77.3,77
US45778Q1076,,2972,"Insperity, Inc.",1,1986.0,USA,45778Q107,19970129.0,USA,001DBB-E,78.3,NYSE,NSP-US,US45778Q1076,45778Q10,"Insperity, Inc.",1.0,NSP-US,1,SHARE,2007281,N,"Insperity, Inc.2.pdf",78.3,78
PLARTER00016,,2973,Arteria S.A.,0,2004.0,POL,X0242W101,20171214.0,POL,06TM0V-E,82.99,LONDON,@NA,PLARTER00016,B1HVPY,Arteria S.A.,1.0,0LRA-GB,0,SHARE,B28F550,N,Arteria S.A.2.pdf,82.9,82
KYG7786R1083,,2974,Sanbase Corporation Limited,1,2017.0,HKG,G7786R108,20180104.0,HKG,@NA,82.99,HONG KONG,@NA,KYG7786R1083,BD96C6,Sanbase Corporation Limited,1.0,8501-HK,1,SHARE,BD96C69,N,Sanbase Corporation Limited1.pdf,82.9,82
KYG469041019,,2975,IBI Group Holdings Limited,1,2016.0,HKG,G46904101,20161014.0,HKG,0GBNQR-E,82.99,HONG KONG,@NA,KYG469041019,BYWFZR,IBI Group Holdings Limited,1.0,1547-HK,1,SHARE,BYWFZR2,N,IBI Group Holdings Limited1.pdf,82.9,82
KYG7457N1051,,2976,Redwood Group Ltd.,1,2010.0,TWN,G7457N105,20110530.0,CYM,@NA,82.99,TAIPEI,8426-TW,KYG7457N1051,B5TFYT,Redwood Group Ltd. (Cayman),1.0,8426-TW,1,SHARE,B5TFYT7,N,Redwood Group Ltd. (Cayman)1.pdf,82.9,82
IT0004195308,,2977,Gruppo MutuiOnline S.p.A.,1,2005.0,ITA,T52453106,20071112.0,ITA,06S8PV-E,82.99,LONDON,@NA,IT0004195308,B1Y6V6,Gruppo MutuiOnline S.p.A.,1.0,0O2B-GB,0,SHARE,B2900T3,N,Gruppo MutuiOnline S.p.A.1.pdf,82.9,82
CA43353R1038,,2978,"Hire Technologies, Inc.",1,2017.0,CAN,43353R103,20190125.0,CAN,0LS9CP-E,78.1,TSX VENTURE,HIRE-CA,CA43353R1038,BJN4D9,"Hire Technologies, Inc.",1.0,HIRE-CA,1,SHARE,BJN4D91,N,"Hire Technologies, Inc.1.pdf",78.1,78
US70450Y1038,,2979,"PayPal Holdings, Inc.",1,1998.0,USA,70450Y103,20170522.0,USA,00GMSP-E,82.99,VIENNA,@NA,US70450Y1038,70450Y10,"PayPal Holdings, Inc.",1.0,PYPL-AT,0,SHARE,BF1SP68,N,"PayPal Holdings, Inc.1.pdf",82.9,82
CH0012138605,,2980,Adecco Group AG,1,1957.0,CHE,H00392318,19850102.0,CHE,002C2M-E,78.1,SIX SWISS,ADEN-CH,CH0012138605,711072,Adecco Group AG,1.0,ADEN-CH,1,SHARE,7110720,N,Adecco Group AG1.pdf,78.1,78
AU0000026155,,2981,Straker Translations Ltd.,1,1999.0,AUS,Q8784V108,20181022.0,NZL,@NA,82.99,ASX,STG-AU,AU0000026155,BGV7DH,Straker Translations Ltd.,1.0,STG-AU,1,SHARE,BGV7DH9,N,Straker Translations Ltd.1.pdf,82.9,82
US2067871036,,2982,"Conduent, Inc.",1,2016.0,USA,206787103,20161213.0,USA,0GCKSW-E,82.99,NASDAQ,CNDT-US,US2067871036,20678710,"Conduent, Inc.",1.0,CNDT-US,1,SHARE,BYWLRV8,N,"Conduent, Inc.1.pdf",82.9,82
KYG2R05A1100,,2983,Dowway Holdings Limited,1,2017.0,HKG,G2R05A110,20180612.0,CHN,0HLNPH-E,82.99,HONG KONG,@NA,KYG2R05A1100,BNQNJC,Dowway Holdings Limited,1.0,8403-HK,1,SHARE,BNQNJC8,N,Dowway Holdings Limited1.pdf,82.9,82
MYL3484OO002,,2984,Damansara Holdings Bhd.,1,1960.0,MYS,Y1966P107,19860820.0,MYS,05JCCF-E,81.1,MALAYSIA,3484-MY,MYL3484OO002,649045,Damansara Holdings Bhd.,1.0,3484-MY,1,SHARE,6490456,N,Damansara Holdings Bhd.2.pdf,81.1,81
GB0000536739,,2985,Ashtead Group plc,1,1984.0,GBR,G05320109,19861208.0,GBR,05J10R-E,77.32,LONDON,AHT-GB,GB0000536739,005367,Ashtead Group plc,1.0,AHT-GB,1,SHARE,0053673,N,Ashtead Group plc1.pdf,77.3,77
AU000000ELD6,,2986,Elders Limited,1,1839.0,AUS,Q3414A186,20080424.0,AUS,07N3LP-E,82.99,US OTC,@NA,AU000000ELD6,635785,Elders Limited,1.0,EDRSF-US,0,SHARE,B02NZJ0,N,Elders Limited2.pdf,82.9,82
SE0012323715,,2987,Karnov Group AB,1,2015.0,SWE,W5S073100,20200228.0,SWE,0BNR67-E,82.99,LONDON,@NA,SE0012323715,BJBMWP,Karnov Group AB,1.0,0A39-GB,0,SHARE,BL6VNV5,N,Karnov Group AB1.pdf,82.9,82
CA89351T4019,,2988,Transat A.T. Inc.,1,1987.0,CAN,89351T401,19930330.0,CAN,003Q64-E,79.12,TORONTO,TRZ-CA,CA89351T4019,BD5WCH,Transat A.T. Inc.,1.0,TRZ-CA,1,SHARE,BD5WCH2,N,Transat A.T. Inc.1.pdf,79.1,79
GB0004657408,,2989,MITIE Group PLC,1,1987.0,GBR,G6164F157,20130628.0,GBR,05HZ2V-E,81.21,US OTC,@NA,GB0004657408,046574,MITIE Group PLC,1.0,MITFF-US,0,SHARE,B02SZ62,N,MITIE Group PLC1.pdf,81.2,81
SG9999015267,,2990,BOC Aviation Limited,1,1993.0,HKG,Y09292106,20161205.0,SGP,0726SY-E,77.39,HONG KONG CONNECT - SHENZHEN,2588-SZSC,SG9999015267,BYZJV1,BOC Aviation Limited,1.0,@NA,0,SHARE,BD8NLR5,N,BOC Aviation Limited1.pdf,77.3,77
AU000000FLT9,,2991,Flight Centre Travel Group Limited,0,1982.0,AUS,Q39175106,,AUS,05HX7S-E,79.11,BERNE,@NA,AU000000FLT9,635214,Flight Centre Travel Group Limited,1.0,FLI-CH,0,SHARE,BMQBNR8,N,Flight Centre Travel Group Limited1.pdf,79.1,79
JP3970300004,,2992,"Recruit Holdings Co., Ltd.",1,1960.0,JPN,J6433A101,20210812.0,JPN,05RN7P-E,78.1,MEXICO,@NA,JP3970300004,BQRRZ0,"Recruit Holdings Co., Ltd.",1.0,RCRITN-MX,0,SHARE,BNKD6C3,N,"Recruit Holdings Co., Ltd.2.pdf",78.1,78
PLPRGNK00017,,2993,NPL Nova S.A.,1,2002.0,POL,X68876105,20080528.0,POL,09GT3Y-E,82.91,WARSAW,PRI-PL,PLPRGNK00017,B2QTZH,NPL Nova S.A.,1.0,PRI-PL,1,SHARE,B2QTZH6,N,NPL Nova S.A.2.pdf,82.9,82
INE646L01027,,2994,InterGlobe Aviation Ltd,1,2004.0,IND,Y4R97L111,20151110.0,IND,0DNV5M-E,79.11,BSE INDIA,539448-IN,INE646L01027,BYYZ7D,InterGlobe Aviation Ltd,1.0,539448-IN,1,SHARE,BYYZ7D0,N,InterGlobe Aviation Ltd1.pdf,79.1,79
MYQ0122OO000,,2995,Advance Information Marketing Bhd.,1,2004.0,MYS,Y00179104,20060418.0,MYS,@NA,82.99,MALAYSIA,0122-MY,MYQ0122OO000,B131M1,Advance Information Marketing Bhd.,1.0,0122-MY,1,SHARE,B131M11,N,Advance Information Marketing Bhd.1.pdf,82.9,82
IT0003683528,,2996,Openjobmetis SpA,1,2001.0,ITA,T7S96G103,20151203.0,ITA,06W885-E,78.1,MILAN,OJM-IT,IT0003683528,BYVT8C,Openjobmetis SpA,1.0,OJM-IT,1,SHARE,BYVT8C1,N,Openjobmetis SpA2.pdf,78.1,78
NL0010733960,,2997,lastminute.com N.V.,1,2007.0,CHE,N5142B108,20190618.0,NLD,0DMTWW-E,79.11,US OTC,@NA,NL0010733960,BLLHQ5,lastminute.com N.V.,1.0,LSMNF-US,0,SHARE,BK1MJV8,N,lastminute.com N.V.1.pdf,79.1,79
NL0000379121,,2998,Randstad NV,1,1989.0,NLD,N7291Y137,20141104.0,NLD,05HX1G-E,78.1,SIX SWISS,@NA,NL0000379121,522865,Randstad NV,1.0,RDN-CH,0,SHARE,BHZLQM0,N,Randstad NV1.pdf,78.1,78
KYG5380R1020,,2999,Lapco Holdings Limited,1,2016.0,HKG,G5380R102,20170718.0,HKG,0GN6X8-E,81.21,HONG KONG,@NA,KYG5380R1020,BYVSX4,Lapco Holdings Limited,1.0,8472-HK,1,SHARE,BYVSX45,N,Lapco Holdings Limited1.pdf,81.2,81
GB00B082RF11,,3000,Rentokil Initial plc,0,1924.0,GBR,G7494G105,,GBR,003JV0-E,81.29,SIX SWISS,@NA,GB00B082RF11,B082RF,Rentokil Initial plc,1.0,RTO-CH,0,SHARE,BLP52B1,N,Rentokil Initial plc1.pdf,81.2,81
MYL8613OO001,,3001,ENRA Group Bhd.,1,1992.0,MYS,Y6584J102,19930517.0,MYS,05JB78-E,82.99,MALAYSIA,8613-MY,MYL8613OO001,621081,ENRA Group Bhd.,1.0,8613-MY,1,SHARE,6210814,N,ENRA Group Bhd.2.pdf,82.9,82
FDS1JIH8,,3002,"TaskUs, Inc.",1,2008.0,USA,FDS1JIH80,,USA,0FDCQX-E,82.99,@NA,@NA,@NA,87652V10,"TaskUs, Inc.",1.0,@NA,0,SHARE,@NA,N,"TaskUs, Inc.1.pdf",82.9,82
ID1000074107,,3003,PT Bayu Buana Tbk,1,1972.0,IDN,Y71202165,19900910.0,IDN,@NA,79.11,INDONESIA,BAYU-ID,ID1000074107,607798,PT Bayu Buana Tbk,1.0,BAYU-ID,1,SHARE,6077989,N,PT Bayu Buana Tbk1.pdf,79.1,79
KYG365731069,,3004,Fosun Tourism Group,1,2016.0,HKG,G36573106,20181214.0,CHN,0JQRLK-E,79.12,HONG KONG,1992-HK,KYG365731069,BFMZHH,Fosun Tourism Group,1.0,1992-HK,1,SHARE,BFMZHH3,N,Fosun Tourism Group1.pdf,79.1,79
AU000000SCT1,,3005,Scout Security Ltd.,1,2013.0,AUS,Q8381B109,20170825.0,AUS,0GXNML-E,80.2,ASX,@NA,AU000000SCT1,BD3DTS,Scout Security Ltd.,1.0,SCT-AU,1,SHARE,BD3DTS7,N,Scout Security Ltd.2.pdf,80.2,80
AU0000272924,,3006,FleetPartners Group Limited,1,1987.0,AUS,Q3383Q139,20150422.0,AUS,0FFLG7-E,77.11,ASX,FPR-AU,AU0000272924,BN7HDZ,FleetPartners Group Limited,1.0,FPR-AU,1,SHARE,BN7HDZ0,N,FleetPartners Group Limited1.pdf,77.1,77
KYG3376A1004,,3007,Feiyang International Holdings Group Limited,1,2018.0,HKG,G3376A100,20190628.0,CHN,0KKQCQ-E,79.12,HONG KONG,1901-HK,KYG3376A1004,BK4K0F,Feiyang International Holdings Group Limited,1.0,1901-HK,1,SHARE,BK4K0F0,N,Feiyang International Holdings Group Limited1.pdf,79.1,79
US9133561012,,3008,"UniverCell Holdings, Inc.",0,1989.0,USA,913356101,19930309.0,USA,@NA,77.39,US OTC,@NA,US9133561012,91335610,"UniverCell Holdings, Inc.",1.0,UVCL-US,1,SHARE,2449667,N,"UniverCell Holdings, Inc.2.pdf",77.3,77
KYG5S10M1014,,3009,Linocraft Holdings Limited,1,2017.0,HKG,G5S10M101,20170915.0,MYS,0H0GQK-E,82.99,HONG KONG,@NA,KYG5S10M1014,BF23N6,Linocraft Holdings Limited,1.0,8383-HK,1,SHARE,BF23N68,N,Linocraft Holdings Limited1.pdf,82.9,82
GB00B2B0DG97,,3010,RELX PLC,0,1903.0,GBR,G7493L105,,GBR,002118-E,82.99,SIX SWISS,@NA,GB00B2B0DG97,B2B0DG,RELX PLC,1.0,REL-CH,0,SHARE,BKSG2V4,N,RELX PLC1.pdf,82.9,82
TW0002731007,,3011,"Lion Travel Service Co., Ltd.",1,1977.0,TWN,Y5S856106,20121023.0,TWN,0CTB4Y-E,79.11,TAIWAN,2731-TW,TW0002731007,B8KLF4,"Lion Travel Service Co., Ltd.",1.0,2731-TW,1,SHARE,B8KLF47,N,"Lion Travel Service Co., Ltd.1.pdf",79.1,79
JP3830720003,,3012,"Branding Engineer Co., Ltd.",1,2013.0,JPN,J04876108,20200707.0,JPN,0GCZV3-E,78.1,TOKYO,7352-JP,JP3830720003,BMG6DB,"Branding Engineer Co., Ltd.",1.0,7352-JP,1,SHARE,BMG6DB7,N,"Branding Engineer Co., Ltd.2.pdf",78.1,78
US75630B3033,,3013,"Recruiter.com Group, Inc.",1,2008.0,USA,75630B303,19990923.0,USA,0CQGC5-E,78.1,FRANKFURT,@NA,US75630B3033,75630B30,"Recruiter.com Group, Inc.",1.0,842-DE,0,SHARE,BNBPG95,N,"Recruiter.com Group, Inc.3.pdf",78.1,78
DE000A3H3LL2,,3014,Vantage Towers AG,1,2019.0,DEU,D8T6E6106,20210324.0,DEU,0N3CH0-E,77.39,US OTC,@NA,DE000A3H3LL2,BLH32J,Vantage Towers AG,1.0,VTWRF-US,0,SHARE,BKY5GY6,N,Vantage Towers AG1.pdf,77.3,77
GB00B1FMDQ43,,3015,Gattaca plc,1,2002.0,GBR,G389AW108,20061027.0,GBR,008QHT-E,78.1,LONDON,GATC-GB,GB00B1FMDQ43,B1FMDQ,Gattaca plc,1.0,GATC-GB,1,SHARE,B1FMDQ4,N,Gattaca plc1.pdf,78.1,78
FR0004187367,,3016,Freelance.com,1,1991.0,FRA,F4149A105,20050720.0,FRA,065Q22-E,78.1,EURONEXT PARIS,ALFRE-FR,FR0004187367,B03YCY,Freelance.com,1.0,ALFRE-FR,1,SHARE,B03YCY6,N,Freelance.com3.pdf,78.1,78
INE985S01024,,3017,TeamLease Services Limited,1,2000.0,IND,Y8562M115,20160212.0,IND,09MNXC-E,78.1,BSE INDIA,539658-IN,INE985S01024,BYT2WF,TeamLease Services Limited,1.0,539658-IN,1,SHARE,BYT2WF3,N,TeamLease Services Limited1.pdf,78.1,78
CA83439G2009,,3018,Solution Financial Inc.,1,2004.0,CAN,83439G200,20210826.0,CAN,0JPHZX-E,77.11,US OTC,@NA,CA83439G2009,BFWTCT,Solution Financial Inc.,1.0,SLNFF-US,0,SHARE,BM9C1Z2,N,Solution Financial Inc.3.pdf,77.1,77
BMG162341090,,3019,Brookfield Business Partners LP,1,,CAN,G16234109,20160531.0,BMU,0FT5YB-E,82.99,NYSE,BBU-US,BMG162341090,BYNDNQ,Brookfield Business Partners LP,1.0,BBU-US,0,SHARE,BYY9FP0,N,Brookfield Business Partners LP1.pdf,82.9,82
US5006432000,,3020,Korn Ferry,1,1969.0,USA,500643200,19990211.0,USA,0025XP-E,78.1,NYSE,KFY-US,US5006432000,50064320,Korn Ferry,1.0,KFY-US,1,SHARE,2386849,N,Korn Ferry1.pdf,78.1,78
DE000A2AA204,,3021,DF Deutsche Forfait AG,0,2000.0,DEU,D2R35N127,20160613.0,DEU,0098J5-E,82.91,LONDON,@NA,DE000A2AA204,BDB778,DF Deutsche Forfait AG,1.0,0RHB-GB,0,SHARE,BYVG004,N,DF Deutsche Forfait AG1.pdf,82.9,82
PLWRKSR00019,,3022,GI GROUP POLAND S.A.,1,1999.0,POL,X980CN103,20120426.0,POL,08FC5J-E,78.1,WARSAW,GIG-PL,PLWRKSR00019,B711DR,GI GROUP POLAND S.A.,1.0,GIG-PL,1,SHARE,B711DR8,N,GI GROUP POLAND S.A.2.pdf,78.1,78
KYG7082H1276,,3023,Pico Far East Holdings Limited,1,1969.0,HKG,G7082H127,19921013.0,HKG,05JD7T-E,82.99,HONG KONG,752-HK,KYG7082H1276,B0Z1B7,Pico Far East Holdings Limited,1.0,752-HK,1,SHARE,B0Z1B71,N,Pico Far East Holdings Limited1.pdf,82.9,82
KYG072191011,,3024,Bamboos Health Care Holdings Ltd,1,2012.0,HKG,G07219101,20140708.0,HKG,0DRW85-E,78.1,HONG KONG,2293-HK,KYG072191011,BNY7YT,Bamboos Health Care Holdings Ltd.,1.0,2293-HK,1,SHARE,BNY7YT4,N,Bamboos Health Care Holdings Ltd.1.pdf,78.1,78
AU000000SGF1,,3025,SG Fleet Group Ltd.,1,1986.0,AUS,Q8T58M106,20140304.0,AUS,0DLBTB-E,77.11,ASX,SGF-AU,AU000000SGF1,BKF0XR,SG Fleet Group Ltd.,1.0,SGF-AU,1,SHARE,BKF0XR2,N,SG Fleet Group Ltd.1.pdf,77.1,77
GB0008475088,,3026,Robert Walters Plc,1,2000.0,GBR,G7608T118,20000706.0,GBR,05J25N-E,78.1,LONDON,RWA-GB,GB0008475088,084750,Robert Walters Plc,1.0,RWA-GB,1,SHARE,0847508,N,Robert Walters Plc1.pdf,78.1,78
JP3794520001,,3027,"Human Holdings Co., Ltd.",1,1985.0,JPN,J2358S102,20041007.0,JPN,0617TZ-E,78.1,TOKYO,2415-JP,JP3794520001,B02QLV,"Human Holdings Co., Ltd.",1.0,2415-JP,1,SHARE,B02QLV3,N,"Human Holdings Co., Ltd.1.pdf",78.1,78
JP3244500009,,3028,"Career Bank Co., Ltd.",1,1987.0,JPN,J0518Z107,20010330.0,JPN,05KP3L-E,78.1,SAPPORO,4834-JP,JP3244500009,633456,"Career Bank Co., Ltd.",1.0,4834-JP,1,SHARE,6334565,N,"Career Bank Co., Ltd.1.pdf",78.1,78
US42806J7000,,3029,Hertz Global Holdings Inc,1,1918.0,USA,42806J700,20210701.0,USA,0FZ6XP-E,77.11,NASDAQ,HTZ-US,US42806J7000,42806J70,Hertz Global Holdings Inc,1.0,HTZ-US,1,SHARE,BNM5672,N,Hertz Global Holdings Inc1.pdf,77.1,77
MYQ0039OO006,,3030,GFM Services Bhd.,1,2000.0,MYS,Y0283M102,20040116.0,MYS,0H532X-E,81.21,MALAYSIA,0039-MY,MYQ0039OO006,BZ6T4Z,GFM Services Bhd.,1.0,0039-MY,1,SHARE,BZ6T4Z8,N,GFM Services Bhd.1.pdf,81.2,81
VGG273581030,,3031,"Despegar.com, Corp.",1,1999.0,USA,G27358103,20170920.0,ARG,05QYQN-E,79.11,NYSE,DESP-US,VGG273581030,G2735810,"Despegar.com, Corp.",1.0,DESP-US,1,SHARE,BDFS4G3,N,"Despegar.com, Corp.1.pdf",79.1,79
KYG2121A1004,,3032,Chanhigh Holdings Ltd.,1,2001.0,HKG,G2121A100,20170331.0,CHN,0GCVNJ-E,81.3,HONG KONG,2017-HK,KYG2121A1004,BD0NZ1,Chanhigh Holdings Ltd.,1.0,2017-HK,1,SHARE,BD0NZ15,N,Chanhigh Holdings Ltd.3.pdf,81.3,81
FDS0R46O,,3033,PagSeguro Digital Ltd.,1,2006.0,USA,FDS0R46O1,,BRA,0HT5CW-E,82.99,@NA,@NA,@NA,G6870710,PagSeguro Digital Ltd.,1.0,@NA,0,SHARE,@NA,N,PagSeguro Digital Ltd.1.pdf,82.9,82
GB0004161021,,3034,Hays plc,1,1968.0,GBR,G4361D109,19891026.0,GBR,05HHW5-E,78.1,LONDON,HAS-GB,GB0004161021,041610,Hays plc,1.0,HAS-GB,1,SHARE,0416102,N,Hays plc1.pdf,78.1,78
AU000000IPH9,,3035,IPH Ltd.,1,2014.0,AUS,Q496B9100,20141119.0,AUS,0DY5V6-E,82.99,ASX,IPH-AU,AU000000IPH9,BS7K5S,IPH Ltd.,1.0,IPH-AU,1,SHARE,BS7K5S1,N,IPH Ltd.1.pdf,82.9,82
US4335351015,,3036,"HireQuest, Inc.",1,1998.0,USA,433535101,20020507.0,USA,0LFT9X-E,78.3,NASDAQ,HQI-US,US4335351015,43353510,"HireQuest, Inc.",1.0,HQI-US,1,SHARE,BKV2L01,N,"HireQuest, Inc.3.pdf",78.3,78
SE0007158829,,3037,Coor Service Management Holding AB,1,2007.0,SWE,W2256G106,20150626.0,SWE,0FL54B-E,81.21,LONDON,@NA,SE0007158829,BYZG7C,Coor Service Management Holding AB,1.0,0R8Q-GB,0,SHARE,BYW6XM6,N,Coor Service Management Holding AB1.pdf,81.2,81
AU000000CTD3,,3038,Corporate Travel Management Limited,1,1994.0,AUS,Q2909K105,20101215.0,AUS,0B4RWS-E,79.11,ASX,CTD-AU,AU000000CTD3,B3R1D5,Corporate Travel Management Limited,1.0,CTD-AU,1,SHARE,B3R1D52,N,Corporate Travel Management Limited1.pdf,79.1,79
SE0011870757,,3039,Transfer Group AB,0,2014.0,SWE,W9663Y109,20210830.0,SWE,@NA,78.1,NORDIC GROWTH MARKET,TRNSF-SE,SE0011870757,BH2YHS,Transfer Group AB,1.0,TRNSF-SE,0,SHARE,BH2YHS5,N,Transfer Group AB3.pdf,78.1,78
KYG983421192,,3040,China Supply Chain Holdings Limited,0,2014.0,HKG,G98342119,20150114.0,HKG,0DY4WF-E,81.1,HONG KONG,3708-HK,KYG983421192,BJ8FGS,China Supply Chain Holdings Limited,1.0,3708-HK,1,SHARE,BJ8FGS9,N,China Supply Chain Holdings Limited2.pdf,81.1,81
GB00BMX64W89,,3041,Saga plc,1,1951.0,GBR,G7770H124,20180807.0,GBR,0608FK-E,79.11,US OTC,@NA,GB00BMX64W89,BMX64W,Saga plc,1.0,SGPLF-US,0,SHARE,BM96CP1,N,Saga plc1.pdf,79.1,79
SG1Q02920318,,3042,Place Holdings Limited,1,1988.0,SGP,Y2347Q103,20040908.0,SGP,006BN2-E,82.99,SINGAPORE,E27-SG,SG1Q02920318,B02QFZ,Place Holdings Limited,1.0,E27-SG,1,SHARE,B02QFZ5,N,Place Holdings Limited1.pdf,82.9,82
SG1W76939881,,3043,Kingsmen Creatives Ltd.,1,1976.0,SGP,Y4800B110,20100826.0,SGP,05XDJX-E,82.99,US OTC,@NA,SG1W76939881,669269,Kingsmen Creatives Ltd.,1.0,KMNCF-US,0,SHARE,B1MYQG4,N,Kingsmen Creatives Ltd.1.pdf,82.9,82
SG1CJ7000006,,3044,Advancer Global Limited,1,1991.0,SGP,Y001AQ102,20160711.0,SGP,@NA,81.21,SINGAPORE,43Q-SG,SG1CJ7000006,BD3BZP,Advancer Global Limited,1.0,43Q-SG,1,SHARE,BD3BZP0,N,Advancer Global Limited1.pdf,81.2,81
AU000000EHL7,,3045,Emeco Holdings Limited,0,1972.0,AUS,Q34648156,,AUS,0077M1-E,77.32,BERNE,@NA,AU000000EHL7,B1978V,Emeco Holdings Limited,1.0,@NA,0,SHARE,BLNNZ63,N,Emeco Holdings Limited1.pdf,77.3,77
FDS0UWMI,,3046,"Eventbrite, Inc.",1,2006.0,USA,FDS0UWMI0,,USA,07QB1V-E,82.99,@NA,@NA,@NA,29975E10,"Eventbrite, Inc.",1.0,@NA,0,SHARE,@NA,N,"Eventbrite, Inc.1.pdf",82.9,82
MYQ0268OO001,,3047,L&P Global Berhad,0,1984.0,MYS,Y5S3C8105,20230103.0,MYS,@NA,82.99,MALAYSIA,0268-MY,MYQ0268OO001,BQQ9B1,L&P Global Berhad,1.0,0268-MY,0,SHARE,BQQ9B10,N,L&P Global Berhad2.pdf,82.9,82
INE491V01019,,3048,Crown Lifters Ltd.,1,2002.0,IND,Y2589Q100,20160927.0,IND,0GF2W6-E,77.32,NSE INDIA,@NA,INE491V01019,BDBBW2,Crown Lifters Ltd.,1.0,CROWN-IN,1,SHARE,BDBBW28,N,Crown Lifters Ltd.3.pdf,77.3,77
US4201211053,,3049,"Hawk Protection Systems, Inc.",0,2004.0,USA,420121105,20050201.0,ESP,@NA,80.2,US OTC,@NA,US4201211053,42012110,"Hawk Protection Systems, Inc.",1.0,HWPR-US,0,SHARE,B04Z011,N,"Hawk Protection Systems, Inc.2.pdf",80.2,80
KYG725391109,,3050,Progressive Path Group Holdings Ltd.,1,2016.0,HKG,G72539110,20161208.0,HKG,0GDT26-E,77.32,HONG KONG,@NA,KYG725391109,BNG3PT,Progressive Path Group Holdings Ltd.,1.0,1581-HK,1,SHARE,BNG3PT7,N,Progressive Path Group Holdings Ltd.1.pdf,77.3,77
INE903A01025,,3051,Jaykay Enterprises Limited,1,1943.0,IND,Y4445H126,19870414.0,IND,@NA,82.99,BSE INDIA,@NA,INE903A01025,646849,Jaykay Enterprises Limited,1.0,500306-IN,1,SHARE,6468497,N,Jaykay Enterprises Limited1.pdf,82.9,82
KYG365471005,,3052,"Four Seasons Education (Cayman), Inc.",1,2007.0,CHN,G36547100,,CHN,@NA,85.2,@NA,@NA,KYG365471005,35101A30,"Four Seasons Education (Cayman), Inc.",1.0,@NA,1,SHARE,@NA,P,"Four Seasons Education (Cayman), Inc.1.pdf",85.2,85
KYG4643F1046,,3053,China Vocational Education Holdings Limited,1,2016.0,HKG,G4643F104,20191125.0,CHN,0HTBWK-E,85.32,HONG KONG,1756-HK,KYG4643F1046,BJV9CT,China Vocational Education Holdings Limited,1.0,1756-HK,1,SHARE,BJV9CT1,P,China Vocational Education Holdings Limited1.pdf,85.3,85
FDS0FIL6,,3054,8VI Holdings Ltd.,1,2008.0,SGP,FDS0FIL65,,SGP,@NA,85.6,@NA,@NA,@NA,BGTZV8,8VI Holdings Ltd.,1.0,@NA,1,SHARE,@NA,P,8VI Holdings Ltd.1.pdf,85.6,85
AU0000198483,,3055,EDU Holdings Limited,1,1981.0,AUS,Q927B9153,20040625.0,AUS,061S4G-E,85.32,ASX,EDU-AU,AU0000198483,BNHS29,EDU Holdings Limited,1.0,EDU-AU,1,SHARE,BNHS290,P,EDU Holdings Limited1.pdf,85.3,85
KYG936691024,,3056,Virscend Education Company Limited,1,2015.0,HKG,G93669102,20160115.0,CHN,0FRQ13-E,85.2,HONG KONG,1565-HK,KYG936691024,BDJ0KP,Virscend Education Company Limited,1.0,1565-HK,1,SHARE,BDJ0KP6,P,Virscend Education Company Limited1.pdf,85.2,85
KYG2122A1094,,3057,China Kepei Education Group Limited,1,2017.0,HKG,G2122A109,20190125.0,CHN,0JHZ7B-E,85.42,HONG KONG,1890-HK,KYG2122A1094,BJ6F4P,China Kepei Education Group Limited,1.0,1890-HK,1,SHARE,BJ6F4P4,P,China Kepei Education Group Limited2.pdf,85.4,85
KYG2120T1004,,3058,China East Education Holdings Limited,1,2018.0,HKG,G2120T100,20190911.0,CHN,0KD861-E,85.32,HONG KONG CONNECT  - SHANGHAI,667-HSC,KYG2120T1004,BJGSS6,China East Education Holdings Limited,1.0,@NA,0,SHARE,BKLJMP4,P,China East Education Holdings Limited1.pdf,85.3,85
KYG2615N1051,,3059,Dadi Early-Childhood Education Group Ltd.,1,2008.0,TWN,G2615N105,20150506.0,CYM,088RTT-E,85.6,TAIPEI,8437-TW,KYG2615N1051,BWW0P1,Dadi Early-Childhood Education Group Ltd.,1.0,8437-TW,1,SHARE,BWW0P17,P,Dadi Early-Childhood Education Group Ltd.3.pdf,85.6,85
KYG2121L1068,,3060,"China Chunlai Education Group Co., Ltd.",1,2017.0,HKG,G2121L106,20180913.0,CHN,0J4BVD-E,85.6,HONG KONG,1969-HK,KYG2121L1068,BDRNQ4,"China Chunlai Education Group Co., Ltd.",1.0,1969-HK,1,SHARE,BDRNQ48,P,"China Chunlai Education Group Co., Ltd.1.pdf",85.6,85
KYG8211A1085,,3061,Skillful Craftsman Education Technology Ltd.,1,2013.0,USA,G8211A108,20200723.0,CHN,0M96WK-E,85.32,NASDAQ,@NA,KYG8211A1085,G8211A10,Skillful Craftsman Education Technology Ltd.,1.0,EDTK-US,1,SHARE,BMDNQ90,P,Skillful Craftsman Education Technology Ltd.2.pdf,85.3,85
KYG2660B1059,,3062,Dashan Education Holdings Limited,1,1998.0,HKG,G2660B105,20200715.0,CHN,0LVPRZ-E,85.6,HONG KONG,9986-HK,KYG2660B1059,BMHWY8,Dashan Education Holdings Limited,1.0,9986-HK,1,SHARE,BMHWY88,P,Dashan Education Holdings Limited1.pdf,85.6,85
AU0000258865,,3063,NextEd Group Limited,1,2003.0,AUS,Q4R02K181,20090824.0,AUS,07HW7B-E,85.6,ASX,NXD-AU,AU0000258865,BNSMR2,NextEd Group Limited,1.0,NXD-AU,1,SHARE,BNSMR29,P,NextEd Group Limited2.pdf,85.6,85
KYG972281037,,3064,Wisdom Education International Holdings Co. Ltd.,1,2002.0,HKG,G97228103,20170126.0,HKG,0GG51Q-E,85.2,HONG KONG,6068-HK,KYG972281037,BDQZ7T,Wisdom Education International Holdings Co. Ltd.,1.0,6068-HK,1,SHARE,BDQZ7T7,P,Wisdom Education International Holdings Co. Ltd.2.pdf,85.2,85
SG0584008601,,3065,OEL (Holdings) Ltd.,1,1984.0,SGP,Y6439A108,19950329.0,SGP,05JCZN-E,85.2,SINGAPORE,@NA,SG0584008601,665340,OEL (Holdings) Ltd.,1.0,584-SG,1,SHARE,6653408,P,OEL (Holdings) Ltd.1.pdf,85.2,85
US9638051063,,3066,"White Fox Ventures, Inc.",0,2006.0,USA,963805106,20130301.0,JPN,@NA,85.6,US OTC,AWAW-US,US9638051063,96380510,"White Fox Ventures, Inc.",1.0,AWAW-US,1,SHARE,BD38045,P,"White Fox Ventures, Inc.2.pdf",85.6,85
INE040M01013,,3067,Tree House Education & Accessories Limited,1,2006.0,IND,Y8969C108,20110826.0,IND,07CKMQ-E,85.2,BSE INDIA,533540-IN,INE040M01013,B676L0,Tree House Education & Accessories Limited,1.0,533540-IN,1,SHARE,B676L09,P,Tree House Education & Accessories Limited2.pdf,85.2,85
KYG5313A1013,,3068,East Buy Holding Limited,1,2018.0,HKG,G5313A101,20190911.0,CHN,@NA,85.6,HONG KONG CONNECT - SHENZHEN,1797-SZSC,KYG5313A1013,BDFZ4G,East Buy Holding Limited,1.0,@NA,0,SHARE,BKLJMZ4,P,East Buy Holding Limited3.pdf,85.6,85
FDS0FY25,,3069,Ambow Education Holding Ltd.,1,2000.0,CHN,FDS0FY253,,CHN,00CPK3-E,85.2,@NA,@NA,@NA,02322P20,Ambow Education Holding Ltd.,1.0,@NA,0,SHARE,@NA,P,Ambow Education Holding Ltd.2.pdf,85.2,85
AU000000IEL5,,3070,IDP Education Ltd.,1,1969.0,AUS,Q48215109,20191111.0,AUS,06J1VL-E,85.6,US OTC,@NA,AU000000IEL5,BDB6DD,IDP Education Ltd.,1.0,IDPUF-US,0,SHARE,BK5DTL7,P,IDP Education Ltd.1.pdf,85.6,85
KYG2616M1069,,3071,Dadi Education Holdings Ltd,1,2015.0,HKG,G2616M106,20170216.0,HKG,0G1885-E,85.6,HONG KONG,@NA,KYG2616M1069,BD1MK1,Dadi Education Holdings Ltd,1.0,8417-HK,1,SHARE,BD1MK16,P,Dadi Education Holdings Ltd3.pdf,85.6,85
KYG888461038,,3072,Tianli International Holdings Limited,1,2017.0,HKG,G88846103,20220307.0,CHN,0J17H8-E,85.6,US OTC,@NA,KYG888461038,BG5KMH,Tianli International Holdings Limited,1.0,TEIHF-US,0,SHARE,BLDDFN0,P,Tianli International Holdings Limited1.pdf,85.6,85
KYG2122K1076,,3073,China Oriented International Holdings Ltd.,1,2017.0,HKG,G2122K107,20191024.0,CHN,0H2Q3V-E,85.6,HONG KONG,@NA,KYG2122K1076,BKPJRQ,China Oriented International Holdings Ltd.,1.0,1871-HK,1,SHARE,BKPJRQ6,P,China Oriented International Holdings Ltd.3.pdf,85.6,85
INE02PC01019,,3074,Humming Bird Education Ltd.,0,2010.0,IND,Y3R49K106,20190328.0,IND,0KKK6D-E,85.6,BSE INDIA,@NA,INE02PC01019,BJVH4R,Humming Bird Education Ltd.,1.0,542592-IN,0,SHARE,BJVH4R7,P,Humming Bird Education Ltd.3.pdf,85.6,85
PHY124441163,,3075,Centro Escolar University,1,1907.0,PHL,Y12444116,19950524.0,PHL,05J5FY-E,85.42,PHILIPPINES,CEU-PH,PHY124441163,628147,Centro Escolar University,1.0,CEU-PH,1,SHARE,6281478,P,Centro Escolar University1.pdf,85.4,85
KYG8064A1067,,3076,Shanghai Gench Education Group Limited,1,2018.0,HKG,G8064A106,20200116.0,CHN,0KJFZZ-E,85.42,HONG KONG,1525-HK,KYG8064A1067,BLBFH7,Shanghai Gench Education Group Limited,1.0,1525-HK,1,SHARE,BLBFH76,P,Shanghai Gench Education Group Limited1.pdf,85.4,85
US71363P1066,,3077,Perdoceo Education Corporation,1,1994.0,USA,71363P106,19980129.0,USA,001T62-E,85.42,NASDAQ,PRDO-US,US71363P1066,71363P10,Perdoceo Education Corporation,1.0,PRDO-US,1,SHARE,BKRQQR9,P,Perdoceo Education Corporation3.pdf,85.4,85
SG2C97968151,,3078,Raffles Education Limited,1,1990.0,SGP,Y7343V154,20020124.0,SGP,05TWCZ-E,85.6,SINGAPORE,NR7-SG,SG2C97968151,B1G2XT,Raffles Education Limited,1.0,NR7-SG,1,SHARE,B1G2XT6,P,Raffles Education Limited3.pdf,85.6,85
INE565L01011,,3079,Zee Learn Limited,1,2010.0,IND,Y98873105,20101220.0,IND,0BBQWP-E,85.2,BSE INDIA,533287-IN,INE565L01011,B4LSDY,Zee Learn Limited,1.0,533287-IN,1,SHARE,B4LSDY5,P,Zee Learn Limited2.pdf,85.2,85
INE828O01033,,3080,MITCON Consultancy & Engineering Services Ltd,1,1982.0,IND,Y6S80T117,,IND,@NA,85.6,NSE INDIA,MITCON-IN,INE828O01033,BG7ZJH,MITCON Consultancy & Engineering Services Ltd.,1.0,MITCON-IN,1,SHARE,BG7ZJH9,P,MITCON Consultancy & Engineering Services Ltd.2.pdf,85.6,85
US86272C1036,,3081,"Strategic Education, Inc.",1,1892.0,USA,86272C103,19960725.0,USA,0JV0V2-E,85.42,NASDAQ,STRA-US,US86272C1036,86272C10,"Strategic Education, Inc.",1.0,STRA-US,1,SHARE,BGGJFV8,P,"Strategic Education, Inc.1.pdf",85.4,85
KYG212141041,,3082,China 21st Century Education Group Limited,1,1993.0,HKG,G21214104,20180529.0,CHN,@NA,85.6,HONG KONG,1598-HK,KYG212141041,BD1R2H,China 21st Century Education Group Limited,1.0,1598-HK,1,SHARE,BD1R2H1,P,China 21st Century Education Group Limited1.pdf,85.6,85
US3534691098,,3083,Franklin Covey Co.,1,1983.0,USA,353469109,19920603.0,USA,000KR9-E,85.6,NYSE,FC-US,US3534691098,35346910,Franklin Covey Co.,1.0,FC-US,1,SHARE,2352839,P,Franklin Covey Co.2.pdf,85.6,85
KYG6460B1086,,3084,Neusoft Education Technology Co. Limited,1,2000.0,HKG,G6460B108,20200929.0,CHN,0L6JG1-E,85.59,HONG KONG,9616-HK,KYG6460B1086,BMZ14N,Neusoft Education Technology Co. Limited,1.0,9616-HK,1,SHARE,BMZ14N2,P,Neusoft Education Technology Co. Limited1.pdf,85.5,85
US9139151040,,3085,"Universal Technical Institute, Inc.",1,1965.0,USA,913915104,20031217.0,USA,00519D-E,85.32,NYSE,UTI-US,US9139151040,91391510,"Universal Technical Institute, Inc.",1.0,UTI-US,1,SHARE,2002543,P,"Universal Technical Institute, Inc.1.pdf",85.3,85
KYG1R20A1052,,3086,Bojun Education Company Limited,0,2016.0,HKG,G1R20A105,20180731.0,CHN,0GLMB6-E,85.2,HONG KONG,@NA,KYG1R20A1052,BFNQW8,Bojun Education Company Limited,1.0,1758-HK,1,SHARE,BFNQW81,P,Bojun Education Company Limited1.pdf,85.2,85
FDS32B80,,3087,ATA Creativity Global,1,1999.0,CHN,FDS32B806,,CHN,0726TN-E,85.6,@NA,@NA,@NA,00211V10,ATA Creativity Global,1.0,@NA,1,SHARE,@NA,P,ATA Creativity Global1.pdf,85.6,85
KYG3413F1046,,3088,Fenbi Limited,1,,HKG,G3413F104,20230109.0,CHN,@NA,85.6,HONG KONG,2469-HK,KYG3413F1046,BMDKML,Fenbi Limited,1.0,2469-HK,1,SHARE,BMDKML5,P,Fenbi Limited1.pdf,85.6,85
US00737L1035,,3089,Adtalem Global Education Inc.,1,1973.0,USA,00737L103,19910621.0,USA,000HJ4-E,85.42,NYSE,ATGE-US,US00737L1035,00737L10,Adtalem Global Education Inc.,1.0,ATGE-US,1,SHARE,BZ12TX5,P,Adtalem Global Education Inc.3.pdf,85.4,85
KYG7853U1094,,3090,Scholar Education Group,1,2018.0,HKG,G7853U109,20190621.0,CHN,0KJNK1-E,85.6,HONG KONG,1769-HK,KYG7853U1094,BKC9L0,Scholar Education Group,1.0,1769-HK,1,SHARE,BKC9L01,P,Scholar Education Group1.pdf,85.6,85
KYG5421B1086,,3091,Leader Education Limited,1,2002.0,HKG,G5421B108,20200806.0,CHN,0M2N3W-E,85.6,HONG KONG,@NA,KYG5421B1086,BN4PDN,Leader Education Limited,1.0,1449-HK,1,SHARE,BN4PDN5,P,Leader Education Limited2.pdf,85.6,85
FDS0N1G0,,3092,Bright Scholar Education Holdings Ltd.,1,1994.0,CHN,FDS0N1G02,,CHN,0GZ9QM-E,85.2,@NA,@NA,@NA,10919920,Bright Scholar Education Holdings Ltd.,1.0,@NA,0,SHARE,@NA,P,Bright Scholar Education Holdings Ltd.3.pdf,85.2,85
KYG2124H1020,,3093,China General Education Group Limited,1,2018.0,HKG,G2124H102,20210716.0,CHN,@NA,85.42,HONG KONG,@NA,KYG2124H1020,BN7RM7,China General Education Group Limited,1.0,2175-HK,1,SHARE,BN7RM75,P,China General Education Group Limited1.pdf,85.4,85
KYG7307L1014,,3094,Puxin Ltd.,1,2014.0,CHN,G7307L101,,CHN,0JK6SH-E,85.6,CAYMAN ISLANDS UNLISTED,@NA,KYG7307L1014,74704P40,Puxin Ltd.,1.0,@NA,1,SHARE,BGDM8B1,P,Puxin Ltd.1.pdf,85.6,85
KYG216231061,,3095,China Xinhua Education Group Limited,1,2017.0,HKG,G21623106,20180326.0,CHN,0HKYHY-E,85.42,HONG KONG,2779-HK,KYG216231061,BYVRFP,China Xinhua Education Group Limited,1.0,2779-HK,1,SHARE,BYVRFP7,P,China Xinhua Education Group Limited1.pdf,85.4,85
US86333M1080,,3096,"Stride, Inc.",1,2000.0,USA,86333M108,20071213.0,USA,007TQY-E,85.6,NYSE,LRN-US,US86333M1080,86333M10,"Stride, Inc.",1.0,LRN-US,1,SHARE,BLD5321,P,"Stride, Inc.1.pdf",85.6,85
KYG6578D1034,,3097,JH Educational Technology INC.,1,2017.0,HKG,G6578D103,20190618.0,CHN,0K96Q7-E,85.2,HONG KONG,1935-HK,KYG6578D1034,BK9ZCW,JH Educational Technology INC.,1.0,1935-HK,1,SHARE,BK9ZCW1,P,JH Educational Technology INC.1.pdf,85.2,85
INE247C01023,,3098,Virtual Global Education Ltd.,0,1993.0,IND,Y937BB117,20121218.0,IND,@NA,85.6,BSE INDIA,@NA,INE247C01023,BD02QS,Virtual Global Education Ltd.,1.0,534741-IN,0,SHARE,BD02QS6,P,Virtual Global Education Ltd.1.pdf,85.6,85
INE291W01029,,3099,Global Education Ltd.,1,2011.0,IND,Y2R1KR122,20170302.0,IND,0GQXP4-E,85.6,NSE INDIA,@NA,INE291W01029,BPBJFV,Global Education Ltd.,1.0,GLOBAL-IN,1,SHARE,BPBJFV6,P,Global Education Ltd.3.pdf,85.6,85
KYG211511160,,3100,China Maple Leaf Educational Systems Ltd.,1,2007.0,HKG,G21151116,20141128.0,CHN,0DS8F7-E,85.2,HONG KONG,1317-HK,KYG211511160,BD3JR6,China Maple Leaf Educational Systems Ltd.,1.0,1317-HK,1,SHARE,BD3JR69,P,China Maple Leaf Educational Systems Ltd.1.pdf,85.2,85
KYG2121W1024,,3101,China Beststudy Education Group,1,2010.0,HKG,G2121W102,20181227.0,HKG,0JQ92W-E,85.6,HONG KONG,3978-HK,KYG2121W1024,BHHN3V,China Beststudy Education Group,1.0,3978-HK,1,SHARE,BHHN3V2,P,China Beststudy Education Group1.pdf,85.6,85
KYG2133W1087,,3102,"China Resources Medical Holdings Co., Ltd.",1,2013.0,HKG,G2133W108,20161205.0,CHN,0BFRXQ-E,86.1,HONG KONG CONNECT - SHENZHEN,1515-SZSC,KYG2133W1087,BYNKP9,"China Resources Medical Holdings Co., Ltd.",1.0,@NA,0,SHARE,BYQQTK2,Q,"China Resources Medical Holdings Co., Ltd.1.pdf",86.1,86
US3596641098,,3103,"Fulgent Genetics, Inc.",1,2016.0,USA,359664109,20160929.0,USA,@NA,86.9,NASDAQ,FLGT-US,US3596641098,35966410,"Fulgent Genetics, Inc.",1.0,FLGT-US,1,SHARE,BYQBFQ5,Q,"Fulgent Genetics, Inc.1.pdf",86.9,86
ID1000163009,,3104,PT Kedoya Adyaraya Tbk,1,1990.0,IDN,Y458R2109,20210908.0,IDN,0DFJ4H-E,86.1,INDONESIA,@NA,ID1000163009,BMT8S6,PT Kedoya Adyaraya Tbk,1.0,RSGK-ID,1,SHARE,BMT8S60,Q,PT Kedoya Adyaraya Tbk1.pdf,86.1,86
KYG3037S1021,,3105,EC Healthcare,1,2005.0,HKG,G3037S102,20220309.0,HKG,0FW699-E,86.21,HONG KONG CONNECT - SHENZHEN,@NA,KYG3037S1021,BMGGJ4,EC Healthcare,1.0,@NA,0,SHARE,BN942P2,Q,ISEC Healthcare Ltd.1.pdf,86.2,86
SG1EB6000000,,3106,Clearbridge Health Ltd.,1,2010.0,SGP,Y1R72K100,20171218.0,SGP,0HP0NH-E,86.1,SINGAPORE,1H3-SG,SG1EB6000000,BFCLBW,Clearbridge Health Ltd.,1.0,1H3-SG,1,SHARE,BFCLBW4,Q,Clearbridge Health Ltd.1.pdf,86.1,86
US7504911022,,3107,"RadNet, Inc.",1,1980.0,USA,750491102,19900412.0,USA,06LX08-E,86.9,NASDAQ,RDNT-US,US7504911022,75049110,"RadNet, Inc.",1.0,RDNT-US,1,SHARE,B1JNG19,Q,"RadNet, Inc.1.pdf",86.9,86
AU0000121618,,3108,Silk Laser Australia Ltd,1,2009.0,AUS,Q85047100,20201215.0,AUS,@NA,86.21,ASX,SLA-AU,AU0000121618,BLGY9X,Silk Laser Australia Ltd,1.0,SLA-AU,1,SHARE,BLGY9X8,Q,Silk Laser Australia Ltd1.pdf,86.2,86
DE0006577109,,3109,NanoRepro AG,1,1992.0,DEU,D5566G105,20210302.0,DEU,07G1SP-E,86.1,US OTC,@NA,DE0006577109,B3DSC9,NanoRepro AG,1.0,NNGRF-US,0,SHARE,BMCQVV7,Q,NanoRepro AG3.pdf,86.1,86
AU000000EHE2,,3110,Estia Health Ltd.,1,2005.0,AUS,Q3627L102,20141205.0,AUS,0DFZRQ-E,87.9,ASX,EHE-AU,AU000000EHE2,BSSWC5,Estia Health Ltd.,1.0,EHE-AU,1,SHARE,BSSWC52,Q,Estia Health Ltd.1.pdf,87.9,87
AU0000033359,,3111,Healius Limited,1,1985.0,AUS,Q4548G107,19980703.0,AUS,05J1BB-E,86.9,ASX,HLS-AU,AU0000033359,BFZYRL,Healius Limited,1.0,HLS-AU,1,SHARE,BFZYRL1,Q,Healius Limited1.pdf,86.9,86
KYG5140J1013,,3112,Jinxin Fertility Group Ltd.,1,2018.0,HKG,G5140J101,20210216.0,CHN,0KN5FD-E,86.9,US OTC,@NA,KYG5140J1013,BJ9JY5,Jinxin Fertility Group Ltd.,1.0,JXFGF-US,0,SHARE,BKTHZ51,Q,Jinxin Fertility Group Ltd.1.pdf,86.9,86
US75903M3097,,3113,"Regional Health Properties, Inc.",1,1991.0,USA,75903M309,20061221.0,USA,0GVFFQ-E,87.1,NYSE AMERICAN,RHE-US,US75903M3097,75903M30,"Regional Health Properties, Inc.",1.0,RHE-US,1,SHARE,BG861L9,Q,"Regional Health Properties, Inc.1.pdf",87.1,87
US68236X1000,,3114,"Oncology Institute, Inc.",1,2007.0,USA,68236X100,20200604.0,USA,0P90ZD-E,86.21,NASDAQ,TOI-US,US68236X1000,68236X10,"Oncology Institute, Inc.",1.0,TOI-US,1,SHARE,BL6CB69,Q,"Oncology Institute, Inc.1.pdf",86.2,86
FDS0XL3U,,3115,Medicover AB,1,2016.0,SWE,FDS0XL3U5,,SWE,0H06SM-E,86.9,@NA,@NA,@NA,BYQMFK,Medicover AB,1.0,@NA,0,SHARE,@NA,Q,Medicover AB1.pdf,86.9,86
AU000000RHC8,,3116,Ramsay Health Care Limited,0,1964.0,AUS,Q7982Y104,,AUS,05J0DC-E,86.1,BERNE,@NA,AU000000RHC8,604199,Ramsay Health Care Limited,1.0,RMY-CH,0,SHARE,BLNP1T4,Q,Ramsay Health Care Limited1.pdf,86.1,86
GB00BJVD3B28,,3117,NIOX Group Plc,0,2006.0,GBR,G21477107,,GBR,0DMDPR-E,86.9,BERNE,@NA,GB00BJVD3B28,BJVD3B,NIOX Group Plc,1.0,82C-CH,0,SHARE,BKSG3Z5,Q,NIOX Group Plc1.pdf,86.9,86
ID1000143209,,3118,PT Royal Prima Tbk,1,2013.0,IDN,Y732AX131,20180515.0,IDN,0JJVVT-E,86.1,INDONESIA,@NA,ID1000143209,BFZ8FX,PT Royal Prima Tbk,1.0,PRIM-ID,1,SHARE,BFZ8FX1,Q,PT Royal Prima Tbk1.pdf,86.1,86
KYG7516A1022,,3119,Republic Healthcare Limited,1,2018.0,HKG,G7516A102,20180615.0,SGP,0J1HXQ-E,86.9,HONG KONG,@NA,KYG7516A1022,BFXWP9,Republic Healthcare Limited,1.0,8357-HK,1,SHARE,BFXWP91,Q,Republic Healthcare Limited1.pdf,86.9,86
SG1X09940682,,3120,Healthway Medical Corporation Limited,1,1990.0,SGP,Y311AC106,20080704.0,SGP,06SHQB-E,86.21,SINGAPORE,5NG-SG,SG1X09940682,B3BDL9,Healthway Medical Corporation Limited,1.0,5NG-SG,1,SHARE,B3BDL94,Q,Healthway Medical Corporation Limited1.pdf,86.2,86
ZAE000145892,,3121,Life Healthcare Group Holdings Limited,1,1983.0,ZAF,S4682C100,20110712.0,ZAF,06JSQ9-E,86.1,US OTC,@NA,ZAE000145892,B4K90R,Life Healthcare Group Holdings Limited,1.0,LTGHF-US,0,SHARE,B569W76,Q,Life Healthcare Group Holdings Limited1.pdf,86.1,86
SGXE63978766,,3122,Medi Lifestyle Limited,1,1986.0,SGP,Y590AC105,20111025.0,MYS,0C4Z66-E,86.21,SINGAPORE,@NA,SGXE63978766,BPLPKQ,Medi Lifestyle Limited,1.0,Z4D-SG,1,SHARE,BPLPKQ4,Q,Medi Lifestyle Limited1.pdf,86.2,86
INE025R01021,,3123,Artemis Medicare Services Ltd.,1,2004.0,IND,Y02082124,20170720.0,IND,@NA,86.1,BSE INDIA,@NA,INE025R01021,BNG50P,Artemis Medicare Services Ltd.,1.0,542919-IN,1,SHARE,BNG50P4,Q,Artemis Medicare Services Ltd.2.pdf,86.1,86
SGXE59069307,,3124,Econ Healthcare (Asia) Limited,1,2004.0,SGP,Y2239E101,20210419.0,SGP,0NQ8Q8-E,87.9,SINGAPORE,EHG-SG,SGXE59069307,BM9FJ2,Econ Healthcare (Asia) Limited,1.0,EHG-SG,1,SHARE,BM9FJ24,Q,Econ Healthcare (Asia) Limited1.pdf,87.9,87
NZRADE0005S4,,3125,Radius Residential Care Ltd,1,2003.0,NZL,Q79696102,20201210.0,NZL,0HT2LM-E,87.2,NEW ZEALAND,@NA,NZRADE0005S4,BKSH1Q,Radius Residential Care Ltd,1.0,RAD-NZ,1,SHARE,BKSH1Q5,Q,Radius Residential Care Ltd1.pdf,87.2,87
ROMEDLACNOR6,,3126,Med Life SA,1,1996.0,ROU,X5S0TE101,20161208.0,ROU,08DQKQ-E,86.21,BUCHAREST SPOT,M-RO,ROMEDLACNOR6,BYQQTH,Med Life SA,1.0,M-RO,1,SHARE,BYQQTH9,Q,Med Life SA1.pdf,86.2,86
KYG5966K1094,,3127,"Meihao Medical Group Co., Ltd.",1,,HKG,G5966K109,20221214.0,CHN,0M0HV4-E,86.23,HONG KONG,@NA,KYG5966K1094,BPCS4W,"Meihao Medical Group Co., Ltd.",1.0,1947-HK,1,SHARE,BPCS4W6,Q,"Meihao Medical Group Co., Ltd.1.pdf",86.2,86
SG2G61000003,,3128,TalkMed Group Ltd.,1,2013.0,SGP,Y8409V104,20140130.0,SGP,@NA,86.21,SINGAPORE,5G3-SG,SG2G61000003,BJ35YD,TalkMed Group Ltd.,1.0,5G3-SG,1,SHARE,BJ35YD5,Q,TalkMed Group Ltd.1.pdf,86.2,86
US6986681004,,3129,"PAO Group, Inc.",1,2003.0,USA,698668100,20040708.0,USA,@NA,86.1,US OTC,@NA,US6986681004,69866810,"PAO Group, Inc.",1.0,PAOG-US,1,SHARE,BF5GR06,Q,"PAO Group, Inc.1.pdf",86.1,86
AU000000GEM7,,3130,G8 Education Limited,1,2006.0,AUS,Q3973C110,20210813.0,AUS,009TK8-E,88.91,US OTC,@NA,AU000000GEM7,B29631,G8 Education Limited,1.0,GEDUF-US,0,SHARE,BM9ZTH9,Q,G8 Education Limited1.pdf,88.9,88
US14019U1034,,3131,"Capital Group Holdings, Inc.",0,1980.0,USA,14019U103,19860926.0,USA,008VMG-E,86.9,US OTC,@NA,US14019U1034,14019U10,"Capital Group Holdings, Inc.",1.0,CGHC-US,1,SHARE,B00MK94,Q,"Capital Group Holdings, Inc.2.pdf",86.9,86
KYG6446R1020,,3132,New Century Healthcare Holding Co. Ltd.,1,2015.0,HKG,G6446R102,20170118.0,HKG,0GJ98J-E,86.21,HONG KONG,1518-HK,KYG6446R1020,BD6VZP,New Century Healthcare Holding Co. Ltd.,1.0,1518-HK,1,SHARE,BD6VZP7,Q,New Century Healthcare Holding Co. Ltd.3.pdf,86.2,86
KYG2R51A1053,,3133,C-MER Eye Care Holdings Limited,0,2016.0,HKG,G2R51A105,20181023.0,HKG,0H778Y-E,86.22,HONG KONG CONNECT  - SHANGHAI,@NA,KYG2R51A1053,BFNNS6,C-MER Eye Care Holdings Limited,1.0,@NA,0,SHARE,BGKFKS4,Q,C-MER Eye Care Holdings Limited1.pdf,86.2,86
INE842B01015,,3134,Fortis Malar Hospitals Limited,1,1989.0,IND,Y5444K119,20041021.0,IND,@NA,86.1,BSE INDIA,523696-IN,INE842B01015,B03GDK,Fortis Malar Hospitals Limited,1.0,523696-IN,1,SHARE,B03GDK5,Q,Fortis Malar Hospitals Limited2.pdf,86.1,86
BMG2133H2006,,3135,China Medical & HealthCare Group Limited,1,1989.0,HKG,G2133H200,20030919.0,HKG,003PWP-E,86.1,US OTC,@NA,BMG2133H2006,BP298Q,China Medical & HealthCare Group Limited,1.0,COLRF-US,0,SHARE,BNKCH61,Q,China Medical & HealthCare Group Limited1.pdf,86.1,86
ID1000175904,,3136,PT Famon Awal Bros Sedaya Tbk,0,1997.0,IDN,Y234BT102,20221108.0,IDN,@NA,86.1,INDONESIA,@NA,ID1000175904,BMGFDJ,PT Famon Awal Bros Sedaya Tbk,1.0,PRAY-ID,0,SHARE,BMGFDJ2,Q,PT Famon Awal Bros Sedaya Tbk1.pdf,86.1,86
KYG2181S1084,,3137,Clarity Medical Group Holding Limited,1,,HKG,G2181S108,20220218.0,HKG,0KSTPF-E,86.22,HONG KONG,@NA,KYG2181S1084,BJLKP4,Clarity Medical Group Holding Limited,1.0,1406-HK,1,SHARE,BJLKP40,Q,Clarity Medical Group Holding Limited1.pdf,86.2,86
CA27786D1042,,3138,Easy Technologies Inc.,0,2005.0,USA,27786D104,20101012.0,CAN,@NA,86.9,US OTC,@NA,CA27786D1042,27786D10,Easy Technologies Inc.,1.0,EMYSF-US,1,SHARE,BYN9Z62,Q,Easy Technologies Inc.2.pdf,86.9,86
SE0009663826,,3139,Ambea AB,1,1993.0,SWE,W0R88P139,20170331.0,SWE,06DYV8-E,86.9,OMX NORDIC STOCKHOLM,AMBEA-SE,SE0009663826,BYXPJQ,Ambea AB,1.0,AMBEA-SE,1,SHARE,BYXPJQ8,Q,Ambea AB1.pdf,86.9,86
US87427V1035,,3140,"Talkspace, Inc.",1,2012.0,USA,87427V103,20200730.0,USA,@NA,86.9,NASDAQ,TALK-US,US87427V1035,87427V10,"Talkspace, Inc.",1.0,TALK-US,1,SHARE,BP7L970,Q,"Talkspace, Inc.1.pdf",86.9,86
SG2E73981531,,3141,Q & M Dental Group (Singapore) Limited,1,1996.0,SGP,Y7163V110,20220804.0,SGP,087GZG-E,86.23,US OTC,@NA,SG2E73981531,B8BXJQ,Q & M Dental Group (Singapore) Limited,1.0,QNMDF-US,0,SHARE,B83SRV6,Q,Q & M Dental Group (Singapore) Limited2.pdf,86.2,86
FDS0ISI0,,3142,"Guangdong Kanghua Healthcare Co., Ltd.",1,2002.0,HKG,FDS0ISI07,,CHN,0GDF4Q-E,86.1,@NA,@NA,@NA,BDH3P7,"Guangdong Kanghua Healthcare Co., Ltd.",1.0,@NA,0,SHARE,@NA,Q,"Guangdong Kanghua Healthcare Co., Ltd.2.pdf",86.1,86
GB00BYV24996,,3143,Medica Group Plc,1,2013.0,GBR,G5957X102,20170321.0,GBR,0GXJJ5-E,86.9,LONDON,MGP-GB,GB00BYV24996,BYV249,Medica Group Plc,1.0,MGP-GB,1,SHARE,BYV2499,Q,Medica Group Plc1.pdf,86.9,86
SGXE82839874,,3144,Medinex Ltd.,1,2009.0,SGP,Y5907R106,20181207.0,SGP,0H2Z2P-E,86.9,SINGAPORE,@NA,SGXE82839874,BDQZWQ,Medinex Ltd.,1.0,OTX-SG,1,SHARE,BDQZWQ9,Q,Medinex Ltd.1.pdf,86.9,86
KYG3224D1088,,3145,EuroEyes International Eye Clinic Limited,1,1993.0,HKG,G3224D108,20191015.0,DEU,0KSFNS-E,86.22,HONG KONG,1846-HK,KYG3224D1088,BKRSD4,EuroEyes International Eye Clinic Limited,1.0,1846-HK,1,SHARE,BKRSD41,Q,EuroEyes International Eye Clinic Limited1.pdf,86.2,86
KYG2216H1011,,3146,ClouDr Group Limited,1,2014.0,HKG,G2216H101,20230314.0,CHN,@NA,86.21,HONG KONG CONNECT  - SHANGHAI,@NA,KYG2216H1011,BKPNR0,ClouDr Group Limited,1.0,@NA,0,SHARE,BNZJ756,Q,ClouDr Group Limited1.pdf,86.2,86
KYG4594A1040,,3147,Honliv Healthcare Management Group Co Ltd,1,2004.0,HKG,G4594A104,20200713.0,CHN,0LSTCR-E,86.1,HONG KONG,@NA,KYG4594A1040,BMG759,Honliv Healthcare Management Group Co Ltd,1.0,9906-HK,1,SHARE,BMG7592,Q,Honliv Healthcare Management Group Co Ltd1.pdf,86.1,86
US2560861096,,3148,DocGo Inc.,1,2015.0,USA,256086109,20201211.0,USA,0P3GC6-E,86.9,NASDAQ,DCGO-US,US2560861096,25608610,DocGo Inc.,1.0,DCGO-US,1,SHARE,BKP4P23,Q,DocGo Inc.1.pdf,86.9,86
FDS1X4KD,,3149,"Huaxia Eye Hospital Group Co., Ltd.",1,2004.0,CHN,FDS1X4KD0,,CHN,@NA,86.1,@NA,@NA,@NA,BPDYCN,"Huaxia Eye Hospital Group Co., Ltd.",1.0,@NA,0,SHARE,@NA,Q,"Huaxia Eye Hospital Group Co., Ltd.1.pdf",86.1,86
AEI000201014,,3150,International Holdings Company PJSC,1,1998.0,ARE,M5634R109,20061031.0,ARE,05ZB8P-E,86.9,ABU DHABI,IHC-AE,AEI000201014,B1K9VV,International Holdings Company PJSC,1.0,IHC-AE,1,SHARE,B1K9VV1,Q,International Holdings Company PJSC2.pdf,86.9,86
KYG4164T1379,,3151,Green International Holdings Limited,1,2006.0,HKG,G4164T137,20060929.0,HKG,008MV4-E,86.1,HONG KONG,@NA,KYG4164T1379,BN30ZL,Green International Holdings Limited,1.0,2700-HK,1,SHARE,BN30ZL3,Q,Green International Holdings Limited1.pdf,86.1,86
US06682M5094,,3152,Banyan Corp.,0,1978.0,USA,06682M509,19960502.0,USA,@NA,86.21,US OTC,@NA,US06682M5094,06682M50,Banyan Corp.,1.0,BNYN-US,1,SHARE,2065911,Q,Banyan Corp.1.pdf,86.2,86
SG1EA6000002,,3153,MindChamps PreSchool Ltd.,1,2008.0,SGP,Y6035Y104,20171124.0,SGP,0DVT5J-E,88.91,SINGAPORE,CNE-SG,SG1EA6000002,BF0QDP,MindChamps PreSchool Ltd.,1.0,CNE-SG,1,SHARE,BF0QDP8,Q,MindChamps PreSchool Ltd.1.pdf,88.9,88
KR7127120004,,3154,"DNA Link, Inc.",1,2000.0,KOR,Y2090U103,20111226.0,KOR,0BB27V-E,86.9,KOREA,127120-KR,KR7127120004,B64RKY,"DNA Link, Inc.",1.0,127120-KR,1,SHARE,B64RKY2,Q,"DNA Link, Inc.1.pdf",86.9,86
ID1000118706,,3155,PT Sejahteraraya Anugrahjaya Tbk,1,1991.0,IDN,Y71374105,20110411.0,IDN,0BP66S-E,86.1,INDONESIA,SRAJ-ID,ID1000118706,B5M1HJ,PT Sejahteraraya Anugrahjaya Tbk,1.0,SRAJ-ID,1,SHARE,B5M1HJ3,Q,PT Sejahteraraya Anugrahjaya Tbk1.pdf,86.1,86
KYG5262E1044,,3156,"Kindstar Globalgene Technology, Inc.",1,2007.0,HKG,G5262E104,20210716.0,CHN,0NFMXK-E,86.9,HONG KONG,9960-HK,KYG5262E1044,BMC02S,"Kindstar Globalgene Technology, Inc.",1.0,9960-HK,1,SHARE,BMC02S3,Q,"Kindstar Globalgene Technology, Inc.1.pdf",86.9,86
ID1000161201,,3157,PT Bundamedik Tbk,1,1961.0,IDN,Y1R16Y109,20210706.0,IDN,0N9BQL-E,86.1,INDONESIA,BMHS-ID,ID1000161201,BMBZY0,PT Bundamedik Tbk,1.0,BMHS-ID,1,SHARE,BMBZY05,Q,PT Bundamedik Tbk1.pdf,86.1,86
AU0000148496,,3158,Australian Clinical Labs Ltd,1,2015.0,AUS,Q0R979107,20210514.0,AUS,0NSTMN-E,86.9,ASX,ACL-AU,AU0000148496,BMWLLJ,Australian Clinical Labs Ltd,1.0,ACL-AU,1,SHARE,BMWLLJ0,Q,Australian Clinical Labs Ltd1.pdf,86.9,86
NZARVE0001S5,,3159,Arvida Group Ltd.,1,2014.0,NZL,Q05520103,20141218.0,NZL,0DZRG4-E,87.9,NEW ZEALAND,ARV-NZ,NZARVE0001S5,BTGN9H,Arvida Group Ltd.,1.0,ARV-NZ,1,SHARE,BTGN9H5,Q,Arvida Group Ltd.1.pdf,87.9,87
MYL5878OO003,,3160,KPJ Healthcare Bhd.,1,1992.0,MYS,Y4984Y100,19950210.0,MYS,05JDTB-E,86.1,MALAYSIA,5878-MY,MYL5878OO003,649358,KPJ Healthcare Bhd.,1.0,5878-MY,1,SHARE,6493585,Q,KPJ Healthcare Bhd.1.pdf,86.1,86
KYG9889T1067,,3161,Yunkang Group Limited,1,2018.0,HKG,G9889T106,20220518.0,CHN,0NFZVH-E,86.9,HONG KONG,2325-HK,KYG9889T1067,BN7SX6,Yunkang Group Limited,1.0,2325-HK,1,SHARE,BN7SX64,Q,Yunkang Group Limited2.pdf,86.9,86
KYG2047K1094,,3162,Chaoju Eye Care Holdings Ltd.,1,1988.0,HKG,G2047K109,20210707.0,CHN,0N817Y-E,86.22,HONG KONG,2219-HK,KYG2047K1094,BLD2Z8,Chaoju Eye Care Holdings Ltd.,1.0,2219-HK,1,SHARE,BLD2Z82,Q,Chaoju Eye Care Holdings Ltd.1.pdf,86.2,86
AU000000IDX2,,3163,Integral Diagnostics Ltd,1,2008.0,AUS,Q4936S101,20151021.0,AUS,0FT1JZ-E,86.9,ASX,IDX-AU,AU000000IDX2,BYV2ZK,Integral Diagnostics Ltd,1.0,IDX-AU,1,SHARE,BYV2ZK7,Q,Integral Diagnostics Ltd2.pdf,86.9,86
AU000000SHL7,,3164,Sonic Healthcare Limited,1,1934.0,AUS,Q8563C107,20070716.0,AUS,05HYTQ-E,86.9,US OTC,@NA,AU000000SHL7,682112,Sonic Healthcare Limited,1.0,SKHCF-US,0,SHARE,B3BJRY9,Q,Sonic Healthcare Limited1.pdf,86.9,86
SGXE65282837,,3165,Alliance Healthcare Group Ltd.,1,1994.0,SGP,Y003BZ107,20190531.0,SGP,0FV2RQ-E,86.21,SINGAPORE,@NA,SGXE65282837,BJYJ6G,Alliance Healthcare Group Ltd.,1.0,MIJ-SG,1,SHARE,BJYJ6G3,Q,Alliance Healthcare Group Ltd.1.pdf,86.2,86
INE063601012,,3166,Gian Life Care Ltd.,1,2018.0,IND,Y2712H100,20200113.0,IND,0L75RJ-E,86.9,BSE INDIA,@NA,INE063601012,BJVLR1,Gian Life Care Ltd.,1.0,542918-IN,1,SHARE,BJVLR14,Q,Gian Life Care Ltd.2.pdf,86.9,86
US29261A1007,,3167,Encompass Health Corporation,1,1984.0,USA,29261A100,19860924.0,USA,000LLG-E,86.9,NYSE,EHC-US,US29261A1007,29261A10,Encompass Health Corporation,1.0,EHC-US,1,SHARE,BYX2YJ7,Q,Encompass Health Corporation1.pdf,86.9,86
SG1DF9000000,,3168,Aoxin Q&M Dental Group Ltd.,1,2011.0,SGP,Y0168S109,20170426.0,SGP,@NA,86.23,SINGAPORE,1D4-SG,SG1DF9000000,BF001F,Aoxin Q&M Dental Group Ltd.,1.0,1D4-SG,1,SHARE,BF001F6,Q,Aoxin Q&M Dental Group Ltd.1.pdf,86.2,86
DE000A2TSL71,,3169,SYNLAB AG,1,1998.0,DEU,D8T7KY106,20210430.0,DEU,0NP0J2-E,86.9,XETRA,SYAB-DE,DE000A2TSL71,BNDM6Y,SYNLAB AG,1.0,SYAB-DE,1,SHARE,BNDM6Y9,Q,SYNLAB AG1.pdf,86.9,86
HK0000264595,,3170,China Evergrande New Energy Vehicle Group Ltd.,0,2007.0,HKG,Y1488H104,,CHN,009YKT-E,86.1,BERNE,@NA,HK0000264595,BYYJDM,China Evergrande New Energy Vehicle Group Ltd.,1.0,4NM1-CH,0,SHARE,BMF1RF5,Q,China Evergrande New Energy Vehicle Group Ltd.1.pdf,86.1,86
FDS1UX3V,,3171,"Chengdu Bright Eye Hospital Co., Ltd.",1,2006.0,CHN,FDS1UX3V8,,CHN,@NA,86.1,@NA,@NA,@NA,BN7G1N,"Chengdu Bright Eye Hospital Co., Ltd.",1.0,@NA,0,SHARE,@NA,Q,"Chengdu Bright Eye Hospital Co., Ltd.2.pdf",86.1,86
INE043W01024,,3172,Vijaya Diagnostic Centre Ltd.,1,1981.0,IND,Y937XB105,20210914.0,IND,08C2X9-E,86.9,BSE INDIA,543350-IN,INE043W01024,BPDXQ0,Vijaya Diagnostic Centre Ltd.,1.0,543350-IN,1,SHARE,BPDXQ02,Q,Vijaya Diagnostic Centre Ltd.1.pdf,86.9,86
AU000000REG6,,3173,Regis Healthcare Ltd.,1,1994.0,AUS,Q8059P125,20141007.0,AUS,0DX85L-E,87.2,ASX,REG-AU,AU000000REG6,BQV68F,Regis Healthcare Ltd.,1.0,REG-AU,1,SHARE,BQV68F9,Q,Regis Healthcare Ltd.1.pdf,87.2,87
KYG5960G1047,,3174,Mega Genomics Limited,1,,HKG,G5960G104,20220622.0,CHN,@NA,86.9,HONG KONG,@NA,KYG5960G1047,BN91GY,Mega Genomics Limited,1.0,6667-HK,1,SHARE,BN91GY0,Q,Mega Genomics Limited2.pdf,86.9,86
KYG7356A1058,,3175,Raily Aesthetic Medicine International Holdings Limited,1,2008.0,HKG,G7356A105,20201228.0,CHN,0LWKH4-E,86.21,HONG KONG,@NA,KYG7356A1058,BLKGTQ,Raily Aesthetic Medicine International Holdings Limited,1.0,2135-HK,1,SHARE,BLKGTQ3,Q,Raily Aesthetic Medicine International Holdings Limited1.pdf,86.2,86
US67079U1088,,3176,Nutex Health Inc,1,2011.0,USA,67079U108,20110526.0,USA,@NA,86.21,NASDAQ,NUTX-US,US67079U1088,67079U10,Nutex Health Inc,1.0,NUTX-US,1,SHARE,BJLVKY8,Q,Nutex Health Inc2.pdf,86.2,86
ID1000167307,,3177,PT Murni Sadar Tbk,0,2010.0,IDN,Y6184C101,20220420.0,IDN,@NA,86.1,INDONESIA,@NA,ID1000167307,BMB0JG,PT Murni Sadar Tbk,1.0,MTMH-ID,0,SHARE,BMB0JG1,Q,PT Murni Sadar Tbk1.pdf,86.1,86
US29358P1012,,3178,"Ensign Group, Inc.",1,1999.0,USA,29358P101,20071109.0,USA,009878-E,87.1,NASDAQ,ENSG-US,US29358P1012,29358P10,"Ensign Group, Inc.",1.0,ENSG-US,1,SHARE,B1YWPP8,Q,"Ensign Group, Inc.1.pdf",87.1,87
FDS1FJRS,,3179,Doctor Care Anywhere Group PLC,1,2014.0,GBR,FDS1FJRS7,,GBR,@NA,86.9,@NA,@NA,@NA,BNG0BN,Doctor Care Anywhere Group PLC,1.0,@NA,1,SHARE,@NA,Q,Doctor Care Anywhere Group PLC1.pdf,86.9,86
KYG428881000,,3180,Hang Chi Holdings Ltd.,1,2016.0,HKG,G42888100,20170712.0,HKG,0GVWHR-E,87.9,HONG KONG,@NA,KYG428881000,BYVKSQ,Hang Chi Holdings Ltd.,1.0,8405-HK,1,SHARE,BYVKSQ8,Q,Hang Chi Holdings Ltd.2.pdf,87.9,87
TH7923010006,,3181,Thonburi Healthcare Group Public Company Limited,1,1976.0,THA,Y8801W106,20171207.0,THA,0GHVW8-E,86.1,THAILAND,THG-TH,TH7923010006,BF1G27,Thonburi Healthcare Group Public Company Limited,1.0,THG-TH,1,SHARE,BF1G272,Q,Thonburi Healthcare Group Public Company Limited1.pdf,86.1,86
FI4000092556,,3182,Pihlajalinna Plc,1,2001.0,FIN,X6553F538,20150604.0,FIN,07K4Y9-E,86.21,OMX NORDIC HELSINKI,PIHLIS-FI,FI4000092556,BYZFLR,Pihlajalinna Plc,1.0,PIHLIS-FI,1,SHARE,BYZFLR1,Q,Pihlajalinna Plc1.pdf,86.2,86
US64049M2098,,3183,"NeoGenomics, Inc.",1,1998.0,USA,64049M209,19991102.0,USA,002BVG-E,86.9,NASDAQ,NEO-US,US64049M2098,64049M20,"NeoGenomics, Inc.",1.0,NEO-US,1,SHARE,2598246,Q,"NeoGenomics, Inc.1.pdf",86.9,86
US6359061008,,3184,National HealthCare Corporation,1,1971.0,USA,635906100,19841105.0,USA,001T15-E,87.1,NYSE AMERICAN,NHC-US,US6359061008,63590610,National HealthCare Corporation,1.0,NHC-US,1,SHARE,2139731,Q,National HealthCare Corporation3.pdf,87.1,87
US81619Q1058,,3185,Select Medical Holdings Corporation,1,1996.0,USA,81619Q105,20090925.0,USA,007035-E,86.1,NYSE,SEM-US,US81619Q1058,81619Q10,Select Medical Holdings Corporation,1.0,SEM-US,1,SHARE,B4MF0Q6,Q,Select Medical Holdings Corporation1.pdf,86.1,86
KYG8281B1014,,3186,"South China Vocational Education Group Co., Ltd.",1,1993.0,HKG,G8281B101,20210713.0,CHN,0N5F2Z-E,88.99,HONG KONG,@NA,KYG8281B1014,BND88R,"South China Vocational Education Group Co., Ltd.",1.0,6913-HK,1,SHARE,BND88R4,Q,"South China Vocational Education Group Co., Ltd.1.pdf",88.9,88
FDS12QBR,,3187,Aesthetic Medical International Holdings Group Ltd.,1,1997.0,CHN,FDS12QBR4,,CHN,0LHF4L-E,86.21,@NA,@NA,@NA,00809M10,Aesthetic Medical International Holdings Group Ltd.,1.0,@NA,1,SHARE,@NA,Q,Aesthetic Medical International Holdings Group Ltd.3.pdf,86.2,86
JP3974790002,,3188,Living Platform Ltd.,1,2011.0,JPN,J3S11Q103,20200317.0,JPN,0G6WX8-E,87.1,TOKYO,7091-JP,JP3974790002,BKSKN7,Living Platform Ltd.,1.0,7091-JP,1,SHARE,BKSKN79,Q,Living Platform Ltd.2.pdf,87.1,87
SG1M49904634,,3189,Thomson Medical Group Ltd.,1,1979.0,SGP,Y03977108,20020710.0,SGP,0JHPBP-E,86.1,SINGAPORE,A50-SG,SG1M49904634,653531,Thomson Medical Group Ltd.,1.0,A50-SG,1,SHARE,6535313,Q,Thomson Medical Group Ltd.1.pdf,86.1,86
GB00BNLPYF73,,3190,Spire Healthcare Group PLC,1,2007.0,GBR,G83577109,20140718.0,GBR,0DRQ72-E,86.1,LONDON,SPI-GB,GB00BNLPYF73,BNLPYF,Spire Healthcare Group PLC,1.0,SPI-GB,1,SHARE,BNLPYF7,Q,Spire Healthcare Group PLC1.pdf,86.1,86
FR0000044471,,3191,Ramsay Generale de Sante SA,1,1991.0,FRA,F43286107,20010620.0,FRA,003JH8-E,86.1,EURONEXT PARIS,GDS-FR,FR0000044471,714411,Ramsay Generale de Sante SA,1.0,GDS-FR,1,SHARE,7144116,Q,Ramsay Generale de Sante SA2.pdf,86.1,86
SG0505000059,,3192,Asiamedic Limited,1,1974.0,SGP,Y0330L123,19871218.0,SGP,05JF1R-E,86.1,SINGAPORE,@NA,SG0505000059,689694,Asiamedic Limited,1.0,505-SG,1,SHARE,6896946,Q,Asiamedic Limited1.pdf,86.1,86
US53228F1012,,3193,"Lifestance Health Group, Inc.",1,2017.0,USA,53228F101,20210610.0,USA,0NV2R0-E,86.9,NASDAQ,LFST-US,US53228F1012,53228F10,"Lifestance Health Group, Inc.",1.0,LFST-US,1,SHARE,BN0TRB7,Q,"Lifestance Health Group, Inc.1.pdf",86.9,86
JP3274360001,,3194,AIAI Group Corporation,1,2015.0,JPN,J1726M102,20171017.0,JPN,0GXDC5-E,87.1,TOKYO,6557-JP,JP3274360001,BYZQ03,AIAI Group Corporation,1.0,6557-JP,1,SHARE,BYZQ033,Q,AIAI Group Corporation1.pdf,87.1,87
FDS246A4,,3195,"Genesis Healthcare, Inc.",1,1985.0,USA,FDS246A46,,USA,0FB601-E,87.1,@NA,@NA,@NA,37185X10,"Genesis Healthcare, Inc.",1.0,@NA,0,SHARE,@NA,Q,"Genesis Healthcare, Inc.2.pdf",87.1,87
US30068X1037,,3196,"Exagen, Inc.",1,2002.0,USA,30068X103,20190919.0,USA,064NVS-E,86.9,NASDAQ,XGN-US,US30068X1037,30068X10,"Exagen, Inc.",1.0,XGN-US,1,SHARE,BK4W379,Q,"Exagen, Inc.1.pdf",86.9,86
SG1AD9000001,,3197,ISEC Healthcare Ltd,1,2014.0,SGP,Y417AJ106,20141028.0,SGP,0DYB96-E,86.22,SINGAPORE,40T-SG,SG1AD9000001,BRS52L,ISEC Healthcare Ltd.,1.0,40T-SG,1,SHARE,BRS52L0,Q,ISEC Healthcare Ltd.1.pdf,86.2,86
US40131M1099,,3198,"Guardant Health, Inc.",1,2012.0,USA,40131M109,20181004.0,USA,00FYYJ-E,86.9,NASDAQ,GH-US,US40131M1099,40131M10,"Guardant Health, Inc.",1.0,GH-US,1,SHARE,BFXC911,Q,"Guardant Health, Inc.1.pdf",86.9,86
KYG0957Q1082,,3199,Beijing Health (Holdings) Limited,1,1995.0,HKG,G0957Q108,20020426.0,HKG,05W3TH-E,88.99,HONG KONG,2389-HK,KYG0957Q1082,BYZWFH,Beijing Health (Holdings) Limited,1.0,2389-HK,1,SHARE,BYZWFH0,Q,Beijing Health (Holdings) Limited2.pdf,88.9,88
GB00BVG7F061,,3200,International Game Technology PLC,1,2014.0,USA,G4863A108,20070801.0,GBR,0FFTLC-E,92.0,NYSE,IGT-US,GB00BVG7F061,G4863A10,International Game Technology PLC,1.0,IGT-US,1,SHARE,BVG7F06,R,International Game Technology PLC1.pdf,92.0,92
US36467X2062,,3201,"Gaming Innovation Group, Inc.",1,1992.0,NOR,36467X206,20201207.0,MLT,0FKV5P-E,93.29,US OTC,@NA,US36467X2062,BHNZKX,"Gaming Innovation Group, Inc.",1.0,GIGI-US,0,SHARE,BMD7L53,R,"Gaming Innovation Group, Inc.2.pdf",93.2,93
US53190C1027,,3202,"Life Time Group Holdings, Inc.",1,1992.0,USA,53190C102,20211007.0,USA,0P6Z0M-E,93.13,NYSE,LTH-US,US53190C1027,53190C10,"Life Time Group Holdings, Inc.",1.0,LTH-US,1,SHARE,BPH0546,R,"Life Time Group Holdings, Inc.2.pdf",93.1,93
GI000A0F6407,,3203,888 Holdings Plc,1,1997.0,GBR,X19526106,,GIB,007KZW-E,92.0,SIX SWISS,@NA,GI000A0F6407,B0L4LM,888 Holdings Plc,1.0,888-CH,0,SHARE,BMDY6F9,R,888 Holdings Plc1.pdf,92.0,92
DE000ZEAL241,,3204,ZEAL Network SE,1,1999.0,DEU,D9835K103,20080515.0,DEU,@NA,92.0,LONDON,@NA,DE000ZEAL241,BKDPJX,ZEAL Network SE,1.0,0QJQ-GB,0,SHARE,BKS93W1,R,ZEAL Network SE1.pdf,92.0,92
KYG4231A1114,,3205,Haichang Ocean Park Holdings Ltd.,0,2011.0,HKG,G4231A111,20181023.0,CHN,0DLY38-E,93.21,HONG KONG CONNECT  - SHANGHAI,@NA,KYG4231A1114,BQWN4M,Haichang Ocean Park Holdings Ltd.,1.0,@NA,0,SHARE,BGKFJV0,R,Haichang Ocean Park Holdings Ltd.2.pdf,93.2,93
CA45073W1068,,3206,I3 Interactive Inc.,0,2007.0,CAN,45073W106,20200702.0,CAN,@NA,92.0,CNQ,@NA,CA45073W1068,BN0TJ2,I3 Interactive Inc.,1.0,BETS-CA,1,SHARE,BN0TJ22,R,I3 Interactive Inc.1.pdf,92.0,92
IM00B5VQMV65,,3207,Entain PLC,1,2004.0,GBR,G3167C109,20160222.0,GBR,061D73-E,93.29,VIENNA,@NA,IM00B5VQMV65,B5VQMV,Entain PLC,1.0,GVC-AT,0,SHARE,BYXZTQ8,R,Entain PLC1.pdf,93.2,93
ID1000103807,,3208,PT Pembangunan Jaya Ancol Tbk,1,1966.0,IDN,Y712AB123,20040702.0,IDN,0070S6-E,93.21,INDONESIA,PJAA-ID,ID1000103807,B18X9Q,PT Pembangunan Jaya Ancol Tbk,1.0,PJAA-ID,1,SHARE,B18X9Q6,R,PT Pembangunan Jaya Ancol Tbk1.pdf,93.2,93
MYL3018OO008,,3209,Olympia Industries Bhd.,1,1980.0,MYS,Y6474H109,19930517.0,MYS,05JGCX-E,92.0,MALAYSIA,3018-MY,MYL3018OO008,B1V74R,Olympia Industries Bhd.,1.0,3018-MY,1,SHARE,B1V74R1,R,Olympia Industries Bhd.1.pdf,92.0,92
GB00BHXM9D70,,3210,Tintra PLC,1,2002.0,GBR,G8883L101,20210820.0,GBR,06JSP1-E,92.0,US OTC,@NA,GB00BHXM9D70,BHXM9D,Tintra PLC,1.0,TNTAF-US,0,SHARE,BMHRRF1,R,Tintra PLC1.pdf,92.0,92
SG1P15916395,,3211,Straco Corporation Limited,1,2002.0,SGP,Y81716105,20040220.0,SGP,065MPL-E,91.04,SINGAPORE,S85-SG,SG1P15916395,674072,Straco Corporation Limited,1.0,S85-SG,1,SHARE,6740720,R,Straco Corporation Limited1.pdf,91.0,91
KYG211751071,,3212,CA Cultural Technology Group Ltd.,1,2013.0,HKG,G21175107,20150312.0,HKG,0FCN2Q-E,93.21,HONG KONG,1566-HK,KYG211751071,BW4PYY,CA Cultural Technology Group Ltd.,1.0,1566-HK,1,SHARE,BW4PYY6,R,CA Cultural Technology Group Ltd.1.pdf,93.2,93
GB00BDB79J29,,3213,XP Factory PLC,1,2016.0,GBR,G2816A100,20160708.0,GBR,0H0QMD-E,93.21,LONDON,XPF-GB,GB00BDB79J29,BDB79J,XP Factory PLC,1.0,XPF-GB,1,SHARE,BDB79J2,R,XP Factory PLC1.pdf,93.2,93
JP3198900007,,3214,"Oriental Land Co., Ltd.",1,1960.0,JPN,J6174U100,20040618.0,JPN,05HWDS-E,93.21,US OTC,@NA,JP3198900007,664889,"Oriental Land Co., Ltd.",1.0,OLCLF-US,0,SHARE,B05PHK8,R,"Oriental Land Co., Ltd.1.pdf",93.2,93
INE066O01014,,3215,Wonderla Holidays Ltd.,1,2000.0,IND,Y73508106,20140509.0,IND,0CQ8Q4-E,93.21,BSE INDIA,538268-IN,INE066O01014,BLBN4B,Wonderla Holidays Ltd.,1.0,538268-IN,1,SHARE,BLBN4B3,R,Wonderla Holidays Ltd.1.pdf,93.2,93
AU000000SGR6,,3216,Star Entertainment Group Limited,1,2011.0,AUS,Q8719T103,20110606.0,AUS,0B4DZ1-E,92.0,ASX,SGR-AU,AU000000SGR6,BD5ZR9,Star Entertainment Group Limited,1.0,SGR-AU,1,SHARE,BD5ZR98,R,Star Entertainment Group Limited1.pdf,92.0,92
SGXE75616446,,3217,Sim Leisure Group Ltd.,1,2018.0,SGP,Y7983U102,20190301.0,MYS,0KH9CK-E,93.21,SINGAPORE,@NA,SGXE75616446,BJRF0Y,Sim Leisure Group Ltd.,1.0,URR-SG,1,SHARE,BJRF0Y4,R,Sim Leisure Group Ltd.3.pdf,93.2,93
KYG5804A1076,,3218,Maoyan Entertainment,1,2017.0,HKG,G5804A107,20190625.0,CHN,0KH62L-E,92.0,HONG KONG CONNECT - SHENZHEN,1896-SZSC,KYG5804A1076,BHHD4Q,Maoyan Entertainment,1.0,@NA,0,SHARE,BK5SZ69,R,Maoyan Entertainment1.pdf,92.0,92
KYG2159V1418,,3219,Sinopharm Tech Holdings Limited,1,1999.0,HKG,G2159V141,20021112.0,HKG,05VCSL-E,92.0,HONG KONG,8156-HK,KYG2159V1418,BTJLGP,Sinopharm Tech Holdings Limited,1.0,8156-HK,1,SHARE,BTJLGP3,R,Sinopharm Tech Holdings Limited1.pdf,92.0,92
GB00B1L5QH97,,3220,Rank Group Plc,1,1937.0,GBR,G7377H121,20000224.0,GBR,003HZS-E,92.0,FRANKFURT,@NA,GB00B1L5QH97,B1L5QH,Rank Group Plc,1.0,RNKA-DE,0,SHARE,B1VNTC9,R,Rank Group Plc2.pdf,92.0,92
KYG4642G1038,,3221,"Huayi Tencent Entertainment Co., Ltd.",1,2002.0,HKG,G4642G103,19871102.0,HKG,07H25X-E,93.13,HONG KONG,419-HK,KYG4642G1038,BYQM6Z,"Huayi Tencent Entertainment Co., Ltd.",1.0,419-HK,1,SHARE,BYQM6Z4,R,"Huayi Tencent Entertainment Co., Ltd.1.pdf",93.1,93
HK0200030994,,3222,Melco International Development Limited,1,1910.0,HKG,Y59683188,19930712.0,HKG,05JDS7-E,93.29,HONG KONG,200-HK,HK0200030994,B092QP,Melco International Development Limited,1.0,200-HK,1,SHARE,B092QP3,R,Melco International Development Limited1.pdf,93.2,93
KYG573611004,,3223,Macau Legend Development Ltd.,1,2006.0,HKG,G57361100,20130705.0,MAC,06P26Q-E,93.29,HONG KONG,1680-HK,KYG573611004,BBMR4Z,Macau Legend Development Ltd.,1.0,1680-HK,1,SHARE,BBMR4Z8,R,Macau Legend Development Ltd.1.pdf,93.2,93
GB00BD0NVK62,,3224,Hollywood Bowl Group Plc,1,2016.0,GBR,G45655100,20160921.0,GBR,0GBCG5-E,93.11,LONDON,BOWL-GB,GB00BD0NVK62,BD0NVK,Hollywood Bowl Group Plc,1.0,BOWL-GB,1,SHARE,BD0NVK6,R,Hollywood Bowl Group Plc1.pdf,93.1,93
US80874P1093,,3225,"Light & Wonder, Inc.",1,1984.0,USA,80874P109,19841105.0,USA,000CG6-E,93.29,NASDAQ,LNW-US,US80874P1093,80874P10,"Light & Wonder, Inc.",1.0,LNW-US,1,SHARE,2919290,R,"Light & Wonder, Inc.1.pdf",93.2,93
FDS1G7GP,,3226,"Rush Street Interactive, Inc.",1,2012.0,USA,FDS1G7GP0,,USA,@NA,93.29,@NA,@NA,@NA,78201110,"Rush Street Interactive, Inc.",1.0,@NA,0,SHARE,@NA,R,"Rush Street Interactive, Inc.3.pdf",93.2,93
HK0880043028,,3227,SJM Holdings Limited,0,2006.0,HKG,Y8076V106,,HKG,00B9Z8-E,92.0,BERNE,@NA,HK0880043028,B2NR3Y,SJM Holdings Limited,1.0,3MG-CH,0,SHARE,BMF1TB5,R,SJM Holdings Limited1.pdf,92.0,92
US05875B1061,,3228,Bally's Corporation,1,2004.0,USA,05875B106,20190329.0,USA,0C663T-E,93.29,NYSE,BALY-US,US05875B1061,05875B10,Bally's Corporation,1.0,BALY-US,1,SHARE,BLKFX02,R,Bally's Corporation2.pdf,93.2,93
AU000000ALL7,,3229,Aristocrat Leisure Limited,0,1953.0,AUS,Q0521T108,,AUS,05HX02-E,93.29,BERNE,@NA,AU000000ALL7,625398,Aristocrat Leisure Limited,1.0,AC8-CH,0,SHARE,BN29LG8,R,Aristocrat Leisure Limited1.pdf,93.2,93
SGXE21576413,,3230,Genting Singapore Limited,1,1984.0,SGP,Y2692C139,19920910.0,SGP,05J0WC-E,92.0,SINGAPORE,G13-SG,SGXE21576413,BDRTVP,Genting Singapore Limited,1.0,G13-SG,1,SHARE,BDRTVP2,R,Genting Singapore Limited3.pdf,92.0,92
AU0000047797,,3231,PointsBet Holdings Ltd.,1,2015.0,AUS,Q7262X107,20190612.0,AUS,0L2C15-E,92.0,ASX,PBH-AU,AU0000047797,BJYJ84,PointsBet Holdings Ltd.,1.0,PBH-AU,1,SHARE,BJYJ845,R,PointsBet Holdings Ltd.1.pdf,92.0,92
MYL3395OO000,,3232,Berjaya Corp. Bhd.,1,1984.0,MYS,Y08366125,20080214.0,MYS,06C60P-E,93.29,US OTC,@NA,MYL3395OO000,B0W1VM,Berjaya Corp. Bhd.,1.0,BRYAF-US,0,SHARE,B2Q3YP9,R,Berjaya Corp. Bhd.1.pdf,93.2,93
US2907341026,,3233,"Elys Game Technology, Corp.",1,1998.0,USA,290734102,20040510.0,CAN,0683CN-E,93.29,NASDAQ,ELYS-US,US2907341026,29073410,"Elys Game Technology, Corp.",1.0,ELYS-US,1,SHARE,BMWH6R1,R,"Elys Game Technology, Corp.1.pdf",93.2,93
US5582481009,,3234,"Madison Sports & Entertainment Group, Inc.",0,1983.0,USA,558248100,19930427.0,USA,@NA,93.12,US OTC,@NA,US5582481009,55824810,"Madison Sports & Entertainment Group, Inc.",1.0,MSET-US,0,SHARE,B030SQ8,R,"Madison Sports & Entertainment Group, Inc.1.pdf",93.1,93
ID1000117906,,3235,PT Multifiling Mitra Indonesia Tbk,1,1992.0,IDN,Y712AG106,20101229.0,IDN,0BBH9Y-E,91.01,INDONESIA,MFMI-ID,ID1000117906,B67W6N,PT Multifiling Mitra Indonesia Tbk,1.0,MFMI-ID,1,SHARE,B67W6N5,R,PT Multifiling Mitra Indonesia Tbk2.pdf,91.0,91
US40619L2016,,3236,Hall of Fame Resort & Entertainment Company,1,2015.0,USA,40619L201,20200702.0,USA,0MK7PS-E,92.0,NASDAQ,HOFV-US,US40619L2016,40619L20,Hall of Fame Resort & Entertainment Company,1.0,HOFV-US,1,SHARE,BMDKV85,R,Hall of Fame Resort & Entertainment Company2.pdf,92.0,92
US74051E2019,,3237,"Premier Exhibitions, Inc.",0,1987.0,USA,74051E201,19900803.0,USA,060F3F-E,91.02,US OTC,PRXIQ-US,US74051E2019,74051E20,"Premier Exhibitions, Inc.",1.0,PRXIQ-US,1,SHARE,BW53GP4,R,"Premier Exhibitions, Inc.1.pdf",91.0,91
US5582561032,,3238,Madison Square Garden Entertainment Corp.,1,1879.0,USA,558256103,20230417.0,USA,0W9ZPF-E,92.0,NYSE,MSGE-US,US5582561032,55825610,Madison Square Garden Entertainment Corp.,1.0,MSGE-US,1,SHARE,BN71J76,R,Madison Square Garden Entertainment Corp.1.pdf,92.0,92
JMP360321039,,3239,Dolphin Cove Ltd.,1,2001.0,JAM,P36032103,20150721.0,JAM,0B898R-E,93.21,KINGSTON,@NA,JMP360321039,B4VSZ2,Dolphin Cove Ltd.,1.0,DCOVE-JM,1,SHARE,B4VSZ27,R,Dolphin Cove Ltd.1.pdf,93.2,93
SG1BJ4000001,,3240,SUTL Enterprise Limited,1,1993.0,SGP,Y831C8100,20000601.0,SGP,005ZYY-E,93.29,SINGAPORE,BHU-SG,SG1BJ4000001,BYMFCW,SUTL Enterprise Limited,1.0,BHU-SG,1,SHARE,BYMFCW6,R,SUTL Enterprise Limited1.pdf,93.2,93
NO0010863285,,3241,SATS ASA,1,2011.0,NOR,R74679102,20191023.0,NOR,06LK0P-E,93.13,OSLO,SATS-NO,NO0010863285,BKV4GX,SATS ASA,1.0,SATS-NO,1,SHARE,BKV4GX5,R,SATS ASA1.pdf,93.1,93
AU0000219529,,3242,Lottery Corporation Limited,1,,AUS,Q56337100,20220824.0,AUS,@NA,92.0,US OTC,@NA,AU0000219529,BNRQW7,Lottery Corporation Limited,1.0,LTRCF-US,0,SHARE,BPJK1J1,R,Lottery Corporation Limited1.pdf,92.0,92
JP3491910000,,3243,"Dynam Japan Holdings Co., Ltd.",1,1967.0,HKG,J1250Z107,20120806.0,JPN,0CJSKZ-E,92.0,HONG KONG,6889-HK,JP3491910000,B74FH6,"Dynam Japan Holdings Co., Ltd.",1.0,6889-HK,1,SHARE,B74FH64,R,"Dynam Japan Holdings Co., Ltd.1.pdf",92.0,92
US72814P1093,,3244,"PLBY Group, Inc.",1,1953.0,USA,72814P109,20200827.0,USA,0NDD4Y-E,93.13,NASDAQ,PLBY-US,US72814P1093,72814P10,"PLBY Group, Inc.",1.0,PLBY-US,1,SHARE,BMBSDL8,R,"PLBY Group, Inc.1.pdf",93.1,93
JP3425600008,,3245,"Central Sports Co., Ltd.",1,1969.0,JPN,J0558P100,20001115.0,JPN,05J5BB-E,93.13,TOKYO,4801-JP,JP3425600008,629324,"Central Sports Co., Ltd.",1.0,4801-JP,1,SHARE,6293246,R,"Central Sports Co., Ltd.1.pdf",93.1,93
JP3131420006,,3246,"AEON Fantasy Co., Ltd.",1,1997.0,JPN,J0673X103,20020213.0,JPN,05K2H1-E,93.21,TOKYO,4343-JP,JP3131420006,643925,"AEON Fantasy Co., Ltd.",1.0,4343-JP,1,SHARE,6439255,R,"AEON Fantasy Co., Ltd.3.pdf",93.2,93
GB00BF020D33,,3247,Ten Entertainment Group Plc,1,2017.0,GBR,G87595107,20170413.0,GBR,0GZ0ML-E,93.11,LONDON,TEG-GB,GB00BF020D33,BF020D,Ten Entertainment Group Plc,1.0,TEG-GB,1,SHARE,BF020D3,R,Ten Entertainment Group Plc1.pdf,93.1,93
JMP8805B1082,,3248,Supreme Ventures Limited,1,1995.0,JAM,P8805B108,20060302.0,JAM,06SLMD-E,92.0,KINGSTON,@NA,JMP8805B1082,B10K94,Supreme Ventures Limited,1.0,SVL-JM,1,SHARE,B10K943,R,Supreme Ventures Limited1.pdf,92.0,92
US30034T1034,,3249,"Everi Holdings, Inc.",1,2004.0,USA,30034T103,20050923.0,USA,0071WY-E,93.29,NYSE,EVRI-US,US30034T1034,30034T10,"Everi Holdings, Inc.",1.0,EVRI-US,1,SHARE,BYV34V4,R,"Everi Holdings, Inc.2.pdf",93.2,93
KR7034230003,,3250,"Paradise Co., Ltd",1,1972.0,KOR,Y6727J100,20021105.0,KOR,05NSPV-E,93.29,KOREA,034230-KR,KR7034230003,656093,"Paradise Co., Ltd",1.0,034230-KR,1,SHARE,6560939,R,"Paradise Co., Ltd1.pdf",93.2,93
ID1000156201,,3251,PT Pakuan Tbk,1,1971.0,IDN,Y658AC100,20200706.0,IDN,0MK74L-E,93.11,INDONESIA,@NA,ID1000156201,BKSHL4,PT Pakuan Tbk,1.0,UANG-ID,1,SHARE,BKSHL43,R,PT Pakuan Tbk1.pdf,93.1,93
TH5972010000,,3252,Siam Wellness Group Public Company Limited,1,2001.0,THA,Y7912G109,20141031.0,THA,0DR71M-E,96.09,THAILAND,SPA-TH,TH5972010000,BS7HXC,Siam Wellness Group Public Company Limited,1.0,SPA-TH,1,SHARE,BS7HXC2,S,Siam Wellness Group Public Company Limited1.pdf,96.0,96
NL0015000IY2,,3253,Universal Music Group N.V.,1,1924.0,NLD,N90313102,20210921.0,NLD,0P5YYC-E,96.09,EURONEXT AMSTERDAM,UMG-NL,NL0015000IY2,BNZGVV,Universal Music Group N.V.,1.0,UMG-NL,1,SHARE,BNZGVV1,S,Universal Music Group N.V.1.pdf,96.0,96
FR0013379484,,3254,Solutions 30 SE,1,2013.0,FRA,L86508113,,LUX,06BF1S-E,95.11,BERNE,@NA,FR0013379484,BD5FFX,Solutions 30 SE,1.0,30L2-CH,0,SHARE,BFMVZN3,S,Solutions 30 SE1.pdf,95.1,95
US1729081059,,3255,Cintas Corporation,1,1968.0,USA,172908105,20060217.0,USA,000DRP-E,96.09,LONDON,@NA,US1729081059,17290810,Cintas Corporation,1.0,0HYJ-GB,0,SHARE,B0Z88H1,S,Cintas Corporation2.pdf,96.0,96
AU000000PFP8,,3256,Propel Funeral Partners Ltd.,1,2012.0,AUS,Q77534107,20171123.0,AUS,0HKPSW-E,96.03,ASX,PFP-AU,AU000000PFP8,BYWQNJ,Propel Funeral Partners Ltd.,1.0,PFP-AU,1,SHARE,BYWQNJ3,S,Propel Funeral Partners Ltd.1.pdf,96.0,96
KYG371091086,,3257,Fu Shou Yuan International Group Ltd.,0,2012.0,HKG,G37109108,20181023.0,CHN,0DGSW1-E,96.03,HONG KONG CONNECT  - SHANGHAI,@NA,KYG371091086,BH4TZ7,Fu Shou Yuan International Group Ltd.,1.0,@NA,0,SHARE,BGKFJB0,S,Fu Shou Yuan International Group Ltd.1.pdf,96.0,96
SE0008040653,,3258,Humana AB,1,2008.0,SWE,W4R62T240,20160428.0,SWE,07CYRB-E,96.09,LONDON,@NA,SE0008040653,BYZJ8V,Humana AB,1.0,0RF7-GB,0,SHARE,BZ9PB18,S,Humana AB1.pdf,96.0,96
FDS0ESPW,,3259,"Datang Environment Industry Group Co., Ltd.",1,2011.0,HKG,FDS0ESPW3,,CHN,0FSX4H-E,96.09,@NA,@NA,@NA,BD2ZGM,"Datang Environment Industry Group Co., Ltd.",1.0,@NA,0,SHARE,@NA,S,"Datang Environment Industry Group Co., Ltd.1.pdf",96.0,96
US02687R2058,,3260,American International Holdings Corp.,1,1986.0,USA,02687R205,19920407.0,USA,086N9X-E,96.09,US OTC,AMIH-US,US02687R2058,02687R20,American International Holdings Corp.,1.0,AMIH-US,1,SHARE,BMTWJ47,S,American International Holdings Corp.1.pdf,96.0,96
US7589321071,,3261,Regis Corporation,1,1922.0,USA,758932107,19910621.0,USA,000VC4-E,96.02,NYSE,RGS-US,US7589321071,75893210,Regis Corporation,1.0,RGS-US,1,SHARE,2730327,S,Regis Corporation2.pdf,96.0,96
US27888Q1022,,3262,"Eco Innovation Group, Inc.",1,1994.0,USA,27888Q102,20100104.0,USA,003G55-E,96.02,US OTC,@NA,US27888Q1022,27888Q10,"Eco Innovation Group, Inc.",1.0,ECOX-US,1,SHARE,BGB6DX2,S,"Eco Innovation Group, Inc.2.pdf",96.0,96
GB00B1DRDZ07,,3263,One Media iP Group PLC,1,2006.0,GBR,G6766H106,20060925.0,GBR,@NA,96.09,LONDON,OMIP-GB,GB00B1DRDZ07,B1DRDZ,One Media iP Group PLC,1.0,OMIP-GB,1,SHARE,B1DRDZ0,S,One Media iP Group PLC1.pdf,96.0,96
DE000A161NR7,,3264,Naga Group AG,1,2015.0,DEU,D5S4GK105,20210611.0,DEU,0G21ZJ-E,96.09,US OTC,@NA,DE000A161NR7,BF2B53,Naga Group AG,1.0,NAGGF-US,0,SHARE,BNR5MX5,S,Naga Group AG3.pdf,96.0,96
GB00BRB37M78,,3265,Dignity plc,1,2002.0,GBR,G2871S194,20040402.0,GBR,005PTH-E,96.03,LONDON,DTY-GB,GB00BRB37M78,BRB37M,Dignity plc,1.0,DTY-GB,1,SHARE,BRB37M7,S,Dignity plc2.pdf,96.0,96
DE000A12DM80,,3266,Scout24 SE,1,1998.0,DEU,D345XT105,20151014.0,DEU,0DL7SP-E,96.09,LONDON,@NA,DE000A12DM80,BYT934,Scout24 SE,1.0,0RB8-GB,0,SHARE,BYZ9YC9,S,Scout24 SE1.pdf,96.0,96
FDS1UE6P,,3267,"Science Environmental Protection Co., Ltd.",1,2009.0,CHN,FDS1UE6P0,,CHN,@NA,96.09,@NA,@NA,@NA,BQ68Z0,"Science Environmental Protection Co., Ltd.",1.0,@NA,0,SHARE,@NA,S,"Science Environmental Protection Co., Ltd.1.pdf",96.0,96
GB0004762810,,3268,Johnson Service Group PLC,1,1953.0,GBR,G51576125,19850102.0,GBR,05J092-E,96.01,LONDON,JSG-GB,GB0004762810,047628,Johnson Service Group PLC,1.0,JSG-GB,1,SHARE,0476281,S,Johnson Service Group PLC1.pdf,96.0,96
KYG2646C1024,,3269,Da Lue International Holding Co Ltd,1,2011.0,TWN,G2646C102,20141229.0,TWN,@NA,96.09,TAIPEI,4804-TW,KYG2646C1024,BTSTN8,Da Lue International Holding Co Ltd,1.0,4804-TW,1,SHARE,BTSTN80,S,Da Lue International Holding Co Ltd1.pdf,96.0,96
JP3342700006,,3270,"SUN-LIFE HOLDING CO., LTD.",1,,JPN,J7808K104,20181001.0,JPN,@NA,96.03,TOKYO,@NA,JP3342700006,BDZ2RL,"SUN-LIFE HOLDING CO., LTD.",1.0,7040-JP,1,SHARE,BDZ2RL1,S,"SUN-LIFE HOLDING CO., LTD.1.pdf",96.0,96
KYG0929L1041,,3271,"Beauty Farm Medical & Health Industry, Inc.",1,1993.0,HKG,G0929L104,20230116.0,CHN,@NA,96.02,HONG KONG,2373-HK,KYG0929L1041,BMGQCT,"Beauty Farm Medical & Health Industry, Inc.",1.0,2373-HK,1,SHARE,BMGQCT8,S,"Beauty Farm Medical & Health Industry, Inc.1.pdf",96.0,96
US55380G1085,,3272,Mu Global Holding Limited,1,2018.0,USA,55380G108,20200610.0,TWN,0KFDCG-E,96.09,US OTC,@NA,US55380G1085,55380G10,Mu Global Holding Limited,1.0,MUGH-US,1,SHARE,BLFGN00,S,Mu Global Holding Limited1.pdf,96.0,96
US98262P1012,,3273,"WW International, Inc.",1,1963.0,USA,98262P101,20011115.0,USA,002VQN-E,96.09,NASDAQ,WW-US,US98262P1012,98262P10,"WW International, Inc.",1.0,WW-US,1,SHARE,BK71LY6,S,"WW International, Inc.2.pdf",96.0,96
US0404432025,,3274,Aristocrat Group Corp.,0,2011.0,USA,040443202,20120313.0,USA,00DDP9-E,96.09,US OTC,@NA,US0404432025,04044320,Aristocrat Group Corp.,1.0,ASCC-US,1,SHARE,BWX6257,S,Aristocrat Group Corp.1.pdf,96.0,96
KYG816BW1095,,3275,Sino-Life Group Limited,1,2005.0,HKG,G816BW109,20090909.0,HKG,00C60C-E,96.03,HONG KONG,8296-HK,KYG816BW1095,B409GR,Sino-Life Group Limited,1.0,8296-HK,1,SHARE,B409GR3,S,Sino-Life Group Limited1.pdf,96.0,96
KYG9477E1070,,3276,Water Oasis Group Limited,1,1998.0,HKG,G9477E107,20070905.0,HKG,00610B-E,96.02,US OTC,@NA,KYG9477E1070,651233,Water Oasis Group Limited,1.0,WOSSF-US,0,SHARE,B02V9Q9,S,Water Oasis Group Limited1.pdf,96.0,96
US76119X1054,,3277,"Reservoir Media, Inc.",1,2007.0,USA,76119X105,20210105.0,USA,0NVYZ2-E,96.09,NASDAQ,RSVR-US,US76119X1054,76119X10,"Reservoir Media, Inc.",1.0,RSVR-US,1,SHARE,BP0B9H7,S,"Reservoir Media, Inc.1.pdf",96.0,96
KYG4707P1054,,3278,Icon Culture Global Company Limited,1,2019.0,HKG,G4707P105,20200114.0,CHN,@NA,98.1,HONG KONG,@NA,KYG4707P1054,BJYFY1,Icon Culture Global Company Limited,1.0,8500-HK,1,SHARE,BJYFY12,T,Icon Culture Global Company Limited2.pdf,98.1,98
ZAE000015277,,12259,Brimstone Investment Corporation Limited,1,1995.0,ZAF,S13750112,19980708.0,ZAF,05JPVG-E,3.11,JSE,BRT-ZA,ZAE000015277,611969,Brimstone Investment Corporation Limited,1.0,BRT-ZA,0,SHARE,6119966,A,Brimstone Investment Corporation Limited1.pdf,03.1,3
NO0011013765,,31130,Gigante Salmon AS,1,2001.0,NOR,R2724U105,20210705.0,NOR,@NA,3.11,OSLO,GIGA-NO,NO0011013765,BMC4Z1,Gigante Salmon AS,1.0,GIGA-NO,1,SHARE,BMC4Z19,A,Gigante Salmon AS1.pdf,03.1,3
FR0010776617,,68675,Sapmer SA,1,1989.0,FRA,F7887Q109,20090708.0,FRA,07ZVC8-E,3.11,EURONEXT PARIS,ALMER-FR,FR0010776617,B3LS27,Sapmer SA,1.0,ALMER-FR,1,SHARE,B3LS274,A,Sapmer SA2.pdf,03.1,3
ZAE000240198,,69396,Sea Harvest Group Ltd.,1,1964.0,ZAF,S74706102,20170323.0,ZAF,0G5FF2-E,3.11,JSE,SHG-ZA,ZAE000240198,BDFBTP,Sea Harvest Group Ltd.,1.0,SHG-ZA,1,SHARE,BDFBTP6,A,Sea Harvest Group Ltd.1.pdf,03.1,3
