,name,NACE,label_description,nace_lvl_1,position_lvl_1,classes_lvl_1,classification_lvl_1,first_class_1
0,Auxly Cannabis Group Inc.2.txt,01.3,Plant propagation,A,10,16,"{'K_FINANCIAL AND INSURANCE ACTIVITIES': 2.6122047901153564, 'G_WHOLESALE AND RETAIL TRADE; REPAIR OF MOTOR VEHICLES AND MOTORCYCLES': 2.416607618331909, 'N_ADMINISTRATIVE AND SUPPORT SERVICE ACTIVITIES': 0.9330702424049377, 'H_TRANSPORTATION AND STORAGE': -0.6492008566856384, 'I_ACCOMMODATION AND FOOD SERVICE ACTIVITIES': -0.6850138306617737, 'L_REAL ESTATE ACTIVITIES': -0.990363597869873, 'Q_HUMAN HEALTH AND SOCIAL WORK ACTIVITIES': -1.2686268091201782, 'E_WATER SUPPLY; SEWERAGE, WASTE MANAGEMENT AND REMEDIATION ACTIVITIES': -1.3166413307189941, 'D_ELECTRICITY, GAS, STEAM AND AIR CONDITIONING SUPPLY': -1.366703987121582, 'F_CONSTRUCTION': -1.5076793432235718, 'A_AGRICULTURE, FORESTRY AND FISHING': -1.6984587907791138, 'M_PROFESSIONAL, SCIENTIFIC AND TECHNICAL ACTIVITIES': -2.036510467529297, 'P_EDUCATION': -2.1349401473999023, 'C_MANUFACTURING': -2.253188371658325, 'B_MINING AND QUARRYING': -2.4221889972686768, 'J_INFORMATION AND COMMUNICATION': -3.9257071018218994}",K
1,"MEGMILK SNOW BRAND Co., Ltd.2.txt",01.41,Raising of dairy cattle,A,5,16,"{'G_WHOLESALE AND RETAIL TRADE; REPAIR OF MOTOR VEHICLES AND MOTORCYCLES': 1.8737330436706543, 'K_FINANCIAL AND INSURANCE ACTIVITIES': 1.5364413261413574, 'N_ADMINISTRATIVE AND SUPPORT SERVICE ACTIVITIES': 0.8494551181793213, 'I_ACCOMMODATION AND FOOD SERVICE ACTIVITIES': -0.21662986278533936, 'H_TRANSPORTATION AND STORAGE': -1.1131072044372559, 'A_AGRICULTURE, FORESTRY AND FISHING': -1.1470824480056763, 'M_PROFESSIONAL, SCIENTIFIC AND TECHNICAL ACTIVITIES': -1.1495633125305176, 'Q_HUMAN HEALTH AND SOCIAL WORK ACTIVITIES': -1.4035555124282837, 'L_REAL ESTATE ACTIVITIES': -1.5155529975891113, 'D_ELECTRICITY, GAS, STEAM AND AIR CONDITIONING SUPPLY': -1.5525206327438354, 'E_WATER SUPPLY; SEWERAGE, WASTE MANAGEMENT AND REMEDIATION ACTIVITIES': -1.6069480180740356, 'C_MANUFACTURING': -1.7085016965866089, 'P_EDUCATION': -1.7492141723632812, 'F_CONSTRUCTION': -1.9157708883285522, 'B_MINING AND QUARRYING': -2.3853750228881836, 'J_INFORMATION AND COMMUNICATION': -3.101473093032837}",G
2,PT Cilacap Samudera Fishing Industry Tbk3.txt,03.12,Freshwater fishing,A,14,16,"{'G_WHOLESALE AND RETAIL TRADE; REPAIR OF MOTOR VEHICLES AND MOTORCYCLES': 2.5986251831054688, 'K_FINANCIAL AND INSURANCE ACTIVITIES': 1.5831142663955688, 'N_ADMINISTRATIVE AND SUPPORT SERVICE ACTIVITIES': 0.6575861573219299, 'H_TRANSPORTATION AND STORAGE': -0.1828474998474121, 'F_CONSTRUCTION': -0.3417685031890869, 'Q_HUMAN HEALTH AND SOCIAL WORK ACTIVITIES': -0.9200586080551147, 'I_ACCOMMODATION AND FOOD SERVICE ACTIVITIES': -0.9980835914611816, 'D_ELECTRICITY, GAS, STEAM AND AIR CONDITIONING SUPPLY': -1.238484501838684, 'L_REAL ESTATE ACTIVITIES': -1.5257092714309692, 'E_WATER SUPPLY; SEWERAGE, WASTE MANAGEMENT AND REMEDIATION ACTIVITIES': -1.5309456586837769, 'C_MANUFACTURING': -1.7516413927078247, 'P_EDUCATION': -1.7905733585357666, 'M_PROFESSIONAL, SCIENTIFIC AND TECHNICAL ACTIVITIES': -1.993768334388733, 'B_MINING AND QUARRYING': -2.477304458618164, 'A_AGRICULTURE, FORESTRY AND FISHING': -2.507246255874634, 'J_INFORMATION AND COMMUNICATION': -3.8577139377593994}",G
3,Hokuto Corporation1.txt,01.3,Plant propagation,A,9,16,"{'G_WHOLESALE AND RETAIL TRADE; REPAIR OF MOTOR VEHICLES AND MOTORCYCLES': 4.788855075836182, 'N_ADMINISTRATIVE AND SUPPORT SERVICE ACTIVITIES': 1.11998450756073, 'K_FINANCIAL AND INSURANCE ACTIVITIES': 1.0071734189987183, 'H_TRANSPORTATION AND STORAGE': -0.8383631110191345, 'I_ACCOMMODATION AND FOOD SERVICE ACTIVITIES': -1.0787453651428223, 'Q_HUMAN HEALTH AND SOCIAL WORK ACTIVITIES': -1.1493773460388184, 'C_MANUFACTURING': -1.2633469104766846, 'E_WATER SUPPLY; SEWERAGE, WASTE MANAGEMENT AND REMEDIATION ACTIVITIES': -1.5349787473678589, 'D_ELECTRICITY, GAS, STEAM AND AIR CONDITIONING SUPPLY': -1.6343426704406738, 'A_AGRICULTURE, FORESTRY AND FISHING': -1.681960940361023, 'L_REAL ESTATE ACTIVITIES': -1.7159380912780762, 'P_EDUCATION': -1.9165295362472534, 'F_CONSTRUCTION': -1.9894801378250122, 'M_PROFESSIONAL, SCIENTIFIC AND TECHNICAL ACTIVITIES': -2.5869388580322266, 'B_MINING AND QUARRYING': -3.1552321910858154, 'J_INFORMATION AND COMMUNICATION': -4.1850361824035645}",G
4,Viet Trung Quang Binh Joint Stock Co3.txt,02.3,Gathering of wild growing non-wood products,A,13,16,"{'K_FINANCIAL AND INSURANCE ACTIVITIES': 3.9974770545959473, 'N_ADMINISTRATIVE AND SUPPORT SERVICE ACTIVITIES': 1.159602165222168, 'G_WHOLESALE AND RETAIL TRADE; REPAIR OF MOTOR VEHICLES AND MOTORCYCLES': 0.5221154689788818, 'H_TRANSPORTATION AND STORAGE': -0.5002939701080322, 'L_REAL ESTATE ACTIVITIES': -0.6462894678115845, 'I_ACCOMMODATION AND FOOD SERVICE ACTIVITIES': -0.650599479675293, 'M_PROFESSIONAL, SCIENTIFIC AND TECHNICAL ACTIVITIES': -0.7296918630599976, 'F_CONSTRUCTION': -1.043340802192688, 'Q_HUMAN HEALTH AND SOCIAL WORK ACTIVITIES': -1.3104678392410278, 'D_ELECTRICITY, GAS, STEAM AND AIR CONDITIONING SUPPLY': -1.4334734678268433, 'E_WATER SUPPLY; SEWERAGE, WASTE MANAGEMENT AND REMEDIATION ACTIVITIES': -1.5106979608535767, 'B_MINING AND QUARRYING': -2.1272406578063965, 'P_EDUCATION': -2.252434253692627, 'A_AGRICULTURE, FORESTRY AND FISHING': -2.371908187866211, 'C_MANUFACTURING': -3.15579891204834, 'J_INFORMATION AND COMMUNICATION': -3.398169994354248}",K
5,Sinmah Capital Bhd2.txt,01.47,Raising of poultry,A,13,16,"{'K_FINANCIAL AND INSURANCE ACTIVITIES': 2.8951056003570557, 'N_ADMINISTRATIVE AND SUPPORT SERVICE ACTIVITIES': 1.3769986629486084, 'G_WHOLESALE AND RETAIL TRADE; REPAIR OF MOTOR VEHICLES AND MOTORCYCLES': 0.9405974745750427, 'I_ACCOMMODATION AND FOOD SERVICE ACTIVITIES': -0.0593709722161293, 'H_TRANSPORTATION AND STORAGE': -0.48678499460220337, 'Q_HUMAN HEALTH AND SOCIAL WORK ACTIVITIES': -0.8431689739227295, 'M_PROFESSIONAL, SCIENTIFIC AND TECHNICAL ACTIVITIES': -0.96226966381073, 'F_CONSTRUCTION': -1.0376777648925781, 'L_REAL ESTATE ACTIVITIES': -1.1933543682098389, 'D_ELECTRICITY, GAS, STEAM AND AIR CONDITIONING SUPPLY': -1.6749087572097778, 'E_WATER SUPPLY; SEWERAGE, WASTE MANAGEMENT AND REMEDIATION ACTIVITIES': -1.701581597328186, 'P_EDUCATION': -1.749415636062622, 'B_MINING AND QUARRYING': -2.2947492599487305, 'A_AGRICULTURE, FORESTRY AND FISHING': -2.482668161392212, 'C_MANUFACTURING': -2.704813241958618, 'J_INFORMATION AND COMMUNICATION': -3.2291009426116943}",K
6,Unrivaled Brands Inc3.txt,01.19,Growing of other non-perennial crops,A,13,16,"{'G_WHOLESALE AND RETAIL TRADE; REPAIR OF MOTOR VEHICLES AND MOTORCYCLES': 3.2625205516815186, 'K_FINANCIAL AND INSURANCE ACTIVITIES': 2.4715471267700195, 'N_ADMINISTRATIVE AND SUPPORT SERVICE ACTIVITIES': 1.968814730644226, 'Q_HUMAN HEALTH AND SOCIAL WORK ACTIVITIES': -0.6982179880142212, 'I_ACCOMMODATION AND FOOD SERVICE ACTIVITIES': -0.7739436030387878, 'H_TRANSPORTATION AND STORAGE': -0.8099973201751709, 'F_CONSTRUCTION': -1.646425724029541, 'L_REAL ESTATE ACTIVITIES': -1.661659598350525, 'E_WATER SUPPLY; SEWERAGE, WASTE MANAGEMENT AND REMEDIATION ACTIVITIES': -1.748118281364441, 'D_ELECTRICITY, GAS, STEAM AND AIR CONDITIONING SUPPLY': -1.7856262922286987, 'P_EDUCATION': -1.8854261636734009, 'M_PROFESSIONAL, SCIENTIFIC AND TECHNICAL ACTIVITIES': -1.9782072305679321, 'C_MANUFACTURING': -2.3558707237243652, 'A_AGRICULTURE, FORESTRY AND FISHING': -2.688714027404785, 'B_MINING AND QUARRYING': -2.899214744567871, 'J_INFORMATION AND COMMUNICATION': -4.059803009033203}",G
7,Refined Metals Corp1.txt,01.19,Growing of other non-perennial crops,A,13,16,"{'K_FINANCIAL AND INSURANCE ACTIVITIES': 2.6019742488861084, 'G_WHOLESALE AND RETAIL TRADE; REPAIR OF MOTOR VEHICLES AND MOTORCYCLES': 1.4846643209457397, 'N_ADMINISTRATIVE AND SUPPORT SERVICE ACTIVITIES': 0.6166881918907166, 'H_TRANSPORTATION AND STORAGE': -0.1837056428194046, 'F_CONSTRUCTION': -0.9214801788330078, 'E_WATER SUPPLY; SEWERAGE, WASTE MANAGEMENT AND REMEDIATION ACTIVITIES': -0.9922908544540405, 'D_ELECTRICITY, GAS, STEAM AND AIR CONDITIONING SUPPLY': -1.1307997703552246, 'I_ACCOMMODATION AND FOOD SERVICE ACTIVITIES': -1.1336308717727661, 'C_MANUFACTURING': -1.2463468313217163, 'B_MINING AND QUARRYING': -1.2477798461914062, 'L_REAL ESTATE ACTIVITIES': -1.3096692562103271, 'M_PROFESSIONAL, SCIENTIFIC AND TECHNICAL ACTIVITIES': -1.712323784828186, 'Q_HUMAN HEALTH AND SOCIAL WORK ACTIVITIES': -1.889582633972168, 'A_AGRICULTURE, FORESTRY AND FISHING': -2.184936761856079, 'P_EDUCATION': -2.66200852394104, 'J_INFORMATION AND COMMUNICATION': -4.3008952140808105}",K
8,TPC Plus Bhd.3.txt,01.47,Raising of poultry,A,13,16,"{'K_FINANCIAL AND INSURANCE ACTIVITIES': 2.712817430496216, 'N_ADMINISTRATIVE AND SUPPORT SERVICE ACTIVITIES': 1.347791314125061, 'G_WHOLESALE AND RETAIL TRADE; REPAIR OF MOTOR VEHICLES AND MOTORCYCLES': 1.1595110893249512, 'I_ACCOMMODATION AND FOOD SERVICE ACTIVITIES': -0.12197083234786987, 'H_TRANSPORTATION AND STORAGE': -0.5508038401603699, 'Q_HUMAN HEALTH AND SOCIAL WORK ACTIVITIES': -0.7230328917503357, 'F_CONSTRUCTION': -1.06064772605896, 'M_PROFESSIONAL, SCIENTIFIC AND TECHNICAL ACTIVITIES': -1.0962793827056885, 'L_REAL ESTATE ACTIVITIES': -1.2927454710006714, 'D_ELECTRICITY, GAS, STEAM AND AIR CONDITIONING SUPPLY': -1.6101369857788086, 'P_EDUCATION': -1.6418670415878296, 'E_WATER SUPPLY; SEWERAGE, WASTE MANAGEMENT AND REMEDIATION ACTIVITIES': -1.7323054075241089, 'B_MINING AND QUARRYING': -2.3149912357330322, 'A_AGRICULTURE, FORESTRY AND FISHING': -2.438530921936035, 'C_MANUFACTURING': -2.590344190597534, 'J_INFORMATION AND COMMUNICATION': -3.2598307132720947}",K
9,Saptarishi Agro Industries Ltd.2.txt,01.3,Plant propagation,A,14,16,"{'K_FINANCIAL AND INSURANCE ACTIVITIES': 2.838322639465332, 'G_WHOLESALE AND RETAIL TRADE; REPAIR OF MOTOR VEHICLES AND MOTORCYCLES': 2.1370980739593506, 'N_ADMINISTRATIVE AND SUPPORT SERVICE ACTIVITIES': 0.7939794659614563, 'H_TRANSPORTATION AND STORAGE': -0.1490178257226944, 'F_CONSTRUCTION': -0.618588387966156, 'L_REAL ESTATE ACTIVITIES': -0.8541991710662842, 'I_ACCOMMODATION AND FOOD SERVICE ACTIVITIES': -0.9373085498809814, 'Q_HUMAN HEALTH AND SOCIAL WORK ACTIVITIES': -0.9957826137542725, 'D_ELECTRICITY, GAS, STEAM AND AIR CONDITIONING SUPPLY': -1.28716242313385, 'E_WATER SUPPLY; SEWERAGE, WASTE MANAGEMENT AND REMEDIATION ACTIVITIES': -1.3832521438598633, 'M_PROFESSIONAL, SCIENTIFIC AND TECHNICAL ACTIVITIES': -1.6792144775390625, 'P_EDUCATION': -1.8275758028030396, 'B_MINING AND QUARRYING': -2.0816547870635986, 'C_MANUFACTURING': -2.1052634716033936, 'A_AGRICULTURE, FORESTRY AND FISHING': -2.137312173843384, 'J_INFORMATION AND COMMUNICATION': -3.817213296890259}",K
10,Cresud SA1.txt,01.61,Support activities for crop production,A,0,16,"{'A_AGRICULTURE, FORESTRY AND FISHING': 0.8144582509994507, 'K_FINANCIAL AND INSURANCE ACTIVITIES': 0.27897781133651733, 'N_ADMINISTRATIVE AND SUPPORT SERVICE ACTIVITIES': -0.026327136904001236, 'G_WHOLESALE AND RETAIL TRADE; REPAIR OF MOTOR VEHICLES AND MOTORCYCLES': -0.08929871767759323, 'M_PROFESSIONAL, SCIENTIFIC AND TECHNICAL ACTIVITIES': -0.31612294912338257, 'I_ACCOMMODATION AND FOOD SERVICE ACTIVITIES': -0.7063969969749451, 'E_WATER SUPPLY; SEWERAGE, WASTE MANAGEMENT AND REMEDIATION ACTIVITIES': -0.9466396570205688, 'D_ELECTRICITY, GAS, STEAM AND AIR CONDITIONING SUPPLY': -1.1102547645568848, 'C_MANUFACTURING': -1.5407642126083374, 'P_EDUCATION': -1.6155238151550293, 'H_TRANSPORTATION AND STORAGE': -1.6634271144866943, 'L_REAL ESTATE ACTIVITIES': -1.7311455011367798, 'J_INFORMATION AND COMMUNICATION': -2.0078718662261963, 'F_CONSTRUCTION': -2.1125059127807617, 'B_MINING AND QUARRYING': -2.233187198638916, 'Q_HUMAN HEALTH AND SOCIAL WORK ACTIVITIES': -2.3841612339019775}",A
11,KSG Agro SA1.txt,01.5,Mixed farming,A,3,16,"{'K_FINANCIAL AND INSURANCE ACTIVITIES': 2.137225866317749, 'G_WHOLESALE AND RETAIL TRADE; REPAIR OF MOTOR VEHICLES AND MOTORCYCLES': 1.1914674043655396, 'N_ADMINISTRATIVE AND SUPPORT SERVICE ACTIVITIES': 0.6066605448722839, 'A_AGRICULTURE, FORESTRY AND FISHING': -0.22045116126537323, 'I_ACCOMMODATION AND FOOD SERVICE ACTIVITIES': -0.5024757981300354, 'H_TRANSPORTATION AND STORAGE': -0.7047728896141052, 'L_REAL ESTATE ACTIVITIES': -0.944889485836029, 'E_WATER SUPPLY; SEWERAGE, WASTE MANAGEMENT AND REMEDIATION ACTIVITIES': -1.2897007465362549, 'D_ELECTRICITY, GAS, STEAM AND AIR CONDITIONING SUPPLY': -1.4448823928833008, 'M_PROFESSIONAL, SCIENTIFIC AND TECHNICAL ACTIVITIES': -1.566601276397705, 'F_CONSTRUCTION': -1.758981704711914, 'Q_HUMAN HEALTH AND SOCIAL WORK ACTIVITIES': -1.8901176452636719, 'B_MINING AND QUARRYING': -2.2172436714172363, 'C_MANUFACTURING': -2.2747445106506348, 'P_EDUCATION': -2.332808017730713, 'J_INFORMATION AND COMMUNICATION': -3.3545353412628174}",K
12,"Shandong Fengxiang Co., Ltd.1.txt",01.47,Raising of poultry,A,9,16,"{'G_WHOLESALE AND RETAIL TRADE; REPAIR OF MOTOR VEHICLES AND MOTORCYCLES': 2.7796943187713623, 'K_FINANCIAL AND INSURANCE ACTIVITIES': 2.0478620529174805, 'N_ADMINISTRATIVE AND SUPPORT SERVICE ACTIVITIES': 0.8423812985420227, 'I_ACCOMMODATION AND FOOD SERVICE ACTIVITIES': -0.43618255853652954, 'H_TRANSPORTATION AND STORAGE': -0.5230754017829895, 'Q_HUMAN HEALTH AND SOCIAL WORK ACTIVITIES': -1.0150989294052124, 'L_REAL ESTATE ACTIVITIES': -1.1767851114273071, 'F_CONSTRUCTION': -1.4301918745040894, 'D_ELECTRICITY, GAS, STEAM AND AIR CONDITIONING SUPPLY': -1.6420944929122925, 'A_AGRICULTURE, FORESTRY AND FISHING': -1.6933108568191528, 'P_EDUCATION': -1.7577948570251465, 'E_WATER SUPPLY; SEWERAGE, WASTE MANAGEMENT AND REMEDIATION ACTIVITIES': -1.8412795066833496, 'C_MANUFACTURING': -2.0775153636932373, 'M_PROFESSIONAL, SCIENTIFIC AND TECHNICAL ACTIVITIES': -2.1324541568756104, 'B_MINING AND QUARRYING': -2.5895652770996094, 'J_INFORMATION AND COMMUNICATION': -3.9892590045928955}",G
13,Vibe Growth Corporation3.txt,01.3,Plant propagation,A,13,16,"{'K_FINANCIAL AND INSURANCE ACTIVITIES': 4.661231994628906, 'N_ADMINISTRATIVE AND SUPPORT SERVICE ACTIVITIES': 1.049720048904419, 'I_ACCOMMODATION AND FOOD SERVICE ACTIVITIES': 0.43977102637290955, 'L_REAL ESTATE ACTIVITIES': -0.12859249114990234, 'G_WHOLESALE AND RETAIL TRADE; REPAIR OF MOTOR VEHICLES AND MOTORCYCLES': -0.344280481338501, 'H_TRANSPORTATION AND STORAGE': -0.560350775718689, 'M_PROFESSIONAL, SCIENTIFIC AND TECHNICAL ACTIVITIES': -0.8200124502182007, 'F_CONSTRUCTION': -1.573498010635376, 'D_ELECTRICITY, GAS, STEAM AND AIR CONDITIONING SUPPLY': -1.6364635229110718, 'Q_HUMAN HEALTH AND SOCIAL WORK ACTIVITIES': -1.8233970403671265, 'E_WATER SUPPLY; SEWERAGE, WASTE MANAGEMENT AND REMEDIATION ACTIVITIES': -1.9193308353424072, 'P_EDUCATION': -2.1570353507995605, 'B_MINING AND QUARRYING': -2.2208056449890137, 'A_AGRICULTURE, FORESTRY AND FISHING': -2.268721103668213, 'J_INFORMATION AND COMMUNICATION': -3.10715389251709, 'C_MANUFACTURING': -3.743380069732666}",K
14,"Luca, Inc.2.txt",01.13,"Growing of vegetables and melons, roots and tubers",A,13,16,"{'K_FINANCIAL AND INSURANCE ACTIVITIES': 2.219435453414917, 'G_WHOLESALE AND RETAIL TRADE; REPAIR OF MOTOR VEHICLES AND MOTORCYCLES': 0.8159787654876709, 'B_MINING AND QUARRYING': 0.22136156260967255, 'N_ADMINISTRATIVE AND SUPPORT SERVICE ACTIVITIES': 0.174888476729393, 'F_CONSTRUCTION': -0.17010073363780975, 'D_ELECTRICITY, GAS, STEAM AND AIR CONDITIONING SUPPLY': -0.5121266841888428, 'H_TRANSPORTATION AND STORAGE': -0.5276967883110046, 'E_WATER SUPPLY; SEWERAGE, WASTE MANAGEMENT AND REMEDIATION ACTIVITIES': -1.0771996974945068, 'I_ACCOMMODATION AND FOOD SERVICE ACTIVITIES': -1.221421718597412, 'L_REAL ESTATE ACTIVITIES': -1.5466907024383545, 'M_PROFESSIONAL, SCIENTIFIC AND TECHNICAL ACTIVITIES': -1.6340962648391724, 'Q_HUMAN HEALTH AND SOCIAL WORK ACTIVITIES': -1.855660319328308, 'C_MANUFACTURING': -1.9159358739852905, 'A_AGRICULTURE, FORESTRY AND FISHING': -2.261336088180542, 'P_EDUCATION': -2.7986340522766113, 'J_INFORMATION AND COMMUNICATION': -4.664773941040039}",K
15,Kahawatte Plantations PLC1.txt,01.61,Support activities for crop production,A,3,16,"{'K_FINANCIAL AND INSURANCE ACTIVITIES': 2.4471960067749023, 'G_WHOLESALE AND RETAIL TRADE; REPAIR OF MOTOR VEHICLES AND MOTORCYCLES': 0.7474639415740967, 'N_ADMINISTRATIVE AND SUPPORT SERVICE ACTIVITIES': 0.28546416759490967, 'A_AGRICULTURE, FORESTRY AND FISHING': -0.1977166384458542, 'I_ACCOMMODATION AND FOOD SERVICE ACTIVITIES': -0.6237416863441467, 'L_REAL ESTATE ACTIVITIES': -0.6489008665084839, 'H_TRANSPORTATION AND STORAGE': -0.7535309195518494, 'D_ELECTRICITY, GAS, STEAM AND AIR CONDITIONING SUPPLY': -1.2319412231445312, 'E_WATER SUPPLY; SEWERAGE, WASTE MANAGEMENT AND REMEDIATION ACTIVITIES': -1.2646983861923218, 'F_CONSTRUCTION': -1.418709397315979, 'M_PROFESSIONAL, SCIENTIFIC AND TECHNICAL ACTIVITIES': -1.4681228399276733, 'Q_HUMAN HEALTH AND SOCIAL WORK ACTIVITIES': -1.8848965167999268, 'B_MINING AND QUARRYING': -1.921136736869812, 'C_MANUFACTURING': -2.281041145324707, 'P_EDUCATION': -2.3157107830047607, 'J_INFORMATION AND COMMUNICATION': -3.4228971004486084}",K
16,R J Bio-Tech Ltd.2.txt,01.5,Mixed farming,A,13,16,"{'K_FINANCIAL AND INSURANCE ACTIVITIES': 1.9666393995285034, 'G_WHOLESALE AND RETAIL TRADE; REPAIR OF MOTOR VEHICLES AND MOTORCYCLES': 1.6814677715301514, 'N_ADMINISTRATIVE AND SUPPORT SERVICE ACTIVITIES': 0.5583084225654602, 'Q_HUMAN HEALTH AND SOCIAL WORK ACTIVITIES': 0.19649380445480347, 'I_ACCOMMODATION AND FOOD SERVICE ACTIVITIES': -0.36073657870292664, 'H_TRANSPORTATION AND STORAGE': -0.6822753548622131, 'F_CONSTRUCTION': -1.0215054750442505, 'P_EDUCATION': -1.1071441173553467, 'M_PROFESSIONAL, SCIENTIFIC AND TECHNICAL ACTIVITIES': -1.2166516780853271, 'D_ELECTRICITY, GAS, STEAM AND AIR CONDITIONING SUPPLY': -1.3753796815872192, 'L_REAL ESTATE ACTIVITIES': -1.5312000513076782, 'E_WATER SUPPLY; SEWERAGE, WASTE MANAGEMENT AND REMEDIATION ACTIVITIES': -2.3188531398773193, 'C_MANUFACTURING': -2.4420764446258545, 'A_AGRICULTURE, FORESTRY AND FISHING': -2.671116590499878, 'B_MINING AND QUARRYING': -2.6950552463531494, 'J_INFORMATION AND COMMUNICATION': -3.19818115234375}",K
17,"Cannara Biotech, Inc.1.txt",01.3,Plant propagation,A,3,16,"{'G_WHOLESALE AND RETAIL TRADE; REPAIR OF MOTOR VEHICLES AND MOTORCYCLES': 2.650864839553833, 'K_FINANCIAL AND INSURANCE ACTIVITIES': 1.417838454246521, 'N_ADMINISTRATIVE AND SUPPORT SERVICE ACTIVITIES': 0.39835837483406067, 'A_AGRICULTURE, FORESTRY AND FISHING': -0.6884327530860901, 'I_ACCOMMODATION AND FOOD SERVICE ACTIVITIES': -0.9241530895233154, 'Q_HUMAN HEALTH AND SOCIAL WORK ACTIVITIES': -1.1472240686416626, 'H_TRANSPORTATION AND STORAGE': -1.156029462814331, 'D_ELECTRICITY, GAS, STEAM AND AIR CONDITIONING SUPPLY': -1.1680009365081787, 'E_WATER SUPPLY; SEWERAGE, WASTE MANAGEMENT AND REMEDIATION ACTIVITIES': -1.5017807483673096, 'C_MANUFACTURING': -1.739397406578064, 'L_REAL ESTATE ACTIVITIES': -1.7417542934417725, 'F_CONSTRUCTION': -1.9873120784759521, 'B_MINING AND QUARRYING': -2.021789073944092, 'M_PROFESSIONAL, SCIENTIFIC AND TECHNICAL ACTIVITIES': -2.1431281566619873, 'P_EDUCATION': -2.2414979934692383, 'J_INFORMATION AND COMMUNICATION': -4.028148174285889}",G
18,DN Agrar Group S.A1.txt,01.41,Raising of dairy cattle,A,3,16,"{'K_FINANCIAL AND INSURANCE ACTIVITIES': 2.4940333366394043, 'G_WHOLESALE AND RETAIL TRADE; REPAIR OF MOTOR VEHICLES AND MOTORCYCLES': 0.8231015801429749, 'N_ADMINISTRATIVE AND SUPPORT SERVICE ACTIVITIES': 0.5134797692298889, 'A_AGRICULTURE, FORESTRY AND FISHING': -0.17523635923862457, 'I_ACCOMMODATION AND FOOD SERVICE ACTIVITIES': -0.19152842462062836, 'L_REAL ESTATE ACTIVITIES': -0.5113865733146667, 'H_TRANSPORTATION AND STORAGE': -0.5777773857116699, 'E_WATER SUPPLY; SEWERAGE, WASTE MANAGEMENT AND REMEDIATION ACTIVITIES': -1.304976224899292, 'D_ELECTRICITY, GAS, STEAM AND AIR CONDITIONING SUPPLY': -1.4259015321731567, 'M_PROFESSIONAL, SCIENTIFIC AND TECHNICAL ACTIVITIES': -1.5902130603790283, 'F_CONSTRUCTION': -1.6753658056259155, 'Q_HUMAN HEALTH AND SOCIAL WORK ACTIVITIES': -2.017232894897461, 'B_MINING AND QUARRYING': -2.054537773132324, 'P_EDUCATION': -2.4005537033081055, 'C_MANUFACTURING': -2.414264440536499, 'J_INFORMATION AND COMMUNICATION': -3.333091974258423}",K
19,SIPEF group3.txt,01.19,Growing of other non-perennial crops,A,0,16,"{'A_AGRICULTURE, FORESTRY AND FISHING': 2.576550245285034, 'G_WHOLESALE AND RETAIL TRADE; REPAIR OF MOTOR VEHICLES AND MOTORCYCLES': 0.4349284768104553, 'C_MANUFACTURING': 0.18007279932498932, 'K_FINANCIAL AND INSURANCE ACTIVITIES': -0.4878671169281006, 'N_ADMINISTRATIVE AND SUPPORT SERVICE ACTIVITIES': -0.6168204545974731, 'M_PROFESSIONAL, SCIENTIFIC AND TECHNICAL ACTIVITIES': -0.6502032279968262, 'I_ACCOMMODATION AND FOOD SERVICE ACTIVITIES': -0.8767027258872986, 'E_WATER SUPPLY; SEWERAGE, WASTE MANAGEMENT AND REMEDIATION ACTIVITIES': -0.9063922166824341, 'D_ELECTRICITY, GAS, STEAM AND AIR CONDITIONING SUPPLY': -0.9232699275016785, 'B_MINING AND QUARRYING': -1.0316402912139893, 'H_TRANSPORTATION AND STORAGE': -1.8738899230957031, 'P_EDUCATION': -2.2106709480285645, 'L_REAL ESTATE ACTIVITIES': -2.2583963871002197, 'F_CONSTRUCTION': -2.607276201248169, 'J_INFORMATION AND COMMUNICATION': -2.8403167724609375, 'Q_HUMAN HEALTH AND SOCIAL WORK ACTIVITIES': -2.8565521240234375}",A
20,Body & Mind Inc.1.txt,01.3,Plant propagation,A,10,16,"{'G_WHOLESALE AND RETAIL TRADE; REPAIR OF MOTOR VEHICLES AND MOTORCYCLES': 2.0641705989837646, 'K_FINANCIAL AND INSURANCE ACTIVITIES': 2.0246169567108154, 'N_ADMINISTRATIVE AND SUPPORT SERVICE ACTIVITIES': 0.7354143261909485, 'I_ACCOMMODATION AND FOOD SERVICE ACTIVITIES': -0.6073768734931946, 'Q_HUMAN HEALTH AND SOCIAL WORK ACTIVITIES': -0.6559866070747375, 'H_TRANSPORTATION AND STORAGE': -1.127406120300293, 'L_REAL ESTATE ACTIVITIES': -1.2310030460357666, 'P_EDUCATION': -1.2716912031173706, 'M_PROFESSIONAL, SCIENTIFIC AND TECHNICAL ACTIVITIES': -1.3287101984024048, 'D_ELECTRICITY, GAS, STEAM AND AIR CONDITIONING SUPPLY': -1.558864712715149, 'A_AGRICULTURE, FORESTRY AND FISHING': -1.6566861867904663, 'F_CONSTRUCTION': -1.777668833732605, 'C_MANUFACTURING': -1.8986002206802368, 'E_WATER SUPPLY; SEWERAGE, WASTE MANAGEMENT AND REMEDIATION ACTIVITIES': -1.9000239372253418, 'B_MINING AND QUARRYING': -2.5413827896118164, 'J_INFORMATION AND COMMUNICATION': -3.522860288619995}",G
21,Clean Seas Seafood Limited2.txt,03.21,Marine aquaculture,A,5,16,"{'K_FINANCIAL AND INSURANCE ACTIVITIES': 2.5227460861206055, 'G_WHOLESALE AND RETAIL TRADE; REPAIR OF MOTOR VEHICLES AND MOTORCYCLES': 1.0508514642715454, 'N_ADMINISTRATIVE AND SUPPORT SERVICE ACTIVITIES': 0.7980737686157227, 'I_ACCOMMODATION AND FOOD SERVICE ACTIVITIES': -0.19270512461662292, 'H_TRANSPORTATION AND STORAGE': -0.6364184021949768, 'A_AGRICULTURE, FORESTRY AND FISHING': -0.7441420555114746, 'L_REAL ESTATE ACTIVITIES': -0.8848485350608826, 'E_WATER SUPPLY; SEWERAGE, WASTE MANAGEMENT AND REMEDIATION ACTIVITIES': -1.0846518278121948, 'D_ELECTRICITY, GAS, STEAM AND AIR CONDITIONING SUPPLY': -1.4740997552871704, 'M_PROFESSIONAL, SCIENTIFIC AND TECHNICAL ACTIVITIES': -1.697278618812561, 'F_CONSTRUCTION': -1.7925423383712769, 'Q_HUMAN HEALTH AND SOCIAL WORK ACTIVITIES': -2.033935785293579, 'B_MINING AND QUARRYING': -2.150681257247925, 'C_MANUFACTURING': -2.4076454639434814, 'P_EDUCATION': -2.4915542602539062, 'J_INFORMATION AND COMMUNICATION': -3.5175621509552}",K
22,Optimi Health Corp.1.txt,01.3,Plant propagation,A,5,16,"{'G_WHOLESALE AND RETAIL TRADE; REPAIR OF MOTOR VEHICLES AND MOTORCYCLES': 0.9305651783943176, 'K_FINANCIAL AND INSURANCE ACTIVITIES': 0.6818753480911255, 'N_ADMINISTRATIVE AND SUPPORT SERVICE ACTIVITIES': 0.4824059307575226, 'M_PROFESSIONAL, SCIENTIFIC AND TECHNICAL ACTIVITIES': -0.2023083120584488, 'I_ACCOMMODATION AND FOOD SERVICE ACTIVITIES': -0.8614413738250732, 'A_AGRICULTURE, FORESTRY AND FISHING': -0.9140748381614685, 'C_MANUFACTURING': -1.1849539279937744, 'D_ELECTRICITY, GAS, STEAM AND AIR CONDITIONING SUPPLY': -1.3695917129516602, 'E_WATER SUPPLY; SEWERAGE, WASTE MANAGEMENT AND REMEDIATION ACTIVITIES': -1.5143208503723145, 'Q_HUMAN HEALTH AND SOCIAL WORK ACTIVITIES': -1.7232507467269897, 'P_EDUCATION': -1.7561308145523071, 'H_TRANSPORTATION AND STORAGE': -1.8581396341323853, 'F_CONSTRUCTION': -2.1489522457122803, 'J_INFORMATION AND COMMUNICATION': -2.207334280014038, 'L_REAL ESTATE ACTIVITIES': -2.340991735458374, 'B_MINING AND QUARRYING': -2.491241455078125}",G
23,Shree Ram Proteins Ltd.1.txt,01.19,Growing of other non-perennial crops,A,14,16,"{'G_WHOLESALE AND RETAIL TRADE; REPAIR OF MOTOR VEHICLES AND MOTORCYCLES': 2.0890181064605713, 'Q_HUMAN HEALTH AND SOCIAL WORK ACTIVITIES': 2.072356700897217, 'H_TRANSPORTATION AND STORAGE': 0.5949650406837463, 'F_CONSTRUCTION': 0.22080694139003754, 'K_FINANCIAL AND INSURANCE ACTIVITIES': -0.25925442576408386, 'D_ELECTRICITY, GAS, STEAM AND AIR CONDITIONING SUPPLY': -0.388044148683548, 'P_EDUCATION': -0.42132139205932617, 'N_ADMINISTRATIVE AND SUPPORT SERVICE ACTIVITIES': -1.013574481010437, 'C_MANUFACTURING': -1.1297788619995117, 'M_PROFESSIONAL, SCIENTIFIC AND TECHNICAL ACTIVITIES': -1.2493082284927368, 'I_ACCOMMODATION AND FOOD SERVICE ACTIVITIES': -1.334032416343689, 'L_REAL ESTATE ACTIVITIES': -1.3561517000198364, 'B_MINING AND QUARRYING': -2.4009692668914795, 'E_WATER SUPPLY; SEWERAGE, WASTE MANAGEMENT AND REMEDIATION ACTIVITIES': -2.410966396331787, 'A_AGRICULTURE, FORESTRY AND FISHING': -2.4675240516662598, 'J_INFORMATION AND COMMUNICATION': -2.9664981365203857}",G
24,SalMar ASA1.txt,03.21,Marine aquaculture,A,12,16,"{'K_FINANCIAL AND INSURANCE ACTIVITIES': 2.099731922149658, 'N_ADMINISTRATIVE AND SUPPORT SERVICE ACTIVITIES': 1.7333377599716187, 'G_WHOLESALE AND RETAIL TRADE; REPAIR OF MOTOR VEHICLES AND MOTORCYCLES': 1.0777531862258911, 'I_ACCOMMODATION AND FOOD SERVICE ACTIVITIES': 0.28014248609542847, 'H_TRANSPORTATION AND STORAGE': -0.895322322845459, 'M_PROFESSIONAL, SCIENTIFIC AND TECHNICAL ACTIVITIES': -1.3431559801101685, 'Q_HUMAN HEALTH AND SOCIAL WORK ACTIVITIES': -1.4145795106887817, 'F_CONSTRUCTION': -1.4304643869400024, 'L_REAL ESTATE ACTIVITIES': -1.5186976194381714, 'D_ELECTRICITY, GAS, STEAM AND AIR CONDITIONING SUPPLY': -1.8057128190994263, 'E_WATER SUPPLY; SEWERAGE, WASTE MANAGEMENT AND REMEDIATION ACTIVITIES': -1.9256938695907593, 'P_EDUCATION': -1.9544346332550049, 'A_AGRICULTURE, FORESTRY AND FISHING': -2.2385504245758057, 'C_MANUFACTURING': -2.475522518157959, 'B_MINING AND QUARRYING': -2.630265951156616, 'J_INFORMATION AND COMMUNICATION': -3.145782709121704}",K
25,Green Hygienics Holdings Inc.1.txt,01.3,Plant propagation,A,12,16,"{'G_WHOLESALE AND RETAIL TRADE; REPAIR OF MOTOR VEHICLES AND MOTORCYCLES': 2.8344810009002686, 'K_FINANCIAL AND INSURANCE ACTIVITIES': 2.5238280296325684, 'N_ADMINISTRATIVE AND SUPPORT SERVICE ACTIVITIES': 1.560887336730957, 'Q_HUMAN HEALTH AND SOCIAL WORK ACTIVITIES': -0.14424453675746918, 'H_TRANSPORTATION AND STORAGE': -0.5972437262535095, 'I_ACCOMMODATION AND FOOD SERVICE ACTIVITIES': -0.780812680721283, 'F_CONSTRUCTION': -0.8710454106330872, 'L_REAL ESTATE ACTIVITIES': -1.113982915878296, 'P_EDUCATION': -1.4722390174865723, 'M_PROFESSIONAL, SCIENTIFIC AND TECHNICAL ACTIVITIES': -1.7894350290298462, 'D_ELECTRICITY, GAS, STEAM AND AIR CONDITIONING SUPPLY': -1.8208366632461548, 'E_WATER SUPPLY; SEWERAGE, WASTE MANAGEMENT AND REMEDIATION ACTIVITIES': -1.862328052520752, 'A_AGRICULTURE, FORESTRY AND FISHING': -2.535231590270996, 'C_MANUFACTURING': -2.569333076477051, 'B_MINING AND QUARRYING': -2.6949498653411865, 'J_INFORMATION AND COMMUNICATION': -3.706425905227661}",G
26,Biomass Energy Project SA2.txt,01.63,Post-harvest crop activities,A,10,16,"{'D_ELECTRICITY, GAS, STEAM AND AIR CONDITIONING SUPPLY': 2.368191957473755, 'G_WHOLESALE AND RETAIL TRADE; REPAIR OF MOTOR VEHICLES AND MOTORCYCLES': -0.37074780464172363, 'K_FINANCIAL AND INSURANCE ACTIVITIES': -0.47179341316223145, 'B_MINING AND QUARRYING': -0.6747100353240967, 'E_WATER SUPPLY; SEWERAGE, WASTE MANAGEMENT AND REMEDIATION ACTIVITIES': -0.6760038137435913, 'H_TRANSPORTATION AND STORAGE': -0.8157832622528076, 'F_CONSTRUCTION': -0.9752051830291748, 'M_PROFESSIONAL, SCIENTIFIC AND TECHNICAL ACTIVITIES': -1.0707896947860718, 'C_MANUFACTURING': -1.0781044960021973, 'N_ADMINISTRATIVE AND SUPPORT SERVICE ACTIVITIES': -1.1416186094284058, 'A_AGRICULTURE, FORESTRY AND FISHING': -1.177748680114746, 'I_ACCOMMODATION AND FOOD SERVICE ACTIVITIES': -1.4368224143981934, 'Q_HUMAN HEALTH AND SOCIAL WORK ACTIVITIES': -1.9362939596176147, 'L_REAL ESTATE ACTIVITIES': -2.401878833770752, 'P_EDUCATION': -2.6105949878692627, 'J_INFORMATION AND COMMUNICATION': -2.872544527053833}",D
27,Agriterra Ltd1.txt,01.42,Raising of other cattle and buffaloes,A,4,16,"{'K_FINANCIAL AND INSURANCE ACTIVITIES': 1.6197344064712524, 'N_ADMINISTRATIVE AND SUPPORT SERVICE ACTIVITIES': 0.4726920425891876, 'G_WHOLESALE AND RETAIL TRADE; REPAIR OF MOTOR VEHICLES AND MOTORCYCLES': 0.12845206260681152, 'I_ACCOMMODATION AND FOOD SERVICE ACTIVITIES': 0.007457842119038105, 'A_AGRICULTURE, FORESTRY AND FISHING': -0.06505896151065826, 'H_TRANSPORTATION AND STORAGE': -0.6584776639938354, 'L_REAL ESTATE ACTIVITIES': -1.0623019933700562, 'F_CONSTRUCTION': -1.0641629695892334, 'M_PROFESSIONAL, SCIENTIFIC AND TECHNICAL ACTIVITIES': -1.0740208625793457, 'D_ELECTRICITY, GAS, STEAM AND AIR CONDITIONING SUPPLY': -1.3807874917984009, 'E_WATER SUPPLY; SEWERAGE, WASTE MANAGEMENT AND REMEDIATION ACTIVITIES': -1.413379430770874, 'B_MINING AND QUARRYING': -1.9406757354736328, 'P_EDUCATION': -2.1697463989257812, 'C_MANUFACTURING': -2.2457804679870605, 'Q_HUMAN HEALTH AND SOCIAL WORK ACTIVITIES': -2.3895082473754883, 'J_INFORMATION AND COMMUNICATION': -2.8464443683624268}",K
28,Gopeng Bhd.2.txt,01.61,Support activities for crop production,A,10,16,"{'K_FINANCIAL AND INSURANCE ACTIVITIES': 2.3851664066314697, 'G_WHOLESALE AND RETAIL TRADE; REPAIR OF MOTOR VEHICLES AND MOTORCYCLES': 2.246521472930908, 'N_ADMINISTRATIVE AND SUPPORT SERVICE ACTIVITIES': 0.8829902410507202, 'L_REAL ESTATE ACTIVITIES': -0.29873791337013245, 'H_TRANSPORTATION AND STORAGE': -0.5111467838287354, 'F_CONSTRUCTION': -0.8496705293655396, 'I_ACCOMMODATION AND FOOD SERVICE ACTIVITIES': -0.892603874206543, 'Q_HUMAN HEALTH AND SOCIAL WORK ACTIVITIES': -1.215489149093628, 'D_ELECTRICITY, GAS, STEAM AND AIR CONDITIONING SUPPLY': -1.4334758520126343, 'E_WATER SUPPLY; SEWERAGE, WASTE MANAGEMENT AND REMEDIATION ACTIVITIES': -1.5739978551864624, 'A_AGRICULTURE, FORESTRY AND FISHING': -1.7019680738449097, 'M_PROFESSIONAL, SCIENTIFIC AND TECHNICAL ACTIVITIES': -1.9716404676437378, 'P_EDUCATION': -2.183297872543335, 'B_MINING AND QUARRYING': -2.3614931106567383, 'C_MANUFACTURING': -2.4552905559539795, 'J_INFORMATION AND COMMUNICATION': -3.9697458744049072}",K
29,Asian Citrus Holdings Limited2.txt,01.26,Growing of oleaginous fruits,A,12,16,"{'G_WHOLESALE AND RETAIL TRADE; REPAIR OF MOTOR VEHICLES AND MOTORCYCLES': 5.432820796966553, 'K_FINANCIAL AND INSURANCE ACTIVITIES': 1.4358837604522705, 'N_ADMINISTRATIVE AND SUPPORT SERVICE ACTIVITIES': 0.9348321557044983, 'Q_HUMAN HEALTH AND SOCIAL WORK ACTIVITIES': 0.08406433463096619, 'H_TRANSPORTATION AND STORAGE': -0.6074866056442261, 'I_ACCOMMODATION AND FOOD SERVICE ACTIVITIES': -1.2485462427139282, 'F_CONSTRUCTION': -1.2725220918655396, 'P_EDUCATION': -1.4188874959945679, 'L_REAL ESTATE ACTIVITIES': -1.5120549201965332, 'D_ELECTRICITY, GAS, STEAM AND AIR CONDITIONING SUPPLY': -1.661076545715332, 'C_MANUFACTURING': -1.7615504264831543, 'E_WATER SUPPLY; SEWERAGE, WASTE MANAGEMENT AND REMEDIATION ACTIVITIES': -2.150052070617676, 'A_AGRICULTURE, FORESTRY AND FISHING': -2.7617835998535156, 'M_PROFESSIONAL, SCIENTIFIC AND TECHNICAL ACTIVITIES': -2.946408271789551, 'B_MINING AND QUARRYING': -3.1968767642974854, 'J_INFORMATION AND COMMUNICATION': -4.8077898025512695}",G
30,Green Rise Foods Inc1.txt,01.13,"Growing of vegetables and melons, roots and tubers",A,2,16,"{'K_FINANCIAL AND INSURANCE ACTIVITIES': 1.8639726638793945, 'G_WHOLESALE AND RETAIL TRADE; REPAIR OF MOTOR VEHICLES AND MOTORCYCLES': 0.790682315826416, 'A_AGRICULTURE, FORESTRY AND FISHING': 0.787695586681366, 'N_ADMINISTRATIVE AND SUPPORT SERVICE ACTIVITIES': 0.5582823157310486, 'I_ACCOMMODATION AND FOOD SERVICE ACTIVITIES': -0.6926606297492981, 'E_WATER SUPPLY; SEWERAGE, WASTE MANAGEMENT AND REMEDIATION ACTIVITIES': -0.898826003074646, 'H_TRANSPORTATION AND STORAGE': -1.2683908939361572, 'D_ELECTRICITY, GAS, STEAM AND AIR CONDITIONING SUPPLY': -1.3085644245147705, 'L_REAL ESTATE ACTIVITIES': -1.3383643627166748, 'M_PROFESSIONAL, SCIENTIFIC AND TECHNICAL ACTIVITIES': -1.4332033395767212, 'C_MANUFACTURING': -1.9334648847579956, 'B_MINING AND QUARRYING': -1.973299264907837, 'F_CONSTRUCTION': -2.1916980743408203, 'Q_HUMAN HEALTH AND SOCIAL WORK ACTIVITIES': -2.302947759628296, 'P_EDUCATION': -2.5262255668640137, 'J_INFORMATION AND COMMUNICATION': -3.24876070022583}",K
31,"iAnthus Capital Holdings, Inc.1.txt",01.19,Growing of other non-perennial crops,A,12,16,"{'K_FINANCIAL AND INSURANCE ACTIVITIES': 2.7474982738494873, 'G_WHOLESALE AND RETAIL TRADE; REPAIR OF MOTOR VEHICLES AND MOTORCYCLES': 2.1673054695129395, 'N_ADMINISTRATIVE AND SUPPORT SERVICE ACTIVITIES': 1.5637191534042358, 'Q_HUMAN HEALTH AND SOCIAL WORK ACTIVITIES': -0.07356464862823486, 'I_ACCOMMODATION AND FOOD SERVICE ACTIVITIES': -0.6801068782806396, 'H_TRANSPORTATION AND STORAGE': -0.9435575008392334, 'L_REAL ESTATE ACTIVITIES': -1.214996337890625, 'F_CONSTRUCTION': -1.460379719734192, 'M_PROFESSIONAL, SCIENTIFIC AND TECHNICAL ACTIVITIES': -1.5689446926116943, 'P_EDUCATION': -1.6902437210083008, 'D_ELECTRICITY, GAS, STEAM AND AIR CONDITIONING SUPPLY': -1.707506537437439, 'E_WATER SUPPLY; SEWERAGE, WASTE MANAGEMENT AND REMEDIATION ACTIVITIES': -1.9190021753311157, 'A_AGRICULTURE, FORESTRY AND FISHING': -2.357703685760498, 'B_MINING AND QUARRYING': -2.7264349460601807, 'C_MANUFACTURING': -2.8252625465393066, 'J_INFORMATION AND COMMUNICATION': -3.6863324642181396}",K
32,Shivamshree Businesses Ltd.2.txt,01.41,Raising of dairy cattle,A,13,16,"{'K_FINANCIAL AND INSURANCE ACTIVITIES': 2.749554395675659, 'G_WHOLESALE AND RETAIL TRADE; REPAIR OF MOTOR VEHICLES AND MOTORCYCLES': 1.8495268821716309, 'N_ADMINISTRATIVE AND SUPPORT SERVICE ACTIVITIES': 1.0487971305847168, 'Q_HUMAN HEALTH AND SOCIAL WORK ACTIVITIES': -0.3891206979751587, 'I_ACCOMMODATION AND FOOD SERVICE ACTIVITIES': -0.474325031042099, 'H_TRANSPORTATION AND STORAGE': -0.5313938856124878, 'F_CONSTRUCTION': -0.864468514919281, 'L_REAL ESTATE ACTIVITIES': -0.8915618062019348, 'D_ELECTRICITY, GAS, STEAM AND AIR CONDITIONING SUPPLY': -1.4992066621780396, 'M_PROFESSIONAL, SCIENTIFIC AND TECHNICAL ACTIVITIES': -1.548784852027893, 'P_EDUCATION': -1.6043263673782349, 'E_WATER SUPPLY; SEWERAGE, WASTE MANAGEMENT AND REMEDIATION ACTIVITIES': -1.904566764831543, 'B_MINING AND QUARRYING': -2.5158023834228516, 'A_AGRICULTURE, FORESTRY AND FISHING': -2.5761795043945312, 'C_MANUFACTURING': -2.7330129146575928, 'J_INFORMATION AND COMMUNICATION': -3.5726125240325928}",K
33,Simran Farms Limited2.txt,01.47,Raising of poultry,A,9,16,"{'G_WHOLESALE AND RETAIL TRADE; REPAIR OF MOTOR VEHICLES AND MOTORCYCLES': 2.2627511024475098, 'K_FINANCIAL AND INSURANCE ACTIVITIES': 1.2409535646438599, 'Q_HUMAN HEALTH AND SOCIAL WORK ACTIVITIES': 0.41545790433883667, 'N_ADMINISTRATIVE AND SUPPORT SERVICE ACTIVITIES': 0.22867244482040405, 'P_EDUCATION': -0.6367146968841553, 'D_ELECTRICITY, GAS, STEAM AND AIR CONDITIONING SUPPLY': -1.080483078956604, 'I_ACCOMMODATION AND FOOD SERVICE ACTIVITIES': -1.1232213973999023, 'H_TRANSPORTATION AND STORAGE': -1.1602935791015625, 'F_CONSTRUCTION': -1.176628828048706, 'A_AGRICULTURE, FORESTRY AND FISHING': -1.3221049308776855, 'M_PROFESSIONAL, SCIENTIFIC AND TECHNICAL ACTIVITIES': -1.3622157573699951, 'L_REAL ESTATE ACTIVITIES': -1.4396902322769165, 'C_MANUFACTURING': -1.8351011276245117, 'E_WATER SUPPLY; SEWERAGE, WASTE MANAGEMENT AND REMEDIATION ACTIVITIES': -1.9983001947402954, 'B_MINING AND QUARRYING': -2.454230308532715, 'J_INFORMATION AND COMMUNICATION': -3.305718421936035}",G
34,Acadian Timber Corp.1.txt,02.3,Gathering of wild growing non-wood products,A,1,16,"{'K_FINANCIAL AND INSURANCE ACTIVITIES': 1.715556025505066, 'A_AGRICULTURE, FORESTRY AND FISHING': 1.0508674383163452, 'G_WHOLESALE AND RETAIL TRADE; REPAIR OF MOTOR VEHICLES AND MOTORCYCLES': 0.752449095249176, 'N_ADMINISTRATIVE AND SUPPORT SERVICE ACTIVITIES': 0.13566845655441284, 'I_ACCOMMODATION AND FOOD SERVICE ACTIVITIES': -0.6101799607276917, 'D_ELECTRICITY, GAS, STEAM AND AIR CONDITIONING SUPPLY': -1.0706127882003784, 'L_REAL ESTATE ACTIVITIES': -1.0851421356201172, 'E_WATER SUPPLY; SEWERAGE, WASTE MANAGEMENT AND REMEDIATION ACTIVITIES': -1.1250537633895874, 'H_TRANSPORTATION AND STORAGE': -1.2341638803482056, 'M_PROFESSIONAL, SCIENTIFIC AND TECHNICAL ACTIVITIES': -1.4506595134735107, 'B_MINING AND QUARRYING': -1.7774200439453125, 'C_MANUFACTURING': -1.941338300704956, 'Q_HUMAN HEALTH AND SOCIAL WORK ACTIVITIES': -2.0351362228393555, 'F_CONSTRUCTION': -2.1216180324554443, 'P_EDUCATION': -2.444244623184204, 'J_INFORMATION AND COMMUNICATION': -3.238691806793213}",K
35,China Modern Dairy Holdings Ltd.1.txt,01.41,Raising of dairy cattle,A,3,16,"{'G_WHOLESALE AND RETAIL TRADE; REPAIR OF MOTOR VEHICLES AND MOTORCYCLES': 2.393942356109619, 'K_FINANCIAL AND INSURANCE ACTIVITIES': 1.4306589365005493, 'N_ADMINISTRATIVE AND SUPPORT SERVICE ACTIVITIES': 0.34039193391799927, 'A_AGRICULTURE, FORESTRY AND FISHING': -0.05023546889424324, 'H_TRANSPORTATION AND STORAGE': -0.5927554965019226, 'I_ACCOMMODATION AND FOOD SERVICE ACTIVITIES': -0.782845139503479, 'L_REAL ESTATE ACTIVITIES': -1.0404341220855713, 'Q_HUMAN HEALTH AND SOCIAL WORK ACTIVITIES': -1.3617117404937744, 'D_ELECTRICITY, GAS, STEAM AND AIR CONDITIONING SUPPLY': -1.37698495388031, 'E_WATER SUPPLY; SEWERAGE, WASTE MANAGEMENT AND REMEDIATION ACTIVITIES': -1.4323590993881226, 'F_CONSTRUCTION': -1.5138473510742188, 'C_MANUFACTURING': -1.7254858016967773, 'P_EDUCATION': -1.9302387237548828, 'M_PROFESSIONAL, SCIENTIFIC AND TECHNICAL ACTIVITIES': -2.0231435298919678, 'B_MINING AND QUARRYING': -2.2559196949005127, 'J_INFORMATION AND COMMUNICATION': -3.6382782459259033}",G
36,Border Timbers Limited1.txt,02.1,Silviculture and other forestry activities,A,6,16,"{'K_FINANCIAL AND INSURANCE ACTIVITIES': 2.5589780807495117, 'G_WHOLESALE AND RETAIL TRADE; REPAIR OF MOTOR VEHICLES AND MOTORCYCLES': 1.3003276586532593, 'N_ADMINISTRATIVE AND SUPPORT SERVICE ACTIVITIES': 0.579008162021637, 'I_ACCOMMODATION AND FOOD SERVICE ACTIVITIES': -0.41883090138435364, 'H_TRANSPORTATION AND STORAGE': -0.4988082945346832, 'L_REAL ESTATE ACTIVITIES': -0.6337645053863525, 'A_AGRICULTURE, FORESTRY AND FISHING': -0.9113991856575012, 'E_WATER SUPPLY; SEWERAGE, WASTE MANAGEMENT AND REMEDIATION ACTIVITIES': -1.2945797443389893, 'D_ELECTRICITY, GAS, STEAM AND AIR CONDITIONING SUPPLY': -1.3694506883621216, 'F_CONSTRUCTION': -1.4398083686828613, 'Q_HUMAN HEALTH AND SOCIAL WORK ACTIVITIES': -1.7577265501022339, 'M_PROFESSIONAL, SCIENTIFIC AND TECHNICAL ACTIVITIES': -1.7696610689163208, 'B_MINING AND QUARRYING': -2.125828981399536, 'C_MANUFACTURING': -2.283006429672241, 'P_EDUCATION': -2.311389446258545, 'J_INFORMATION AND COMMUNICATION': -3.624549150466919}",K
37,Hisar Spinning Mills Ltd.1.txt,01.16,Growing of fibre crops,A,14,16,"{'K_FINANCIAL AND INSURANCE ACTIVITIES': 2.816399097442627, 'G_WHOLESALE AND RETAIL TRADE; REPAIR OF MOTOR VEHICLES AND MOTORCYCLES': 1.582701563835144, 'N_ADMINISTRATIVE AND SUPPORT SERVICE ACTIVITIES': 0.7501347661018372, 'H_TRANSPORTATION AND STORAGE': -0.22230739891529083, 'I_ACCOMMODATION AND FOOD SERVICE ACTIVITIES': -0.7433443665504456, 'F_CONSTRUCTION': -0.7715509533882141, 'L_REAL ESTATE ACTIVITIES': -1.012671947479248, 'Q_HUMAN HEALTH AND SOCIAL WORK ACTIVITIES': -1.0640846490859985, 'D_ELECTRICITY, GAS, STEAM AND AIR CONDITIONING SUPPLY': -1.3070751428604126, 'E_WATER SUPPLY; SEWERAGE, WASTE MANAGEMENT AND REMEDIATION ACTIVITIES': -1.535874843597412, 'M_PROFESSIONAL, SCIENTIFIC AND TECHNICAL ACTIVITIES': -1.5781474113464355, 'P_EDUCATION': -1.9658401012420654, 'C_MANUFACTURING': -2.124345541000366, 'B_MINING AND QUARRYING': -2.1679089069366455, 'A_AGRICULTURE, FORESTRY AND FISHING': -2.390702962875366, 'J_INFORMATION AND COMMUNICATION': -3.810960292816162}",K
38,Astral Foods Limited1.txt,01.47,Raising of poultry,A,7,16,"{'K_FINANCIAL AND INSURANCE ACTIVITIES': 3.148395538330078, 'G_WHOLESALE AND RETAIL TRADE; REPAIR OF MOTOR VEHICLES AND MOTORCYCLES': 1.4794296026229858, 'N_ADMINISTRATIVE AND SUPPORT SERVICE ACTIVITIES': 0.8359706997871399, 'H_TRANSPORTATION AND STORAGE': -0.6022189855575562, 'I_ACCOMMODATION AND FOOD SERVICE ACTIVITIES': -0.7077773213386536, 'L_REAL ESTATE ACTIVITIES': -0.8637021780014038, 'E_WATER SUPPLY; SEWERAGE, WASTE MANAGEMENT AND REMEDIATION ACTIVITIES': -1.0800477266311646, 'A_AGRICULTURE, FORESTRY AND FISHING': -1.0809026956558228, 'D_ELECTRICITY, GAS, STEAM AND AIR CONDITIONING SUPPLY': -1.1651058197021484, 'Q_HUMAN HEALTH AND SOCIAL WORK ACTIVITIES': -1.5190151929855347, 'F_CONSTRUCTION': -1.6260340213775635, 'M_PROFESSIONAL, SCIENTIFIC AND TECHNICAL ACTIVITIES': -1.687591552734375, 'B_MINING AND QUARRYING': -2.010295867919922, 'P_EDUCATION': -2.292609930038452, 'C_MANUFACTURING': -2.4512600898742676, 'J_INFORMATION AND COMMUNICATION': -3.6656577587127686}",K
39,Golden Agri-Resources Ltd1.txt,01.19,Growing of other non-perennial crops,A,2,16,"{'G_WHOLESALE AND RETAIL TRADE; REPAIR OF MOTOR VEHICLES AND MOTORCYCLES': 1.290378212928772, 'K_FINANCIAL AND INSURANCE ACTIVITIES': 0.8278954029083252, 'A_AGRICULTURE, FORESTRY AND FISHING': 0.4182564616203308, 'N_ADMINISTRATIVE AND SUPPORT SERVICE ACTIVITIES': -0.24219529330730438, 'D_ELECTRICITY, GAS, STEAM AND AIR CONDITIONING SUPPLY': -0.6191619634628296, 'B_MINING AND QUARRYING': -0.8637397289276123, 'C_MANUFACTURING': -1.0231479406356812, 'I_ACCOMMODATION AND FOOD SERVICE ACTIVITIES': -1.1237444877624512, 'E_WATER SUPPLY; SEWERAGE, WASTE MANAGEMENT AND REMEDIATION ACTIVITIES': -1.1395950317382812, 'M_PROFESSIONAL, SCIENTIFIC AND TECHNICAL ACTIVITIES': -1.3176915645599365, 'H_TRANSPORTATION AND STORAGE': -1.3868862390518188, 'Q_HUMAN HEALTH AND SOCIAL WORK ACTIVITIES': -1.7226369380950928, 'F_CONSTRUCTION': -1.986931324005127, 'L_REAL ESTATE ACTIVITIES': -2.040905475616455, 'P_EDUCATION': -2.3550257682800293, 'J_INFORMATION AND COMMUNICATION': -3.493234634399414}",G
40,Roto-Gro International Ltd.1.txt,01.19,Growing of other non-perennial crops,A,12,16,"{'K_FINANCIAL AND INSURANCE ACTIVITIES': 3.2318191528320312, 'G_WHOLESALE AND RETAIL TRADE; REPAIR OF MOTOR VEHICLES AND MOTORCYCLES': 1.6217666864395142, 'N_ADMINISTRATIVE AND SUPPORT SERVICE ACTIVITIES': 1.2046239376068115, 'I_ACCOMMODATION AND FOOD SERVICE ACTIVITIES': -0.3601720631122589, 'H_TRANSPORTATION AND STORAGE': -0.5350709557533264, 'L_REAL ESTATE ACTIVITIES': -0.8162499070167542, 'Q_HUMAN HEALTH AND SOCIAL WORK ACTIVITIES': -1.0796631574630737, 'F_CONSTRUCTION': -1.2194210290908813, 'D_ELECTRICITY, GAS, STEAM AND AIR CONDITIONING SUPPLY': -1.5862977504730225, 'E_WATER SUPPLY; SEWERAGE, WASTE MANAGEMENT AND REMEDIATION ACTIVITIES': -1.6338305473327637, 'M_PROFESSIONAL, SCIENTIFIC AND TECHNICAL ACTIVITIES': -1.7596614360809326, 'P_EDUCATION': -2.117549180984497, 'A_AGRICULTURE, FORESTRY AND FISHING': -2.4162933826446533, 'B_MINING AND QUARRYING': -2.4717347621917725, 'C_MANUFACTURING': -2.877840280532837, 'J_INFORMATION AND COMMUNICATION': -3.832951307296753}",K
41,ArborGen Holdings Limited1.txt,02.3,Gathering of wild growing non-wood products,A,4,16,"{'K_FINANCIAL AND INSURANCE ACTIVITIES': 3.002114772796631, 'G_WHOLESALE AND RETAIL TRADE; REPAIR OF MOTOR VEHICLES AND MOTORCYCLES': 0.9417584538459778, 'N_ADMINISTRATIVE AND SUPPORT SERVICE ACTIVITIES': 0.6750028133392334, 'I_ACCOMMODATION AND FOOD SERVICE ACTIVITIES': -0.49739304184913635, 'A_AGRICULTURE, FORESTRY AND FISHING': -0.7702140808105469, 'L_REAL ESTATE ACTIVITIES': -0.773608386516571, 'H_TRANSPORTATION AND STORAGE': -0.9710884690284729, 'M_PROFESSIONAL, SCIENTIFIC AND TECHNICAL ACTIVITIES': -1.356657862663269, 'D_ELECTRICITY, GAS, STEAM AND AIR CONDITIONING SUPPLY': -1.4557485580444336, 'E_WATER SUPPLY; SEWERAGE, WASTE MANAGEMENT AND REMEDIATION ACTIVITIES': -1.5338481664657593, 'Q_HUMAN HEALTH AND SOCIAL WORK ACTIVITIES': -1.543595790863037, 'F_CONSTRUCTION': -1.6940057277679443, 'B_MINING AND QUARRYING': -2.2338833808898926, 'P_EDUCATION': -2.265316963195801, 'C_MANUFACTURING': -2.758211135864258, 'J_INFORMATION AND COMMUNICATION': -3.4988625049591064}",K
42,WTK Holdings Bhd.3.txt,02.1,Silviculture and other forestry activities,A,13,16,"{'K_FINANCIAL AND INSURANCE ACTIVITIES': 2.7860894203186035, 'N_ADMINISTRATIVE AND SUPPORT SERVICE ACTIVITIES': 1.3661588430404663, 'G_WHOLESALE AND RETAIL TRADE; REPAIR OF MOTOR VEHICLES AND MOTORCYCLES': 0.9139363765716553, 'I_ACCOMMODATION AND FOOD SERVICE ACTIVITIES': -0.26299282908439636, 'H_TRANSPORTATION AND STORAGE': -0.647356390953064, 'Q_HUMAN HEALTH AND SOCIAL WORK ACTIVITIES': -0.6758021116256714, 'M_PROFESSIONAL, SCIENTIFIC AND TECHNICAL ACTIVITIES': -0.8108434081077576, 'F_CONSTRUCTION': -1.0820605754852295, 'L_REAL ESTATE ACTIVITIES': -1.3948113918304443, 'D_ELECTRICITY, GAS, STEAM AND AIR CONDITIONING SUPPLY': -1.5875511169433594, 'P_EDUCATION': -1.677236795425415, 'E_WATER SUPPLY; SEWERAGE, WASTE MANAGEMENT AND REMEDIATION ACTIVITIES': -1.7469744682312012, 'B_MINING AND QUARRYING': -2.269110679626465, 'A_AGRICULTURE, FORESTRY AND FISHING': -2.5748376846313477, 'C_MANUFACTURING': -2.642387866973877, 'J_INFORMATION AND COMMUNICATION': -3.179983377456665}",K
43,Indigenous Bloom Hemp Corp2.txt,01.3,Plant propagation,A,12,16,"{'K_FINANCIAL AND INSURANCE ACTIVITIES': 2.4819207191467285, 'N_ADMINISTRATIVE AND SUPPORT SERVICE ACTIVITIES': 1.275881052017212, 'G_WHOLESALE AND RETAIL TRADE; REPAIR OF MOTOR VEHICLES AND MOTORCYCLES': 1.0494714975357056, 'I_ACCOMMODATION AND FOOD SERVICE ACTIVITIES': 0.09149490296840668, 'H_TRANSPORTATION AND STORAGE': -0.9444873929023743, 'Q_HUMAN HEALTH AND SOCIAL WORK ACTIVITIES': -0.9724850654602051, 'M_PROFESSIONAL, SCIENTIFIC AND TECHNICAL ACTIVITIES': -1.3514432907104492, 'F_CONSTRUCTION': -1.5349653959274292, 'D_ELECTRICITY, GAS, STEAM AND AIR CONDITIONING SUPPLY': -1.5447832345962524, 'L_REAL ESTATE ACTIVITIES': -1.7374919652938843, 'P_EDUCATION': -1.8793607950210571, 'E_WATER SUPPLY; SEWERAGE, WASTE MANAGEMENT AND REMEDIATION ACTIVITIES': -2.1655991077423096, 'A_AGRICULTURE, FORESTRY AND FISHING': -2.695437431335449, 'B_MINING AND QUARRYING': -2.830538034439087, 'C_MANUFACTURING': -2.9152755737304688, 'J_INFORMATION AND COMMUNICATION': -3.115917205810547}",K
44,"Veritas Farms, Inc.1.txt",01.19,Growing of other non-perennial crops,A,13,16,"{'G_WHOLESALE AND RETAIL TRADE; REPAIR OF MOTOR VEHICLES AND MOTORCYCLES': 1.928734302520752, 'K_FINANCIAL AND INSURANCE ACTIVITIES': 0.9364056587219238, 'Q_HUMAN HEALTH AND SOCIAL WORK ACTIVITIES': 0.3124449551105499, 'F_CONSTRUCTION': -0.036194849759340286, 'N_ADMINISTRATIVE AND SUPPORT SERVICE ACTIVITIES': -0.2655089795589447, 'H_TRANSPORTATION AND STORAGE': -0.47168365120887756, 'D_ELECTRICITY, GAS, STEAM AND AIR CONDITIONING SUPPLY': -0.6107059121131897, 'P_EDUCATION': -0.8142878413200378, 'L_REAL ESTATE ACTIVITIES': -1.033958077430725, 'I_ACCOMMODATION AND FOOD SERVICE ACTIVITIES': -1.0967293977737427, 'M_PROFESSIONAL, SCIENTIFIC AND TECHNICAL ACTIVITIES': -1.1952155828475952, 'C_MANUFACTURING': -1.5736651420593262, 'E_WATER SUPPLY; SEWERAGE, WASTE MANAGEMENT AND REMEDIATION ACTIVITIES': -1.8327351808547974, 'A_AGRICULTURE, FORESTRY AND FISHING': -1.9873698949813843, 'B_MINING AND QUARRYING': -2.158686399459839, 'J_INFORMATION AND COMMUNICATION': -2.896615743637085}",G
45,Cora Gold Ltd.1.txt,07.29,Mining of other non-ferrous metal ores,B,3,16,"{'K_FINANCIAL AND INSURANCE ACTIVITIES': 2.773658275604248, 'N_ADMINISTRATIVE AND SUPPORT SERVICE ACTIVITIES': 0.4483412504196167, 'G_WHOLESALE AND RETAIL TRADE; REPAIR OF MOTOR VEHICLES AND MOTORCYCLES': 0.3360547423362732, 'B_MINING AND QUARRYING': 0.03869137540459633, 'F_CONSTRUCTION': -0.47134682536125183, 'D_ELECTRICITY, GAS, STEAM AND AIR CONDITIONING SUPPLY': -0.6815975904464722, 'H_TRANSPORTATION AND STORAGE': -0.8012738227844238, 'I_ACCOMMODATION AND FOOD SERVICE ACTIVITIES': -1.0857231616973877, 'M_PROFESSIONAL, SCIENTIFIC AND TECHNICAL ACTIVITIES': -1.253549337387085, 'E_WATER SUPPLY; SEWERAGE, WASTE MANAGEMENT AND REMEDIATION ACTIVITIES': -1.2795226573944092, 'Q_HUMAN HEALTH AND SOCIAL WORK ACTIVITIES': -1.60727858543396, 'L_REAL ESTATE ACTIVITIES': -1.6101962327957153, 'A_AGRICULTURE, FORESTRY AND FISHING': -2.3603670597076416, 'C_MANUFACTURING': -2.4395806789398193, 'P_EDUCATION': -2.7681682109832764, 'J_INFORMATION AND COMMUNICATION': -4.477114677429199}",K
46,Affinity Metals Corp2.txt,07.29,Mining of other non-ferrous metal ores,B,10,16,"{'K_FINANCIAL AND INSURANCE ACTIVITIES': 1.9832687377929688, 'E_WATER SUPPLY; SEWERAGE, WASTE MANAGEMENT AND REMEDIATION ACTIVITIES': 1.0796754360198975, 'N_ADMINISTRATIVE AND SUPPORT SERVICE ACTIVITIES': 0.6614000201225281, 'G_WHOLESALE AND RETAIL TRADE; REPAIR OF MOTOR VEHICLES AND MOTORCYCLES': -0.25617101788520813, 'D_ELECTRICITY, GAS, STEAM AND AIR CONDITIONING SUPPLY': -0.5222217440605164, 'M_PROFESSIONAL, SCIENTIFIC AND TECHNICAL ACTIVITIES': -0.8629962801933289, 'F_CONSTRUCTION': -0.8702625632286072, 'H_TRANSPORTATION AND STORAGE': -0.9730420708656311, 'I_ACCOMMODATION AND FOOD SERVICE ACTIVITIES': -1.2120652198791504, 'L_REAL ESTATE ACTIVITIES': -1.2627177238464355, 'B_MINING AND QUARRYING': -1.9037632942199707, 'A_AGRICULTURE, FORESTRY AND FISHING': -1.9547427892684937, 'C_MANUFACTURING': -2.150631904602051, 'Q_HUMAN HEALTH AND SOCIAL WORK ACTIVITIES': -2.809054374694824, 'P_EDUCATION': -2.941211462020874, 'J_INFORMATION AND COMMUNICATION': -3.019521474838257}",K
47,Cameco Corporation1.txt,07.21,Mining of uranium and thorium ores,B,4,16,"{'K_FINANCIAL AND INSURANCE ACTIVITIES': 2.222334623336792, 'G_WHOLESALE AND RETAIL TRADE; REPAIR OF MOTOR VEHICLES AND MOTORCYCLES': 0.43878382444381714, 'D_ELECTRICITY, GAS, STEAM AND AIR CONDITIONING SUPPLY': 0.07345826178789139, 'N_ADMINISTRATIVE AND SUPPORT SERVICE ACTIVITIES': 0.004903994966298342, 'B_MINING AND QUARRYING': -0.017230093479156494, 'H_TRANSPORTATION AND STORAGE': -0.4446069002151489, 'F_CONSTRUCTION': -0.5359281301498413, 'E_WATER SUPPLY; SEWERAGE, WASTE MANAGEMENT AND REMEDIATION ACTIVITIES': -0.8485907912254333, 'I_ACCOMMODATION AND FOOD SERVICE ACTIVITIES': -1.227191686630249, 'M_PROFESSIONAL, SCIENTIFIC AND TECHNICAL ACTIVITIES': -1.5010679960250854, 'L_REAL ESTATE ACTIVITIES': -1.570690393447876, 'C_MANUFACTURING': -1.888870358467102, 'Q_HUMAN HEALTH AND SOCIAL WORK ACTIVITIES': -1.926342248916626, 'A_AGRICULTURE, FORESTRY AND FISHING': -2.0854532718658447, 'P_EDUCATION': -2.8866360187530518, 'J_INFORMATION AND COMMUNICATION': -4.3062663078308105}",K
48,Liontown Resources Limited1.txt,07.29,Mining of other non-ferrous metal ores,B,1,16,"{'K_FINANCIAL AND INSURANCE ACTIVITIES': 2.2154688835144043, 'B_MINING AND QUARRYING': 0.5378952026367188, 'G_WHOLESALE AND RETAIL TRADE; REPAIR OF MOTOR VEHICLES AND MOTORCYCLES': 0.24059796333312988, 'N_ADMINISTRATIVE AND SUPPORT SERVICE ACTIVITIES': 0.21601201593875885, 'F_CONSTRUCTION': -0.4115828275680542, 'D_ELECTRICITY, GAS, STEAM AND AIR CONDITIONING SUPPLY': -0.4511246979236603, 'H_TRANSPORTATION AND STORAGE': -0.7579658627510071, 'I_ACCOMMODATION AND FOOD SERVICE ACTIVITIES': -1.0100575685501099, 'E_WATER SUPPLY; SEWERAGE, WASTE MANAGEMENT AND REMEDIATION ACTIVITIES': -1.1333608627319336, 'M_PROFESSIONAL, SCIENTIFIC AND TECHNICAL ACTIVITIES': -1.3191946744918823, 'L_REAL ESTATE ACTIVITIES': -1.8110225200653076, 'Q_HUMAN HEALTH AND SOCIAL WORK ACTIVITIES': -1.9697959423065186, 'C_MANUFACTURING': -2.050117015838623, 'A_AGRICULTURE, FORESTRY AND FISHING': -2.247872829437256, 'P_EDUCATION': -2.9182283878326416, 'J_INFORMATION AND COMMUNICATION': -4.516504287719727}",K
49,"Tier One Silver, Inc.1.txt",09.9,Support activities for other mining and quarrying,B,14,16,"{'G_WHOLESALE AND RETAIL TRADE; REPAIR OF MOTOR VEHICLES AND MOTORCYCLES': 3.1294288635253906, 'Q_HUMAN HEALTH AND SOCIAL WORK ACTIVITIES': 2.248683214187622, 'K_FINANCIAL AND INSURANCE ACTIVITIES': 1.025160551071167, 'P_EDUCATION': 0.10685005784034729, 'N_ADMINISTRATIVE AND SUPPORT SERVICE ACTIVITIES': -0.0904194712638855, 'F_CONSTRUCTION': -0.6623737215995789, 'D_ELECTRICITY, GAS, STEAM AND AIR CONDITIONING SUPPLY': -0.8786138892173767, 'H_TRANSPORTATION AND STORAGE': -0.9402623176574707, 'M_PROFESSIONAL, SCIENTIFIC AND TECHNICAL ACTIVITIES': -1.151637077331543, 'L_REAL ESTATE ACTIVITIES': -1.1663072109222412, 'I_ACCOMMODATION AND FOOD SERVICE ACTIVITIES': -1.2630012035369873, 'C_MANUFACTURING': -1.3474003076553345, 'E_WATER SUPPLY; SEWERAGE, WASTE MANAGEMENT AND REMEDIATION ACTIVITIES': -2.044384002685547, 'A_AGRICULTURE, FORESTRY AND FISHING': -2.0812265872955322, 'B_MINING AND QUARRYING': -2.1528754234313965, 'J_INFORMATION AND COMMUNICATION': -2.901427984237671}",G
50,Metallica Metals Corp1.txt,07.29,Mining of other non-ferrous metal ores,B,1,16,"{'K_FINANCIAL AND INSURANCE ACTIVITIES': 2.2639315128326416, 'B_MINING AND QUARRYING': 0.8550857901573181, 'N_ADMINISTRATIVE AND SUPPORT SERVICE ACTIVITIES': 0.109986811876297, 'G_WHOLESALE AND RETAIL TRADE; REPAIR OF MOTOR VEHICLES AND MOTORCYCLES': 0.10511001944541931, 'D_ELECTRICITY, GAS, STEAM AND AIR CONDITIONING SUPPLY': -0.39989322423934937, 'F_CONSTRUCTION': -0.4474377930164337, 'H_TRANSPORTATION AND STORAGE': -0.5872310400009155, 'E_WATER SUPPLY; SEWERAGE, WASTE MANAGEMENT AND REMEDIATION ACTIVITIES': -0.97200608253479, 'I_ACCOMMODATION AND FOOD SERVICE ACTIVITIES': -1.0684372186660767, 'M_PROFESSIONAL, SCIENTIFIC AND TECHNICAL ACTIVITIES': -1.4737098217010498, 'L_REAL ESTATE ACTIVITIES': -1.616720199584961, 'C_MANUFACTURING': -1.9798674583435059, 'A_AGRICULTURE, FORESTRY AND FISHING': -2.1207003593444824, 'Q_HUMAN HEALTH AND SOCIAL WORK ACTIVITIES': -2.197573184967041, 'P_EDUCATION': -3.1660454273223877, 'J_INFORMATION AND COMMUNICATION': -4.727171421051025}",K
51,Lion One Metals Limited1.txt,07.29,Mining of other non-ferrous metal ores,B,0,16,"{'B_MINING AND QUARRYING': 5.207369804382324, 'D_ELECTRICITY, GAS, STEAM AND AIR CONDITIONING SUPPLY': 0.96421879529953, 'K_FINANCIAL AND INSURANCE ACTIVITIES': 0.6145765781402588, 'F_CONSTRUCTION': 0.500438392162323, 'E_WATER SUPPLY; SEWERAGE, WASTE MANAGEMENT AND REMEDIATION ACTIVITIES': -0.05796361342072487, 'C_MANUFACTURING': -0.7565456628799438, 'H_TRANSPORTATION AND STORAGE': -0.8063566088676453, 'G_WHOLESALE AND RETAIL TRADE; REPAIR OF MOTOR VEHICLES AND MOTORCYCLES': -0.9933642148971558, 'N_ADMINISTRATIVE AND SUPPORT SERVICE ACTIVITIES': -1.251799464225769, 'M_PROFESSIONAL, SCIENTIFIC AND TECHNICAL ACTIVITIES': -1.4023780822753906, 'A_AGRICULTURE, FORESTRY AND FISHING': -1.5818125009536743, 'I_ACCOMMODATION AND FOOD SERVICE ACTIVITIES': -2.3522396087646484, 'L_REAL ESTATE ACTIVITIES': -2.9366228580474854, 'Q_HUMAN HEALTH AND SOCIAL WORK ACTIVITIES': -3.2556374073028564, 'P_EDUCATION': -4.303174018859863, 'J_INFORMATION AND COMMUNICATION': -6.216623306274414}",B
52,Total Energy Services Inc.3.txt,09.1,Support activities for petroleum and natural gas extraction,B,4,16,"{'K_FINANCIAL AND INSURANCE ACTIVITIES': 2.5941503047943115, 'G_WHOLESALE AND RETAIL TRADE; REPAIR OF MOTOR VEHICLES AND MOTORCYCLES': 0.517974317073822, 'D_ELECTRICITY, GAS, STEAM AND AIR CONDITIONING SUPPLY': 0.4837258756160736, 'N_ADMINISTRATIVE AND SUPPORT SERVICE ACTIVITIES': 0.06109881401062012, 'B_MINING AND QUARRYING': -0.07146674394607544, 'H_TRANSPORTATION AND STORAGE': -0.46005022525787354, 'F_CONSTRUCTION': -0.6524870991706848, 'E_WATER SUPPLY; SEWERAGE, WASTE MANAGEMENT AND REMEDIATION ACTIVITIES': -0.9711029529571533, 'I_ACCOMMODATION AND FOOD SERVICE ACTIVITIES': -1.3479007482528687, 'L_REAL ESTATE ACTIVITIES': -1.473571538925171, 'M_PROFESSIONAL, SCIENTIFIC AND TECHNICAL ACTIVITIES': -1.4875000715255737, 'Q_HUMAN HEALTH AND SOCIAL WORK ACTIVITIES': -1.756091594696045, 'C_MANUFACTURING': -2.018674612045288, 'A_AGRICULTURE, FORESTRY AND FISHING': -2.175933599472046, 'P_EDUCATION': -2.835674285888672, 'J_INFORMATION AND COMMUNICATION': -4.25642728805542}",K
53,Nationwide Utilities Corp.1.txt,09.1,Support activities for petroleum and natural gas extraction,B,11,16,"{'K_FINANCIAL AND INSURANCE ACTIVITIES': 4.527546405792236, 'N_ADMINISTRATIVE AND SUPPORT SERVICE ACTIVITIES': 1.2531431913375854, 'G_WHOLESALE AND RETAIL TRADE; REPAIR OF MOTOR VEHICLES AND MOTORCYCLES': 0.00758350221440196, 'L_REAL ESTATE ACTIVITIES': -0.22058698534965515, 'I_ACCOMMODATION AND FOOD SERVICE ACTIVITIES': -0.37048348784446716, 'H_TRANSPORTATION AND STORAGE': -0.6649007201194763, 'M_PROFESSIONAL, SCIENTIFIC AND TECHNICAL ACTIVITIES': -0.6915813088417053, 'F_CONSTRUCTION': -1.1127218008041382, 'D_ELECTRICITY, GAS, STEAM AND AIR CONDITIONING SUPPLY': -1.5245839357376099, 'E_WATER SUPPLY; SEWERAGE, WASTE MANAGEMENT AND REMEDIATION ACTIVITIES': -1.5473052263259888, 'Q_HUMAN HEALTH AND SOCIAL WORK ACTIVITIES': -1.6453046798706055, 'B_MINING AND QUARRYING': -2.1259148120880127, 'A_AGRICULTURE, FORESTRY AND FISHING': -2.360682249069214, 'P_EDUCATION': -2.5212066173553467, 'J_INFORMATION AND COMMUNICATION': -3.414888620376587, 'C_MANUFACTURING': -3.510650396347046}",K
54,Australian Silica Quartz Group Limited1.txt,07.29,Mining of other non-ferrous metal ores,B,1,16,"{'K_FINANCIAL AND INSURANCE ACTIVITIES': 2.4130446910858154, 'B_MINING AND QUARRYING': 0.4866514205932617, 'G_WHOLESALE AND RETAIL TRADE; REPAIR OF MOTOR VEHICLES AND MOTORCYCLES': 0.35634133219718933, 'N_ADMINISTRATIVE AND SUPPORT SERVICE ACTIVITIES': 0.15183913707733154, 'H_TRANSPORTATION AND STORAGE': -0.4971415102481842, 'F_CONSTRUCTION': -0.5011967420578003, 'D_ELECTRICITY, GAS, STEAM AND AIR CONDITIONING SUPPLY': -0.5846614837646484, 'I_ACCOMMODATION AND FOOD SERVICE ACTIVITIES': -1.029914379119873, 'E_WATER SUPPLY; SEWERAGE, WASTE MANAGEMENT AND REMEDIATION ACTIVITIES': -1.108595848083496, 'L_REAL ESTATE ACTIVITIES': -1.36985445022583, 'M_PROFESSIONAL, SCIENTIFIC AND TECHNICAL ACTIVITIES': -1.5410493612289429, 'Q_HUMAN HEALTH AND SOCIAL WORK ACTIVITIES': -1.9948959350585938, 'C_MANUFACTURING': -2.049048662185669, 'A_AGRICULTURE, FORESTRY AND FISHING': -2.1222634315490723, 'P_EDUCATION': -3.0454797744750977, 'J_INFORMATION AND COMMUNICATION': -4.669902801513672}",K
55,Viking Energy Group Inc1.txt,06.1,Extraction of crude petroleum,B,9,16,"{'K_FINANCIAL AND INSURANCE ACTIVITIES': 2.4690046310424805, 'D_ELECTRICITY, GAS, STEAM AND AIR CONDITIONING SUPPLY': 0.8047366738319397, 'G_WHOLESALE AND RETAIL TRADE; REPAIR OF MOTOR VEHICLES AND MOTORCYCLES': 0.5726726651191711, 'N_ADMINISTRATIVE AND SUPPORT SERVICE ACTIVITIES': -0.08551105111837387, 'H_TRANSPORTATION AND STORAGE': -0.3119341731071472, 'F_CONSTRUCTION': -0.6816306710243225, 'L_REAL ESTATE ACTIVITIES': -0.8719737529754639, 'Q_HUMAN HEALTH AND SOCIAL WORK ACTIVITIES': -1.0900812149047852, 'I_ACCOMMODATION AND FOOD SERVICE ACTIVITIES': -1.1157851219177246, 'B_MINING AND QUARRYING': -1.1187541484832764, 'E_WATER SUPPLY; SEWERAGE, WASTE MANAGEMENT AND REMEDIATION ACTIVITIES': -1.3249915838241577, 'M_PROFESSIONAL, SCIENTIFIC AND TECHNICAL ACTIVITIES': -1.538002848625183, 'A_AGRICULTURE, FORESTRY AND FISHING': -2.2564611434936523, 'P_EDUCATION': -2.4397542476654053, 'C_MANUFACTURING': -2.535264015197754, 'J_INFORMATION AND COMMUNICATION': -3.7699217796325684}",K
56,South32 Ltd.1.txt,07.29,Mining of other non-ferrous metal ores,B,3,16,"{'K_FINANCIAL AND INSURANCE ACTIVITIES': 2.2095887660980225, 'N_ADMINISTRATIVE AND SUPPORT SERVICE ACTIVITIES': 0.42016345262527466, 'G_WHOLESALE AND RETAIL TRADE; REPAIR OF MOTOR VEHICLES AND MOTORCYCLES': 0.3451550006866455, 'B_MINING AND QUARRYING': 0.21086417138576508, 'D_ELECTRICITY, GAS, STEAM AND AIR CONDITIONING SUPPLY': -0.5894684791564941, 'H_TRANSPORTATION AND STORAGE': -0.6619965434074402, 'F_CONSTRUCTION': -0.7080231308937073, 'E_WATER SUPPLY; SEWERAGE, WASTE MANAGEMENT AND REMEDIATION ACTIVITIES': -0.9769383668899536, 'I_ACCOMMODATION AND FOOD SERVICE ACTIVITIES': -1.1320594549179077, 'M_PROFESSIONAL, SCIENTIFIC AND TECHNICAL ACTIVITIES': -1.1436750888824463, 'C_MANUFACTURING': -1.787876009941101, 'L_REAL ESTATE ACTIVITIES': -1.8724390268325806, 'Q_HUMAN HEALTH AND SOCIAL WORK ACTIVITIES': -2.0485661029815674, 'A_AGRICULTURE, FORESTRY AND FISHING': -2.1366236209869385, 'P_EDUCATION': -2.9030466079711914, 'J_INFORMATION AND COMMUNICATION': -4.301365852355957}",K
57,Odessa Minerals Limited1.txt,08.92,Extraction of peat,B,1,16,"{'K_FINANCIAL AND INSURANCE ACTIVITIES': 2.6954102516174316, 'B_MINING AND QUARRYING': 0.44637352228164673, 'G_WHOLESALE AND RETAIL TRADE; REPAIR OF MOTOR VEHICLES AND MOTORCYCLES': 0.4397256374359131, 'N_ADMINISTRATIVE AND SUPPORT SERVICE ACTIVITIES': 0.3712959587574005, 'D_ELECTRICITY, GAS, STEAM AND AIR CONDITIONING SUPPLY': -0.6190001368522644, 'H_TRANSPORTATION AND STORAGE': -0.6433380842208862, 'F_CONSTRUCTION': -0.6887179613113403, 'I_ACCOMMODATION AND FOOD SERVICE ACTIVITIES': -1.0431746244430542, 'E_WATER SUPPLY; SEWERAGE, WASTE MANAGEMENT AND REMEDIATION ACTIVITIES': -1.1686182022094727, 'M_PROFESSIONAL, SCIENTIFIC AND TECHNICAL ACTIVITIES': -1.4714144468307495, 'L_REAL ESTATE ACTIVITIES': -1.5889341831207275, 'Q_HUMAN HEALTH AND SOCIAL WORK ACTIVITIES': -1.8516899347305298, 'A_AGRICULTURE, FORESTRY AND FISHING': -2.168853759765625, 'C_MANUFACTURING': -2.2331669330596924, 'P_EDUCATION': -2.9479849338531494, 'J_INFORMATION AND COMMUNICATION': -4.631633281707764}",K
58,Firefinch Limited1.txt,07.29,Mining of other non-ferrous metal ores,B,5,16,"{'K_FINANCIAL AND INSURANCE ACTIVITIES': 2.967653512954712, 'G_WHOLESALE AND RETAIL TRADE; REPAIR OF MOTOR VEHICLES AND MOTORCYCLES': 0.8525838255882263, 'N_ADMINISTRATIVE AND SUPPORT SERVICE ACTIVITIES': 0.6604154706001282, 'H_TRANSPORTATION AND STORAGE': -0.49364787340164185, 'I_ACCOMMODATION AND FOOD SERVICE ACTIVITIES': -0.647055983543396, 'B_MINING AND QUARRYING': -0.7675599455833435, 'F_CONSTRUCTION': -0.9035751223564148, 'D_ELECTRICITY, GAS, STEAM AND AIR CONDITIONING SUPPLY': -0.9833517074584961, 'L_REAL ESTATE ACTIVITIES': -1.238630771636963, 'E_WATER SUPPLY; SEWERAGE, WASTE MANAGEMENT AND REMEDIATION ACTIVITIES': -1.3401689529418945, 'Q_HUMAN HEALTH AND SOCIAL WORK ACTIVITIES': -1.5958789587020874, 'M_PROFESSIONAL, SCIENTIFIC AND TECHNICAL ACTIVITIES': -1.6413452625274658, 'A_AGRICULTURE, FORESTRY AND FISHING': -2.3227479457855225, 'C_MANUFACTURING': -2.5478663444519043, 'P_EDUCATION': -2.67307186126709, 'J_INFORMATION AND COMMUNICATION': -4.321358680725098}",K
59,APC Group Inc.2.txt,06.1,Extraction of crude petroleum,B,14,16,"{'G_WHOLESALE AND RETAIL TRADE; REPAIR OF MOTOR VEHICLES AND MOTORCYCLES': 1.2906160354614258, 'K_FINANCIAL AND INSURANCE ACTIVITIES': 1.237910509109497, 'N_ADMINISTRATIVE AND SUPPORT SERVICE ACTIVITIES': 1.2085309028625488, 'M_PROFESSIONAL, SCIENTIFIC AND TECHNICAL ACTIVITIES': -0.5910953879356384, 'I_ACCOMMODATION AND FOOD SERVICE ACTIVITIES': -0.6625363230705261, 'H_TRANSPORTATION AND STORAGE': -1.1446738243103027, 'E_WATER SUPPLY; SEWERAGE, WASTE MANAGEMENT AND REMEDIATION ACTIVITIES': -1.2149674892425537, 'F_CONSTRUCTION': -1.2208234071731567, 'D_ELECTRICITY, GAS, STEAM AND AIR CONDITIONING SUPPLY': -1.2704508304595947, 'Q_HUMAN HEALTH AND SOCIAL WORK ACTIVITIES': -1.4692052602767944, 'C_MANUFACTURING': -1.6402767896652222, 'P_EDUCATION': -1.6453471183776855, 'L_REAL ESTATE ACTIVITIES': -1.7944045066833496, 'A_AGRICULTURE, FORESTRY AND FISHING': -2.149305820465088, 'B_MINING AND QUARRYING': -2.168407678604126, 'J_INFORMATION AND COMMUNICATION': -2.756199836730957}",G
60,Metallum Resources Inc1.txt,07.29,Mining of other non-ferrous metal ores,B,9,16,"{'K_FINANCIAL AND INSURANCE ACTIVITIES': 3.315936803817749, 'G_WHOLESALE AND RETAIL TRADE; REPAIR OF MOTOR VEHICLES AND MOTORCYCLES': 1.2352015972137451, 'N_ADMINISTRATIVE AND SUPPORT SERVICE ACTIVITIES': 1.1531671285629272, 'I_ACCOMMODATION AND FOOD SERVICE ACTIVITIES': -0.5273736715316772, 'H_TRANSPORTATION AND STORAGE': -0.6675246953964233, 'F_CONSTRUCTION': -1.0575801134109497, 'Q_HUMAN HEALTH AND SOCIAL WORK ACTIVITIES': -1.1956924200057983, 'L_REAL ESTATE ACTIVITIES': -1.2141547203063965, 'D_ELECTRICITY, GAS, STEAM AND AIR CONDITIONING SUPPLY': -1.2837549448013306, 'B_MINING AND QUARRYING': -1.530178427696228, 'M_PROFESSIONAL, SCIENTIFIC AND TECHNICAL ACTIVITIES': -1.5696545839309692, 'E_WATER SUPPLY; SEWERAGE, WASTE MANAGEMENT AND REMEDIATION ACTIVITIES': -1.6269395351409912, 'P_EDUCATION': -2.324965476989746, 'A_AGRICULTURE, FORESTRY AND FISHING': -2.486497402191162, 'C_MANUFACTURING': -2.8292908668518066, 'J_INFORMATION AND COMMUNICATION': -4.1295576095581055}",K
61,Group 6 Metals Limited1.txt,07.29,Mining of other non-ferrous metal ores,B,3,16,"{'K_FINANCIAL AND INSURANCE ACTIVITIES': 2.8076515197753906, 'N_ADMINISTRATIVE AND SUPPORT SERVICE ACTIVITIES': 0.5394623875617981, 'G_WHOLESALE AND RETAIL TRADE; REPAIR OF MOTOR VEHICLES AND MOTORCYCLES': 0.357381671667099, 'B_MINING AND QUARRYING': -0.45370182394981384, 'H_TRANSPORTATION AND STORAGE': -0.5793529152870178, 'I_ACCOMMODATION AND FOOD SERVICE ACTIVITIES': -0.5872372388839722, 'F_CONSTRUCTION': -0.6718513369560242, 'D_ELECTRICITY, GAS, STEAM AND AIR CONDITIONING SUPPLY': -0.9046042561531067, 'E_WATER SUPPLY; SEWERAGE, WASTE MANAGEMENT AND REMEDIATION ACTIVITIES': -1.3125691413879395, 'L_REAL ESTATE ACTIVITIES': -1.3216960430145264, 'M_PROFESSIONAL, SCIENTIFIC AND TECHNICAL ACTIVITIES': -1.442383885383606, 'Q_HUMAN HEALTH AND SOCIAL WORK ACTIVITIES': -1.8347312211990356, 'A_AGRICULTURE, FORESTRY AND FISHING': -2.3443078994750977, 'C_MANUFACTURING': -2.495854616165161, 'P_EDUCATION': -2.7461342811584473, 'J_INFORMATION AND COMMUNICATION': -4.27044677734375}",K
62,Volcanic Gold Mines Inc.1.txt,07.29,Mining of other non-ferrous metal ores,B,0,16,"{'B_MINING AND QUARRYING': 2.9192001819610596, 'K_FINANCIAL AND INSURANCE ACTIVITIES': 1.633123755455017, 'D_ELECTRICITY, GAS, STEAM AND AIR CONDITIONING SUPPLY': 0.3208775520324707, 'F_CONSTRUCTION': -0.0548967681825161, 'G_WHOLESALE AND RETAIL TRADE; REPAIR OF MOTOR VEHICLES AND MOTORCYCLES': -0.5726562738418579, 'N_ADMINISTRATIVE AND SUPPORT SERVICE ACTIVITIES': -0.5862451195716858, 'H_TRANSPORTATION AND STORAGE': -0.6521660685539246, 'E_WATER SUPPLY; SEWERAGE, WASTE MANAGEMENT AND REMEDIATION ACTIVITIES': -0.7301110625267029, 'M_PROFESSIONAL, SCIENTIFIC AND TECHNICAL ACTIVITIES': -1.3658896684646606, 'I_ACCOMMODATION AND FOOD SERVICE ACTIVITIES': -1.422369360923767, 'C_MANUFACTURING': -1.5652893781661987, 'A_AGRICULTURE, FORESTRY AND FISHING': -1.8126848936080933, 'L_REAL ESTATE ACTIVITIES': -2.0906403064727783, 'Q_HUMAN HEALTH AND SOCIAL WORK ACTIVITIES': -2.5874428749084473, 'P_EDUCATION': -3.6145548820495605, 'J_INFORMATION AND COMMUNICATION': -5.290679454803467}",B
63,DMCI Holdings Inc.1.txt,09.9,Support activities for other mining and quarrying,B,9,16,"{'K_FINANCIAL AND INSURANCE ACTIVITIES': 2.154280185699463, 'G_WHOLESALE AND RETAIL TRADE; REPAIR OF MOTOR VEHICLES AND MOTORCYCLES': 0.38169074058532715, 'F_CONSTRUCTION': 0.07244578003883362, 'N_ADMINISTRATIVE AND SUPPORT SERVICE ACTIVITIES': -0.025742046535015106, 'D_ELECTRICITY, GAS, STEAM AND AIR CONDITIONING SUPPLY': -0.11986589431762695, 'H_TRANSPORTATION AND STORAGE': -0.1653880923986435, 'L_REAL ESTATE ACTIVITIES': -0.35507652163505554, 'E_WATER SUPPLY; SEWERAGE, WASTE MANAGEMENT AND REMEDIATION ACTIVITIES': -0.9651217460632324, 'I_ACCOMMODATION AND FOOD SERVICE ACTIVITIES': -0.9730494618415833, 'B_MINING AND QUARRYING': -1.0240809917449951, 'M_PROFESSIONAL, SCIENTIFIC AND TECHNICAL ACTIVITIES': -1.7195016145706177, 'Q_HUMAN HEALTH AND SOCIAL WORK ACTIVITIES': -2.0516514778137207, 'A_AGRICULTURE, FORESTRY AND FISHING': -2.3523831367492676, 'C_MANUFACTURING': -2.452519416809082, 'P_EDUCATION': -2.822577476501465, 'J_INFORMATION AND COMMUNICATION': -4.0044450759887695}",K
64,Hillgrove Resources Limited2.txt,07.29,Mining of other non-ferrous metal ores,B,1,16,"{'K_FINANCIAL AND INSURANCE ACTIVITIES': 2.365586996078491, 'B_MINING AND QUARRYING': 0.6616911888122559, 'G_WHOLESALE AND RETAIL TRADE; REPAIR OF MOTOR VEHICLES AND MOTORCYCLES': 0.2621448338031769, 'N_ADMINISTRATIVE AND SUPPORT SERVICE ACTIVITIES': 0.1542312204837799, 'D_ELECTRICITY, GAS, STEAM AND AIR CONDITIONING SUPPLY': -0.4328889548778534, 'F_CONSTRUCTION': -0.49562811851501465, 'H_TRANSPORTATION AND STORAGE': -0.500548779964447, 'I_ACCOMMODATION AND FOOD SERVICE ACTIVITIES': -0.902584433555603, 'E_WATER SUPPLY; SEWERAGE, WASTE MANAGEMENT AND REMEDIATION ACTIVITIES': -1.0879337787628174, 'M_PROFESSIONAL, SCIENTIFIC AND TECHNICAL ACTIVITIES': -1.4955170154571533, 'L_REAL ESTATE ACTIVITIES': -1.6191762685775757, 'Q_HUMAN HEALTH AND SOCIAL WORK ACTIVITIES': -2.0196421146392822, 'C_MANUFACTURING': -2.0664916038513184, 'A_AGRICULTURE, FORESTRY AND FISHING': -2.139465808868408, 'P_EDUCATION': -2.965562343597412, 'J_INFORMATION AND COMMUNICATION': -4.595461845397949}",K
65,Standard Lithium Ltd.1.txt,08.91,Mining of chemical and fertiliser minerals,B,1,16,"{'K_FINANCIAL AND INSURANCE ACTIVITIES': 1.4320290088653564, 'B_MINING AND QUARRYING': 1.2875968217849731, 'D_ELECTRICITY, GAS, STEAM AND AIR CONDITIONING SUPPLY': 0.2447633296251297, 'F_CONSTRUCTION': 0.038194261491298676, 'G_WHOLESALE AND RETAIL TRADE; REPAIR OF MOTOR VEHICLES AND MOTORCYCLES': -0.0253812987357378, 'N_ADMINISTRATIVE AND SUPPORT SERVICE ACTIVITIES': -0.3821519613265991, 'E_WATER SUPPLY; SEWERAGE, WASTE MANAGEMENT AND REMEDIATION ACTIVITIES': -0.6569783091545105, 'H_TRANSPORTATION AND STORAGE': -0.9249501824378967, 'M_PROFESSIONAL, SCIENTIFIC AND TECHNICAL ACTIVITIES': -1.0527575016021729, 'C_MANUFACTURING': -1.383065104484558, 'I_ACCOMMODATION AND FOOD SERVICE ACTIVITIES': -1.783535361289978, 'Q_HUMAN HEALTH AND SOCIAL WORK ACTIVITIES': -2.0687994956970215, 'A_AGRICULTURE, FORESTRY AND FISHING': -2.1463143825531006, 'L_REAL ESTATE ACTIVITIES': -2.237190008163452, 'P_EDUCATION': -3.0621988773345947, 'J_INFORMATION AND COMMUNICATION': -4.581157207489014}",K
66,Eastern Metals Limited2.txt,07.29,Mining of other non-ferrous metal ores,B,3,16,"{'K_FINANCIAL AND INSURANCE ACTIVITIES': 2.95035982131958, 'N_ADMINISTRATIVE AND SUPPORT SERVICE ACTIVITIES': 0.5545862913131714, 'G_WHOLESALE AND RETAIL TRADE; REPAIR OF MOTOR VEHICLES AND MOTORCYCLES': 0.44115960597991943, 'B_MINING AND QUARRYING': -0.019526910036802292, 'H_TRANSPORTATION AND STORAGE': -0.647562563419342, 'F_CONSTRUCTION': -0.7361292243003845, 'D_ELECTRICITY, GAS, STEAM AND AIR CONDITIONING SUPPLY': -0.7800995707511902, 'I_ACCOMMODATION AND FOOD SERVICE ACTIVITIES': -0.8797696232795715, 'E_WATER SUPPLY; SEWERAGE, WASTE MANAGEMENT AND REMEDIATION ACTIVITIES': -1.2119994163513184, 'M_PROFESSIONAL, SCIENTIFIC AND TECHNICAL ACTIVITIES': -1.4506611824035645, 'L_REAL ESTATE ACTIVITIES': -1.5375306606292725, 'Q_HUMAN HEALTH AND SOCIAL WORK ACTIVITIES': -1.7409868240356445, 'A_AGRICULTURE, FORESTRY AND FISHING': -2.2178916931152344, 'C_MANUFACTURING': -2.4567441940307617, 'P_EDUCATION': -2.8070924282073975, 'J_INFORMATION AND COMMUNICATION': -4.483015060424805}",K
67,Argonaut Gold Inc.1.txt,07.29,Mining of other non-ferrous metal ores,B,11,16,"{'K_FINANCIAL AND INSURANCE ACTIVITIES': 1.7833003997802734, 'G_WHOLESALE AND RETAIL TRADE; REPAIR OF MOTOR VEHICLES AND MOTORCYCLES': 1.7727349996566772, 'N_ADMINISTRATIVE AND SUPPORT SERVICE ACTIVITIES': 0.354095458984375, 'D_ELECTRICITY, GAS, STEAM AND AIR CONDITIONING SUPPLY': -0.667312741279602, 'F_CONSTRUCTION': -0.6850242614746094, 'Q_HUMAN HEALTH AND SOCIAL WORK ACTIVITIES': -0.8576377630233765, 'H_TRANSPORTATION AND STORAGE': -1.1665860414505005, 'E_WATER SUPPLY; SEWERAGE, WASTE MANAGEMENT AND REMEDIATION ACTIVITIES': -1.3483314514160156, 'M_PROFESSIONAL, SCIENTIFIC AND TECHNICAL ACTIVITIES': -1.398926019668579, 'C_MANUFACTURING': -1.413059949874878, 'I_ACCOMMODATION AND FOOD SERVICE ACTIVITIES': -1.4216325283050537, 'B_MINING AND QUARRYING': -1.513767123222351, 'P_EDUCATION': -1.8799172639846802, 'A_AGRICULTURE, FORESTRY AND FISHING': -2.503080368041992, 'L_REAL ESTATE ACTIVITIES': -2.6836814880371094, 'J_INFORMATION AND COMMUNICATION': -3.8546128273010254}",K
68,Prospera Energy Inc.1.txt,06.1,Extraction of crude petroleum,B,0,16,"{'B_MINING AND QUARRYING': 2.803593873977661, 'K_FINANCIAL AND INSURANCE ACTIVITIES': 1.1103190183639526, 'D_ELECTRICITY, GAS, STEAM AND AIR CONDITIONING SUPPLY': 0.9070778489112854, 'F_CONSTRUCTION': -0.2326204776763916, 'G_WHOLESALE AND RETAIL TRADE; REPAIR OF MOTOR VEHICLES AND MOTORCYCLES': -0.585604190826416, 'N_ADMINISTRATIVE AND SUPPORT SERVICE ACTIVITIES': -0.6390775442123413, 'E_WATER SUPPLY; SEWERAGE, WASTE MANAGEMENT AND REMEDIATION ACTIVITIES': -0.9002165794372559, 'M_PROFESSIONAL, SCIENTIFIC AND TECHNICAL ACTIVITIES': -0.9353749752044678, 'H_TRANSPORTATION AND STORAGE': -1.032833456993103, 'Q_HUMAN HEALTH AND SOCIAL WORK ACTIVITIES': -1.433302879333496, 'C_MANUFACTURING': -1.472996711730957, 'I_ACCOMMODATION AND FOOD SERVICE ACTIVITIES': -1.8952629566192627, 'A_AGRICULTURE, FORESTRY AND FISHING': -2.2534964084625244, 'L_REAL ESTATE ACTIVITIES': -2.5988986492156982, 'P_EDUCATION': -3.137570858001709, 'J_INFORMATION AND COMMUNICATION': -4.989727020263672}",B
69,Adavale Resources Limited3.txt,07.29,Mining of other non-ferrous metal ores,B,3,16,"{'K_FINANCIAL AND INSURANCE ACTIVITIES': 2.9033327102661133, 'N_ADMINISTRATIVE AND SUPPORT SERVICE ACTIVITIES': 0.621059000492096, 'G_WHOLESALE AND RETAIL TRADE; REPAIR OF MOTOR VEHICLES AND MOTORCYCLES': 0.5143409371376038, 'B_MINING AND QUARRYING': -0.04543154686689377, 'H_TRANSPORTATION AND STORAGE': -0.6775878667831421, 'F_CONSTRUCTION': -0.7526872754096985, 'D_ELECTRICITY, GAS, STEAM AND AIR CONDITIONING SUPPLY': -0.7706180810928345, 'I_ACCOMMODATION AND FOOD SERVICE ACTIVITIES': -0.8948522210121155, 'E_WATER SUPPLY; SEWERAGE, WASTE MANAGEMENT AND REMEDIATION ACTIVITIES': -1.274670958518982, 'M_PROFESSIONAL, SCIENTIFIC AND TECHNICAL ACTIVITIES': -1.47453773021698, 'L_REAL ESTATE ACTIVITIES': -1.5846704244613647, 'Q_HUMAN HEALTH AND SOCIAL WORK ACTIVITIES': -1.7691481113433838, 'A_AGRICULTURE, FORESTRY AND FISHING': -2.307403087615967, 'C_MANUFACTURING': -2.44024658203125, 'P_EDUCATION': -2.8307158946990967, 'J_INFORMATION AND COMMUNICATION': -4.5026631355285645}",K
70,Thor Explorations Ltd.3.txt,07.29,Mining of other non-ferrous metal ores,B,1,16,"{'K_FINANCIAL AND INSURANCE ACTIVITIES': 2.394193172454834, 'B_MINING AND QUARRYING': 0.9419453144073486, 'G_WHOLESALE AND RETAIL TRADE; REPAIR OF MOTOR VEHICLES AND MOTORCYCLES': 0.29990726709365845, 'N_ADMINISTRATIVE AND SUPPORT SERVICE ACTIVITIES': -0.0971546396613121, 'D_ELECTRICITY, GAS, STEAM AND AIR CONDITIONING SUPPLY': -0.3150438070297241, 'F_CONSTRUCTION': -0.3434910476207733, 'H_TRANSPORTATION AND STORAGE': -0.4315795600414276, 'E_WATER SUPPLY; SEWERAGE, WASTE MANAGEMENT AND REMEDIATION ACTIVITIES': -0.9092568755149841, 'I_ACCOMMODATION AND FOOD SERVICE ACTIVITIES': -1.2388510704040527, 'L_REAL ESTATE ACTIVITIES': -1.5073809623718262, 'M_PROFESSIONAL, SCIENTIFIC AND TECHNICAL ACTIVITIES': -1.539628028869629, 'C_MANUFACTURING': -1.971597671508789, 'A_AGRICULTURE, FORESTRY AND FISHING': -2.030547857284546, 'Q_HUMAN HEALTH AND SOCIAL WORK ACTIVITIES': -2.0633647441864014, 'P_EDUCATION': -3.1044085025787354, 'J_INFORMATION AND COMMUNICATION': -4.77346134185791}",K
71,Santa Fe Minerals Ltd.1.txt,07.29,Mining of other non-ferrous metal ores,B,5,16,"{'K_FINANCIAL AND INSURANCE ACTIVITIES': 3.1559274196624756, 'N_ADMINISTRATIVE AND SUPPORT SERVICE ACTIVITIES': 0.7763373851776123, 'G_WHOLESALE AND RETAIL TRADE; REPAIR OF MOTOR VEHICLES AND MOTORCYCLES': 0.680063784122467, 'H_TRANSPORTATION AND STORAGE': -0.4857622981071472, 'I_ACCOMMODATION AND FOOD SERVICE ACTIVITIES': -0.5460351705551147, 'B_MINING AND QUARRYING': -0.6481451392173767, 'F_CONSTRUCTION': -0.8639682531356812, 'D_ELECTRICITY, GAS, STEAM AND AIR CONDITIONING SUPPLY': -1.0562423467636108, 'L_REAL ESTATE ACTIVITIES': -1.085477352142334, 'E_WATER SUPPLY; SEWERAGE, WASTE MANAGEMENT AND REMEDIATION ACTIVITIES': -1.262750506401062, 'M_PROFESSIONAL, SCIENTIFIC AND TECHNICAL ACTIVITIES': -1.5766746997833252, 'Q_HUMAN HEALTH AND SOCIAL WORK ACTIVITIES': -1.8011806011199951, 'A_AGRICULTURE, FORESTRY AND FISHING': -2.2329165935516357, 'C_MANUFACTURING': -2.6034655570983887, 'P_EDUCATION': -2.7162818908691406, 'J_INFORMATION AND COMMUNICATION': -4.3011274337768555}",K
72,Oriole Resources PLC1.txt,07.29,Mining of other non-ferrous metal ores,B,1,16,"{'K_FINANCIAL AND INSURANCE ACTIVITIES': 2.786999464035034, 'B_MINING AND QUARRYING': 0.5719148516654968, 'N_ADMINISTRATIVE AND SUPPORT SERVICE ACTIVITIES': 0.5150837898254395, 'G_WHOLESALE AND RETAIL TRADE; REPAIR OF MOTOR VEHICLES AND MOTORCYCLES': 0.1400853395462036, 'D_ELECTRICITY, GAS, STEAM AND AIR CONDITIONING SUPPLY': -0.6253814697265625, 'F_CONSTRUCTION': -0.668685793876648, 'H_TRANSPORTATION AND STORAGE': -0.7870376706123352, 'E_WATER SUPPLY; SEWERAGE, WASTE MANAGEMENT AND REMEDIATION ACTIVITIES': -1.0493354797363281, 'I_ACCOMMODATION AND FOOD SERVICE ACTIVITIES': -1.098196029663086, 'M_PROFESSIONAL, SCIENTIFIC AND TECHNICAL ACTIVITIES': -1.2449842691421509, 'L_REAL ESTATE ACTIVITIES': -1.6287450790405273, 'Q_HUMAN HEALTH AND SOCIAL WORK ACTIVITIES': -1.9817640781402588, 'A_AGRICULTURE, FORESTRY AND FISHING': -2.105574607849121, 'C_MANUFACTURING': -2.282613754272461, 'P_EDUCATION': -3.0294382572174072, 'J_INFORMATION AND COMMUNICATION': -4.612036228179932}",K
73,Western Copper and Gold Corporation3.txt,07.29,Mining of other non-ferrous metal ores,B,1,16,"{'K_FINANCIAL AND INSURANCE ACTIVITIES': 2.3228461742401123, 'B_MINING AND QUARRYING': 1.8298556804656982, 'N_ADMINISTRATIVE AND SUPPORT SERVICE ACTIVITIES': -0.018047114834189415, 'D_ELECTRICITY, GAS, STEAM AND AIR CONDITIONING SUPPLY': -0.10345833003520966, 'G_WHOLESALE AND RETAIL TRADE; REPAIR OF MOTOR VEHICLES AND MOTORCYCLES': -0.3533729016780853, 'F_CONSTRUCTION': -0.35647672414779663, 'H_TRANSPORTATION AND STORAGE': -0.7991244196891785, 'E_WATER SUPPLY; SEWERAGE, WASTE MANAGEMENT AND REMEDIATION ACTIVITIES': -0.8589757084846497, 'M_PROFESSIONAL, SCIENTIFIC AND TECHNICAL ACTIVITIES': -1.1947494745254517, 'I_ACCOMMODATION AND FOOD SERVICE ACTIVITIES': -1.4667280912399292, 'C_MANUFACTURING': -1.7795034646987915, 'A_AGRICULTURE, FORESTRY AND FISHING': -2.1124579906463623, 'L_REAL ESTATE ACTIVITIES': -2.1468944549560547, 'Q_HUMAN HEALTH AND SOCIAL WORK ACTIVITIES': -2.414764165878296, 'P_EDUCATION': -3.4354054927825928, 'J_INFORMATION AND COMMUNICATION': -5.0446577072143555}",K
74,Anglo Asian Mining PLC1.txt,07.29,Mining of other non-ferrous metal ores,B,1,16,"{'K_FINANCIAL AND INSURANCE ACTIVITIES': 1.863240122795105, 'B_MINING AND QUARRYING': 1.4366328716278076, 'G_WHOLESALE AND RETAIL TRADE; REPAIR OF MOTOR VEHICLES AND MOTORCYCLES': 0.14266133308410645, 'N_ADMINISTRATIVE AND SUPPORT SERVICE ACTIVITIES': -0.13389408588409424, 'D_ELECTRICITY, GAS, STEAM AND AIR CONDITIONING SUPPLY': -0.1735742837190628, 'F_CONSTRUCTION': -0.31685444712638855, 'H_TRANSPORTATION AND STORAGE': -0.6254602670669556, 'E_WATER SUPPLY; SEWERAGE, WASTE MANAGEMENT AND REMEDIATION ACTIVITIES': -0.7058444023132324, 'I_ACCOMMODATION AND FOOD SERVICE ACTIVITIES': -1.400168538093567, 'M_PROFESSIONAL, SCIENTIFIC AND TECHNICAL ACTIVITIES': -1.424353003501892, 'C_MANUFACTURING': -1.6113837957382202, 'L_REAL ESTATE ACTIVITIES': -1.9343373775482178, 'A_AGRICULTURE, FORESTRY AND FISHING': -1.987097978591919, 'Q_HUMAN HEALTH AND SOCIAL WORK ACTIVITIES': -2.2729268074035645, 'P_EDUCATION': -3.222019672393799, 'J_INFORMATION AND COMMUNICATION': -4.887109756469727}",K
75,"Canadian Copper, Inc.1.txt",07.29,Mining of other non-ferrous metal ores,B,11,16,"{'K_FINANCIAL AND INSURANCE ACTIVITIES': 3.9825351238250732, 'N_ADMINISTRATIVE AND SUPPORT SERVICE ACTIVITIES': 1.0142567157745361, 'G_WHOLESALE AND RETAIL TRADE; REPAIR OF MOTOR VEHICLES AND MOTORCYCLES': 0.5743212699890137, 'I_ACCOMMODATION AND FOOD SERVICE ACTIVITIES': -0.3047094941139221, 'L_REAL ESTATE ACTIVITIES': -0.6833105683326721, 'H_TRANSPORTATION AND STORAGE': -0.7066307067871094, 'F_CONSTRUCTION': -1.0760194063186646, 'Q_HUMAN HEALTH AND SOCIAL WORK ACTIVITIES': -1.3029123544692993, 'D_ELECTRICITY, GAS, STEAM AND AIR CONDITIONING SUPPLY': -1.371258020401001, 'M_PROFESSIONAL, SCIENTIFIC AND TECHNICAL ACTIVITIES': -1.4901190996170044, 'E_WATER SUPPLY; SEWERAGE, WASTE MANAGEMENT AND REMEDIATION ACTIVITIES': -1.7360270023345947, 'B_MINING AND QUARRYING': -1.856896996498108, 'P_EDUCATION': -2.489284038543701, 'A_AGRICULTURE, FORESTRY AND FISHING': -2.5392050743103027, 'C_MANUFACTURING': -3.371426820755005, 'J_INFORMATION AND COMMUNICATION': -4.022519111633301}",K
76,Quimbaya Gold Inc1.txt,07.29,Mining of other non-ferrous metal ores,B,7,16,"{'K_FINANCIAL AND INSURANCE ACTIVITIES': 4.0195817947387695, 'N_ADMINISTRATIVE AND SUPPORT SERVICE ACTIVITIES': 1.032921314239502, 'G_WHOLESALE AND RETAIL TRADE; REPAIR OF MOTOR VEHICLES AND MOTORCYCLES': 0.7250313758850098, 'H_TRANSPORTATION AND STORAGE': -0.6850544810295105, 'I_ACCOMMODATION AND FOOD SERVICE ACTIVITIES': -0.6963894963264465, 'L_REAL ESTATE ACTIVITIES': -0.9724644422531128, 'F_CONSTRUCTION': -1.129406213760376, 'B_MINING AND QUARRYING': -1.183797001838684, 'D_ELECTRICITY, GAS, STEAM AND AIR CONDITIONING SUPPLY': -1.1882225275039673, 'E_WATER SUPPLY; SEWERAGE, WASTE MANAGEMENT AND REMEDIATION ACTIVITIES': -1.2940120697021484, 'Q_HUMAN HEALTH AND SOCIAL WORK ACTIVITIES': -1.4336400032043457, 'M_PROFESSIONAL, SCIENTIFIC AND TECHNICAL ACTIVITIES': -1.4428452253341675, 'A_AGRICULTURE, FORESTRY AND FISHING': -2.2743022441864014, 'P_EDUCATION': -2.6102547645568848, 'C_MANUFACTURING': -3.0152885913848877, 'J_INFORMATION AND COMMUNICATION': -4.254201889038086}",K
77,Olympio Metals Limited1.txt,07.29,Mining of other non-ferrous metal ores,B,11,16,"{'K_FINANCIAL AND INSURANCE ACTIVITIES': 3.5085721015930176, 'G_WHOLESALE AND RETAIL TRADE; REPAIR OF MOTOR VEHICLES AND MOTORCYCLES': 1.5008445978164673, 'N_ADMINISTRATIVE AND SUPPORT SERVICE ACTIVITIES': 1.366843342781067, 'I_ACCOMMODATION AND FOOD SERVICE ACTIVITIES': -0.537143349647522, 'H_TRANSPORTATION AND STORAGE': -0.5959606170654297, 'L_REAL ESTATE ACTIVITIES': -1.1247987747192383, 'Q_HUMAN HEALTH AND SOCIAL WORK ACTIVITIES': -1.2796485424041748, 'F_CONSTRUCTION': -1.3006012439727783, 'D_ELECTRICITY, GAS, STEAM AND AIR CONDITIONING SUPPLY': -1.4654706716537476, 'E_WATER SUPPLY; SEWERAGE, WASTE MANAGEMENT AND REMEDIATION ACTIVITIES': -1.576497197151184, 'M_PROFESSIONAL, SCIENTIFIC AND TECHNICAL ACTIVITIES': -1.6639035940170288, 'B_MINING AND QUARRYING': -1.899834156036377, 'A_AGRICULTURE, FORESTRY AND FISHING': -2.3089096546173096, 'P_EDUCATION': -2.3146328926086426, 'C_MANUFACTURING': -2.8151817321777344, 'J_INFORMATION AND COMMUNICATION': -4.085214138031006}",K
78,Serinus Energy plc1.txt,09.1,Support activities for petroleum and natural gas extraction,B,2,16,"{'K_FINANCIAL AND INSURANCE ACTIVITIES': 2.1246092319488525, 'G_WHOLESALE AND RETAIL TRADE; REPAIR OF MOTOR VEHICLES AND MOTORCYCLES': 0.39403650164604187, 'B_MINING AND QUARRYING': 0.204090416431427, 'N_ADMINISTRATIVE AND SUPPORT SERVICE ACTIVITIES': 0.14084376394748688, 'D_ELECTRICITY, GAS, STEAM AND AIR CONDITIONING SUPPLY': -0.13136893510818481, 'F_CONSTRUCTION': -0.5752901434898376, 'H_TRANSPORTATION AND STORAGE': -0.6003934741020203, 'E_WATER SUPPLY; SEWERAGE, WASTE MANAGEMENT AND REMEDIATION ACTIVITIES': -0.8443419933319092, 'I_ACCOMMODATION AND FOOD SERVICE ACTIVITIES': -1.1272470951080322, 'M_PROFESSIONAL, SCIENTIFIC AND TECHNICAL ACTIVITIES': -1.370728850364685, 'L_REAL ESTATE ACTIVITIES': -1.6997250318527222, 'C_MANUFACTURING': -1.8824409246444702, 'Q_HUMAN HEALTH AND SOCIAL WORK ACTIVITIES': -1.991200566291809, 'A_AGRICULTURE, FORESTRY AND FISHING': -2.0990538597106934, 'P_EDUCATION': -2.8517961502075195, 'J_INFORMATION AND COMMUNICATION': -4.269514560699463}",K
79,Silver Verde May Mining Company2.txt,07.29,Mining of other non-ferrous metal ores,B,0,16,"{'B_MINING AND QUARRYING': 5.011443138122559, 'D_ELECTRICITY, GAS, STEAM AND AIR CONDITIONING SUPPLY': 0.8548753261566162, 'K_FINANCIAL AND INSURANCE ACTIVITIES': 0.7389670610427856, 'F_CONSTRUCTION': 0.33894264698028564, 'E_WATER SUPPLY; SEWERAGE, WASTE MANAGEMENT AND REMEDIATION ACTIVITIES': -0.2806236743927002, 'H_TRANSPORTATION AND STORAGE': -0.7995265126228333, 'C_MANUFACTURING': -0.9789579510688782, 'G_WHOLESALE AND RETAIL TRADE; REPAIR OF MOTOR VEHICLES AND MOTORCYCLES': -1.0103696584701538, 'N_ADMINISTRATIVE AND SUPPORT SERVICE ACTIVITIES': -1.2055860757827759, 'M_PROFESSIONAL, SCIENTIFIC AND TECHNICAL ACTIVITIES': -1.5254970788955688, 'A_AGRICULTURE, FORESTRY AND FISHING': -1.5489633083343506, 'I_ACCOMMODATION AND FOOD SERVICE ACTIVITIES': -2.108496904373169, 'L_REAL ESTATE ACTIVITIES': -2.6688718795776367, 'Q_HUMAN HEALTH AND SOCIAL WORK ACTIVITIES': -3.1871275901794434, 'P_EDUCATION': -4.27855920791626, 'J_INFORMATION AND COMMUNICATION': -6.193766117095947}",B
80,Blackrock Silver Corp2.txt,07.29,Mining of other non-ferrous metal ores,B,4,16,"{'G_WHOLESALE AND RETAIL TRADE; REPAIR OF MOTOR VEHICLES AND MOTORCYCLES': 1.2634241580963135, 'K_FINANCIAL AND INSURANCE ACTIVITIES': 0.36537525057792664, 'D_ELECTRICITY, GAS, STEAM AND AIR CONDITIONING SUPPLY': 0.284575879573822, 'Q_HUMAN HEALTH AND SOCIAL WORK ACTIVITIES': -0.12970685958862305, 'B_MINING AND QUARRYING': -0.2576894164085388, 'C_MANUFACTURING': -0.6269986629486084, 'A_AGRICULTURE, FORESTRY AND FISHING': -0.7372110486030579, 'F_CONSTRUCTION': -0.7793601751327515, 'H_TRANSPORTATION AND STORAGE': -0.9469318389892578, 'E_WATER SUPPLY; SEWERAGE, WASTE MANAGEMENT AND REMEDIATION ACTIVITIES': -1.0066378116607666, 'N_ADMINISTRATIVE AND SUPPORT SERVICE ACTIVITIES': -1.055233359336853, 'M_PROFESSIONAL, SCIENTIFIC AND TECHNICAL ACTIVITIES': -1.2427467107772827, 'I_ACCOMMODATION AND FOOD SERVICE ACTIVITIES': -1.300718069076538, 'L_REAL ESTATE ACTIVITIES': -1.3598220348358154, 'P_EDUCATION': -1.697718620300293, 'J_INFORMATION AND COMMUNICATION': -3.209731101989746}",G
81,Lefroy Exploration Ltd.1.txt,07.29,Mining of other non-ferrous metal ores,B,1,16,"{'K_FINANCIAL AND INSURANCE ACTIVITIES': 2.6526169776916504, 'B_MINING AND QUARRYING': 0.525240421295166, 'N_ADMINISTRATIVE AND SUPPORT SERVICE ACTIVITIES': 0.23795132339000702, 'G_WHOLESALE AND RETAIL TRADE; REPAIR OF MOTOR VEHICLES AND MOTORCYCLES': 0.23314711451530457, 'D_ELECTRICITY, GAS, STEAM AND AIR CONDITIONING SUPPLY': -0.5662278532981873, 'H_TRANSPORTATION AND STORAGE': -0.6076757907867432, 'F_CONSTRUCTION': -0.6152592301368713, 'I_ACCOMMODATION AND FOOD SERVICE ACTIVITIES': -0.9080594778060913, 'E_WATER SUPPLY; SEWERAGE, WASTE MANAGEMENT AND REMEDIATION ACTIVITIES': -1.1282199621200562, 'L_REAL ESTATE ACTIVITIES': -1.4036684036254883, 'M_PROFESSIONAL, SCIENTIFIC AND TECHNICAL ACTIVITIES': -1.4999316930770874, 'Q_HUMAN HEALTH AND SOCIAL WORK ACTIVITIES': -1.9596669673919678, 'A_AGRICULTURE, FORESTRY AND FISHING': -2.1127820014953613, 'C_MANUFACTURING': -2.259674072265625, 'P_EDUCATION': -2.990851879119873, 'J_INFORMATION AND COMMUNICATION': -4.638889312744141}",K
82,PT Ancora Indonesia Resources Tbk3.txt,09.9,Support activities for other mining and quarrying,B,13,16,"{'G_WHOLESALE AND RETAIL TRADE; REPAIR OF MOTOR VEHICLES AND MOTORCYCLES': 2.150059700012207, 'K_FINANCIAL AND INSURANCE ACTIVITIES': 1.2429286241531372, 'N_ADMINISTRATIVE AND SUPPORT SERVICE ACTIVITIES': 0.4065888822078705, 'F_CONSTRUCTION': 0.3138567805290222, 'H_TRANSPORTATION AND STORAGE': 0.01429399661719799, 'D_ELECTRICITY, GAS, STEAM AND AIR CONDITIONING SUPPLY': -1.045105218887329, 'I_ACCOMMODATION AND FOOD SERVICE ACTIVITIES': -1.1017944812774658, 'Q_HUMAN HEALTH AND SOCIAL WORK ACTIVITIES': -1.2200754880905151, 'E_WATER SUPPLY; SEWERAGE, WASTE MANAGEMENT AND REMEDIATION ACTIVITIES': -1.3932989835739136, 'L_REAL ESTATE ACTIVITIES': -1.5407943725585938, 'C_MANUFACTURING': -1.6062746047973633, 'P_EDUCATION': -1.8703420162200928, 'M_PROFESSIONAL, SCIENTIFIC AND TECHNICAL ACTIVITIES': -1.8805702924728394, 'B_MINING AND QUARRYING': -2.182110071182251, 'A_AGRICULTURE, FORESTRY AND FISHING': -2.7122180461883545, 'J_INFORMATION AND COMMUNICATION': -3.867208480834961}",G
83,Hamelin Gold Limited1.txt,07.29,Mining of other non-ferrous metal ores,B,1,16,"{'K_FINANCIAL AND INSURANCE ACTIVITIES': 2.7013633251190186, 'B_MINING AND QUARRYING': 0.6596842408180237, 'N_ADMINISTRATIVE AND SUPPORT SERVICE ACTIVITIES': 0.45287829637527466, 'G_WHOLESALE AND RETAIL TRADE; REPAIR OF MOTOR VEHICLES AND MOTORCYCLES': 0.22687745094299316, 'D_ELECTRICITY, GAS, STEAM AND AIR CONDITIONING SUPPLY': -0.6039203405380249, 'F_CONSTRUCTION': -0.6678764820098877, 'H_TRANSPORTATION AND STORAGE': -0.7151783108711243, 'I_ACCOMMODATION AND FOOD SERVICE ACTIVITIES': -0.9436959028244019, 'E_WATER SUPPLY; SEWERAGE, WASTE MANAGEMENT AND REMEDIATION ACTIVITIES': -1.1551097631454468, 'M_PROFESSIONAL, SCIENTIFIC AND TECHNICAL ACTIVITIES': -1.405605673789978, 'L_REAL ESTATE ACTIVITIES': -1.6703108549118042, 'Q_HUMAN HEALTH AND SOCIAL WORK ACTIVITIES': -1.9286528825759888, 'A_AGRICULTURE, FORESTRY AND FISHING': -2.145765781402588, 'C_MANUFACTURING': -2.275728225708008, 'P_EDUCATION': -3.0025386810302734, 'J_INFORMATION AND COMMUNICATION': -4.689911842346191}",K
84,Commerce Resources Corp.3.txt,07.29,Mining of other non-ferrous metal ores,B,0,16,"{'B_MINING AND QUARRYING': 2.6971609592437744, 'D_ELECTRICITY, GAS, STEAM AND AIR CONDITIONING SUPPLY': 0.37647300958633423, 'K_FINANCIAL AND INSURANCE ACTIVITIES': 0.07961955666542053, 'F_CONSTRUCTION': -0.05758269131183624, 'C_MANUFACTURING': -0.2991360127925873, 'G_WHOLESALE AND RETAIL TRADE; REPAIR OF MOTOR VEHICLES AND MOTORCYCLES': -0.32779234647750854, 'E_WATER SUPPLY; SEWERAGE, WASTE MANAGEMENT AND REMEDIATION ACTIVITIES': -0.5098269581794739, 'M_PROFESSIONAL, SCIENTIFIC AND TECHNICAL ACTIVITIES': -0.6100732684135437, 'N_ADMINISTRATIVE AND SUPPORT SERVICE ACTIVITIES': -0.9072868227958679, 'H_TRANSPORTATION AND STORAGE': -1.1566479206085205, 'A_AGRICULTURE, FORESTRY AND FISHING': -1.604343056678772, 'I_ACCOMMODATION AND FOOD SERVICE ACTIVITIES': -2.241057872772217, 'Q_HUMAN HEALTH AND SOCIAL WORK ACTIVITIES': -2.460151433944702, 'L_REAL ESTATE ACTIVITIES': -3.0741829872131348, 'P_EDUCATION': -3.2398688793182373, 'J_INFORMATION AND COMMUNICATION': -4.839565277099609}",B
85,"Canadian Metals, Inc.2.txt",07.29,Mining of other non-ferrous metal ores,B,1,16,"{'K_FINANCIAL AND INSURANCE ACTIVITIES': 3.242826223373413, 'B_MINING AND QUARRYING': 0.3601478040218353, 'G_WHOLESALE AND RETAIL TRADE; REPAIR OF MOTOR VEHICLES AND MOTORCYCLES': 0.25010475516319275, 'N_ADMINISTRATIVE AND SUPPORT SERVICE ACTIVITIES': 0.03910287842154503, 'D_ELECTRICITY, GAS, STEAM AND AIR CONDITIONING SUPPLY': -0.46300530433654785, 'H_TRANSPORTATION AND STORAGE': -0.5109033584594727, 'F_CONSTRUCTION': -0.5345870852470398, 'I_ACCOMMODATION AND FOOD SERVICE ACTIVITIES': -1.0442551374435425, 'L_REAL ESTATE ACTIVITIES': -1.0953677892684937, 'E_WATER SUPPLY; SEWERAGE, WASTE MANAGEMENT AND REMEDIATION ACTIVITIES': -1.1771180629730225, 'M_PROFESSIONAL, SCIENTIFIC AND TECHNICAL ACTIVITIES': -1.4829421043395996, 'Q_HUMAN HEALTH AND SOCIAL WORK ACTIVITIES': -1.6077229976654053, 'A_AGRICULTURE, FORESTRY AND FISHING': -2.0691685676574707, 'C_MANUFACTURING': -2.482656478881836, 'P_EDUCATION': -2.870455026626587, 'J_INFORMATION AND COMMUNICATION': -4.584467887878418}",K
86,Dundee Precious Metals Inc.1.txt,07.29,Mining of other non-ferrous metal ores,B,1,16,"{'K_FINANCIAL AND INSURANCE ACTIVITIES': 2.1327991485595703, 'B_MINING AND QUARRYING': 1.6076301336288452, 'G_WHOLESALE AND RETAIL TRADE; REPAIR OF MOTOR VEHICLES AND MOTORCYCLES': 0.2697352170944214, 'D_ELECTRICITY, GAS, STEAM AND AIR CONDITIONING SUPPLY': 0.047926582396030426, 'N_ADMINISTRATIVE AND SUPPORT SERVICE ACTIVITIES': -0.24239987134933472, 'F_CONSTRUCTION': -0.349389910697937, 'H_TRANSPORTATION AND STORAGE': -0.5214163064956665, 'E_WATER SUPPLY; SEWERAGE, WASTE MANAGEMENT AND REMEDIATION ACTIVITIES': -0.641998827457428, 'C_MANUFACTURING': -1.5508843660354614, 'I_ACCOMMODATION AND FOOD SERVICE ACTIVITIES': -1.5510201454162598, 'M_PROFESSIONAL, SCIENTIFIC AND TECHNICAL ACTIVITIES': -1.5527876615524292, 'L_REAL ESTATE ACTIVITIES': -1.9342206716537476, 'A_AGRICULTURE, FORESTRY AND FISHING': -1.9652235507965088, 'Q_HUMAN HEALTH AND SOCIAL WORK ACTIVITIES': -2.264861822128296, 'P_EDUCATION': -3.3178298473358154, 'J_INFORMATION AND COMMUNICATION': -5.00027322769165}",K
87,Breaker Resources NL1.txt,07.29,Mining of other non-ferrous metal ores,B,1,16,"{'K_FINANCIAL AND INSURANCE ACTIVITIES': 2.458925485610962, 'B_MINING AND QUARRYING': 0.5337589383125305, 'N_ADMINISTRATIVE AND SUPPORT SERVICE ACTIVITIES': 0.4351528286933899, 'G_WHOLESALE AND RETAIL TRADE; REPAIR OF MOTOR VEHICLES AND MOTORCYCLES': 0.3470112085342407, 'D_ELECTRICITY, GAS, STEAM AND AIR CONDITIONING SUPPLY': -0.5982757210731506, 'F_CONSTRUCTION': -0.6682620644569397, 'H_TRANSPORTATION AND STORAGE': -0.6828937530517578, 'I_ACCOMMODATION AND FOOD SERVICE ACTIVITIES': -0.9461078643798828, 'E_WATER SUPPLY; SEWERAGE, WASTE MANAGEMENT AND REMEDIATION ACTIVITIES': -1.106868028640747, 'M_PROFESSIONAL, SCIENTIFIC AND TECHNICAL ACTIVITIES': -1.4283345937728882, 'L_REAL ESTATE ACTIVITIES': -1.7726967334747314, 'Q_HUMAN HEALTH AND SOCIAL WORK ACTIVITIES': -1.9627580642700195, 'C_MANUFACTURING': -2.145137071609497, 'A_AGRICULTURE, FORESTRY AND FISHING': -2.1750874519348145, 'P_EDUCATION': -2.97748064994812, 'J_INFORMATION AND COMMUNICATION': -4.618402004241943}",K
88,Cerro Grande Mining Corporation2.txt,07.29,Mining of other non-ferrous metal ores,B,5,16,"{'K_FINANCIAL AND INSURANCE ACTIVITIES': 3.6174731254577637, 'G_WHOLESALE AND RETAIL TRADE; REPAIR OF MOTOR VEHICLES AND MOTORCYCLES': 1.0370819568634033, 'N_ADMINISTRATIVE AND SUPPORT SERVICE ACTIVITIES': 0.585830569267273, 'H_TRANSPORTATION AND STORAGE': -0.5099842548370361, 'F_CONSTRUCTION': -0.7016488909721375, 'B_MINING AND QUARRYING': -0.8764546513557434, 'D_ELECTRICITY, GAS, STEAM AND AIR CONDITIONING SUPPLY': -0.9226301312446594, 'I_ACCOMMODATION AND FOOD SERVICE ACTIVITIES': -1.028436541557312, 'L_REAL ESTATE ACTIVITIES': -1.1677699089050293, 'Q_HUMAN HEALTH AND SOCIAL WORK ACTIVITIES': -1.3761974573135376, 'E_WATER SUPPLY; SEWERAGE, WASTE MANAGEMENT AND REMEDIATION ACTIVITIES': -1.3949871063232422, 'M_PROFESSIONAL, SCIENTIFIC AND TECHNICAL ACTIVITIES': -1.6344332695007324, 'A_AGRICULTURE, FORESTRY AND FISHING': -2.412344217300415, 'P_EDUCATION': -2.595357894897461, 'C_MANUFACTURING': -2.772228479385376, 'J_INFORMATION AND COMMUNICATION': -4.464385509490967}",K
89,VEF AS2.txt,35.11,Production of electricity,D,6,16,"{'K_FINANCIAL AND INSURANCE ACTIVITIES': 4.390024185180664, 'N_ADMINISTRATIVE AND SUPPORT SERVICE ACTIVITIES': 0.9262964129447937, 'G_WHOLESALE AND RETAIL TRADE; REPAIR OF MOTOR VEHICLES AND MOTORCYCLES': 0.015180557034909725, 'L_REAL ESTATE ACTIVITIES': -0.5423566699028015, 'M_PROFESSIONAL, SCIENTIFIC AND TECHNICAL ACTIVITIES': -0.5707393288612366, 'H_TRANSPORTATION AND STORAGE': -0.6163968443870544, 'D_ELECTRICITY, GAS, STEAM AND AIR CONDITIONING SUPPLY': -0.7532039880752563, 'I_ACCOMMODATION AND FOOD SERVICE ACTIVITIES': -0.9692627191543579, 'E_WATER SUPPLY; SEWERAGE, WASTE MANAGEMENT AND REMEDIATION ACTIVITIES': -1.1912691593170166, 'F_CONSTRUCTION': -1.2840269804000854, 'Q_HUMAN HEALTH AND SOCIAL WORK ACTIVITIES': -1.571218490600586, 'B_MINING AND QUARRYING': -1.7173371315002441, 'A_AGRICULTURE, FORESTRY AND FISHING': -2.1447830200195312, 'P_EDUCATION': -2.603217601776123, 'C_MANUFACTURING': -3.1145761013031006, 'J_INFORMATION AND COMMUNICATION': -3.403773307800293}",K
90,Highfield Resources Limited2.txt,08.91,Mining of chemical and fertiliser minerals,B,2,16,"{'K_FINANCIAL AND INSURANCE ACTIVITIES': 1.7325927019119263, 'N_ADMINISTRATIVE AND SUPPORT SERVICE ACTIVITIES': 0.25487422943115234, 'B_MINING AND QUARRYING': 0.12864159047603607, 'G_WHOLESALE AND RETAIL TRADE; REPAIR OF MOTOR VEHICLES AND MOTORCYCLES': 0.1185162216424942, 'F_CONSTRUCTION': -0.23424556851387024, 'D_ELECTRICITY, GAS, STEAM AND AIR CONDITIONING SUPPLY': -0.5781468152999878, 'H_TRANSPORTATION AND STORAGE': -0.612302303314209, 'I_ACCOMMODATION AND FOOD SERVICE ACTIVITIES': -0.9522672295570374, 'E_WATER SUPPLY; SEWERAGE, WASTE MANAGEMENT AND REMEDIATION ACTIVITIES': -1.046424150466919, 'M_PROFESSIONAL, SCIENTIFIC AND TECHNICAL ACTIVITIES': -1.1545510292053223, 'L_REAL ESTATE ACTIVITIES': -1.7789738178253174, 'C_MANUFACTURING': -1.9264813661575317, 'Q_HUMAN HEALTH AND SOCIAL WORK ACTIVITIES': -2.081163167953491, 'A_AGRICULTURE, FORESTRY AND FISHING': -2.1858229637145996, 'P_EDUCATION': -2.725001811981201, 'J_INFORMATION AND COMMUNICATION': -4.090234279632568}",K
91,Emperador Inc.1.txt,11.02,Manufacture of wine from grape,C,5,16,"{'G_WHOLESALE AND RETAIL TRADE; REPAIR OF MOTOR VEHICLES AND MOTORCYCLES': 0.9983935356140137, 'K_FINANCIAL AND INSURANCE ACTIVITIES': 0.45260655879974365, 'N_ADMINISTRATIVE AND SUPPORT SERVICE ACTIVITIES': 0.15067048370838165, 'E_WATER SUPPLY; SEWERAGE, WASTE MANAGEMENT AND REMEDIATION ACTIVITIES': -0.45938801765441895, 'D_ELECTRICITY, GAS, STEAM AND AIR CONDITIONING SUPPLY': -0.657974362373352, 'C_MANUFACTURING': -0.7674090266227722, 'H_TRANSPORTATION AND STORAGE': -0.985979437828064, 'I_ACCOMMODATION AND FOOD SERVICE ACTIVITIES': -0.9876798391342163, 'M_PROFESSIONAL, SCIENTIFIC AND TECHNICAL ACTIVITIES': -1.0009722709655762, 'F_CONSTRUCTION': -1.2588578462600708, 'A_AGRICULTURE, FORESTRY AND FISHING': -1.8687999248504639, 'Q_HUMAN HEALTH AND SOCIAL WORK ACTIVITIES': -1.9573016166687012, 'P_EDUCATION': -2.0259130001068115, 'L_REAL ESTATE ACTIVITIES': -2.065566062927246, 'B_MINING AND QUARRYING': -2.14835786819458, 'J_INFORMATION AND COMMUNICATION': -2.905792474746704}",G
92,FireFox Gold Corp.2.txt,07.29,Mining of other non-ferrous metal ores,B,3,16,"{'K_FINANCIAL AND INSURANCE ACTIVITIES': 2.9232096672058105, 'N_ADMINISTRATIVE AND SUPPORT SERVICE ACTIVITIES': 0.39077818393707275, 'G_WHOLESALE AND RETAIL TRADE; REPAIR OF MOTOR VEHICLES AND MOTORCYCLES': 0.3400972783565521, 'B_MINING AND QUARRYING': -0.01771767996251583, 'H_TRANSPORTATION AND STORAGE': -0.507299542427063, 'I_ACCOMMODATION AND FOOD SERVICE ACTIVITIES': -0.5384330153465271, 'D_ELECTRICITY, GAS, STEAM AND AIR CONDITIONING SUPPLY': -0.7190071940422058, 'F_CONSTRUCTION': -0.8011859059333801, 'E_WATER SUPPLY; SEWERAGE, WASTE MANAGEMENT AND REMEDIATION ACTIVITIES': -1.3874038457870483, 'L_REAL ESTATE ACTIVITIES': -1.4270159006118774, 'M_PROFESSIONAL, SCIENTIFIC AND TECHNICAL ACTIVITIES': -1.4768415689468384, 'Q_HUMAN HEALTH AND SOCIAL WORK ACTIVITIES': -1.664265513420105, 'A_AGRICULTURE, FORESTRY AND FISHING': -2.2489278316497803, 'C_MANUFACTURING': -2.3971898555755615, 'P_EDUCATION': -2.7302098274230957, 'J_INFORMATION AND COMMUNICATION': -4.355152606964111}",K
93,Cue Energy Resources Limited1.txt,06.1,Extraction of crude petroleum,B,1,16,"{'K_FINANCIAL AND INSURANCE ACTIVITIES': 2.2216062545776367, 'B_MINING AND QUARRYING': 0.7023866176605225, 'G_WHOLESALE AND RETAIL TRADE; REPAIR OF MOTOR VEHICLES AND MOTORCYCLES': 0.3359419107437134, 'N_ADMINISTRATIVE AND SUPPORT SERVICE ACTIVITIES': 0.0937909483909607, 'D_ELECTRICITY, GAS, STEAM AND AIR CONDITIONING SUPPLY': -0.01435172837227583, 'F_CONSTRUCTION': -0.5294449925422668, 'H_TRANSPORTATION AND STORAGE': -0.6016736626625061, 'E_WATER SUPPLY; SEWERAGE, WASTE MANAGEMENT AND REMEDIATION ACTIVITIES': -0.9817811250686646, 'I_ACCOMMODATION AND FOOD SERVICE ACTIVITIES': -1.172912836074829, 'M_PROFESSIONAL, SCIENTIFIC AND TECHNICAL ACTIVITIES': -1.3806904554367065, 'L_REAL ESTATE ACTIVITIES': -1.7850199937820435, 'C_MANUFACTURING': -1.799512505531311, 'Q_HUMAN HEALTH AND SOCIAL WORK ACTIVITIES': -1.9733117818832397, 'A_AGRICULTURE, FORESTRY AND FISHING': -2.095154047012329, 'P_EDUCATION': -2.9318201541900635, 'J_INFORMATION AND COMMUNICATION': -4.494638442993164}",K
94,Antipa Minerals Limited1.txt,07.29,Mining of other non-ferrous metal ores,B,1,16,"{'K_FINANCIAL AND INSURANCE ACTIVITIES': 2.1514604091644287, 'B_MINING AND QUARRYING': 0.7530331611633301, 'G_WHOLESALE AND RETAIL TRADE; REPAIR OF MOTOR VEHICLES AND MOTORCYCLES': 0.23824352025985718, 'N_ADMINISTRATIVE AND SUPPORT SERVICE ACTIVITIES': 0.09266238659620285, 'D_ELECTRICITY, GAS, STEAM AND AIR CONDITIONING SUPPLY': -0.4498822093009949, 'F_CONSTRUCTION': -0.574622392654419, 'H_TRANSPORTATION AND STORAGE': -0.7276912927627563, 'I_ACCOMMODATION AND FOOD SERVICE ACTIVITIES': -1.0699814558029175, 'E_WATER SUPPLY; SEWERAGE, WASTE MANAGEMENT AND REMEDIATION ACTIVITIES': -1.107874870300293, 'M_PROFESSIONAL, SCIENTIFIC AND TECHNICAL ACTIVITIES': -1.4107223749160767, 'L_REAL ESTATE ACTIVITIES': -1.7816405296325684, 'A_AGRICULTURE, FORESTRY AND FISHING': -1.8326516151428223, 'Q_HUMAN HEALTH AND SOCIAL WORK ACTIVITIES': -1.8973522186279297, 'C_MANUFACTURING': -2.023925304412842, 'P_EDUCATION': -2.962486743927002, 'J_INFORMATION AND COMMUNICATION': -4.604091644287109}",K
95,Savannah Energy Plc1.txt,06.1,Extraction of crude petroleum,B,2,16,"{'K_FINANCIAL AND INSURANCE ACTIVITIES': 1.3088854551315308, 'D_ELECTRICITY, GAS, STEAM AND AIR CONDITIONING SUPPLY': 0.6347135901451111, 'B_MINING AND QUARRYING': 0.3513314723968506, 'N_ADMINISTRATIVE AND SUPPORT SERVICE ACTIVITIES': -0.2607337534427643, 'M_PROFESSIONAL, SCIENTIFIC AND TECHNICAL ACTIVITIES': -0.5267751216888428, 'G_WHOLESALE AND RETAIL TRADE; REPAIR OF MOTOR VEHICLES AND MOTORCYCLES': -0.5375674962997437, 'F_CONSTRUCTION': -0.8101816773414612, 'E_WATER SUPPLY; SEWERAGE, WASTE MANAGEMENT AND REMEDIATION ACTIVITIES': -0.8988758325576782, 'H_TRANSPORTATION AND STORAGE': -1.0277609825134277, 'I_ACCOMMODATION AND FOOD SERVICE ACTIVITIES': -1.2581497430801392, 'C_MANUFACTURING': -1.7150057554244995, 'A_AGRICULTURE, FORESTRY AND FISHING': -1.8518867492675781, 'L_REAL ESTATE ACTIVITIES': -2.12849760055542, 'Q_HUMAN HEALTH AND SOCIAL WORK ACTIVITIES': -2.2409822940826416, 'P_EDUCATION': -2.7393574714660645, 'J_INFORMATION AND COMMUNICATION': -3.609396457672119}",K
96,Liminal BioSciences Inc.1.txt,21.1,Manufacture of basic pharmaceutical products,C,14,16,"{'K_FINANCIAL AND INSURANCE ACTIVITIES': 2.939157009124756, 'G_WHOLESALE AND RETAIL TRADE; REPAIR OF MOTOR VEHICLES AND MOTORCYCLES': 1.496112585067749, 'N_ADMINISTRATIVE AND SUPPORT SERVICE ACTIVITIES': 1.3596971035003662, 'I_ACCOMMODATION AND FOOD SERVICE ACTIVITIES': -0.5217217206954956, 'Q_HUMAN HEALTH AND SOCIAL WORK ACTIVITIES': -0.7230584621429443, 'H_TRANSPORTATION AND STORAGE': -1.1040138006210327, 'M_PROFESSIONAL, SCIENTIFIC AND TECHNICAL ACTIVITIES': -1.113021731376648, 'L_REAL ESTATE ACTIVITIES': -1.1714363098144531, 'F_CONSTRUCTION': -1.5589851140975952, 'D_ELECTRICITY, GAS, STEAM AND AIR CONDITIONING SUPPLY': -1.636339783668518, 'E_WATER SUPPLY; SEWERAGE, WASTE MANAGEMENT AND REMEDIATION ACTIVITIES': -1.8119155168533325, 'P_EDUCATION': -1.8125180006027222, 'A_AGRICULTURE, FORESTRY AND FISHING': -2.5177652835845947, 'B_MINING AND QUARRYING': -2.6922850608825684, 'C_MANUFACTURING': -2.785799264907837, 'J_INFORMATION AND COMMUNICATION': -3.3262007236480713}",K
97,Volkswagen AG1.txt,29.2,Manufacture of bodies (coachwork) for motor vehicles; manufacture of trailers and semi-trailers,C,14,16,"{'K_FINANCIAL AND INSURANCE ACTIVITIES': 3.4969322681427, 'G_WHOLESALE AND RETAIL TRADE; REPAIR OF MOTOR VEHICLES AND MOTORCYCLES': 1.1344993114471436, 'N_ADMINISTRATIVE AND SUPPORT SERVICE ACTIVITIES': 1.0655666589736938, 'H_TRANSPORTATION AND STORAGE': 0.021997841075062752, 'I_ACCOMMODATION AND FOOD SERVICE ACTIVITIES': -0.19493938982486725, 'L_REAL ESTATE ACTIVITIES': -0.41292932629585266, 'F_CONSTRUCTION': -0.6859281659126282, 'Q_HUMAN HEALTH AND SOCIAL WORK ACTIVITIES': -1.5228593349456787, 'M_PROFESSIONAL, SCIENTIFIC AND TECHNICAL ACTIVITIES': -1.566848874092102, 'D_ELECTRICITY, GAS, STEAM AND AIR CONDITIONING SUPPLY': -1.568400502204895, 'E_WATER SUPPLY; SEWERAGE, WASTE MANAGEMENT AND REMEDIATION ACTIVITIES': -1.5815738439559937, 'P_EDUCATION': -2.2254247665405273, 'B_MINING AND QUARRYING': -2.238499879837036, 'A_AGRICULTURE, FORESTRY AND FISHING': -2.44694185256958, 'C_MANUFACTURING': -2.96878981590271, 'J_INFORMATION AND COMMUNICATION': -3.7382264137268066}",K
98,Gensight Biologics SA1.txt,21.2,Manufacture of pharmaceutical preparations,C,13,16,"{'K_FINANCIAL AND INSURANCE ACTIVITIES': 3.3730082511901855, 'N_ADMINISTRATIVE AND SUPPORT SERVICE ACTIVITIES': 1.4821221828460693, 'G_WHOLESALE AND RETAIL TRADE; REPAIR OF MOTOR VEHICLES AND MOTORCYCLES': 1.2912389039993286, 'I_ACCOMMODATION AND FOOD SERVICE ACTIVITIES': -0.7129967212677002, 'H_TRANSPORTATION AND STORAGE': -0.8865378499031067, 'M_PROFESSIONAL, SCIENTIFIC AND TECHNICAL ACTIVITIES': -1.2739453315734863, 'F_CONSTRUCTION': -1.3294382095336914, 'Q_HUMAN HEALTH AND SOCIAL WORK ACTIVITIES': -1.3519307374954224, 'D_ELECTRICITY, GAS, STEAM AND AIR CONDITIONING SUPPLY': -1.5267364978790283, 'E_WATER SUPPLY; SEWERAGE, WASTE MANAGEMENT AND REMEDIATION ACTIVITIES': -1.5548001527786255, 'L_REAL ESTATE ACTIVITIES': -1.6872988939285278, 'P_EDUCATION': -2.1326091289520264, 'B_MINING AND QUARRYING': -2.4955759048461914, 'C_MANUFACTURING': -2.5870275497436523, 'A_AGRICULTURE, FORESTRY AND FISHING': -2.656620740890503, 'J_INFORMATION AND COMMUNICATION': -3.6619551181793213}",K
99,Xin Point Holdings Limited1.txt,29.31,Manufacture of electrical and electronic equipment for motor vehicles,C,12,16,"{'K_FINANCIAL AND INSURANCE ACTIVITIES': 2.6994128227233887, 'G_WHOLESALE AND RETAIL TRADE; REPAIR OF MOTOR VEHICLES AND MOTORCYCLES': 1.7974541187286377, 'N_ADMINISTRATIVE AND SUPPORT SERVICE ACTIVITIES': 0.9930806159973145, 'H_TRANSPORTATION AND STORAGE': -0.4845801591873169, 'I_ACCOMMODATION AND FOOD SERVICE ACTIVITIES': -0.7120314240455627, 'F_CONSTRUCTION': -1.0327568054199219, 'L_REAL ESTATE ACTIVITIES': -1.0945457220077515, 'Q_HUMAN HEALTH AND SOCIAL WORK ACTIVITIES': -1.1244261264801025, 'D_ELECTRICITY, GAS, STEAM AND AIR CONDITIONING SUPPLY': -1.539361596107483, 'M_PROFESSIONAL, SCIENTIFIC AND TECHNICAL ACTIVITIES': -1.572419285774231, 'E_WATER SUPPLY; SEWERAGE, WASTE MANAGEMENT AND REMEDIATION ACTIVITIES': -1.6103934049606323, 'P_EDUCATION': -2.0239017009735107, 'C_MANUFACTURING': -2.042339563369751, 'B_MINING AND QUARRYING': -2.4009106159210205, 'A_AGRICULTURE, FORESTRY AND FISHING': -2.510059356689453, 'J_INFORMATION AND COMMUNICATION': -3.8792340755462646}",K
100,Hop Fung Group Holdings Limited1.txt,17.21,Manufacture of corrugated paper and paperboard and of containers of paper and paperboard,C,11,16,"{'K_FINANCIAL AND INSURANCE ACTIVITIES': 2.549020528793335, 'G_WHOLESALE AND RETAIL TRADE; REPAIR OF MOTOR VEHICLES AND MOTORCYCLES': 1.7848360538482666, 'N_ADMINISTRATIVE AND SUPPORT SERVICE ACTIVITIES': 0.9320476651191711, 'H_TRANSPORTATION AND STORAGE': -0.39598047733306885, 'I_ACCOMMODATION AND FOOD SERVICE ACTIVITIES': -0.7659721970558167, 'F_CONSTRUCTION': -1.050005555152893, 'L_REAL ESTATE ACTIVITIES': -1.0895570516586304, 'E_WATER SUPPLY; SEWERAGE, WASTE MANAGEMENT AND REMEDIATION ACTIVITIES': -1.2964205741882324, 'D_ELECTRICITY, GAS, STEAM AND AIR CONDITIONING SUPPLY': -1.4077316522598267, 'Q_HUMAN HEALTH AND SOCIAL WORK ACTIVITIES': -1.4497112035751343, 'M_PROFESSIONAL, SCIENTIFIC AND TECHNICAL ACTIVITIES': -1.7537782192230225, 'C_MANUFACTURING': -2.0190916061401367, 'P_EDUCATION': -2.2731053829193115, 'B_MINING AND QUARRYING': -2.3667778968811035, 'A_AGRICULTURE, FORESTRY AND FISHING': -2.479325294494629, 'J_INFORMATION AND COMMUNICATION': -3.959165096282959}",K
101,ams-OSRAM AG1.txt,26.11,Manufacture of electronic components,C,12,16,"{'K_FINANCIAL AND INSURANCE ACTIVITIES': 2.4739956855773926, 'G_WHOLESALE AND RETAIL TRADE; REPAIR OF MOTOR VEHICLES AND MOTORCYCLES': 1.2956457138061523, 'N_ADMINISTRATIVE AND SUPPORT SERVICE ACTIVITIES': 0.9589241147041321, 'Q_HUMAN HEALTH AND SOCIAL WORK ACTIVITIES': -0.8473638892173767, 'M_PROFESSIONAL, SCIENTIFIC AND TECHNICAL ACTIVITIES': -0.8480662107467651, 'I_ACCOMMODATION AND FOOD SERVICE ACTIVITIES': -0.9556266665458679, 'H_TRANSPORTATION AND STORAGE': -0.9582425355911255, 'D_ELECTRICITY, GAS, STEAM AND AIR CONDITIONING SUPPLY': -1.2270357608795166, 'F_CONSTRUCTION': -1.2645293474197388, 'L_REAL ESTATE ACTIVITIES': -1.6483380794525146, 'E_WATER SUPPLY; SEWERAGE, WASTE MANAGEMENT AND REMEDIATION ACTIVITIES': -1.6681976318359375, 'P_EDUCATION': -1.8519483804702759, 'C_MANUFACTURING': -2.0162851810455322, 'B_MINING AND QUARRYING': -2.342806100845337, 'A_AGRICULTURE, FORESTRY AND FISHING': -2.4639391899108887, 'J_INFORMATION AND COMMUNICATION': -3.425225019454956}",K
102,Kiniksa Pharmaceuticals Ltd.1.txt,21.2,Manufacture of pharmaceutical preparations,C,12,16,"{'G_WHOLESALE AND RETAIL TRADE; REPAIR OF MOTOR VEHICLES AND MOTORCYCLES': 1.907426118850708, 'K_FINANCIAL AND INSURANCE ACTIVITIES': 1.6529898643493652, 'N_ADMINISTRATIVE AND SUPPORT SERVICE ACTIVITIES': 1.0900166034698486, 'Q_HUMAN HEALTH AND SOCIAL WORK ACTIVITIES': -0.5039083957672119, 'M_PROFESSIONAL, SCIENTIFIC AND TECHNICAL ACTIVITIES': -0.8026522994041443, 'I_ACCOMMODATION AND FOOD SERVICE ACTIVITIES': -0.8317360877990723, 'P_EDUCATION': -1.3402795791625977, 'H_TRANSPORTATION AND STORAGE': -1.3517630100250244, 'D_ELECTRICITY, GAS, STEAM AND AIR CONDITIONING SUPPLY': -1.5003975629806519, 'F_CONSTRUCTION': -1.5982768535614014, 'L_REAL ESTATE ACTIVITIES': -1.7666382789611816, 'E_WATER SUPPLY; SEWERAGE, WASTE MANAGEMENT AND REMEDIATION ACTIVITIES': -1.9118839502334595, 'C_MANUFACTURING': -1.9471633434295654, 'A_AGRICULTURE, FORESTRY AND FISHING': -2.5592455863952637, 'J_INFORMATION AND COMMUNICATION': -2.828272581100464, 'B_MINING AND QUARRYING': -2.881617307662964}",G
103,Hua Medicine Ltd.1.txt,21.2,Manufacture of pharmaceutical preparations,C,14,16,"{'K_FINANCIAL AND INSURANCE ACTIVITIES': 2.805504322052002, 'G_WHOLESALE AND RETAIL TRADE; REPAIR OF MOTOR VEHICLES AND MOTORCYCLES': 1.564985752105713, 'N_ADMINISTRATIVE AND SUPPORT SERVICE ACTIVITIES': 0.8451117277145386, 'I_ACCOMMODATION AND FOOD SERVICE ACTIVITIES': -0.5369677543640137, 'H_TRANSPORTATION AND STORAGE': -0.6385301947593689, 'L_REAL ESTATE ACTIVITIES': -0.8295865654945374, 'Q_HUMAN HEALTH AND SOCIAL WORK ACTIVITIES': -0.8850153684616089, 'F_CONSTRUCTION': -0.8904520273208618, 'D_ELECTRICITY, GAS, STEAM AND AIR CONDITIONING SUPPLY': -1.4843871593475342, 'M_PROFESSIONAL, SCIENTIFIC AND TECHNICAL ACTIVITIES': -1.5283257961273193, 'E_WATER SUPPLY; SEWERAGE, WASTE MANAGEMENT AND REMEDIATION ACTIVITIES': -1.8278496265411377, 'P_EDUCATION': -1.937212586402893, 'B_MINING AND QUARRYING': -2.5782594680786133, 'A_AGRICULTURE, FORESTRY AND FISHING': -2.599590539932251, 'C_MANUFACTURING': -2.7476205825805664, 'J_INFORMATION AND COMMUNICATION': -3.626103162765503}",K
104,"Save Foods, Inc.1.txt",20.41,"Manufacture of soap and detergents, cleaning and polishing preparations",C,13,16,"{'K_FINANCIAL AND INSURANCE ACTIVITIES': 2.0779621601104736, 'G_WHOLESALE AND RETAIL TRADE; REPAIR OF MOTOR VEHICLES AND MOTORCYCLES': 1.775707483291626, 'N_ADMINISTRATIVE AND SUPPORT SERVICE ACTIVITIES': 1.0002385377883911, 'I_ACCOMMODATION AND FOOD SERVICE ACTIVITIES': -0.24759125709533691, 'H_TRANSPORTATION AND STORAGE': -0.9885568022727966, 'L_REAL ESTATE ACTIVITIES': -1.1931736469268799, 'Q_HUMAN HEALTH AND SOCIAL WORK ACTIVITIES': -1.200669288635254, 'A_AGRICULTURE, FORESTRY AND FISHING': -1.4466042518615723, 'M_PROFESSIONAL, SCIENTIFIC AND TECHNICAL ACTIVITIES': -1.501796841621399, 'D_ELECTRICITY, GAS, STEAM AND AIR CONDITIONING SUPPLY': -1.588942527770996, 'E_WATER SUPPLY; SEWERAGE, WASTE MANAGEMENT AND REMEDIATION ACTIVITIES': -1.6122429370880127, 'F_CONSTRUCTION': -1.9118211269378662, 'P_EDUCATION': -1.946254014968872, 'C_MANUFACTURING': -2.1840004920959473, 'B_MINING AND QUARRYING': -2.5628514289855957, 'J_INFORMATION AND COMMUNICATION': -3.382347583770752}",K
105,"Sypris Solutions, Inc.1.txt",29.31,Manufacture of electrical and electronic equipment for motor vehicles,C,11,16,"{'K_FINANCIAL AND INSURANCE ACTIVITIES': 2.210658311843872, 'G_WHOLESALE AND RETAIL TRADE; REPAIR OF MOTOR VEHICLES AND MOTORCYCLES': 1.6280378103256226, 'N_ADMINISTRATIVE AND SUPPORT SERVICE ACTIVITIES': 0.7874154448509216, 'H_TRANSPORTATION AND STORAGE': -0.4719521403312683, 'I_ACCOMMODATION AND FOOD SERVICE ACTIVITIES': -0.8594313859939575, 'F_CONSTRUCTION': -1.0043178796768188, 'Q_HUMAN HEALTH AND SOCIAL WORK ACTIVITIES': -1.1383825540542603, 'D_ELECTRICITY, GAS, STEAM AND AIR CONDITIONING SUPPLY': -1.1618741750717163, 'L_REAL ESTATE ACTIVITIES': -1.2915425300598145, 'M_PROFESSIONAL, SCIENTIFIC AND TECHNICAL ACTIVITIES': -1.4419615268707275, 'E_WATER SUPPLY; SEWERAGE, WASTE MANAGEMENT AND REMEDIATION ACTIVITIES': -1.4457210302352905, 'C_MANUFACTURING': -1.6296237707138062, 'P_EDUCATION': -1.9502546787261963, 'B_MINING AND QUARRYING': -2.1685667037963867, 'A_AGRICULTURE, FORESTRY AND FISHING': -2.4122581481933594, 'J_INFORMATION AND COMMUNICATION': -3.708604574203491}",K
106,Neste Corporation2.txt,19.2,Manufacture of refined petroleum products,C,12,16,"{'K_FINANCIAL AND INSURANCE ACTIVITIES': 2.368380308151245, 'G_WHOLESALE AND RETAIL TRADE; REPAIR OF MOTOR VEHICLES AND MOTORCYCLES': 1.3317185640335083, 'N_ADMINISTRATIVE AND SUPPORT SERVICE ACTIVITIES': 0.46604761481285095, 'H_TRANSPORTATION AND STORAGE': -0.4161383807659149, 'D_ELECTRICITY, GAS, STEAM AND AIR CONDITIONING SUPPLY': -0.4330886900424957, 'E_WATER SUPPLY; SEWERAGE, WASTE MANAGEMENT AND REMEDIATION ACTIVITIES': -0.8273406028747559, 'F_CONSTRUCTION': -1.0232329368591309, 'I_ACCOMMODATION AND FOOD SERVICE ACTIVITIES': -1.125291347503662, 'B_MINING AND QUARRYING': -1.362095594406128, 'L_REAL ESTATE ACTIVITIES': -1.5834989547729492, 'Q_HUMAN HEALTH AND SOCIAL WORK ACTIVITIES': -1.5989627838134766, 'M_PROFESSIONAL, SCIENTIFIC AND TECHNICAL ACTIVITIES': -1.6298365592956543, 'C_MANUFACTURING': -1.8956100940704346, 'A_AGRICULTURE, FORESTRY AND FISHING': -2.110239267349243, 'P_EDUCATION': -2.550821542739868, 'J_INFORMATION AND COMMUNICATION': -3.901275873184204}",K
107,Siemens Energy AG1.txt,27.33,Manufacture of wiring devices,C,12,16,"{'K_FINANCIAL AND INSURANCE ACTIVITIES': 1.9436765909194946, 'G_WHOLESALE AND RETAIL TRADE; REPAIR OF MOTOR VEHICLES AND MOTORCYCLES': 0.5604330897331238, 'N_ADMINISTRATIVE AND SUPPORT SERVICE ACTIVITIES': 0.3004918098449707, 'D_ELECTRICITY, GAS, STEAM AND AIR CONDITIONING SUPPLY': -0.01731685921549797, 'F_CONSTRUCTION': -0.4974285066127777, 'H_TRANSPORTATION AND STORAGE': -0.609516441822052, 'I_ACCOMMODATION AND FOOD SERVICE ACTIVITIES': -1.0285143852233887, 'M_PROFESSIONAL, SCIENTIFIC AND TECHNICAL ACTIVITIES': -1.0895527601242065, 'E_WATER SUPPLY; SEWERAGE, WASTE MANAGEMENT AND REMEDIATION ACTIVITIES': -1.2315270900726318, 'L_REAL ESTATE ACTIVITIES': -1.4316041469573975, 'Q_HUMAN HEALTH AND SOCIAL WORK ACTIVITIES': -1.5823140144348145, 'B_MINING AND QUARRYING': -1.939000129699707, 'C_MANUFACTURING': -2.1452207565307617, 'P_EDUCATION': -2.221724271774292, 'A_AGRICULTURE, FORESTRY AND FISHING': -2.5431344509124756, 'J_INFORMATION AND COMMUNICATION': -3.3223154544830322}",K
108,i-Tail Corporation Public Company Limited1.txt,10.2,"Processing and preserving of fish, crustaceans and molluscs",C,8,16,"{'P_EDUCATION': 3.008172035217285, 'G_WHOLESALE AND RETAIL TRADE; REPAIR OF MOTOR VEHICLES AND MOTORCYCLES': 1.296191930770874, 'K_FINANCIAL AND INSURANCE ACTIVITIES': 0.07732946425676346, 'N_ADMINISTRATIVE AND SUPPORT SERVICE ACTIVITIES': -0.19806328415870667, 'Q_HUMAN HEALTH AND SOCIAL WORK ACTIVITIES': -0.2703370749950409, 'I_ACCOMMODATION AND FOOD SERVICE ACTIVITIES': -0.5046221613883972, 'F_CONSTRUCTION': -1.0313009023666382, 'M_PROFESSIONAL, SCIENTIFIC AND TECHNICAL ACTIVITIES': -1.1062211990356445, 'C_MANUFACTURING': -1.6664485931396484, 'D_ELECTRICITY, GAS, STEAM AND AIR CONDITIONING SUPPLY': -1.7696027755737305, 'H_TRANSPORTATION AND STORAGE': -1.868154764175415, 'L_REAL ESTATE ACTIVITIES': -2.380845546722412, 'J_INFORMATION AND COMMUNICATION': -2.710157871246338, 'A_AGRICULTURE, FORESTRY AND FISHING': -2.818739891052246, 'E_WATER SUPPLY; SEWERAGE, WASTE MANAGEMENT AND REMEDIATION ACTIVITIES': -3.2153570652008057, 'B_MINING AND QUARRYING': -3.568369150161743}",P
109,PT Cisadane Sawit Raya Tbk1.txt,10.41,Manufacture of oils and fats,C,11,16,"{'G_WHOLESALE AND RETAIL TRADE; REPAIR OF MOTOR VEHICLES AND MOTORCYCLES': 2.2082231044769287, 'K_FINANCIAL AND INSURANCE ACTIVITIES': 1.1772724390029907, 'N_ADMINISTRATIVE AND SUPPORT SERVICE ACTIVITIES': 0.29688727855682373, 'H_TRANSPORTATION AND STORAGE': -0.38336920738220215, 'F_CONSTRUCTION': -0.42428943514823914, 'Q_HUMAN HEALTH AND SOCIAL WORK ACTIVITIES': -0.8476254343986511, 'I_ACCOMMODATION AND FOOD SERVICE ACTIVITIES': -1.010677456855774, 'D_ELECTRICITY, GAS, STEAM AND AIR CONDITIONING SUPPLY': -1.0461629629135132, 'L_REAL ESTATE ACTIVITIES': -1.5153943300247192, 'E_WATER SUPPLY; SEWERAGE, WASTE MANAGEMENT AND REMEDIATION ACTIVITIES': -1.5886306762695312, 'P_EDUCATION': -1.6549372673034668, 'C_MANUFACTURING': -1.6763372421264648, 'M_PROFESSIONAL, SCIENTIFIC AND TECHNICAL ACTIVITIES': -1.8003519773483276, 'A_AGRICULTURE, FORESTRY AND FISHING': -1.8100594282150269, 'B_MINING AND QUARRYING': -2.3004984855651855, 'J_INFORMATION AND COMMUNICATION': -3.599081516265869}",G
110,Frontken Corp. Bhd.1.txt,26.11,Manufacture of electronic components,C,5,16,"{'K_FINANCIAL AND INSURANCE ACTIVITIES': 0.8245760202407837, 'G_WHOLESALE AND RETAIL TRADE; REPAIR OF MOTOR VEHICLES AND MOTORCYCLES': 0.8119254112243652, 'N_ADMINISTRATIVE AND SUPPORT SERVICE ACTIVITIES': 0.596285343170166, 'M_PROFESSIONAL, SCIENTIFIC AND TECHNICAL ACTIVITIES': -0.12720878422260284, 'E_WATER SUPPLY; SEWERAGE, WASTE MANAGEMENT AND REMEDIATION ACTIVITIES': -0.49262210726737976, 'C_MANUFACTURING': -0.9918103218078613, 'D_ELECTRICITY, GAS, STEAM AND AIR CONDITIONING SUPPLY': -1.046683430671692, 'F_CONSTRUCTION': -1.102479100227356, 'I_ACCOMMODATION AND FOOD SERVICE ACTIVITIES': -1.193719506263733, 'H_TRANSPORTATION AND STORAGE': -1.2708134651184082, 'Q_HUMAN HEALTH AND SOCIAL WORK ACTIVITIES': -1.8346288204193115, 'P_EDUCATION': -1.9262267351150513, 'L_REAL ESTATE ACTIVITIES': -2.0284805297851562, 'A_AGRICULTURE, FORESTRY AND FISHING': -2.1450111865997314, 'B_MINING AND QUARRYING': -2.236297369003296, 'J_INFORMATION AND COMMUNICATION': -2.656202554702759}",K
111,Avalon Technologies Limited1.txt,27.12,Manufacture of electricity distribution and control apparatus,C,14,16,"{'K_FINANCIAL AND INSURANCE ACTIVITIES': 2.724003791809082, 'I_ACCOMMODATION AND FOOD SERVICE ACTIVITIES': 0.8032490611076355, 'N_ADMINISTRATIVE AND SUPPORT SERVICE ACTIVITIES': 0.6806868314743042, 'G_WHOLESALE AND RETAIL TRADE; REPAIR OF MOTOR VEHICLES AND MOTORCYCLES': 0.4187087416648865, 'L_REAL ESTATE ACTIVITIES': 0.2023789882659912, 'H_TRANSPORTATION AND STORAGE': -0.5578305125236511, 'E_WATER SUPPLY; SEWERAGE, WASTE MANAGEMENT AND REMEDIATION ACTIVITIES': -0.9664982557296753, 'F_CONSTRUCTION': -1.2842803001403809, 'D_ELECTRICITY, GAS, STEAM AND AIR CONDITIONING SUPPLY': -1.5396158695220947, 'M_PROFESSIONAL, SCIENTIFIC AND TECHNICAL ACTIVITIES': -1.9567333459854126, 'Q_HUMAN HEALTH AND SOCIAL WORK ACTIVITIES': -2.1566340923309326, 'A_AGRICULTURE, FORESTRY AND FISHING': -2.302117109298706, 'B_MINING AND QUARRYING': -2.42280912399292, 'P_EDUCATION': -2.5267813205718994, 'C_MANUFACTURING': -3.1883585453033447, 'J_INFORMATION AND COMMUNICATION': -3.4306604862213135}",K
112,Park Aerospace Corp.1.txt,30.3,Manufacture of air and spacecraft and related machinery,C,7,16,"{'K_FINANCIAL AND INSURANCE ACTIVITIES': 2.277517557144165, 'G_WHOLESALE AND RETAIL TRADE; REPAIR OF MOTOR VEHICLES AND MOTORCYCLES': 1.6313152313232422, 'N_ADMINISTRATIVE AND SUPPORT SERVICE ACTIVITIES': 0.7692055106163025, 'H_TRANSPORTATION AND STORAGE': -0.4380458891391754, 'I_ACCOMMODATION AND FOOD SERVICE ACTIVITIES': -0.9977400302886963, 'F_CONSTRUCTION': -1.1378453969955444, 'E_WATER SUPPLY; SEWERAGE, WASTE MANAGEMENT AND REMEDIATION ACTIVITIES': -1.2045310735702515, 'C_MANUFACTURING': -1.316922903060913, 'D_ELECTRICITY, GAS, STEAM AND AIR CONDITIONING SUPPLY': -1.3397150039672852, 'L_REAL ESTATE ACTIVITIES': -1.379213809967041, 'Q_HUMAN HEALTH AND SOCIAL WORK ACTIVITIES': -1.4070643186569214, 'M_PROFESSIONAL, SCIENTIFIC AND TECHNICAL ACTIVITIES': -1.6047821044921875, 'P_EDUCATION': -2.1930320262908936, 'B_MINING AND QUARRYING': -2.201303720474243, 'A_AGRICULTURE, FORESTRY AND FISHING': -2.3312807083129883, 'J_INFORMATION AND COMMUNICATION': -3.873867988586426}",K
113,PT Surya Esa Perkasa Tbk1.txt,19.2,Manufacture of refined petroleum products,C,9,16,"{'G_WHOLESALE AND RETAIL TRADE; REPAIR OF MOTOR VEHICLES AND MOTORCYCLES': 2.2109153270721436, 'K_FINANCIAL AND INSURANCE ACTIVITIES': 1.2339115142822266, 'N_ADMINISTRATIVE AND SUPPORT SERVICE ACTIVITIES': 0.3442559540271759, 'F_CONSTRUCTION': -0.08425090461969376, 'H_TRANSPORTATION AND STORAGE': -0.1374780684709549, 'D_ELECTRICITY, GAS, STEAM AND AIR CONDITIONING SUPPLY': -0.7174302339553833, 'Q_HUMAN HEALTH AND SOCIAL WORK ACTIVITIES': -1.0014877319335938, 'I_ACCOMMODATION AND FOOD SERVICE ACTIVITIES': -1.1567490100860596, 'E_WATER SUPPLY; SEWERAGE, WASTE MANAGEMENT AND REMEDIATION ACTIVITIES': -1.3708969354629517, 'C_MANUFACTURING': -1.5906708240509033, 'L_REAL ESTATE ACTIVITIES': -1.6385607719421387, 'P_EDUCATION': -1.8373826742172241, 'M_PROFESSIONAL, SCIENTIFIC AND TECHNICAL ACTIVITIES': -1.8963873386383057, 'B_MINING AND QUARRYING': -2.1597068309783936, 'A_AGRICULTURE, FORESTRY AND FISHING': -2.547182559967041, 'J_INFORMATION AND COMMUNICATION': -3.770097255706787}",G
114,"Analog Devices, Inc.1.txt",26.11,Manufacture of electronic components,C,12,16,"{'K_FINANCIAL AND INSURANCE ACTIVITIES': 2.8015453815460205, 'G_WHOLESALE AND RETAIL TRADE; REPAIR OF MOTOR VEHICLES AND MOTORCYCLES': 1.696701169013977, 'N_ADMINISTRATIVE AND SUPPORT SERVICE ACTIVITIES': 0.9461521506309509, 'Q_HUMAN HEALTH AND SOCIAL WORK ACTIVITIES': -0.44616636633872986, 'H_TRANSPORTATION AND STORAGE': -0.788195788860321, 'I_ACCOMMODATION AND FOOD SERVICE ACTIVITIES': -0.9388193488121033, 'L_REAL ESTATE ACTIVITIES': -1.0528810024261475, 'M_PROFESSIONAL, SCIENTIFIC AND TECHNICAL ACTIVITIES': -1.1403220891952515, 'F_CONSTRUCTION': -1.2371724843978882, 'D_ELECTRICITY, GAS, STEAM AND AIR CONDITIONING SUPPLY': -1.4329917430877686, 'E_WATER SUPPLY; SEWERAGE, WASTE MANAGEMENT AND REMEDIATION ACTIVITIES': -1.7698352336883545, 'P_EDUCATION': -1.8340030908584595, 'C_MANUFACTURING': -2.35758113861084, 'B_MINING AND QUARRYING': -2.4961507320404053, 'A_AGRICULTURE, FORESTRY AND FISHING': -2.5561797618865967, 'J_INFORMATION AND COMMUNICATION': -3.7174925804138184}",K
115,New Focus Auto Tech Holdings Limited1.txt,29.31,Manufacture of electrical and electronic equipment for motor vehicles,C,12,16,"{'K_FINANCIAL AND INSURANCE ACTIVITIES': 2.5418872833251953, 'G_WHOLESALE AND RETAIL TRADE; REPAIR OF MOTOR VEHICLES AND MOTORCYCLES': 2.035579204559326, 'N_ADMINISTRATIVE AND SUPPORT SERVICE ACTIVITIES': 0.9013808369636536, 'H_TRANSPORTATION AND STORAGE': -0.4325138330459595, 'L_REAL ESTATE ACTIVITIES': -0.6234347820281982, 'I_ACCOMMODATION AND FOOD SERVICE ACTIVITIES': -0.7198711633682251, 'F_CONSTRUCTION': -0.9316649436950684, 'Q_HUMAN HEALTH AND SOCIAL WORK ACTIVITIES': -1.1488929986953735, 'E_WATER SUPPLY; SEWERAGE, WASTE MANAGEMENT AND REMEDIATION ACTIVITIES': -1.4344139099121094, 'D_ELECTRICITY, GAS, STEAM AND AIR CONDITIONING SUPPLY': -1.4818127155303955, 'M_PROFESSIONAL, SCIENTIFIC AND TECHNICAL ACTIVITIES': -1.7334120273590088, 'P_EDUCATION': -2.1187047958374023, 'C_MANUFACTURING': -2.302741050720215, 'A_AGRICULTURE, FORESTRY AND FISHING': -2.461780071258545, 'B_MINING AND QUARRYING': -2.4853453636169434, 'J_INFORMATION AND COMMUNICATION': -3.875823736190796}",K
116,TME Pharma N.V.2.txt,21.1,Manufacture of basic pharmaceutical products,C,13,16,"{'K_FINANCIAL AND INSURANCE ACTIVITIES': 1.276369571685791, 'G_WHOLESALE AND RETAIL TRADE; REPAIR OF MOTOR VEHICLES AND MOTORCYCLES': 1.1915607452392578, 'N_ADMINISTRATIVE AND SUPPORT SERVICE ACTIVITIES': 1.1205151081085205, 'I_ACCOMMODATION AND FOOD SERVICE ACTIVITIES': -0.2656526565551758, 'M_PROFESSIONAL, SCIENTIFIC AND TECHNICAL ACTIVITIES': -0.9364999532699585, 'Q_HUMAN HEALTH AND SOCIAL WORK ACTIVITIES': -1.1029574871063232, 'D_ELECTRICITY, GAS, STEAM AND AIR CONDITIONING SUPPLY': -1.3817930221557617, 'H_TRANSPORTATION AND STORAGE': -1.560009479522705, 'P_EDUCATION': -1.7403815984725952, 'J_INFORMATION AND COMMUNICATION': -1.884036660194397, 'F_CONSTRUCTION': -2.0952892303466797, 'E_WATER SUPPLY; SEWERAGE, WASTE MANAGEMENT AND REMEDIATION ACTIVITIES': -2.173409938812256, 'L_REAL ESTATE ACTIVITIES': -2.3801488876342773, 'C_MANUFACTURING': -2.5551648139953613, 'A_AGRICULTURE, FORESTRY AND FISHING': -2.717099189758301, 'B_MINING AND QUARRYING': -3.454942226409912}",K
117,Monno Ceramic Industries Limited.1.txt,23.41,Manufacture of ceramic household and ornamental articles,C,11,16,"{'K_FINANCIAL AND INSURANCE ACTIVITIES': 2.7337429523468018, 'G_WHOLESALE AND RETAIL TRADE; REPAIR OF MOTOR VEHICLES AND MOTORCYCLES': 1.813944935798645, 'N_ADMINISTRATIVE AND SUPPORT SERVICE ACTIVITIES': 0.7330736517906189, 'H_TRANSPORTATION AND STORAGE': 0.28585994243621826, 'F_CONSTRUCTION': -0.6611151695251465, 'I_ACCOMMODATION AND FOOD SERVICE ACTIVITIES': -0.6859123706817627, 'L_REAL ESTATE ACTIVITIES': -0.8454164266586304, 'D_ELECTRICITY, GAS, STEAM AND AIR CONDITIONING SUPPLY': -1.2386292219161987, 'E_WATER SUPPLY; SEWERAGE, WASTE MANAGEMENT AND REMEDIATION ACTIVITIES': -1.3038370609283447, 'Q_HUMAN HEALTH AND SOCIAL WORK ACTIVITIES': -1.4705312252044678, 'M_PROFESSIONAL, SCIENTIFIC AND TECHNICAL ACTIVITIES': -1.894494891166687, 'C_MANUFACTURING': -1.9277114868164062, 'B_MINING AND QUARRYING': -2.1149325370788574, 'P_EDUCATION': -2.1877384185791016, 'A_AGRICULTURE, FORESTRY AND FISHING': -2.3358373641967773, 'J_INFORMATION AND COMMUNICATION': -3.9550275802612305}",K
118,"Hakudo Co., Ltd.3.txt",24.42,Aluminium production,C,3,16,"{'G_WHOLESALE AND RETAIL TRADE; REPAIR OF MOTOR VEHICLES AND MOTORCYCLES': 2.6689915657043457, 'K_FINANCIAL AND INSURANCE ACTIVITIES': 1.184838891029358, 'N_ADMINISTRATIVE AND SUPPORT SERVICE ACTIVITIES': 0.8553637862205505, 'C_MANUFACTURING': 0.04093870893120766, 'H_TRANSPORTATION AND STORAGE': -0.5254496335983276, 'F_CONSTRUCTION': -1.1753822565078735, 'M_PROFESSIONAL, SCIENTIFIC AND TECHNICAL ACTIVITIES': -1.2720741033554077, 'E_WATER SUPPLY; SEWERAGE, WASTE MANAGEMENT AND REMEDIATION ACTIVITIES': -1.3421039581298828, 'D_ELECTRICITY, GAS, STEAM AND AIR CONDITIONING SUPPLY': -1.4703060388565063, 'Q_HUMAN HEALTH AND SOCIAL WORK ACTIVITIES': -1.52642822265625, 'I_ACCOMMODATION AND FOOD SERVICE ACTIVITIES': -1.6732432842254639, 'P_EDUCATION': -1.7539006471633911, 'L_REAL ESTATE ACTIVITIES': -2.218510627746582, 'B_MINING AND QUARRYING': -2.375006675720215, 'A_AGRICULTURE, FORESTRY AND FISHING': -2.5701241493225098, 'J_INFORMATION AND COMMUNICATION': -3.9755749702453613}",G
119,GS Holdings Ltd. (Singapore)1.txt,10.89,Manufacture of other food products n.e.c.,C,14,16,"{'K_FINANCIAL AND INSURANCE ACTIVITIES': 3.141605854034424, 'G_WHOLESALE AND RETAIL TRADE; REPAIR OF MOTOR VEHICLES AND MOTORCYCLES': 1.4981589317321777, 'N_ADMINISTRATIVE AND SUPPORT SERVICE ACTIVITIES': 1.0325775146484375, 'I_ACCOMMODATION AND FOOD SERVICE ACTIVITIES': 0.20764724910259247, 'H_TRANSPORTATION AND STORAGE': -0.47197258472442627, 'L_REAL ESTATE ACTIVITIES': -0.48326897621154785, 'Q_HUMAN HEALTH AND SOCIAL WORK ACTIVITIES': -0.849026083946228, 'F_CONSTRUCTION': -1.23067045211792, 'D_ELECTRICITY, GAS, STEAM AND AIR CONDITIONING SUPPLY': -1.6803021430969238, 'M_PROFESSIONAL, SCIENTIFIC AND TECHNICAL ACTIVITIES': -1.796086311340332, 'P_EDUCATION': -1.9053876399993896, 'E_WATER SUPPLY; SEWERAGE, WASTE MANAGEMENT AND REMEDIATION ACTIVITIES': -1.9167625904083252, 'A_AGRICULTURE, FORESTRY AND FISHING': -2.504737615585327, 'B_MINING AND QUARRYING': -2.5523037910461426, 'C_MANUFACTURING': -3.1044774055480957, 'J_INFORMATION AND COMMUNICATION': -3.672947883605957}",K
120,"Puget Technologies, Inc.1.txt",13.99,Manufacture of other textiles n.e.c.,C,13,16,"{'K_FINANCIAL AND INSURANCE ACTIVITIES': 1.5245349407196045, 'G_WHOLESALE AND RETAIL TRADE; REPAIR OF MOTOR VEHICLES AND MOTORCYCLES': 0.8163813948631287, 'N_ADMINISTRATIVE AND SUPPORT SERVICE ACTIVITIES': -0.04679309204220772, 'D_ELECTRICITY, GAS, STEAM AND AIR CONDITIONING SUPPLY': -0.437745064496994, 'H_TRANSPORTATION AND STORAGE': -0.5491755604743958, 'I_ACCOMMODATION AND FOOD SERVICE ACTIVITIES': -0.6073629856109619, 'F_CONSTRUCTION': -0.7722218632698059, 'E_WATER SUPPLY; SEWERAGE, WASTE MANAGEMENT AND REMEDIATION ACTIVITIES': -0.8667406439781189, 'L_REAL ESTATE ACTIVITIES': -0.9656299948692322, 'Q_HUMAN HEALTH AND SOCIAL WORK ACTIVITIES': -1.1245001554489136, 'M_PROFESSIONAL, SCIENTIFIC AND TECHNICAL ACTIVITIES': -1.5464613437652588, 'P_EDUCATION': -2.090729236602783, 'B_MINING AND QUARRYING': -2.101655960083008, 'C_MANUFACTURING': -2.2503409385681152, 'A_AGRICULTURE, FORESTRY AND FISHING': -2.2759628295898438, 'J_INFORMATION AND COMMUNICATION': -3.098400115966797}",K
121,InTiCa Systems AG2.txt,29.31,Manufacture of electrical and electronic equipment for motor vehicles,C,9,16,"{'G_WHOLESALE AND RETAIL TRADE; REPAIR OF MOTOR VEHICLES AND MOTORCYCLES': 1.3539456129074097, 'D_ELECTRICITY, GAS, STEAM AND AIR CONDITIONING SUPPLY': 0.4394509196281433, 'Q_HUMAN HEALTH AND SOCIAL WORK ACTIVITIES': 0.16368308663368225, 'N_ADMINISTRATIVE AND SUPPORT SERVICE ACTIVITIES': 0.15195412933826447, 'M_PROFESSIONAL, SCIENTIFIC AND TECHNICAL ACTIVITIES': -0.03035559691488743, 'K_FINANCIAL AND INSURANCE ACTIVITIES': -0.08586037158966064, 'F_CONSTRUCTION': -0.8657663464546204, 'P_EDUCATION': -1.2346820831298828, 'H_TRANSPORTATION AND STORAGE': -1.2547829151153564, 'C_MANUFACTURING': -1.271263599395752, 'I_ACCOMMODATION AND FOOD SERVICE ACTIVITIES': -1.7323615550994873, 'E_WATER SUPPLY; SEWERAGE, WASTE MANAGEMENT AND REMEDIATION ACTIVITIES': -1.9137582778930664, 'B_MINING AND QUARRYING': -2.3555283546447754, 'L_REAL ESTATE ACTIVITIES': -2.6232528686523438, 'J_INFORMATION AND COMMUNICATION': -2.637909412384033, 'A_AGRICULTURE, FORESTRY AND FISHING': -2.8403401374816895}",G
122,Boubyan Petrochemical Co. (K.S.C.)1.txt,20.14,Manufacture of other organic basic chemicals,C,14,16,"{'K_FINANCIAL AND INSURANCE ACTIVITIES': 3.3827149868011475, 'G_WHOLESALE AND RETAIL TRADE; REPAIR OF MOTOR VEHICLES AND MOTORCYCLES': 1.1997874975204468, 'N_ADMINISTRATIVE AND SUPPORT SERVICE ACTIVITIES': 1.0477912425994873, 'I_ACCOMMODATION AND FOOD SERVICE ACTIVITIES': -0.46786949038505554, 'H_TRANSPORTATION AND STORAGE': -0.6293386816978455, 'L_REAL ESTATE ACTIVITIES': -0.7727988362312317, 'F_CONSTRUCTION': -1.1129770278930664, 'Q_HUMAN HEALTH AND SOCIAL WORK ACTIVITIES': -1.2144170999526978, 'M_PROFESSIONAL, SCIENTIFIC AND TECHNICAL ACTIVITIES': -1.4174431562423706, 'D_ELECTRICITY, GAS, STEAM AND AIR CONDITIONING SUPPLY': -1.5384070873260498, 'E_WATER SUPPLY; SEWERAGE, WASTE MANAGEMENT AND REMEDIATION ACTIVITIES': -1.54197359085083, 'P_EDUCATION': -1.7914693355560303, 'B_MINING AND QUARRYING': -2.297518253326416, 'A_AGRICULTURE, FORESTRY AND FISHING': -2.3476297855377197, 'C_MANUFACTURING': -2.6839311122894287, 'J_INFORMATION AND COMMUNICATION': -3.6857516765594482}",K
123,Clean Seed Capital Group Ltd.1.txt,28.3,Manufacture of agricultural and forestry machinery,C,8,16,"{'A_AGRICULTURE, FORESTRY AND FISHING': 3.072575807571411, 'K_FINANCIAL AND INSURANCE ACTIVITIES': 0.7518832683563232, 'G_WHOLESALE AND RETAIL TRADE; REPAIR OF MOTOR VEHICLES AND MOTORCYCLES': 0.35180193185806274, 'N_ADMINISTRATIVE AND SUPPORT SERVICE ACTIVITIES': -0.12202385067939758, 'M_PROFESSIONAL, SCIENTIFIC AND TECHNICAL ACTIVITIES': -0.933594286441803, 'I_ACCOMMODATION AND FOOD SERVICE ACTIVITIES': -0.9457479119300842, 'E_WATER SUPPLY; SEWERAGE, WASTE MANAGEMENT AND REMEDIATION ACTIVITIES': -1.0588849782943726, 'D_ELECTRICITY, GAS, STEAM AND AIR CONDITIONING SUPPLY': -1.0988510847091675, 'C_MANUFACTURING': -1.240893840789795, 'L_REAL ESTATE ACTIVITIES': -1.7096803188323975, 'B_MINING AND QUARRYING': -1.719273328781128, 'H_TRANSPORTATION AND STORAGE': -1.8663852214813232, 'P_EDUCATION': -2.374232053756714, 'Q_HUMAN HEALTH AND SOCIAL WORK ACTIVITIES': -2.4444212913513184, 'J_INFORMATION AND COMMUNICATION': -2.736712694168091, 'F_CONSTRUCTION': -3.0199286937713623}",A
124,Ubon Bio Ethanol Public Company Limited1.txt,19.2,Manufacture of refined petroleum products,C,5,16,"{'G_WHOLESALE AND RETAIL TRADE; REPAIR OF MOTOR VEHICLES AND MOTORCYCLES': 5.665615081787109, 'K_FINANCIAL AND INSURANCE ACTIVITIES': 1.3041795492172241, 'N_ADMINISTRATIVE AND SUPPORT SERVICE ACTIVITIES': 1.0558737516403198, 'Q_HUMAN HEALTH AND SOCIAL WORK ACTIVITIES': -0.16241148114204407, 'H_TRANSPORTATION AND STORAGE': -0.6563040018081665, 'C_MANUFACTURING': -1.44839346408844, 'I_ACCOMMODATION AND FOOD SERVICE ACTIVITIES': -1.4540698528289795, 'F_CONSTRUCTION': -1.509518027305603, 'D_ELECTRICITY, GAS, STEAM AND AIR CONDITIONING SUPPLY': -1.517788052558899, 'P_EDUCATION': -1.5982437133789062, 'L_REAL ESTATE ACTIVITIES': -1.8599779605865479, 'E_WATER SUPPLY; SEWERAGE, WASTE MANAGEMENT AND REMEDIATION ACTIVITIES': -1.8782445192337036, 'A_AGRICULTURE, FORESTRY AND FISHING': -2.732130527496338, 'M_PROFESSIONAL, SCIENTIFIC AND TECHNICAL ACTIVITIES': -2.9741322994232178, 'B_MINING AND QUARRYING': -3.1596181392669678, 'J_INFORMATION AND COMMUNICATION': -4.799304008483887}",G
125,Kering SA1.txt,15.12,"Manufacture of luggage, handbags and the like, saddlery and harness",C,14,16,"{'K_FINANCIAL AND INSURANCE ACTIVITIES': 3.0515294075012207, 'G_WHOLESALE AND RETAIL TRADE; REPAIR OF MOTOR VEHICLES AND MOTORCYCLES': 2.361711263656616, 'N_ADMINISTRATIVE AND SUPPORT SERVICE ACTIVITIES': 1.3197579383850098, 'I_ACCOMMODATION AND FOOD SERVICE ACTIVITIES': -0.24939171969890594, 'H_TRANSPORTATION AND STORAGE': -0.44415155053138733, 'L_REAL ESTATE ACTIVITIES': -0.7559614181518555, 'Q_HUMAN HEALTH AND SOCIAL WORK ACTIVITIES': -1.0757112503051758, 'F_CONSTRUCTION': -1.3339347839355469, 'D_ELECTRICITY, GAS, STEAM AND AIR CONDITIONING SUPPLY': -1.7222973108291626, 'E_WATER SUPPLY; SEWERAGE, WASTE MANAGEMENT AND REMEDIATION ACTIVITIES': -1.8338731527328491, 'M_PROFESSIONAL, SCIENTIFIC AND TECHNICAL ACTIVITIES': -2.0199644565582275, 'P_EDUCATION': -2.076294422149658, 'A_AGRICULTURE, FORESTRY AND FISHING': -2.5617756843566895, 'B_MINING AND QUARRYING': -2.6243088245391846, 'C_MANUFACTURING': -2.759380340576172, 'J_INFORMATION AND COMMUNICATION': -4.053827285766602}",K
126,Primo Water Corporation3.txt,11.07,Manufacture of soft drinks; production of mineral waters and other bottled waters,C,5,16,"{'E_WATER SUPPLY; SEWERAGE, WASTE MANAGEMENT AND REMEDIATION ACTIVITIES': 2.5916459560394287, 'N_ADMINISTRATIVE AND SUPPORT SERVICE ACTIVITIES': 0.3389579951763153, 'K_FINANCIAL AND INSURANCE ACTIVITIES': 0.2866925299167633, 'G_WHOLESALE AND RETAIL TRADE; REPAIR OF MOTOR VEHICLES AND MOTORCYCLES': 0.02734118513762951, 'D_ELECTRICITY, GAS, STEAM AND AIR CONDITIONING SUPPLY': -0.3364638686180115, 'C_MANUFACTURING': -0.6274203062057495, 'M_PROFESSIONAL, SCIENTIFIC AND TECHNICAL ACTIVITIES': -0.792768120765686, 'H_TRANSPORTATION AND STORAGE': -0.8969413638114929, 'F_CONSTRUCTION': -0.9325729608535767, 'A_AGRICULTURE, FORESTRY AND FISHING': -1.7682212591171265, 'B_MINING AND QUARRYING': -1.8634487390518188, 'I_ACCOMMODATION AND FOOD SERVICE ACTIVITIES': -1.982458233833313, 'L_REAL ESTATE ACTIVITIES': -2.1290946006774902, 'J_INFORMATION AND COMMUNICATION': -2.81916880607605, 'P_EDUCATION': -3.2195377349853516, 'Q_HUMAN HEALTH AND SOCIAL WORK ACTIVITIES': -3.563326358795166}",E
127,CALIDA Holding AG1.txt,14.14,Manufacture of underwear,C,12,16,"{'K_FINANCIAL AND INSURANCE ACTIVITIES': 2.7946925163269043, 'G_WHOLESALE AND RETAIL TRADE; REPAIR OF MOTOR VEHICLES AND MOTORCYCLES': 1.9884490966796875, 'N_ADMINISTRATIVE AND SUPPORT SERVICE ACTIVITIES': 1.1669219732284546, 'I_ACCOMMODATION AND FOOD SERVICE ACTIVITIES': -0.3720799684524536, 'H_TRANSPORTATION AND STORAGE': -0.3974474370479584, 'Q_HUMAN HEALTH AND SOCIAL WORK ACTIVITIES': -0.9513347148895264, 'L_REAL ESTATE ACTIVITIES': -1.0632563829421997, 'F_CONSTRUCTION': -1.2164819240570068, 'D_ELECTRICITY, GAS, STEAM AND AIR CONDITIONING SUPPLY': -1.599030613899231, 'M_PROFESSIONAL, SCIENTIFIC AND TECHNICAL ACTIVITIES': -1.7765394449234009, 'P_EDUCATION': -1.847858190536499, 'E_WATER SUPPLY; SEWERAGE, WASTE MANAGEMENT AND REMEDIATION ACTIVITIES': -1.849423885345459, 'C_MANUFACTURING': -2.5906832218170166, 'B_MINING AND QUARRYING': -2.595306396484375, 'A_AGRICULTURE, FORESTRY AND FISHING': -2.598238706588745, 'J_INFORMATION AND COMMUNICATION': -3.8047034740448}",K
128,Careplus Group Bhd.1.txt,22.19,Manufacture of other rubber products,C,12,16,"{'K_FINANCIAL AND INSURANCE ACTIVITIES': 2.4895682334899902, 'G_WHOLESALE AND RETAIL TRADE; REPAIR OF MOTOR VEHICLES AND MOTORCYCLES': 1.845963478088379, 'N_ADMINISTRATIVE AND SUPPORT SERVICE ACTIVITIES': 0.6991353631019592, 'H_TRANSPORTATION AND STORAGE': -0.11216338723897934, 'F_CONSTRUCTION': -0.2736274003982544, 'L_REAL ESTATE ACTIVITIES': -0.67204350233078, 'I_ACCOMMODATION AND FOOD SERVICE ACTIVITIES': -0.7354161739349365, 'E_WATER SUPPLY; SEWERAGE, WASTE MANAGEMENT AND REMEDIATION ACTIVITIES': -1.328279972076416, 'D_ELECTRICITY, GAS, STEAM AND AIR CONDITIONING SUPPLY': -1.344796061515808, 'Q_HUMAN HEALTH AND SOCIAL WORK ACTIVITIES': -1.3754891157150269, 'M_PROFESSIONAL, SCIENTIFIC AND TECHNICAL ACTIVITIES': -1.9236671924591064, 'P_EDUCATION': -2.0831496715545654, 'C_MANUFACTURING': -2.246335029602051, 'B_MINING AND QUARRYING': -2.3177149295806885, 'A_AGRICULTURE, FORESTRY AND FISHING': -2.4795689582824707, 'J_INFORMATION AND COMMUNICATION': -3.8534390926361084}",K
129,C.I. Holdings Bhd.1.txt,25.99,Manufacture of other fabricated metal products n.e.c.,C,13,16,"{'K_FINANCIAL AND INSURANCE ACTIVITIES': 2.5775701999664307, 'G_WHOLESALE AND RETAIL TRADE; REPAIR OF MOTOR VEHICLES AND MOTORCYCLES': 1.7344180345535278, 'N_ADMINISTRATIVE AND SUPPORT SERVICE ACTIVITIES': 1.126648187637329, 'H_TRANSPORTATION AND STORAGE': -0.43287017941474915, 'I_ACCOMMODATION AND FOOD SERVICE ACTIVITIES': -0.5245169401168823, 'F_CONSTRUCTION': -0.8603684902191162, 'L_REAL ESTATE ACTIVITIES': -0.9985666275024414, 'Q_HUMAN HEALTH AND SOCIAL WORK ACTIVITIES': -1.0338103771209717, 'M_PROFESSIONAL, SCIENTIFIC AND TECHNICAL ACTIVITIES': -1.540723204612732, 'D_ELECTRICITY, GAS, STEAM AND AIR CONDITIONING SUPPLY': -1.5775421857833862, 'E_WATER SUPPLY; SEWERAGE, WASTE MANAGEMENT AND REMEDIATION ACTIVITIES': -1.6047712564468384, 'P_EDUCATION': -1.9975773096084595, 'B_MINING AND QUARRYING': -2.4409167766571045, 'C_MANUFACTURING': -2.5346925258636475, 'A_AGRICULTURE, FORESTRY AND FISHING': -2.5590767860412598, 'J_INFORMATION AND COMMUNICATION': -3.6828761100769043}",K
130,Sidma Steel S.A.1.txt,19.1,Manufacture of coke oven products,C,11,16,"{'K_FINANCIAL AND INSURANCE ACTIVITIES': 2.67651629447937, 'G_WHOLESALE AND RETAIL TRADE; REPAIR OF MOTOR VEHICLES AND MOTORCYCLES': 1.6419106721878052, 'N_ADMINISTRATIVE AND SUPPORT SERVICE ACTIVITIES': 0.9225740432739258, 'H_TRANSPORTATION AND STORAGE': -0.3971545398235321, 'I_ACCOMMODATION AND FOOD SERVICE ACTIVITIES': -0.895678699016571, 'F_CONSTRUCTION': -0.8998120427131653, 'L_REAL ESTATE ACTIVITIES': -1.0970466136932373, 'D_ELECTRICITY, GAS, STEAM AND AIR CONDITIONING SUPPLY': -1.370192527770996, 'E_WATER SUPPLY; SEWERAGE, WASTE MANAGEMENT AND REMEDIATION ACTIVITIES': -1.3855385780334473, 'Q_HUMAN HEALTH AND SOCIAL WORK ACTIVITIES': -1.3907902240753174, 'M_PROFESSIONAL, SCIENTIFIC AND TECHNICAL ACTIVITIES': -1.4383587837219238, 'C_MANUFACTURING': -1.871452808380127, 'P_EDUCATION': -2.1534807682037354, 'B_MINING AND QUARRYING': -2.1558353900909424, 'A_AGRICULTURE, FORESTRY AND FISHING': -2.3676600456237793, 'J_INFORMATION AND COMMUNICATION': -3.785543918609619}",K
131,"A-JIN INDUSTRY CO.,LTD2.txt",29.31,Manufacture of electrical and electronic equipment for motor vehicles,C,12,16,"{'K_FINANCIAL AND INSURANCE ACTIVITIES': 2.6248679161071777, 'G_WHOLESALE AND RETAIL TRADE; REPAIR OF MOTOR VEHICLES AND MOTORCYCLES': 1.0268299579620361, 'N_ADMINISTRATIVE AND SUPPORT SERVICE ACTIVITIES': 0.30372118949890137, 'B_MINING AND QUARRYING': -0.39859336614608765, 'H_TRANSPORTATION AND STORAGE': -0.4974207580089569, 'F_CONSTRUCTION': -0.551162838935852, 'D_ELECTRICITY, GAS, STEAM AND AIR CONDITIONING SUPPLY': -0.8087348341941833, 'I_ACCOMMODATION AND FOOD SERVICE ACTIVITIES': -1.0813709497451782, 'L_REAL ESTATE ACTIVITIES': -1.1409094333648682, 'E_WATER SUPPLY; SEWERAGE, WASTE MANAGEMENT AND REMEDIATION ACTIVITIES': -1.2183194160461426, 'Q_HUMAN HEALTH AND SOCIAL WORK ACTIVITIES': -1.5261131525039673, 'M_PROFESSIONAL, SCIENTIFIC AND TECHNICAL ACTIVITIES': -1.5826027393341064, 'C_MANUFACTURING': -2.1842143535614014, 'A_AGRICULTURE, FORESTRY AND FISHING': -2.2081758975982666, 'P_EDUCATION': -2.608328104019165, 'J_INFORMATION AND COMMUNICATION': -4.425836086273193}",K
132,Flour Mills Nigeria Plc2.txt,10.61,Manufacture of grain mill products,C,13,16,"{'K_FINANCIAL AND INSURANCE ACTIVITIES': 3.0619606971740723, 'G_WHOLESALE AND RETAIL TRADE; REPAIR OF MOTOR VEHICLES AND MOTORCYCLES': 1.5962227582931519, 'N_ADMINISTRATIVE AND SUPPORT SERVICE ACTIVITIES': 0.704940676689148, 'H_TRANSPORTATION AND STORAGE': 0.3613443672657013, 'I_ACCOMMODATION AND FOOD SERVICE ACTIVITIES': -0.518038809299469, 'L_REAL ESTATE ACTIVITIES': -0.721671462059021, 'F_CONSTRUCTION': -0.9797452688217163, 'E_WATER SUPPLY; SEWERAGE, WASTE MANAGEMENT AND REMEDIATION ACTIVITIES': -1.2247586250305176, 'D_ELECTRICITY, GAS, STEAM AND AIR CONDITIONING SUPPLY': -1.372180700302124, 'Q_HUMAN HEALTH AND SOCIAL WORK ACTIVITIES': -1.6991846561431885, 'M_PROFESSIONAL, SCIENTIFIC AND TECHNICAL ACTIVITIES': -1.9804009199142456, 'A_AGRICULTURE, FORESTRY AND FISHING': -1.999081015586853, 'B_MINING AND QUARRYING': -2.044001579284668, 'C_MANUFACTURING': -2.1238343715667725, 'P_EDUCATION': -2.333287477493286, 'J_INFORMATION AND COMMUNICATION': -3.9931061267852783}",K
133,Theraclion SA1.txt,32.5,Manufacture of medical and dental instruments and supplies,C,13,16,"{'K_FINANCIAL AND INSURANCE ACTIVITIES': 1.9006954431533813, 'N_ADMINISTRATIVE AND SUPPORT SERVICE ACTIVITIES': 0.901686429977417, 'G_WHOLESALE AND RETAIL TRADE; REPAIR OF MOTOR VEHICLES AND MOTORCYCLES': 0.42841729521751404, 'M_PROFESSIONAL, SCIENTIFIC AND TECHNICAL ACTIVITIES': -0.11625383049249649, 'I_ACCOMMODATION AND FOOD SERVICE ACTIVITIES': -0.5556402802467346, 'D_ELECTRICITY, GAS, STEAM AND AIR CONDITIONING SUPPLY': -1.1188151836395264, 'Q_HUMAN HEALTH AND SOCIAL WORK ACTIVITIES': -1.190474033355713, 'H_TRANSPORTATION AND STORAGE': -1.5544544458389282, 'F_CONSTRUCTION': -1.7147409915924072, 'E_WATER SUPPLY; SEWERAGE, WASTE MANAGEMENT AND REMEDIATION ACTIVITIES': -1.940654993057251, 'P_EDUCATION': -1.974475622177124, 'J_INFORMATION AND COMMUNICATION': -2.1583402156829834, 'L_REAL ESTATE ACTIVITIES': -2.2442634105682373, 'C_MANUFACTURING': -2.6056718826293945, 'A_AGRICULTURE, FORESTRY AND FISHING': -2.607828140258789, 'B_MINING AND QUARRYING': -2.906528949737549}",K
134,MCE Holdings Bhd.1.txt,29.31,Manufacture of electrical and electronic equipment for motor vehicles,C,13,16,"{'K_FINANCIAL AND INSURANCE ACTIVITIES': 2.815984010696411, 'G_WHOLESALE AND RETAIL TRADE; REPAIR OF MOTOR VEHICLES AND MOTORCYCLES': 1.4005980491638184, 'N_ADMINISTRATIVE AND SUPPORT SERVICE ACTIVITIES': 1.1070342063903809, 'I_ACCOMMODATION AND FOOD SERVICE ACTIVITIES': -0.43082568049430847, 'H_TRANSPORTATION AND STORAGE': -0.5214409232139587, 'L_REAL ESTATE ACTIVITIES': -0.77101731300354, 'F_CONSTRUCTION': -0.8746694922447205, 'Q_HUMAN HEALTH AND SOCIAL WORK ACTIVITIES': -1.3021881580352783, 'M_PROFESSIONAL, SCIENTIFIC AND TECHNICAL ACTIVITIES': -1.4202102422714233, 'E_WATER SUPPLY; SEWERAGE, WASTE MANAGEMENT AND REMEDIATION ACTIVITIES': -1.624297022819519, 'D_ELECTRICITY, GAS, STEAM AND AIR CONDITIONING SUPPLY': -1.6289502382278442, 'P_EDUCATION': -2.0162482261657715, 'B_MINING AND QUARRYING': -2.4469470977783203, 'C_MANUFACTURING': -2.518968105316162, 'A_AGRICULTURE, FORESTRY AND FISHING': -2.530383825302124, 'J_INFORMATION AND COMMUNICATION': -3.6085100173950195}",K
135,"D&L Industries, Inc.1.txt",10.89,Manufacture of other food products n.e.c.,C,12,16,"{'K_FINANCIAL AND INSURANCE ACTIVITIES': 1.5662704706192017, 'G_WHOLESALE AND RETAIL TRADE; REPAIR OF MOTOR VEHICLES AND MOTORCYCLES': 1.4374949932098389, 'N_ADMINISTRATIVE AND SUPPORT SERVICE ACTIVITIES': 0.3738173544406891, 'Q_HUMAN HEALTH AND SOCIAL WORK ACTIVITIES': -0.5281777381896973, 'H_TRANSPORTATION AND STORAGE': -0.7399157285690308, 'I_ACCOMMODATION AND FOOD SERVICE ACTIVITIES': -0.8961536884307861, 'M_PROFESSIONAL, SCIENTIFIC AND TECHNICAL ACTIVITIES': -1.0911684036254883, 'D_ELECTRICITY, GAS, STEAM AND AIR CONDITIONING SUPPLY': -1.1636126041412354, 'F_CONSTRUCTION': -1.214777946472168, 'L_REAL ESTATE ACTIVITIES': -1.4076565504074097, 'E_WATER SUPPLY; SEWERAGE, WASTE MANAGEMENT AND REMEDIATION ACTIVITIES': -1.5707404613494873, 'P_EDUCATION': -1.578934669494629, 'C_MANUFACTURING': -1.637869954109192, 'A_AGRICULTURE, FORESTRY AND FISHING': -2.2155959606170654, 'B_MINING AND QUARRYING': -2.451441526412964, 'J_INFORMATION AND COMMUNICATION': -3.3318560123443604}",K
136,Dice Sports & Casual Wear Manufacturers SAE1.txt,14.19,Manufacture of other wearing apparel and accessories,C,4,16,"{'G_WHOLESALE AND RETAIL TRADE; REPAIR OF MOTOR VEHICLES AND MOTORCYCLES': 3.108710527420044, 'K_FINANCIAL AND INSURANCE ACTIVITIES': 1.9102323055267334, 'N_ADMINISTRATIVE AND SUPPORT SERVICE ACTIVITIES': 0.8997083306312561, 'H_TRANSPORTATION AND STORAGE': -0.30650320649147034, 'C_MANUFACTURING': -1.0822217464447021, 'F_CONSTRUCTION': -1.163359522819519, 'I_ACCOMMODATION AND FOOD SERVICE ACTIVITIES': -1.1675454378128052, 'L_REAL ESTATE ACTIVITIES': -1.2302322387695312, 'Q_HUMAN HEALTH AND SOCIAL WORK ACTIVITIES': -1.410438895225525, 'E_WATER SUPPLY; SEWERAGE, WASTE MANAGEMENT AND REMEDIATION ACTIVITIES': -1.503497838973999, 'D_ELECTRICITY, GAS, STEAM AND AIR CONDITIONING SUPPLY': -1.5584758520126343, 'P_EDUCATION': -2.0105459690093994, 'M_PROFESSIONAL, SCIENTIFIC AND TECHNICAL ACTIVITIES': -2.1481449604034424, 'A_AGRICULTURE, FORESTRY AND FISHING': -2.4003524780273438, 'B_MINING AND QUARRYING': -2.594813823699951, 'J_INFORMATION AND COMMUNICATION': -4.2744460105896}",G
137,Toda Kogyo Corp.1.txt,32.99,Other manufacturing n.e.c.,C,11,16,"{'F_CONSTRUCTION': 1.9391412734985352, 'K_FINANCIAL AND INSURANCE ACTIVITIES': 0.8039100766181946, 'N_ADMINISTRATIVE AND SUPPORT SERVICE ACTIVITIES': 0.16806243360042572, 'G_WHOLESALE AND RETAIL TRADE; REPAIR OF MOTOR VEHICLES AND MOTORCYCLES': -0.008251175284385681, 'M_PROFESSIONAL, SCIENTIFIC AND TECHNICAL ACTIVITIES': -0.24199314415454865, 'D_ELECTRICITY, GAS, STEAM AND AIR CONDITIONING SUPPLY': -0.5396968126296997, 'H_TRANSPORTATION AND STORAGE': -0.803238034248352, 'L_REAL ESTATE ACTIVITIES': -1.0709209442138672, 'E_WATER SUPPLY; SEWERAGE, WASTE MANAGEMENT AND REMEDIATION ACTIVITIES': -1.0782979726791382, 'I_ACCOMMODATION AND FOOD SERVICE ACTIVITIES': -1.5076172351837158, 'B_MINING AND QUARRYING': -1.8263603448867798, 'C_MANUFACTURING': -2.0601954460144043, 'P_EDUCATION': -2.100661277770996, 'Q_HUMAN HEALTH AND SOCIAL WORK ACTIVITIES': -2.1863346099853516, 'A_AGRICULTURE, FORESTRY AND FISHING': -2.8884878158569336, 'J_INFORMATION AND COMMUNICATION': -2.9412484169006348}",F
138,Omfurn India Ltd.1.txt,31.01,Manufacture of office and shop furniture,C,13,16,"{'K_FINANCIAL AND INSURANCE ACTIVITIES': 2.457603693008423, 'G_WHOLESALE AND RETAIL TRADE; REPAIR OF MOTOR VEHICLES AND MOTORCYCLES': 1.1728601455688477, 'N_ADMINISTRATIVE AND SUPPORT SERVICE ACTIVITIES': 0.9561765789985657, 'I_ACCOMMODATION AND FOOD SERVICE ACTIVITIES': -0.230498805642128, 'H_TRANSPORTATION AND STORAGE': -0.636407732963562, 'F_CONSTRUCTION': -0.8018455505371094, 'Q_HUMAN HEALTH AND SOCIAL WORK ACTIVITIES': -0.9652839303016663, 'L_REAL ESTATE ACTIVITIES': -1.2070565223693848, 'M_PROFESSIONAL, SCIENTIFIC AND TECHNICAL ACTIVITIES': -1.240323781967163, 'D_ELECTRICITY, GAS, STEAM AND AIR CONDITIONING SUPPLY': -1.4645649194717407, 'P_EDUCATION': -1.7328580617904663, 'E_WATER SUPPLY; SEWERAGE, WASTE MANAGEMENT AND REMEDIATION ACTIVITIES': -1.859027624130249, 'B_MINING AND QUARRYING': -2.42086124420166, 'C_MANUFACTURING': -2.514864683151245, 'A_AGRICULTURE, FORESTRY AND FISHING': -2.623176097869873, 'J_INFORMATION AND COMMUNICATION': -3.374734401702881}",K
