,Symbol,Name,Company is Active,Company Founded Date,Country of Primary Listing Iso3,CUSIP,Date Of First Trade,Entity Country HQ,Entity Credit Parent,NACE,Exchange Name (FS),FE Ticker,ISIN,Primary Equity Listing,Proper Name,Public Company,Region Ticker,Sec is Primary Issue,Sec Type,SEDOL,NACE_letter,Report
5789,ZW0009011041,Ariston Holdings Ltd.,1,1947.0,ZWE,V97772103,20090317.0,ZWE,@NA,1.19,ZIMBABWE,ARIS-ZW,ZW0009011041,603408,Ariston Holdings Ltd.,1.0,ARIS-ZW,1,SHARE,6034081,A,Ariston Holdings Ltd.1.pdf
35816,INE978A01027,Heritage Foods Limited,1,1992.0,IND,Y3179H146,20020117.0,IND,06FQLY-E,1.41,BSE INDIA,519552-IN,INE978A01027,BF2F40,Heritage Foods Limited,1.0,519552-IN,1,SHARE,BF2F405,A,Heritage Foods Limited1.pdf
80373,MYL7854OO002,Timberwell Bhd.,1,1996.0,MYS,Y88399103,19970516.0,MYS,05JH15-E,2.3,MALAYSIA,7854-MY,MYL7854OO002,690556,Timberwell Bhd.,1.0,7854-MY,1,SHARE,6905563,A,Timberwell Bhd.1.pdf
49813,MYQ0189OO009,Matang Bhd.,1,2015.0,MYS,Y58347108,20170117.0,MYS,@NA,1.19,MALAYSIA,0189-MY,MYQ0189OO009,BYYQB5,Matang Bhd.,1.0,0189-MY,1,SHARE,BYYQB53,A,Matang Bhd.2.pdf
73064,MYL4316OO005,Sin Heng Chan (Malaya) Bhd.,1,1962.0,MYS,Y80178109,19880324.0,MYS,05YMQ5-E,1.19,MALAYSIA,4316-MY,MYL4316OO005,681088,Sin Heng Chan (Malaya) Bhd.,1.0,4316-MY,1,SHARE,6810883,A,Sin Heng Chan (Malaya) Bhd.1.pdf
78770,CNE100000056,"Tech-bank Food Co., Ltd.",1,1996.0,CHN,Y62988103,20161205.0,CHN,06V3HM-E,1.46,SHENZHEN CONNECT,002124-SEC,CNE100000056,B1Q7L5,"Tech-bank Food Co., Ltd.",1.0,@NA,0,SHARE,BD6QWR3,A,"Tech-bank Food Co., Ltd.3.pdf"
53562,AU000000NAM1,Namoi Cotton Ltd,1,1962.0,AUS,Q6518L107,19980406.0,AUS,05JG1Z-E,1.63,ASX,NAM-AU,AU000000NAM1,610827,Namoi Cotton Ltd,1.0,NAM-AU,1,SHARE,6108276,A,Namoi Cotton Ltd1.pdf
6889,NO0010768500,Atlantic Sapphire ASA,1,2010.0,NOR,R07217103,20180502.0,NOR,0H3Y0F-E,3.11,US OTC,@NA,NO0010768500,BDFG5D,Atlantic Sapphire ASA,1.0,AASZF-US,0,SHARE,BD97BR6,A,Atlantic Sapphire ASA1.pdf
2019,NA000A1KCRP0,Agra Limited,0,1946.0,NAM,V0084H107,20130208.0,NAM,@NA,1.19,NAMIBIA,AGR-NA,NA000A1KCRP0,B8HMQ8,Agra Limited,1.0,AGR-NA,0,SHARE,B8HMQ84,A,Agra Limited2.pdf
37408,KYG4643W1078,Huisheng International Holdings Ltd.,1,2007.0,HKG,G4643W107,20140228.0,CHN,0DL9XN-E,1.46,HONG KONG,1340-HK,KYG4643W1078,BJYNJ1,Huisheng International Holdings Ltd.,1.0,1340-HK,1,SHARE,BJYNJ11,A,Huisheng International Holdings Ltd.3.pdf
7302,AU000000AAC9,Australian Agricultural Company Limited,1,1824.0,AUS,Q08448112,20010810.0,AUS,05JYQR-E,1.62,ASX,AAC-AU,AU000000AAC9,638228,Australian Agricultural Company Limited,1.0,AAC-AU,1,SHARE,6382285,A,Australian Agricultural Company Limited1.pdf
86324,INE054C01015,Waterbase Limited,1,1987.0,IND,Y8799W118,19990215.0,IND,05JTBN-E,3.21,BSE INDIA,523660-IN,INE054C01015,694229,Waterbase Limited,1.0,523660-IN,1,SHARE,6942292,A,Waterbase Limited2.pdf
13535,CA13766C1005,CannAmerica Brands Corp.,0,2017.0,CAN,13766C100,20181213.0,CAN,@NA,1.3,US OTC,@NA,CA13766C1005,BGSDJL,CannAmerica Brands Corp.,1.0,CNNXF-US,0,SHARE,BHK9V02,A,CannAmerica Brands Corp.1.pdf
64195,SG1BE8000008,Qian Hu Corporation Limited,1,1998.0,SGP,Y2772H156,20001108.0,SGP,@NA,3.21,SINGAPORE,BCV-SG,SG1BE8000008,BYV9SF,Qian Hu Corporation Limited,1.0,BCV-SG,1,SHARE,BYV9SF4,A,Qian Hu Corporation Limited1.pdf
41586,MYA013922002,Jawala Inc.,1,2017.0,SGP,Y4507L106,20180601.0,MYS,0JL0RH-E,1.19,SINGAPORE,@NA,MYA013922002,BF2Q9Q,Jawala Inc.,1.0,1J7-SG,1,SHARE,BF2Q9Q9,A,Jawala Inc.1.pdf
32696,CA39342L1085,Green Thumb Industries Inc.,1,2002.0,CAN,39342L108,20070730.0,USA,0JMHBL-E,1.19,US OTC,GTBIF-US,CA39342L1085,BGDQBQ,Green Thumb Industries Inc.,1.0,GTBIF-US,0,SHARE,BFFY829,A,Green Thumb Industries Inc.1.pdf
17939,US12565J3086,CLS Holdings USA Inc,1,2011.0,USA,12565J308,20190426.0,USA,0F0ZDB-E,1.19,CNQ,CLSH-CA,US12565J3086,12565J30,CLS Holdings USA Inc,1.0,CLSH-CA,0,SHARE,BLFHSK8,A,CLS Holdings USA Inc2.pdf
15783,KYG2152K1004,China Bozza Development Holdings Limited,0,2009.0,HKG,G2152K100,20091008.0,CHN,00C74Y-E,2.4,HONG KONG,@NA,KYG2152K1004,BLGLFG,China Bozza Development Holdings Limited,1.0,1069-HK,1,SHARE,BLGLFG4,A,China Bozza Development Holdings Limited1.pdf
68063,NO0010892094,Salmon Evolution ASA,1,2020.0,NOR,R7445F105,20200918.0,NOR,0MN9N4-E,3.21,OSLO,SALME-NO,NO0010892094,BMGWLL,Salmon Evolution ASA,1.0,SALME-NO,1,SHARE,BMGWLL1,A,Salmon Evolution ASA1.pdf
56312,US65676T1025,"North American Cannabis Holdings, Inc.",1,1995.0,USA,65676T102,19981104.0,USA,@NA,1.19,US OTC,@NA,US65676T1025,65676T10,"North American Cannabis Holdings, Inc.",1.0,USMJ-US,1,SHARE,BYL6RW5,A,"North American Cannabis Holdings, Inc.1.pdf"
49186,LK0313N00003,Malwatte Valley Plantations Plc,1,1992.0,LKA,Y5757K102,20000726.0,LKA,081QN7-E,1.61,COLOMBO,MAL.N0000-LK,LK0313N00003,624316,Malwatte Valley Plantations PLC,1.0,MAL.N0000-LK,1,SHARE,6243166,A,Malwatte Valley Plantations Plc1.pdf
32734,BMG4094L1054,Greenheart Group Limited,1,1991.0,HKG,G4094L105,19880726.0,HKG,05JBDX-E,2.2,HONG KONG,94-HK,BMG4094L1054,656445,Greenheart Group Limited,1.0,94-HK,1,SHARE,6564458,A,Greenheart Group Limited1.pdf
12649,SG2E67980267,Bumitama Agri Ltd.,1,1996.0,SGP,Y0926Z106,20220906.0,IDN,0CGSTV-E,1.19,US OTC,@NA,SG2E67980267,B7WJ18,Bumitama Agri Ltd.,1.0,BUMTF-US,0,SHARE,BP5GWV2,A,Bumitama Agri Ltd.1.pdf
30848,GB0002074580,Genus plc,1,1994.0,GBR,G3827X105,19980130.0,GBR,05JYQL-E,1.62,LONDON,GNS-GB,GB0002074580,020745,Genus plc,1.0,GNS-GB,1,SHARE,0207458,A,Genus plc1.pdf
45348,FDS0K09Z,Kotagala Plantations Plc,1,1992.0,LKA,FDS0K09Z8,,LKA,0828PS-E,2.3,@NA,@NA,@NA,648283,Kotagala Plantations Plc,1.0,@NA,0,SHARE,@NA,A,Kotagala Plantations Plc1.pdf
62810,ID1000145105,PT Andira Agro Tbk,1,1995.0,IDN,Y0129J107,20180816.0,IDN,0BKJ6C-E,1.19,INDONESIA,@NA,ID1000145105,BGHW6D,PT Andira Agro Tbk,1.0,ANDI-ID,1,SHARE,BGHW6D5,A,PT Andira Agro Tbk1.pdf
69062,SE0005999760,Scandi Standard AB,1,2013.0,SWE,W75737101,20140627.0,SWE,0DB696-E,1.47,OMX NORDIC STOCKHOLM,SCST-SE,SE0005999760,BNJZRJ,Scandi Standard AB,1.0,SCST-SE,1,SHARE,BNJZRJ4,A,Scandi Standard AB1.pdf
41603,MYL4383OO005,Jaya Tiasa Holdings Bhd.,1,1960.0,MYS,Y44207101,19880318.0,MYS,05J29C-E,2.2,MALAYSIA,4383-MY,MYL4383OO005,682553,Jaya Tiasa Holdings Bhd.,1.0,4383-MY,1,SHARE,6825531,A,Jaya Tiasa Holdings Bhd.1.pdf
24305,KYG2946A1031,Eggriculture Foods Ltd.,1,2018.0,HKG,G2946A103,20180907.0,SGP,0J8119-E,1.47,HONG KONG,@NA,KYG2946A1031,BFX5CP,Eggriculture Foods Ltd.,1.0,8609-HK,1,SHARE,BFX5CP5,A,Eggriculture Foods Ltd.1.pdf
24199,SG1S42927578,Edition Limited,1,2000.0,SGP,Y64310108,20051121.0,SGP,007RRH-E,1.13,SINGAPORE,5HG-SG,SG1S42927578,B0Q2LP,Edition Limited,1.0,5HG-SG,1,SHARE,B0Q2LP1,A,Edition Limited1.pdf
4583,GB0000365774,Anglo-Eastern Plantations Plc,1,1985.0,GBR,G03780106,19850517.0,GBR,05JBQG-E,1.61,LONDON,AEP-GB,GB0000365774,003657,Anglo-Eastern Plantations Plc,1.0,AEP-GB,1,SHARE,0036577,A,Anglo-Eastern Plantations Plc1.pdf
37102,KYG4636M1087,Hua Lien International (Holding) Co. Ltd.,1,1998.0,HKG,G4636M108,20000202.0,HKG,006218-E,1.14,HONG KONG,@NA,KYG4636M1087,620785,Hua Lien International (Holding) Co. Ltd.,1.0,969-HK,1,SHARE,6207850,A,Hua Lien International (Holding) Co. Ltd.1.pdf
82142,CA89788C1041,Trulieve Cannabis Corp.,1,1940.0,CAN,89788C104,20180927.0,USA,0K135H-E,1.19,US OTC,TCNNF-US,CA89788C1041,BFZ029,Trulieve Cannabis Corp.,1.0,TCNNF-US,0,SHARE,BGNKTH8,A,Trulieve Cannabis Corp.1.pdf
74964,VN000000SSC4,Southern Seed Corporation,1,1976.0,VNM,Y80866109,20070912.0,VNM,@NA,2.3,VIETNAM,SSC-VN,VN000000SSC4,B16GLB,Southern Seed Corporation,1.0,SSC-VN,1,SHARE,B16GLB6,A,Southern Seed Corporation2.pdf
2480,CA00971M2058,Akanda Corp,1,,USA,00971M205,20220315.0,GBR,0PNYDJ-E,1.19,NASDAQ,@NA,CA00971M2058,00971M20,Akanda Corp,1.0,AKAN-US,1,SHARE,BRJ55S7,A,Akanda Corp1.pdf
32914,INE192H01020,GRM Overseas Ltd.,1,1995.0,IND,Y28925140,20050524.0,IND,09H1WS-E,1.12,BSE INDIA,531449-IN,INE192H01020,BPBMJF,GRM Overseas Ltd.,1.0,531449-IN,1,SHARE,BPBMJF7,A,GRM Overseas Ltd.1.pdf
83206,MU0080I00005,Union Sugar Estates Co. Ltd.,1,1896.0,MUS,V9T269106,20131210.0,MUS,@NA,1.14,MAURITIUS,@NA,MU0080I00005,B3NFXW,Union Sugar Estates Co. Ltd.,1.0,UNSE-MU,1,SHARE,B3NFXW5,A,Union Sugar Estates Co. Ltd.1.pdf
7123,LT0000127466,AUGA group AB,1,2003.0,LTU,X0029V102,20171214.0,LTU,075LPP-E,1.3,LONDON,@NA,LT0000127466,B2QQP5,AUGA group AB,1.0,0IR4-GB,0,SHARE,B2QXVP8,A,AUGA group AB1.pdf
24168,US28059P2048,"Edible Garden AG , Inc.",1,2020.0,USA,28059P204,20220505.0,USA,0N1X53-E,1.19,NASDAQ,EDBL-US,US28059P2048,28059P20,"Edible Garden AG , Inc.",1.0,EDBL-US,1,SHARE,BPQT384,A,"Edible Garden AG , Inc.2.pdf"
24901,LK0315N00008,Elpitiya Plantations Plc,1,1992.0,LKA,Y2289W100,20040211.0,LKA,081QMZ-E,2.3,COLOMBO,ELPL.N0000-LK,LK0315N00008,637106,Elpitiya Plantations PLC,1.0,ELPL.N0000-LK,1,SHARE,6371067,A,Elpitiya Plantations Plc1.pdf
78872,MYL7439OO002,Teck Guan Perdana Bhd.,1,1994.0,MYS,Y8563J103,19960911.0,MYS,0061B7-E,1.19,MALAYSIA,7439-MY,MYL7439OO002,690909,Teck Guan Perdana Bhd.,1.0,7439-MY,1,SHARE,6909093,A,Teck Guan Perdana Bhd.1.pdf
27793,MYL3107OO009,Fima Corp. Bhd.,1,1974.0,MYS,Y2493E102,19850102.0,MYS,05JF83-E,1.19,MALAYSIA,3107-MY,MYL3107OO009,658348,Fima Corp. Bhd.,1.0,3107-MY,1,SHARE,6583486,A,Fima Corp. Bhd.1.pdf
34861,MYL3034OO005,Hap Seng Consolidated Bhd.,1,1975.0,MYS,Y6579W100,19850813.0,MYS,05HZXV-E,1.61,MALAYSIA,3034-MY,MYL3034OO005,629774,Hap Seng Consolidated Bhd.,1.0,3034-MY,1,SHARE,6297743,A,Hap Seng Consolidated Bhd.3.pdf
86322,CA9411881043,"Water Ways Technologies, Inc.",1,2007.0,CAN,941188104,20210617.0,CAN,@NA,1.61,US OTC,@NA,CA9411881043,BJX69G,"Water Ways Technologies, Inc.",1.0,WWTIF-US,0,SHARE,BP4W0N9,A,"Water Ways Technologies, Inc.3.pdf"
49207,US56166J1007,"Man Shing Agricultural Holdings, Inc.",0,2000.0,USA,56166J100,20040909.0,USA,@NA,1.13,US OTC,@NA,US56166J1007,56166J10,"Man Shing Agricultural Holdings, Inc.",1.0,MSAH-US,1,SHARE,B02S993,A,"Man Shing Agricultural Holdings, Inc.1.pdf"
16553,US16953U1060,China Senior Living Industry International Holding Corp.,1,1986.0,USA,16953U106,19960916.0,CHN,072LZN-E,2.1,US OTC,@NA,US16953U1060,16953U10,China Senior Living Industry International Holding Corp.,1.0,CHYL-US,1,SHARE,BYN24S6,A,China Senior Living Industry International Holding Corp.1.pdf
6141,FDS1J915,Ascend Wellness Holdings LLC,1,2018.0,CAN,FDS1J9153,,USA,0K7NWB-E,1.3,@NA,@NA,@NA,BN29X9,Ascend Wellness Holdings LLC,1.0,@NA,0,SHARE,@NA,A,Ascend Wellness Holdings LLC1.pdf
63721,ID1000160302,PT Triputra Agro Persada Tbk,1,2005.0,IDN,Y897CD100,20210412.0,IDN,06T3QF-E,1.61,INDONESIA,TAPG-ID,ID1000160302,BNVTTV,PT Triputra Agro Persada Tbk,1.0,TAPG-ID,1,SHARE,BNVTTV0,A,PT Triputra Agro Persada Tbk1.pdf
18752,CL0001717116,Compania Pesquera Camanchaca S.A.,1,1963.0,CHL,P3090A105,20101201.0,CHL,05ZBJJ-E,3.11,SANTIAGO,CAMANCHACA-CL,CL0001717116,B3NDYP,Compania Pesquera Camanchaca S.A.,1.0,CAMANCHACA-CL,1,SHARE,B3NDYP9,A,Compania Pesquera Camanchaca S.A.2.pdf
68065,CL0002409135,Salmones Camanchaca SA,1,2009.0,CHL,P8325N103,20200622.0,CHL,0H9N5C-E,3.21,US OTC,@NA,CL0002409135,BFWK4K,Salmones Camanchaca SA,1.0,SLMCF-US,0,SHARE,BJP0F57,A,Salmones Camanchaca SA1.pdf
16750,KYG3945R1056,China Wantian Holdings Limited,1,2016.0,HKG,G3945R105,20161013.0,HKG,0G8B4H-E,1.13,HONG KONG,@NA,KYG3945R1056,BD0BVQ,China Wantian Holdings Limited,1.0,1854-HK,1,SHARE,BD0BVQ6,A,China Wantian Holdings Limited2.pdf
66574,MYL2542OO008,Riverview Rubber Estates Bhd.,1,1936.0,MYS,Y73107107,19860801.0,MYS,@NA,1.19,MALAYSIA,2542-MY,MYL2542OO008,674246,Riverview Rubber Estates Bhd.,1.0,2542-MY,1,SHARE,6742469,A,Riverview Rubber Estates Bhd.1.pdf
15236,KYG2046Q1073,Chaoda Modern Agriculture Holdings Ltd.,1,1994.0,HKG,G2046Q107,20031120.0,CHN,05HZ42-E,1.19,US OTC,CMGHF-US,KYG2046Q1073,631349,Chaoda Modern Agriculture Holdings Ltd.,1.0,CMGHF-US,0,SHARE,B02V776,A,Chaoda Modern Agriculture Holdings Ltd.1.pdf
80356,US88688T1007,"Tilray Brands, Inc.",1,2018.0,USA,88688T100,20180725.0,CAN,0J2QFR-E,1.19,XETRA,@NA,US88688T1007,88688T10,"Tilray Brands, Inc.",1.0,2HQ-DE,0,SHARE,BDDVTP8,A,"Tilray Brands, Inc.2.pdf"
88497,SG1CA8000004,Yamada Green Resources Ltd.,1,2010.0,SGP,Y9725N123,20101008.0,CHN,0B3GGK-E,1.3,SINGAPORE,BJV-SG,SG1CA8000004,BZ7Q8P,Yamada Green Resources Ltd.,1.0,BJV-SG,1,SHARE,BZ7Q8P6,A,Yamada Green Resources Ltd.1.pdf
27234,MYL5029OO003,Far East Holdings Bhd.,1,1973.0,MYS,Y24404108,19910710.0,MYS,@NA,1.61,MALAYSIA,5029-MY,MYL5029OO003,633193,Far East Holdings Bhd.,1.0,5029-MY,1,SHARE,6331931,A,Far East Holdings Bhd.1.pdf
73640,INE411D01015,SKM Egg Products Export (India) Ltd.,1,1995.0,IND,Y8070T115,20080724.0,IND,05ZHTW-E,1.47,BSE INDIA,@NA,INE411D01015,B15CY4,SKM Egg Products Export (India) Ltd.,1.0,532143-IN,1,SHARE,B15CY49,A,SKM Egg Products Export (India) Ltd.1.pdf
38751,CA4529244002,Imperial Ginseng Products Ltd.,1,1989.0,CAN,452924400,19951027.0,CAN,003PD7-E,2.3,US OTC,@NA,CA4529244002,217616,Imperial Ginseng Products Ltd.,1.0,IGPFF-US,0,SHARE,B014QR9,A,Imperial Ginseng Products Ltd.1.pdf
38143,NO0010724701,Icelandic Salmon AS,1,2009.0,NOR,R3852Z106,20191118.0,ISL,0H3LZ3-E,3.21,OSLO,ISLAX-NO,NO0010724701,BL0HL5,Icelandic Salmon AS,1.0,ISLAX-NO,1,SHARE,BL0HL59,A,Icelandic Salmon AS1.pdf
69612,NZSEKE0001S8,Seeka Limited,1,1980.0,NZL,Q8445W107,20031125.0,NZL,060XRQ-E,1.63,NEW ZEALAND,SEK-NZ,NZSEKE0001S8,671378,Seeka Limited,1.0,SEK-NZ,1,SHARE,6713788,A,Seeka Limited1.pdf
12660,BMG169621056,Bunge Limited,1,1818.0,USA,G16962105,20041015.0,USA,003B1C-E,1.63,FRANKFURT,@NA,BMG169621056,G1696210,Bunge Limited,1.0,BU3-DE,0,SHARE,B03BPC6,A,Bunge Limited1.pdf
34862,MYL5138OO002,Hap Seng Plantations Holdings Bhd.,1,2007.0,MYS,Y30686102,20071116.0,MYS,@NA,1.61,MALAYSIA,5138-MY,MYL5138OO002,B28VNR,Hap Seng Plantations Holdings Bhd.,1.0,5138-MY,1,SHARE,B28VNR6,A,Hap Seng Plantations Holdings Bhd.1.pdf
19550,AU000000CGC2,Costa Group Holdings Ltd.,1,1888.0,AUS,Q29284108,20170228.0,AUS,0DNV5Q-E,1.13,US OTC,@NA,AU000000CGC2,BYSGKW,Costa Group Holdings Ltd.,1.0,CTTQF-US,0,SHARE,BDRY2C1,A,Costa Group Holdings Ltd.1.pdf
87114,SG1T56930848,Wilmar International Limited,1,1991.0,SGP,Y9586L109,20070720.0,SGP,06BM3M-E,1.61,FRANKFURT,@NA,SG1T56930848,B17KC6,Wilmar International Limited,1.0,RTHA-DE,0,SHARE,B23FGH4,A,Wilmar International Limited2.pdf
67647,FDS19712,SA San Miguel,1,1954.0,ARG,FDS197125,,ARG,05J2PR-E,1.23,@NA,@NA,@NA,203534,SA San Miguel,1.0,@NA,0,SHARE,@NA,A,SA San Miguel3.pdf
43728,INE455I01029,Kaveri Seed Co. Ltd.,1,1976.0,IND,Y458A4137,20071004.0,IND,06QC82-E,1.19,BSE INDIA,532899-IN,INE455I01029,BJF6Z8,Kaveri Seed Co. Ltd.,1.0,532899-IN,1,SHARE,BJF6Z88,A,Kaveri Seed Co. Ltd.2.pdf
45622,MYL2445OO004,Kuala Lumpur Kepong Bhd.,1,1906.0,MYS,Y47153104,19900731.0,MYS,05HX87-E,1.19,US OTC,@NA,MYL2445OO004,649744,Kuala Lumpur Kepong Bhd.,1.0,KLKBF-US,0,SHARE,B124Z34,A,Kuala Lumpur Kepong Bhd.1.pdf
7273,SGXZ22466619,AustAsia Group Limited.,1,2009.0,HKG,Y0454Y109,20221230.0,SGP,@NA,1.41,HONG KONG,@NA,SGXZ22466619,BM8X3Q,AustAsia Group Limited.,1.0,2425-HK,1,SHARE,BM8X3Q1,A,AustAsia Group Limited.2.pdf
13001,MYL7174OO005,CAB Cakaran Corp. Bhd.,1,2002.0,MYS,Y1028T105,20031222.0,MYS,05X5FY-E,1.47,MALAYSIA,7174-MY,MYL7174OO005,672651,CAB Cakaran Corp. Bhd.,1.0,7174-MY,1,SHARE,6726515,A,CAB Cakaran Corp. Bhd.1.pdf
33017,ROVKFFMHGUW6,Grup Serban Holding S.A.,0,1994.0,ROU,X3R4UN107,,ROU,@NA,1.19,BUCHAREST SPOT,@NA,ROVKFFMHGUW6,BPW7M7,Grup Serban Holding S.A.,1.0,GSH-RO,0,SHARE,BPW7M74,A,Grup Serban Holding S.A.1.pdf
80002,LK0236N00006,Three Acre Farms Plc,1,1963.0,LKA,Y88095107,19951211.0,LKA,@NA,1.47,COLOMBO,@NA,LK0236N00006,687347,Three Acre Farms Plc,1.0,TAFL.N0000-LK,1,SHARE,6873477,A,Three Acre Farms Plc3.pdf
63451,ID1000187503,PT Nusantara Sawit Sejahtera Tbk,1,2009.0,IDN,Y6S4FJ112,20230310.0,IDN,@NA,1.19,INDONESIA,@NA,ID1000187503,BQXHZJ,PT Nusantara Sawit Sejahtera Tbk,1.0,NSSS-ID,1,SHARE,BQXHZJ3,A,PT Nusantara Sawit Sejahtera Tbk1.pdf
63677,ID1000167109,PT Teladan Prima Agro Tbk,1,2004.0,IDN,Y8T82W105,20220412.0,IDN,0DBV3V-E,1.61,INDONESIA,@NA,ID1000167109,BMFTCV,PT Teladan Prima Agro Tbk,1.0,TLDN-ID,1,SHARE,BMFTCV0,A,PT Teladan Prima Agro Tbk1.pdf
2515,NO0010886625,Aker BioMarine ASA,1,2013.0,NOR,R0R38R108,20200706.0,NOR,0MK870-E,3.21,OSLO,AKBM-NO,NO0010886625,BMGNX5,Aker BioMarine ASA,1.0,AKBM-NO,1,SHARE,BMGNX52,A,Aker BioMarine ASA1.pdf
13510,US13764N2071,Cann American Corp.,0,2004.0,USA,13764N207,20091208.0,USA,@NA,1.19,US OTC,@NA,US13764N2071,13764N20,Cann American Corp.,1.0,CNNA-US,1,SHARE,BM8RXH4,A,Cann American Corp.2.pdf
18148,AU0000167066,Cobram Estate Olives Ltd.,1,1998.0,AUS,Q25948102,20210811.0,AUS,@NA,1.19,ASX,CBO-AU,AU0000167066,BKVC4C,Cobram Estate Olives Ltd.,1.0,CBO-AU,1,SHARE,BKVC4C4,A,Cobram Estate Olives Ltd.1.pdf
47856,US53960E1064,Local Bounti Corporation,1,2018.0,USA,53960E106,20210419.0,USA,0PCMCC-E,1.3,NYSE,LOCL-US,US53960E1064,53960E10,Local Bounti Corporation,1.0,LOCL-US,1,SHARE,BLGTSV4,A,Local Bounti Corporation1.pdf
85487,PHY937931186,Vitarich Corp.,1,1950.0,PHL,Y93793118,19950214.0,PHL,05JSNC-E,1.47,PHILIPPINES,VITA-PH,PHY937931186,BFNRHK,Vitarich Corp.,1.0,VITA-PH,1,SHARE,BFNRHK1,A,Vitarich Corp.2.pdf
49751,FDS0KI5L,Maskeliya Plantations Plc,1,1992.0,LKA,FDS0KI5L4,,LKA,05K47P-E,1.61,@NA,@NA,@NA,607353,Maskeliya Plantations Plc,1.0,@NA,0,SHARE,@NA,A,Maskeliya Plantations Plc3.pdf
48647,GB0007538100,M.P. Evans Group PLC,1,1981.0,GBR,G63363108,19850102.0,GBR,05J4XK-E,2.3,LONDON,MPE-GB,GB0007538100,075381,M.P. Evans Group PLC,1.0,MPE-GB,1,SHARE,0753810,A,M.P. Evans Group PLC1.pdf
18981,US2071461014,Connexus Corporation,0,2004.0,USA,207146101,20070917.0,USA,09LVM0-E,1.42,US OTC,@NA,US2071461014,20714610,Connexus Corporation,1.0,CNXS-US,1,SHARE,BVB3BG7,A,Connexus Corporation2.pdf
67282,INE581D01015,RT Exports Ltd.,1,1980.0,IND,Y7344R111,19961021.0,IND,07CV1C-E,1.12,BSE INDIA,@NA,INE581D01015,641064,RT Exports Ltd.,1.0,512565-IN,1,SHARE,6410647,A,RT Exports Ltd.1.pdf
15293,TH0101A10Z01,Charoen Pokphand Foods Public Co. Ltd.,1,1978.0,THA,Y1296K174,19880802.0,THA,05HZD3-E,1.47,THAILAND,CPF-TH,TH0101A10Z01,B4V9B0,Charoen Pokphand Foods Public Co. Ltd.,1.0,CPF-TH,1,SHARE,B4V9B00,A,Charoen Pokphand Foods Public Co. Ltd.3.pdf
63762,ID1000164809,PT Widodo Makmur Perkasa Tbk,1,1995.0,IDN,Y937ZB103,20211206.0,IDN,0DVK3T-E,1.41,INDONESIA,@NA,ID1000164809,BLBDZ8,PT Widodo Makmur Perkasa Tbk,1.0,WMPP-ID,1,SHARE,BLBDZ87,A,PT Widodo Makmur Perkasa Tbk1.pdf
62745,US69401A1079,PSH Group Holding Inc,0,2010.0,USA,69401A107,20110929.0,USA,@NA,1.61,US OTC,@NA,US69401A1079,69401A10,PSH Group Holding Inc,1.0,GLHD-US,0,SHARE,BN0Y411,A,PSH Group Holding Inc1.pdf
13259,MYL7128OO001,CAM Resources Bhd.,1,2000.0,MYS,Y1080R104,20020314.0,MYS,0061YW-E,1.19,MALAYSIA,7128-MY,MYL7128OO001,B0519F,CAM Resources Bhd.,1.0,7128-MY,1,SHARE,B0519F5,A,CAM Resources Bhd.1.pdf
29234,INE795D01011,Freshtrop Fruits Limited,1,1992.0,IND,Y2643C105,20030612.0,IND,061D7N-E,1.26,BSE INDIA,530077-IN,INE795D01011,613449,Freshtrop Fruits Limited,1.0,530077-IN,1,SHARE,6134497,A,Freshtrop Fruits Limited1.pdf
44395,MYL5027OO007,Kim Loong Resources Bhd.,1,1967.0,MYS,Y47929107,20001127.0,MYS,05W10J-E,1.61,MALAYSIA,5027-MY,MYL5027OO007,631114,Kim Loong Resources Bhd.,1.0,5027-MY,1,SHARE,6311148,A,Kim Loong Resources Bhd.1.pdf
16327,HK0000112026,China Nonferrous Mining Corp. Ltd.,1,2011.0,HKG,Y13982106,20220309.0,CHN,08F828-E,7.29,HONG KONG CONNECT - SHENZHEN,@NA,HK0000112026,B890GY,China Nonferrous Mining Corp. Ltd.,1.0,@NA,0,SHARE,BN94218,B,China Nonferrous Mining Corp. Ltd.1.pdf
25311,GB00BL6K5J42,Endeavour Mining PLC,1,2021.0,CAN,G3042J105,20210614.0,GBR,0NY5WC-E,7.29,LONDON,EDV-GB,GB00BL6K5J42,BN7KJJ,Endeavour Mining PLC,1.0,EDV-GB,0,SHARE,BL6K5J4,B,Endeavour Mining PLC2.pdf
13983,AU000000CVN8,Carnarvon Energy Limited,1,1983.0,AUS,Q1990C105,20040713.0,AUS,@NA,6.1,US OTC,@NA,AU000000CVN8,611049,Carnarvon Energy Limited,1.0,CVONF-US,0,SHARE,B05P827,B,Carnarvon Energy Limited1.pdf
85973,CA9184061096,VVC Exploration Corporation,1,1983.0,CAN,918406109,20111129.0,CAN,003QFQ-E,7.29,US OTC,@NA,CA9184061096,250321,VVC Exploration Corporation,1.0,VVCVF-US,0,SHARE,B06MJ46,B,VVC Exploration Corporation3.pdf
13414,CA1364271017,"Canadian North Resources, Inc.",1,2013.0,CAN,136427101,20230418.0,CAN,@NA,7.29,US OTC,@NA,CA1364271017,BPK6WV,"Canadian North Resources, Inc.",1.0,CNRSF-US,0,SHARE,BJJQ3X5,B,"Canadian North Resources, Inc.1.pdf"
58340,AU000000ORN1,Orion Minerals Limited,1,2001.0,AUS,Q7163M101,20170918.0,AUS,087QL3-E,7.29,JSE,@NA,AU000000ORN1,670209,Orion Minerals Limited,1.0,ORN-ZA,0,SHARE,BF2LK61,B,Orion Minerals Limited1.pdf
9340,AU000000BPT9,Beach Energy Limited,0,1961.0,AUS,Q13921103,,AUS,05J15K-E,6.1,BERNE,@NA,AU000000BPT9,608820,Beach Energy Limited,1.0,BPS-CH,0,SHARE,BMTX5B9,B,Beach Energy Limited1.pdf
9977,AU0000019374,Bellevue Gold Limited,1,2004.0,AUS,Q1422R118,20051220.0,AUS,@NA,7.29,BERLIN,@NA,AU0000019374,BFZ31P,Bellevue Gold Limited,1.0,C7H-DE,0,SHARE,BD6RXL7,B,Bellevue Gold Limited1.pdf
24768,CA28623W1077,Elevation Gold Mining Corporation,1,2007.0,CAN,28623W107,20111219.0,CAN,009W5F-E,7.29,US OTC,@NA,CA28623W1077,BPBS9W,Elevation Gold Mining Corporation,1.0,EVGDF-US,0,SHARE,BPBSB15,B,Elevation Gold Mining Corporation1.pdf
85950,AU0000066086,Vulcan Energy Resources Ltd.,1,2018.0,AUS,Q9496S102,20191202.0,AUS,@NA,7.29,XETRA,VUL-DE,AU0000066086,BKYBH6,Vulcan Energy Resources Ltd.,1.0,VUL-DE,0,SHARE,BK25046,B,Vulcan Energy Resources Ltd.1.pdf
26746,AU000000EVN4,Evolution Mining Limited,1,2000.0,AUS,Q3647R147,20100422.0,AUS,0C2YM3-E,7.29,US OTC,@NA,AU000000EVN4,B3X0F9,Evolution Mining Limited,1.0,CAHPF-US,0,SHARE,B701C94,B,Evolution Mining Limited1.pdf
38378,GB00BZ042C28,IGas Energy plc,0,2003.0,GBR,G62564110,,GBR,071ZQ9-E,9.1,BERNE,@NA,GB00BZ042C28,BZ042C,IGas Energy plc,1.0,@NA,0,SHARE,BLKQ606,B,IGas Energy plc1.pdf
5986,KYG0509A1224,ArtGo Holdings Ltd.,1,2011.0,HKG,G0509A122,20131230.0,CHN,0D3NJ4-E,8.11,HONG KONG,3313-HK,KYG0509A1224,BP4YSD,ArtGo Holdings Ltd.,1.0,3313-HK,1,SHARE,BP4YSD1,B,ArtGo Holdings Ltd.1.pdf
54883,AU000000NCM7,Newcrest Mining Limited,1,1966.0,AUS,Q6651B114,20030922.0,AUS,05HX7C-E,7.29,US OTC,@NA,AU000000NCM7,663710,Newcrest Mining Limited,1.0,NCMGF-US,0,SHARE,B02KH39,B,Newcrest Mining Limited1.pdf
15004,KYG2029E1052,CGN Mining Co. Ltd.,0,1996.0,HKG,G2029E105,,HKG,05K1F3-E,7.21,BERNE,@NA,KYG2029E1052,B75551,CGN Mining Co. Ltd.,1.0,@NA,0,SHARE,BMF1VB9,B,CGN Mining Co. Ltd.1.pdf
4017,CA0252883099,American Creek Resources Ltd.,1,2004.0,CAN,025288309,20061113.0,CAN,0089XT-E,7.29,US OTC,@NA,CA0252883099,BK816S,American Creek Resources Ltd.,1.0,ACKRF-US,0,SHARE,BN7R4K2,B,American Creek Resources Ltd.3.pdf
5972,AU000000ARV3,Artemis Resources Limited,1,2003.0,AUS,Q05532298,20070316.0,AUS,009001-E,7.29,ASX,ARV-AU,AU000000ARV3,B1QGZR,Artemis Resources Limited,1.0,ARV-AU,1,SHARE,B1QGZR0,B,Artemis Resources Limited1.pdf
4919,KYG039991024,Anton Oilfield Services Group,1,1999.0,HKG,G03999102,20071214.0,CHN,009TJN-E,9.1,HONG KONG,3337-HK,KYG039991024,B29JZB,Anton Oilfield Services Group,1.0,3337-HK,1,SHARE,B29JZB7,B,Anton Oilfield Services Group1.pdf
76433,LU0075646355,Subsea 7 S.A.,1,1993.0,NOR,L8882U106,19970610.0,GBR,00CZ99-E,9.1,OSLO,SUBC-NO,LU0075646355,525824,Subsea 7 S.A.,1.0,SUBC-NO,1,SHARE,5258246,B,Subsea 7 S.A.1.pdf
51485,INE170N01016,Mideast Integrated Steels Ltd.,1,1992.0,IND,Y602D7106,20171018.0,IND,0CM4D9-E,7.1,BSE INDIA,@NA,INE170N01016,BYP6YH,Mideast Integrated Steels Ltd.,1.0,540744-IN,1,SHARE,BYP6YH5,B,Mideast Integrated Steels Ltd.2.pdf
69025,NL0000360618,SBM Offshore NV,1,1965.0,NLD,N7752F148,20090923.0,NLD,05HWSC-E,9.1,LONDON,@NA,NL0000360618,B156T5,SBM Offshore NV,1.0,0NIS-GB,0,SHARE,B4KZZD0,B,SBM Offshore NV1.pdf
68367,CA8000281029,Sandfire Resources America Inc.,1,1998.0,CAN,800028102,20090928.0,CAN,003W8C-E,7.29,US OTC,@NA,CA8000281029,BFX5H1,Sandfire Resources America Inc.,1.0,SRAFF-US,0,SHARE,BFX5H27,B,Sandfire Resources America Inc.2.pdf
60008,AU0000061897,Perenti Limited,0,1987.0,AUS,Q73992101,,AUS,05JLP3-E,7.29,BERNE,@NA,AU0000061897,BKRKNV,Perenti Limited,1.0,@NA,0,SHARE,BK0WF99,B,Perenti Limited1.pdf
78217,AU000000TLG7,Talga Group Ltd.,1,2009.0,AUS,Q8833K103,20100709.0,AUS,@NA,8.92,ASX,TLG-AU,AU000000TLG7,B59N8P,Talga Group Ltd.,1.0,TLG-AU,1,SHARE,B59N8P5,B,Talga Group Ltd.1.pdf
2490,NO0010215684,Akastor ASA,1,1841.0,NOR,R0046B102,20071102.0,NOR,05YQHR-E,9.1,LONDON,@NA,NO0010215684,B1VLVW,Akastor ASA,1.0,0IPT-GB,0,SHARE,B28DZW1,B,Akastor ASA1.pdf
54143,CA6390971043,Nautilus Minerals Inc.,0,1987.0,CAN,639097104,20060511.0,CAN,06G37S-E,7.29,US OTC,@NA,CA6390971043,B14X0Q,Nautilus Minerals Inc.,1.0,NUSMF-US,0,SHARE,B14X0R8,B,Nautilus Minerals Inc.2.pdf
43008,GB0031852162,Jubilee Metals Group PLC,1,2002.0,GBR,G51977109,20061207.0,GBR,05LF7J-E,7.29,JSE,@NA,GB0031852162,318521,Jubilee Metals Group PLC,1.0,JBL-ZA,0,SHARE,B1KYHD0,B,Jubilee Metals Group PLC1.pdf
81645,CH0048265513,Transocean Ltd.,1,1953.0,USA,H8817H100,20140306.0,CHE,00BN44-E,9.1,LONDON,@NA,CH0048265513,H8817H10,Transocean Ltd.,1.0,0QOW-GB,0,SHARE,BKJ9085,B,Transocean Ltd.2.pdf
9041,AU000000BSE5,Base Resources Limited,1,2007.0,AUS,Q1353X100,20081002.0,AUS,07BZH8-E,7.1,ASX,BSE-AU,AU000000BSE5,B3CLGD,Base Resources Limited,1.0,BSE-AU,1,SHARE,B3CLGD6,B,Base Resources Limited1.pdf
14729,AU000000CTP7,Central Petroleum Limited,1,1998.0,AUS,Q22199295,20060307.0,AUS,007YBG-E,6.1,ASX,CTP-AU,AU000000CTP7,B0LFW3,Central Petroleum Limited,1.0,CTP-AU,1,SHARE,B0LFW30,B,Central Petroleum Limited1.pdf
15615,US1667641005,Chevron Corporation,1,1906.0,USA,166764100,19861211.0,USA,000DP6-E,6.1,SIX SWISS,@NA,US1667641005,16676410,Chevron Corporation,1.0,CVX-CH,0,SHARE,B1G5CZ4,B,Chevron Corporation1.pdf
9015,CA0679011084,Barrick Gold Corporation,1,1983.0,CAN,067901108,20110610.0,CAN,05DZGZ-E,7.29,MEXICO,@NA,CA0679011084,202464,Barrick Gold Corporation,1.0,GOLDN-MX,0,SHARE,B4WVYD9,B,Barrick Gold Corporation1.pdf
62658,AU0000222002,Provaris Energy Ltd,1,2004.0,AUS,Q4063Y137,20180928.0,AUS,@NA,6.1,US OTC,@NA,AU0000222002,BMWW8G,Provaris Energy Ltd,1.0,GBBLF-US,0,SHARE,BM9J0G7,B,Provaris Energy Ltd1.pdf
25226,CA26873J1075,EMX Royalty Corp,1,1996.0,CAN,26873J107,19961129.0,CAN,003VCL-E,7.29,TSX VENTURE,EMX-CA,CA26873J1075,BDG0K4,EMX Royalty Corp,1.0,EMX-CA,1,SHARE,BDG0K48,B,EMX Royalty Corp2.pdf
42462,KYG5138B1023,Jinchuan Group International Resources Co. Ltd,1,2001.0,HKG,G5138B102,20010709.0,HKG,0BJRKT-E,7.29,HONG KONG,2362-HK,KYG5138B1023,637398,Jinchuan Group International Resources Co. Ltd.,1.0,2362-HK,1,SHARE,6373988,B,Jinchuan Group International Resources Co. Ltd.2.pdf
3276,AU0000193666,Allkem Limited,1,2005.0,AUS,Q0226L103,20071204.0,AUS,@NA,8.91,FRANKFURT,@NA,AU0000193666,BLSNC7,Allkem Limited,1.0,3O10-DE,0,SHARE,BMFLDX5,B,Allkem Limited1.pdf
23121,AU000000DRA1,Dragon Mining Limited,1,1990.0,HKG,Q32634109,20181105.0,AUS,05JPT8-E,7.29,HONG KONG,@NA,AU000000DRA1,BGDMJK,Dragon Mining Limited,1.0,1712-HK,1,SHARE,BGDMJK7,B,Dragon Mining Limited2.pdf
38032,CA4509131088,IAMGOLD Corporation,0,1990.0,CAN,450913108,20141103.0,CAN,06LJ3H-E,7.29,BERNE,@NA,CA4509131088,244664,IAMGOLD Corporation,1.0,IAL-CH,0,SHARE,BHZLJW1,B,IAMGOLD Corporation1.pdf
61425,JE00B6T5S470,Polymetal International Plc,0,1998.0,GBR,G7179S101,,CYP,0C471F-E,7.29,MICEX,@NA,JE00B6T5S470,B6T5S4,Polymetal International Plc,1.0,@NA,0,SHARE,BNHRR81,B,Polymetal International Plc2.pdf
65849,KYG2115F1312,Renaissance Asia Silk Road Group Limited,1,2000.0,HKG,G2115F131,20001218.0,HKG,05J3WS-E,7.29,HONG KONG,274-HK,KYG2115F1312,BLRBDK,Renaissance Asia Silk Road Group Limited,1.0,274-HK,1,SHARE,BLRBDK3,B,Renaissance Asia Silk Road Group Limited1.pdf
82387,GH0000001050,Tullow Oil PLC,0,1985.0,GHA,V91469102,20110824.0,GBR,05HZ98-E,9.1,GHANA,@NA,GH0000001050,BJGT0Z,Tullow Oil PLC,1.0,TLW-GH,0,SHARE,BJGT0Z8,B,Tullow Oil PLC1.pdf
86003,US92922P1066,"W&T Offshore, Inc.",1,1983.0,USA,92922P106,20050128.0,USA,005T52-E,6.1,NYSE,WTI-US,US92922P1066,92922P10,"W&T Offshore, Inc.",1.0,WTI-US,1,SHARE,B01Z7M4,B,"W&T Offshore, Inc.1.pdf"
66063,AU0000152803,Resource Base Limited,1,2005.0,AUS,Q8057C183,20210712.0,AUS,@NA,7.29,ASX,@NA,AU0000152803,BMBJZC,Resource Base Limited,1.0,RBX-AU,1,SHARE,BMBJZC6,B,Resource Base Limited2.pdf
43407,AU000000KLL6,Kalium Lakes Ltd,1,2016.0,AUS,Q5208B106,20220721.0,AUS,0GNSPM-E,8.91,US OTC,@NA,AU000000KLL6,BZ0B3Y,Kalium Lakes Ltd.,1.0,KLLKF-US,0,SHARE,BNBRC26,B,Kalium Lakes Ltd.1.pdf
17475,BMG2155Y1075,CITIC Resources Holdings Limited,1,1997.0,HKG,G2155Y107,20061219.0,HKG,05WQ4B-E,6.1,US OTC,@NA,BMG2155Y1075,636923,CITIC Resources Holdings Limited,1.0,CTJHF-US,0,SHARE,B02TCB9,B,CITIC Resources Holdings Limited1.pdf
79825,CY0103562118,Tharisa Plc,1,2008.0,ZAF,M8789F102,20200429.0,CYP,0C5BG7-E,7.29,US OTC,@NA,CY0103562118,B8NWYF,Tharisa Plc,1.0,TIHRF-US,0,SHARE,BLF7W40,B,Tharisa Plc1.pdf
20160,US12637A1034,CSI Compressco LP,1,2008.0,USA,12637A103,20110615.0,USA,00BL2F-E,9.1,NASDAQ,CCLP-US,US12637A1034,12637A10,CSI Compressco LP,1.0,CCLP-US,1,SHARE,BSZM3M9,B,CSI Compressco LP1.pdf
50782,ZAE000060000,Merafe Resources Limited,1,1987.0,ZAF,S01920115,19940323.0,ZAF,05J3BP-E,7.29,JSE,MRF-ZA,ZAE000060000,682512,Merafe Resources Limited,1.0,MRF-ZA,1,SHARE,6825122,B,Merafe Resources Limited1.pdf
15092,AU000000CIA2,Champion Iron Ltd.,1,2006.0,AUS,Q22964102,20140804.0,AUS,0DN2BZ-E,7.1,US OTC,@NA,AU000000CIA2,BLD1SB,Champion Iron Ltd.,1.0,CIAFF-US,0,SHARE,BNM42G0,B,Champion Iron Ltd.1.pdf
53406,BMG6359F1370,Nabors Industries Ltd.,1,1952.0,USA,G6359F137,19841105.0,BMU,000QTL-E,9.1,NYSE,NBR-US,BMG6359F1370,G6359F13,Nabors Industries Ltd.,1.0,NBR-US,1,SHARE,BK953M8,B,Nabors Industries Ltd.2.pdf
64972,AU000000RMS4,Ramelius Resources Limited,1,1979.0,AUS,Q7982E108,20030331.0,AUS,05W8KK-E,7.29,ASX,RMS-AU,AU000000RMS4,658687,Ramelius Resources Limited,1.0,RMS-AU,1,SHARE,6586872,B,Ramelius Resources Limited2.pdf
53145,SG2C34962861,Mun Siong Engineering Ltd.,1,1969.0,SGP,Y6145E105,20101022.0,SGP,@NA,8.12,SINGAPORE,MF6-SG,SG2C34962861,B51C3Z,Mun Siong Engineering Ltd.,1.0,MF6-SG,1,SHARE,B51C3Z5,B,Mun Siong Engineering Ltd.1.pdf
8168,SG1CI3000002,Baker Technology Limited,1,1981.0,SGP,Y0549R168,19941118.0,SGP,@NA,9.1,SINGAPORE,BTP-SG,SG1CI3000002,BYYLGQ,Baker Technology Limited,1.0,BTP-SG,1,SHARE,BYYLGQ4,B,Baker Technology Limited1.pdf
57318,BMG671801022,Odfjell Drilling Ltd.,1,1973.0,NOR,G67180102,20230310.0,GBR,08DYWR-E,9.1,US OTC,@NA,BMG671801022,BDX87W,Odfjell Drilling Ltd.,1.0,ODFJF-US,0,SHARE,BQB5FK0,B,Odfjell Drilling Ltd.1.pdf
66468,AU000000RIO1,Rio Tinto Limited,1,1959.0,AUS,Q81437107,20141103.0,AUS,05K2VT-E,7.29,SIX SWISS,@NA,AU000000RIO1,622010,Rio Tinto Limited,1.0,RIO-CH,0,SHARE,BHZLR16,B,Rio Tinto Limited2.pdf
9008,US0684281019,"Barrel Energy, Inc.",0,2014.0,USA,068428101,20170605.0,USA,00GL0X-E,9.1,US OTC,@NA,US0684281019,06842810,"Barrel Energy, Inc.",1.0,BRLL-US,1,SHARE,BYWTGP9,B,"Barrel Energy, Inc.2.pdf"
75718,AU000000SMR4,Stanmore Resources Ltd,1,2008.0,AUS,Q8675X106,20210405.0,AUS,08BFZH-E,9.9,US OTC,@NA,AU000000SMR4,B4KDPZ,Stanmore Resources Ltd,1.0,STMRF-US,0,SHARE,BYXWFD8,B,Stanmore Resources Ltd1.pdf
15064,IM00BN2RD444,Challenger Energy Group PLC,1,2005.0,GBR,G2092U119,20101118.0,GBR,07CS1H-E,9.1,US OTC,@NA,IM00BN2RD444,BN2RD4,Challenger Energy Group PLC,1.0,BSHPF-US,0,SHARE,BP5DT45,B,Challenger Energy Group PLC3.pdf
48572,AU000000LYC6,Lynas Rare Earths Limited,1,1983.0,AUS,Q5683J210,20070420.0,AUS,05JHDV-E,7.29,US OTC,@NA,AU000000LYC6,612117,Lynas Rare Earths Limited,1.0,LYSCF-US,0,SHARE,B0775L9,B,Lynas Rare Earths Limited1.pdf
37599,CA44702L2012,Huntsman Exploration Inc.,1,2011.0,CAN,44702L201,20130412.0,CAN,@NA,7.29,TSX VENTURE,@NA,CA44702L2012,BMF0DY,Huntsman Exploration Inc.,1.0,HMAN-CA,1,SHARE,BMF0DY3,B,Huntsman Exploration Inc.1.pdf
4566,ZAE000013181,Anglo American Platinum Limited,1,1946.0,ZAF,S9122P108,19861205.0,ZAF,05HWCN-E,7.29,US OTC,AGPPF-US,ZAE000013181,676100,Anglo American Platinum Limited,1.0,AGPPF-US,0,SHARE,B0372N4,B,Anglo American Platinum Limited2.pdf
7294,AU0000175838,Austral Resources Australia Limited,1,2010.0,AUS,Q1R795105,20211103.0,AUS,0CPJ69-E,7.29,ASX,@NA,AU0000175838,BK80SR,Austral Resources Australia Limited,1.0,AR1-AU,1,SHARE,BK80SR4,B,Austral Resources Australia Limited1.pdf
19889,WUSYHQX0,Crescent Energy Company,1,2002.0,USA,WUSYHQX04,,USA,0PP7K5-E,6.1,@NA,@NA,@NA,44952J10,Crescent Energy Company,1.0,@NA,1,SHARE,@NA,B,Crescent Energy Company2.pdf
30557,US36870K1060,Gemxx Corp,0,1999.0,USA,36870K106,20090212.0,USA,@NA,8.92,US OTC,@NA,US36870K1060,36870K10,Gemxx Corp,1.0,GEMZ-US,1,SHARE,BL6KDB2,B,Gemxx Corp1.pdf
22107,MYL7277OO006,Dialog Group Bhd.,1,1984.0,MYS,Y20641109,19960701.0,MYS,05J22R-E,9.1,MALAYSIA,7277-MY,MYL7277OO006,B00MRS,Dialog Group Bhd.,1.0,7277-MY,1,SHARE,B00MRS2,B,Dialog Group Bhd.3.pdf
51712,AU000000MIN4,Mineral Resources Limited,0,2006.0,AUS,Q60976109,,AUS,008H8N-E,7.1,BERNE,@NA,AU000000MIN4,B17ZL5,Mineral Resources Limited,1.0,F5J-CH,0,SHARE,BLNP0P3,B,Mineral Resources Limited1.pdf
44583,CA49639T3001,Kingsmen Resources Limited,1,2000.0,CAN,49639T300,20031125.0,CAN,@NA,7.29,US OTC,@NA,CA49639T3001,BMW5J8,Kingsmen Resources Limited,1.0,KNGRF-US,0,SHARE,BMW5J98,B,Kingsmen Resources Limited1.pdf
56420,AU000000NTU4,Northern Minerals Limited,1,2006.0,AUS,Q6862N105,20071017.0,AUS,06K713-E,7.29,US OTC,@NA,AU000000NTU4,B1FMNY,Northern Minerals Limited,1.0,NOURF-US,0,SHARE,B1N93T0,B,Great Northern Minerals Limited2.pdf
30460,CA36830P1045,Gear Energy Ltd.,1,2007.0,CAN,36830P104,20131118.0,CAN,00CBXQ-E,9.1,TORONTO,GXE-CA,CA36830P1045,BGLKK8,Gear Energy Ltd.,1.0,GXE-CA,1,SHARE,BGLKK88,B,Gear Energy Ltd.2.pdf
52535,BMG6260K1595,Mongolia Energy Corporation Limited,1,1972.0,HKG,G6260K159,20070222.0,HKG,06RS9M-E,5.2,US OTC,@NA,BMG6260K1595,BL72R4,Mongolia Energy Corporation Limited,1.0,MOAEF-US,0,SHARE,BJM03W3,B,Mongolia Energy Corporation Limited2.pdf
30584,JE00B55Q3P39,Genel Energy PLC,0,2018.0,GBR,G3791G104,,GBR,0C29M7-E,9.1,BERNE,@NA,JE00B55Q3P39,B55Q3P,Genel Energy PLC,1.0,4VL-CH,0,SHARE,BMF1V19,B,Genel Energy PLC1.pdf
60665,CA69338U1012,PHX Energy Services Corp.,1,1995.0,CAN,69338U101,20040719.0,CAN,00CZ1H-E,9.1,US OTC,@NA,CA69338U1012,B66YG3,PHX Energy Services Corp.,1.0,PHXHF-US,0,SHARE,B63LYK9,B,PHX Energy Services Corp.1.pdf
44469,KYG525931039,Kinetic Development Group Limited,1,2010.0,HKG,G52593103,20120323.0,CHN,0CFM4N-E,5.2,HONG KONG,1277-HK,KYG525931039,B79ZNS,Kinetic Development Group Limited,1.0,1277-HK,1,SHARE,B79ZNS3,B,Kinetic Development Group Limited1.pdf
60374,NO0010199151,PGS ASA,1,1962.0,NOR,R6S65C103,20071102.0,NOR,0011ZB-E,9.1,LONDON,@NA,NO0010199151,B1L7YL,PGS ASA,1.0,0MHR-GB,0,SHARE,B28L8D7,B,PGS ASA1.pdf
5870,AU000000AJQ0,Armour Energy Limited,1,2009.0,AUS,Q0457A107,20221031.0,AUS,0BX6MM-E,6.1,US OTC,@NA,AU000000AJQ0,B79C8W,Armour Energy Limited,1.0,AGYYF-US,0,SHARE,BYRPQJ6,B,Armour Energy Limited1.pdf
1689,AU000000AIS8,Aeris Resources Limited,1,1887.0,AUS,Q0145V166,20110202.0,AUS,0BGS11-E,7.29,ASX,AIS-AU,AU000000AIS8,BZ8W0K,Aeris Resources Limited,1.0,AIS-AU,1,SHARE,BZ8W0K2,B,Aeris Resources Limited1.pdf
66202,SG2G04994999,Rex International Holding Ltd.,1,2013.0,SGP,Y79979103,,SGP,0D286J-E,6.1,US OTC,@NA,SG2G04994999,BCGD3S,Rex International Holding Ltd.,1.0,REXHF-US,0,SHARE,BHLY366,B,Rex International Holding Ltd.1.pdf
82697,US90291C2017,U.S. Gold Corp.,1,1967.0,USA,90291C201,20180129.0,USA,@NA,7.29,LONDON,@NA,US90291C2017,90291C20,U.S. Gold Corp.,1.0,0LHW-GB,0,SHARE,BLKT0S1,B,U.S. Gold Corp.1.pdf
4474,US0341972026,Andes Gold Corporation,0,1993.0,USA,034197202,19960214.0,USA,@NA,7.29,US OTC,AGCZ-US,US0341972026,03419720,Andes Gold Corporation,1.0,AGCZ-US,1,SHARE,BDB5RV4,B,Andes Gold Corporation3.pdf
21973,MYL5165OO005,DFCITY Group Bhd.,1,2008.0,MYS,Y32326103,20100326.0,MYS,09LNDG-E,8.11,MALAYSIA,5165-MY,MYL5165OO005,B65352,DFCITY Group Bhd.,1.0,5165-MY,1,SHARE,B653522,B,DFCITY Group Bhd.2.pdf
54728,CA6449021089,New Guinea Gold Corporation,0,1980.0,CAN,644902108,20120403.0,AUS,@NA,7.29,US OTC,@NA,CA6449021089,263749,New Guinea Gold Corporation,1.0,NGUGF-US,0,SHARE,B01DMF6,B,New Guinea Gold Corporation1.pdf
60759,AU000000PLS0,Pilbara Minerals Limited,1,2005.0,AUS,Q7539C100,,AUS,09H63K-E,9.9,BERNE,@NA,AU000000PLS0,B2368L,Pilbara Minerals Limited,1.0,PLR-CH,0,SHARE,BLNP1L6,B,Pilbara Minerals Limited1.pdf
19313,US21867A1051,Core Laboratories Inc.,1,1936.0,USA,21867A105,19981209.0,USA,@NA,9.1,FRANKFURT,@NA,US21867A1051,21867A10,Core Laboratories Inc.,1.0,HJ1-DE,0,SHARE,BQQ5NR8,B,Core Laboratories Inc.1.pdf
1189,KYG0112P1101,Add New Energy Investment Holdings Group Ltd.,1,2011.0,HKG,G0112P110,20120427.0,HKG,0CHW59-E,7.1,HONG KONG,2623-HK,KYG0112P1101,BQ0LLH,Add New Energy Investment Holdings Group Ltd.,1.0,2623-HK,1,SHARE,BQ0LLH8,B,Add New Energy Investment Holdings Group Ltd.1.pdf
64022,CA74642W1086,Pursuit Gold Corp.,0,2020.0,CAN,74642W108,20220127.0,CAN,@NA,7.29,CNQ,@NA,CA74642W1086,74642W10,Pursuit Gold Corp.,1.0,PUGS-CA,0,SHARE,BP4ZVN5,B,Pursuit Gold Corp.2.pdf
56337,IRO1HSHM0008,North Drilling Co,0,1998.0,IRN,FDS22YMX0,,IRN,@NA,9.1,TEHRAN,@NA,IRO1HSHM0008,B6331D,North Drilling Co,1.0,HSHM1-IR,0,SHARE,B6331D7,B,North Drilling Co2.pdf
76086,ROSTOZACNOR8,Sticloval SA,0,1925.0,ROU,X7549B102,20090605.0,ROU,@NA,8.92,BUCHAREST SPOT,@NA,ROSTOZACNOR8,B3CXS9,Sticloval SA,1.0,STOZ-RO,0,SHARE,B3CXS92,B,Sticloval SA1.pdf
17961,BMG2233G2014,CMBC Capital Holdings Limited,1,1998.0,HKG,G2233G201,19980312.0,HKG,09QT5N-E,9.1,HONG KONG,1141-HK,BMG2233G2014,BN44SV,CMBC Capital Holdings Limited,1.0,1141-HK,1,SHARE,BN44SV5,B,CMBC Capital Holdings Limited1.pdf
54971,KYG6525A1031,Newton Resources Ltd.,1,2005.0,HKG,G6525A103,20110704.0,HKG,0BWB7F-E,7.1,HONG KONG,1231-HK,KYG6525A1031,B62Z02,Newton Resources Ltd.,1.0,1231-HK,1,SHARE,B62Z026,B,Newton Resources Ltd.1.pdf
29186,US35671D8570,"Freeport-McMoRan, Inc.",1,1987.0,USA,35671D857,19950710.0,USA,000KS2-E,7.29,NYSE,FCX-US,US35671D8570,35671D85,"Freeport-McMoRan, Inc.",1.0,FCX-US,1,SHARE,2352118,B,"Freeport-McMoRan, Inc.1.pdf"
49862,AU000000MAT8,Matsa Resources Limited,1,2003.0,AUS,Q5816Y100,20050420.0,AUS,07JPG2-E,7.29,ASX,MAT-AU,AU000000MAT8,B06GX4,Matsa Resources Limited,1.0,MAT-AU,1,SHARE,B06GX46,B,Matsa Resources Limited1.pdf
27231,AU0000191793,Far East Gold Ltd,1,2020.0,AUS,Q3727V109,20220328.0,AUS,@NA,7.29,ASX,@NA,AU0000191793,BMZ9M2,Far East Gold Ltd,1.0,FEG-AU,1,SHARE,BMZ9M21,B,Far East Gold Ltd3.pdf
77842,MYL7228OO009,T7 Global Berhad,1,1990.0,MYS,Y8490S101,20050527.0,MYS,00777T-E,9.1,MALAYSIA,7228-MY,MYL7228OO009,B09MBH,T7 Global Berhad,1.0,7228-MY,1,SHARE,B09MBH0,B,T7 Global Berhad1.pdf
75541,AU0000168627,SSH Group Ltd.,1,2009.0,AUS,Q8710M107,20210917.0,AUS,09RR63-E,9.1,ASX,@NA,AU0000168627,BNNSJZ,SSH Group Ltd.,1.0,SSH-AU,1,SHARE,BNNSJZ9,B,SSH Group Ltd.1.pdf
54849,NZNZOE0010S7,New Zealand Oil & Gas Limited,1,1981.0,NZL,Q67650251,19901210.0,NZL,05JFBW-E,6.1,ASX,NZO-AU,NZNZOE0010S7,BD370S,New Zealand Oil & Gas Limited,1.0,NZO-AU,0,SHARE,BM8G5L9,B,New Zealand Oil & Gas Limited1.pdf
52859,US6240111020,"Mountain Energy, Inc.",1,1987.0,USA,624011102,19950630.0,USA,@NA,5.2,US OTC,@NA,US6240111020,62401110,"Mountain Energy, Inc.",1.0,MTEI-US,1,SHARE,2103521,B,"Mountain Energy, Inc.2.pdf"
31900,AU000000GCR0,Golden Cross Resources Ltd,1,1994.0,AUS,Q4103M218,19960403.0,AUS,05JQN4-E,7.29,ASX,@NA,AU000000GCR0,637704,Golden Cross Resources Ltd,1.0,GCR-AU,1,SHARE,6377043,B,Golden Cross Resources Ltd3.pdf
58903,CA69481U1066,Pacific Silk Road Resources Group Inc.,1,2006.0,CAN,69481U106,20071219.0,CAN,0BNZXQ-E,8.91,TSX VENTURE,@NA,CA69481U1066,BYVVJ7,Pacific Silk Road Resources Group Inc.,1.0,PP-CA,1,SHARE,BYVVJ79,B,Pacific Silk Road Resources Group Inc.1.pdf
5565,KYG045991091,Arcland Resource Inc,1,1998.0,CAN,G04599109,19960301.0,CAN,@NA,7.29,TSX VENTURE,@NA,KYG045991091,G0459910,Arcland Resource Inc,1.0,ADR.H-CA,1,SHARE,BR04NV2,B,Arcland Resource Inc1.pdf
69959,GB00BG5NDX91,Serabi Gold PLC,1,2004.0,GBR,G8063R183,20050510.0,GBR,0077KS-E,7.29,LONDON,SRB-GB,GB00BG5NDX91,BG5NDX,Serabi Gold PLC,1.0,SRB-GB,1,SHARE,BG5NDX9,B,Serabi Gold PLC1.pdf
4233,US0316521006,"Amkor Technology, Inc.",1,1968.0,USA,031652100,19980501.0,USA,001T0G-E,26.11,NASDAQ,AMKR-US,US0316521006,03165210,"Amkor Technology, Inc.",1.0,AMKR-US,1,SHARE,2242929,C,"Amkor Technology, Inc.1.pdf"
48837,LK0251N00005,Madulsima Plantations PLC,1,1992.0,LKA,Y53735109,19980715.0,LKA,081QN6-E,10.89,COLOMBO,MADU.N0000-LK,LK0251N00005,611416,Madulsima Plantations PLC,1.0,MADU.N0000-LK,1,SHARE,6114165,C,Madulsima Plantations PLC1.pdf
48126,TW0003533006,"Lotes Co., Ltd",1,1986.0,TWN,Y53302116,20061114.0,TWN,06SKFG-E,26.11,TAIWAN,3533-TW,TW0003533006,B1GJFG,"Lotes Co., Ltd",1.0,3533-TW,1,SHARE,B1GJFG8,C,"Lotes Co., Ltd1.pdf"
55091,US65343E1082,"NextCure, Inc.",1,2015.0,USA,65343E108,20190509.0,USA,0FZZVT-E,21.2,NASDAQ,NXTC-US,US65343E1082,65343E10,"NextCure, Inc.",1.0,NXTC-US,1,SHARE,BJL3CL5,C,"NextCure, Inc.1.pdf"
66803,CA77519R1029,Rogers Sugar Inc.,1,1890.0,CAN,77519R102,20120419.0,CAN,00CZ1J-E,10.81,US OTC,@NA,CA77519R1029,B3Q12H,Rogers Sugar Inc.,1.0,RSGUF-US,0,SHARE,B3Q1HT5,C,Rogers Sugar Inc.1.pdf
29990,BE0003818359,Galapagos NV,1,1999.0,NLD,B44170106,20050509.0,BEL,0085DD-E,21.1,EURONEXT AMSTERDAM,GLPG-NL,BE0003818359,B07Q2V,Galapagos NV,1.0,GLPG-NL,1,SHARE,B07Q2V5,C,Galapagos NV1.pdf
41802,TW0006197007,"Jess-Link Products Co., Ltd.",1,1992.0,TWN,Y4439Y101,20021211.0,TWN,061K5X-E,26.11,TAIWAN,6197-TW,TW0006197007,656479,"Jess-Link Products Co., Ltd.",1.0,6197-TW,1,SHARE,6564793,C,"Jess-Link Products Co., Ltd.1.pdf"
14003,US1440333052,"Carolina Mills, Incorporated",0,1928.0,USA,144033305,19870102.0,USA,@NA,13.1,US OTC,@NA,US1440333052,14403330,"Carolina Mills, Incorporated",1.0,CILZ-US,0,SHARE,B02W3W6,C,"Carolina Mills, Incorporated1.pdf"
44965,CZ0009000121,Kofola CeskoSlovensko as,1,1993.0,CZE,X45363110,20171214.0,CZE,070V42-E,11.07,LONDON,@NA,CZ0009000121,BYZRB4,Kofola CeskoSlovensko as,1.0,0RD3-GB,0,SHARE,BD03B62,C,Kofola CeskoSlovensko as1.pdf
78050,TW0002462009,Taiwan Line Tek Electronic,1,1978.0,TWN,Y84276107,19990802.0,TWN,05JCFW-E,27.32,TAIWAN,2462-TW,TW0002462009,687360,Taiwan Line Tek Electronic,1.0,2462-TW,1,SHARE,6873604,C,Taiwan Line Tek Electronic3.pdf
50816,DE0007100000,Mercedes-Benz Group AG,1,1926.0,DEU,D1668R123,20060724.0,DEU,0025F0-E,29.2,MILAN,@NA,DE0007100000,552902,Mercedes-Benz Group AG,1.0,1MBG-IT,0,SHARE,B19GKT4,C,Mercedes-Benz Group AG1.pdf
9360,US07373V1052,"Beam Therapeutics, Inc.",1,2017.0,USA,07373V105,20200206.0,USA,0JJSH9-E,21.1,NASDAQ,BEAM-US,US07373V1052,07373V10,"Beam Therapeutics, Inc.",1.0,BEAM-US,1,SHARE,BK6L288,C,"Beam Therapeutics, Inc.1.pdf"
51554,CH0003390066,Mikron Holding AG,1,1961.0,CHE,H54534179,19860114.0,CHE,05J42V-E,28.99,SIX SWISS,MIKN-CH,CH0003390066,459221,Mikron Holding AG,1.0,MIKN-CH,1,SHARE,4592213,C,Mikron Holding AG1.pdf
69788,AT0000785555,Semperit AG Holding,1,1824.0,AUT,A76473122,19990826.0,AUT,05J10T-E,22.19,VIENNA,SEM-AT,AT0000785555,576028,Semperit AG Holding,1.0,SEM-AT,1,SHARE,5760280,C,Semperit AG Holding1.pdf
79265,KYG875941000,Tenfu (Cayman) Holdings Co. Ltd.,1,2010.0,HKG,G87594100,20110926.0,CHN,0C2V6C-E,10.89,HONG KONG,6868-HK,KYG875941000,B6SWBX,Tenfu (Cayman) Holdings Co. Ltd.,1.0,6868-HK,1,SHARE,B6SWBX9,C,Tenfu (Cayman) Holdings Co. Ltd.1.pdf
18044,NL0010545661,CNH Industrial NV,1,2012.0,USA,N20944109,19961101.0,GBR,0D7GLM-E,28.92,NYSE,CNHI-US,NL0010545661,N2094410,CNH Industrial NV,1.0,CNHI-US,1,SHARE,BDX85Z1,C,CNH Industrial NV1.pdf
46565,FDS9C695,Launch Tech Co. Ltd.,1,1992.0,HKG,FDS9C6951,,CHN,05TJPX-E,27.12,@NA,@NA,@NA,654901,Launch Tech Co. Ltd.,1.0,@NA,0,SHARE,@NA,C,Launch Tech Co. Ltd.1.pdf
11544,US0970231058,Boeing Company,1,1916.0,USA,097023105,19841105.0,USA,000CYC-E,30.3,NYSE,BA-US,US0970231058,09702310,Boeing Company,1.0,BA-US,1,SHARE,2108601,C,Boeing Company1.pdf
24776,INE285A01027,ELGI Equipments Limited,1,1960.0,IND,Y2286K141,19940614.0,IND,05VCYN-E,28.13,BSE INDIA,522074-IN,INE285A01027,627118,ELGI Equipments Limited,1.0,522074-IN,1,SHARE,6271189,C,ELGI Equipments Limited2.pdf
20318,US2310211063,Cummins Inc.,1,1919.0,USA,231021106,20180129.0,USA,000FFW-E,28.11,LONDON,@NA,US2310211063,23102110,Cummins Inc.,1.0,0I58-GB,0,SHARE,BYZHJ39,C,Cummins Inc.3.pdf
84129,KR7043150002,"Value Added Technology Co., Ltd.",1,1992.0,KOR,Y9347V107,20060929.0,KOR,06KM65-E,32.5,KOREA,043150-KR,KR7043150002,B1FMQF,"Value Added Technology Co., Ltd.",1.0,043150-KR,1,SHARE,B1FMQF4,C,"Value Added Technology Co., Ltd.1.pdf"
19319,CA21872J3073,"Core One Labs, Inc.",1,2010.0,CAN,21872J307,20111114.0,CAN,00D38R-E,21.2,CNQ,@NA,CA21872J3073,BNW000,"Core One Labs, Inc.",1.0,COOL-CA,1,SHARE,BNW0008,C,"Core One Labs, Inc.3.pdf"
35372,FDS0GQSV,Hebei Yichen Industrial Group Corporation Limited,1,2001.0,HKG,FDS0GQSV4,,CHN,0FPXS5-E,30.2,@NA,@NA,@NA,BYTNMK,Hebei Yichen Industrial Group Corporation Limited,1.0,@NA,0,SHARE,@NA,C,Hebei Yichen Industrial Group Corporation Limited1.pdf
25783,US29408K2015,"Environmental Solutions Worldwide, Inc.",0,1987.0,USA,29408K201,19981013.0,USA,002M9D-E,29.31,US OTC,ESWW-US,US29408K2015,29408K20,"Environmental Solutions Worldwide, Inc.",1.0,ESWW-US,1,SHARE,BB2D0F8,C,"Environmental Solutions Worldwide, Inc.3.pdf"
46615,MYL9326OO009,LB Aluminium Bhd.,1,1985.0,MYS,Y5226Y105,19960529.0,MYS,05JC40-E,24.42,MALAYSIA,9326-MY,MYL9326OO009,B1W58N,LB Aluminium Bhd.,1.0,9326-MY,1,SHARE,B1W58N8,C,LB Aluminium Bhd.1.pdf
29033,KYG3656F1000,Fourace Industries Group Holdings Limited,1,1988.0,HKG,G3656F100,20200915.0,HKG,0L9K0R-E,27.51,HONG KONG,@NA,KYG3656F1000,BMTQT7,Fourace Industries Group Holdings Limited,1.0,1455-HK,1,SHARE,BMTQT72,C,Fourace Industries Group Holdings Limited2.pdf
87460,MYL7025OO009,Woodlandor Holdings Bhd.,1,1996.0,MYS,Y9692G101,19971029.0,MYS,0061S6-E,16.23,MALAYSIA,7025-MY,MYL7025OO009,604194,Woodlandor Holdings Bhd.,1.0,7025-MY,1,SHARE,6041940,C,Woodlandor Holdings Bhd.1.pdf
48371,INE872H01027,Lumax Auto Technologies Limited,1,1981.0,IND,Y5345G126,20070117.0,IND,06KC9D-E,27.4,BSE INDIA,532796-IN,INE872H01027,BF2WW0,Lumax Auto Technologies Limited,1.0,532796-IN,1,SHARE,BF2WW02,C,Lumax Auto Technologies Limited2.pdf
47672,CA5367361014,Lite Access Technologies Inc,1,2004.0,CAN,536736101,20150623.0,CAN,07C0XC-E,27.32,US OTC,@NA,CA5367361014,BY9C8B,Lite Access Technologies Inc,1.0,LTCCF-US,0,SHARE,BYQG2J2,C,Lite Access Technologies Inc2.pdf
69700,INE105I01020,SEL Manufacturing Co. Ltd.,1,1969.0,IND,Y7576Z120,20080703.0,IND,06M1QQ-E,13.99,BSE INDIA,@NA,INE105I01020,BNSN69,SEL Manufacturing Co. Ltd.,1.0,532886-IN,1,SHARE,BNSN692,C,SEL Manufacturing Co. Ltd.1.pdf
72399,TW0004537006,"Shuz Tung Machinery Industrial Co., Ltd.",1,1979.0,TWN,Y7T7A6107,20120503.0,TWN,0BJXH5-E,28.99,TAIPEI,@NA,TW0004537006,B7353R,"Shuz Tung Machinery Industrial Co., Ltd.",1.0,4537-TW,1,SHARE,B7353R8,C,"Shuz Tung Machinery Industrial Co., Ltd.1.pdf"
861,US0043971052,Accuray Incorporated,1,1990.0,USA,004397105,20070208.0,USA,060ZXV-E,26.6,NASDAQ,ARAY-US,US0043971052,00439710,Accuray Incorporated,1.0,ARAY-US,1,SHARE,B1R2HW6,C,Accuray Incorporated1.pdf
68399,SE0000667891,Sandvik AB,1,1862.0,SWE,W74857165,20000511.0,SWE,003PSQ-E,28.92,FRANKFURT,@NA,SE0000667891,B1VQ25,Sandvik AB,1.0,SVKB-DE,0,SHARE,B1XHQN9,C,Sandvik AB1.pdf
17950,JP3268810003,"Cluster Technology Co., Ltd.",1,1991.0,JPN,J08461105,20060412.0,JPN,@NA,28.99,TOKYO,4240-JP,JP3268810003,B10S82,"Cluster Technology Co., Ltd.",1.0,4240-JP,1,SHARE,B10S828,C,"Cluster Technology Co., Ltd.3.pdf"
16174,KYG211411098,China Lilang Ltd.,1,1995.0,HKG,G21141109,20161205.0,CHN,0838RV-E,14.13,HONG KONG CONNECT - SHENZHEN,1234-SZSC,KYG211411098,B4JMX9,China Lilang Ltd.,1.0,@NA,0,SHARE,BD8GHR6,C,China Lilang Ltd.1.pdf
66950,AT0000922554,Rosenbauer International AG,1,1866.0,AUT,A7132W104,20081103.0,AUT,05J9TD-E,29.2,LONDON,@NA,AT0000922554,474843,Rosenbauer International AG,1.0,0FRW-GB,0,SHARE,B28LMG8,C,Rosenbauer International AG1.pdf
84663,US92532F1003,Vertex Pharmaceuticals Incorporated,1,1989.0,USA,92532F100,19910724.0,USA,000YJB-E,21.2,NASDAQ,VRTX-US,US92532F1003,92532F10,Vertex Pharmaceuticals Incorporated,1.0,VRTX-US,1,SHARE,2931034,C,Vertex Pharmaceuticals Incorporated2.pdf
8833,INE459A01010,Bannari Amman Sugars Limited,1,1983.0,IND,Y0697V110,19950727.0,IND,05JCL9-E,10.81,BSE INDIA,500041-IN,INE459A01010,607772,Bannari Amman Sugars Limited,1.0,500041-IN,1,SHARE,6077729,C,Bannari Amman Sugars Limited2.pdf
73184,KYG8167W1380,Sino Biopharmaceutical Limited,1,2000.0,HKG,G8167W138,20000929.0,HKG,05L60N-E,21.2,HONG KONG,1177-HK,KYG8167W1380,B00XSF,Sino Biopharmaceutical Limited,1.0,1177-HK,1,SHARE,B00XSF9,C,Sino Biopharmaceutical Limited1.pdf
48422,BMG5697D1011,Lung Kee (Bermuda) Holdings Limited,1,1992.0,HKG,G5697D101,20020812.0,HKG,05J43C-E,28.99,SINGAPORE,@NA,BMG5697D1011,653841,Lung Kee (Bermuda) Holdings Limited,1.0,L09-SG,0,SHARE,6538107,C,Lung Kee (Bermuda) Holdings Limited1.pdf
40119,US4601461035,International Paper Company,1,1898.0,USA,460146103,19841105.0,USA,000N29-E,17.12,NYSE,IP-US,US4601461035,46014610,International Paper Company,1.0,IP-US,1,SHARE,2465254,C,International Paper Company1.pdf
88427,US98419M1009,Xylem Inc.,1,2011.0,USA,98419M100,20180119.0,USA,0C4770-E,28.12,LONDON,@NA,US98419M1009,98419M10,Xylem Inc.,1.0,0M29-GB,0,SHARE,BYZHKK3,C,Xylem Inc.1.pdf
85512,SE0011205202,Vitrolife AB,1,1989.0,SWE,W98218147,20091124.0,SWE,05J61L-E,32.5,LONDON,@NA,SE0011205202,BFZCSN,Vitrolife AB,1.0,0YAY-GB,0,SHARE,BD5D134,C,Vitrolife AB1.pdf
71317,KYG811661035,Shengli Oil & Gas Pipe Holdings Ltd.,1,1972.0,HKG,G81166103,20091218.0,CHN,08FVYK-E,24.2,HONG KONG,1080-HK,KYG811661035,B56FB9,Shengli Oil & Gas Pipe Holdings Ltd.,1.0,1080-HK,1,SHARE,B56FB99,C,Shengli Oil & Gas Pipe Holdings Ltd.1.pdf
43519,MYQ0170OO009,Kanger International Bhd.,1,2012.0,MYS,Y45723106,20131223.0,CHN,@NA,16.1,MALAYSIA,0170-MY,MYQ0170OO009,BHC8B2,Kanger International Bhd.,1.0,0170-MY,1,SHARE,BHC8B29,C,Kanger International Bhd.1.pdf
64854,US75082Q1058,Rain Oncology Inc.,1,2017.0,USA,75082Q105,20210423.0,USA,0HRJ1H-E,21.1,NASDAQ,RAIN-US,US75082Q1058,75082Q10,Rain Oncology Inc.,1.0,RAIN-US,1,SHARE,BN2RM92,C,Rain Oncology Inc.3.pdf
201,GB0006640972,4imprint Group plc,1,1921.0,GBR,G36555103,19850102.0,GBR,05JB9G-E,18.14,LONDON,FOUR-GB,GB0006640972,066409,4imprint Group plc,1.0,FOUR-GB,1,SHARE,0664097,C,4imprint Group plc1.pdf
43975,FI4000513593,Kempower Oy,1,2012.0,FIN,X4S4V8106,20211214.0,FIN,@NA,27.9,OMX NORDIC HELSINKI,KEMPOWR-FI,FI4000513593,BP6VMQ,Kempower Oy,1.0,KEMPOWR-FI,1,SHARE,BP6VMQ1,C,Kempower Oy1.pdf
41279,KYG677291067,Jacobson Pharma Corporation Limited,1,2016.0,HKG,G67729106,20160921.0,HKG,0G62LQ-E,21.2,HONG KONG,2633-HK,KYG677291067,BYZTBB,Jacobson Pharma Corporation Limited,1.0,2633-HK,1,SHARE,BYZTBB7,C,Jacobson Pharma Corporation Limited1.pdf
16203,KYG211081248,China Medical System Holdings Ltd.,1,1995.0,HKG,G21108124,20100928.0,CHN,06T6PN-E,21.2,HONG KONG,867-HK,KYG211081248,B6WY99,China Medical System Holdings Ltd.,1.0,867-HK,1,SHARE,B6WY993,C,China Medical System Holdings Ltd.1.pdf
64055,US6936561009,PVH Corp.,1,1881.0,USA,693656100,19841105.0,USA,000TCV-E,14.19,NYSE,PVH-US,US6936561009,69365610,PVH Corp.,1.0,PVH-US,1,SHARE,B3V9F12,C,PVH Corp.3.pdf
48380,SE0019072158,LumenRadio AB,0,2008.0,SWE,W5S557102,20221208.0,SWE,@NA,27.4,OMX NORDIC STOCKHOLM,@NA,SE0019072158,BPCNTP,LumenRadio AB,1.0,LUMEN-SE,0,SHARE,BPCNTP9,C,LumenRadio AB1.pdf
63106,ID1000170707,PT Estee Gold Feet Tbk,0,1978.0,IDN,Y2S0Z4110,20220808.0,IDN,@NA,20.42,INDONESIA,@NA,ID1000170707,BP4CVF,PT Estee Gold Feet Tbk,1.0,EURO-ID,0,SHARE,BP4CVF8,C,PT Estee Gold Feet Tbk1.pdf
61028,TW0006263007,Planet Technology Corporation,1,1993.0,TWN,Y69881103,20030917.0,TWN,@NA,26.3,TAIPEI,6263-TW,TW0006263007,668029,Planet Technology Corporation,1.0,6263-TW,1,SHARE,6680291,C,Planet Technology Corporation1.pdf
3125,TW0006187008,"All Ring Tech Co., Ltd.",1,1996.0,TWN,Y00905102,20020927.0,TWN,066R6R-E,28.99,TAIPEI,6187-TW,TW0006187008,643166,"All Ring Tech Co., Ltd.",1.0,6187-TW,1,SHARE,6431660,C,"All Ring Tech Co., Ltd.1.pdf"
87722,BMG9604B1090,Wuling Motors Holdings Limited,1,1992.0,HKG,G9604B109,20201116.0,HKG,05JLYJ-E,29.31,US OTC,@NA,BMG9604B1090,BX3JX5,Wuling Motors Holdings Limited,1.0,WLMTF-US,0,SHARE,BMTVQZ4,C,Wuling Motors Holdings Limited1.pdf
36185,INE582K01018,Hindusthan Udyog Ltd.,0,1947.0,IND,Y3222H101,20121218.0,IND,@NA,24.1,BSE INDIA,@NA,INE582K01018,B52SQD,Hindusthan Udyog Ltd.,1.0,513039-IN,0,SHARE,B52SQD1,C,Hindusthan Udyog Ltd.2.pdf
5065,INE346W01013,Apex Frozen Foods Ltd.,1,1995.0,IND,Y0R8MB108,20170904.0,IND,0GMX88-E,10.2,BSE INDIA,540692-IN,INE346W01013,BYZ0RK,Apex Frozen Foods Ltd.,1.0,540692-IN,1,SHARE,BYZ0RK1,C,Apex Frozen Foods Ltd.2.pdf
48466,INE150G01020,Lux Industries Ltd.,1,1957.0,IND,Y5S471146,20160105.0,IND,08VNQF-E,14.14,BSE INDIA,539542-IN,INE150G01020,BD203Z,Lux Industries Ltd.,1.0,539542-IN,1,SHARE,BD203Z4,C,Lux Industries Ltd.1.pdf
53213,US6273352012,MusclePharm Corporation,1,2006.0,USA,627335201,20081202.0,USA,09MF15-E,21.1,US OTC,MSLPQ-US,US6273352012,62733520,MusclePharm Corporation,1.0,MSLPQ-US,1,SHARE,B8H56K5,C,MusclePharm Corporation1.pdf
59338,FR0013318813,Paragon ID SA,1,1997.0,FRA,F6957K117,20181220.0,FRA,0HV5P8-E,18.14,US OTC,@NA,FR0013318813,BG0SZP,Paragon ID SA,1.0,PAGDF-US,0,SHARE,BFWX766,C,Paragon ID SA2.pdf
78018,TW0004186002,"Taiwan Advance Bio-Pharmaceutical, Inc.",1,2000.0,TWN,Y8T6F2101,20121127.0,TWN,0CB5HZ-E,21.2,TAIPEI,@NA,TW0004186002,B92DZG,"Taiwan Advance Bio-Pharmaceutical, Inc.",1.0,4186-TW,1,SHARE,B92DZG0,C,"Taiwan Advance Bio-Pharmaceutical, Inc.3.pdf"
45777,US50127T1097,"Kura Oncology, Inc.",1,2014.0,USA,50127T109,20150916.0,USA,00GKS0-E,21.1,NASDAQ,KURA-US,US50127T1097,50127T10,"Kura Oncology, Inc.",1.0,KURA-US,1,SHARE,BYZD465,C,"Kura Oncology, Inc.1.pdf"
87334,TW0003231007,Wistron Corporation,1,2001.0,TWN,Y96738102,20210325.0,TWN,05W8F4-E,26.2,US OTC,@NA,TW0003231007,667248,Wistron Corporation,1.0,WICOF-US,0,SHARE,B02WHL3,C,Wistron Corporation1.pdf
90365,FDS1GOAT,"Zijin Mining Group Co., Ltd.",1,1986.0,HKG,FDS1GOAT1,,CHN,05W0C8-E,24.45,@NA,@NA,@NA,672529,"Zijin Mining Group Co., Ltd.",1.0,@NA,0,SHARE,@NA,C,"Zijin Mining Group Co., Ltd.1.pdf"
76129,CA86102Q1081,Stock Trend Capital Inc.,1,1965.0,CAN,86102Q108,19960301.0,CAN,0KR5P9-E,21.1,CNQ,@NA,CA86102Q1081,BQKRMR,Stock Trend Capital Inc.,1.0,PUMP-CA,1,SHARE,BQKRMR3,C,Stock Trend Capital Inc.2.pdf
82043,US8968181011,"Triumph Group, Inc.",1,1993.0,USA,896818101,19961025.0,USA,001BPJ-E,30.3,NYSE,TGI-US,US8968181011,89681810,"Triumph Group, Inc.",1.0,TGI-US,1,SHARE,2893071,C,"Triumph Group, Inc.3.pdf"
57049,MYL4944OO004,Nylex (Malaysia) Bhd.,1,1970.0,MYS,Y6423V100,19910111.0,MYS,05JB61-E,20.13,MALAYSIA,4944-MY,MYL4944OO004,B01KLG,Nylex (Malaysia) Bhd.,1.0,4944-MY,1,SHARE,B01KLG1,C,Nylex (Malaysia) Bhd.1.pdf
30694,US3719271047,"Genesis Energy, L.P.",1,1996.0,USA,371927104,19961127.0,USA,001BZP-E,20.13,NYSE,GEL-US,US3719271047,37192710,"Genesis Energy, L.P.",1.0,GEL-US,1,SHARE,2372257,C,"Genesis Energy, L.P.2.pdf"
30543,KYG378791068,Gemilang International Ltd.,1,2016.0,HKG,G37879106,20161111.0,MYS,0GF0JF-E,29.2,HONG KONG,6163-HK,KYG378791068,BD20XC,Gemilang International Ltd.,1.0,6163-HK,1,SHARE,BD20XC1,C,Gemilang International Ltd.1.pdf
51577,INE588G01013,Milkfood Ltd.,1,1973.0,IND,Y6043S115,19961017.0,IND,06MMKP-E,10.42,BSE INDIA,@NA,INE588G01013,658176,Milkfood Ltd.,1.0,507621-IN,1,SHARE,6581769,C,Milkfood Ltd.1.pdf
59826,KYG6981F1090,Peijia Medical Ltd.,1,2012.0,HKG,G6981F109,20201231.0,CHN,0LWL5C-E,32.5,HONG KONG CONNECT  - SHANGHAI,@NA,KYG6981F1090,BMT7V1,Peijia Medical Ltd.,1.0,@NA,0,SHARE,BL6CMW2,C,Peijia Medical Ltd.1.pdf
79444,IT0004585243,Tesmec S.p.A.,1,1996.0,ITA,T9350L109,20100701.0,ITA,0720NM-E,28.92,MILAN,TES-IT,IT0004585243,B62QZS,Tesmec S.p.A.,1.0,TES-IT,1,SHARE,B62QZS0,C,Tesmec S.p.A.3.pdf
47593,TW0006715006,"Lintes Technology Co., Ltd.",1,2011.0,TWN,Y5S85C103,20181115.0,TWN,0CWR1P-E,27.32,TAIWAN,6715-TW,TW0006715006,BGP5YC,"Lintes Technology Co., Ltd.",1.0,6715-TW,1,SHARE,BGP5YC1,C,"Lintes Technology Co., Ltd.2.pdf"
34931,KYG4295B1041,Harbour Equine Holdings Limited,1,2016.0,HKG,G4295B104,20171215.0,HKG,@NA,13.1,HONG KONG,@NA,KYG4295B1041,BP6DL3,Harbour Equine Holdings Limited,1.0,8377-HK,1,SHARE,BP6DL37,C,Harbour Equine Holdings Limited3.pdf
47497,BD0301BOC004,Linde Bangladesh Limited,1,1973.0,BGD,Y0919T109,19960403.0,BGD,@NA,20.11,DHAKA,LINDEBD-BD,BD0301BOC004,610374,Linde Bangladesh Limited,1.0,LINDEBD-BD,1,SHARE,6103743,C,Linde Bangladesh Limited1.pdf
60154,MYQ0171OO007,PeterLabs Holdings Bhd.,1,2010.0,MYS,Y6803Y104,20110726.0,MYS,0BX4MR-E,10.91,MALAYSIA,0171-MY,MYQ0171OO007,B6WC5H,PeterLabs Holdings Bhd.,1.0,0171-MY,1,SHARE,B6WC5H7,C,PeterLabs Holdings Bhd.2.pdf
1276,TW0004142005,Adimmune Corporation,1,1965.0,TWN,Y0013X105,20100929.0,TWN,06Q04T-E,21.2,TAIWAN,4142-TW,TW0004142005,B3ML0F,Adimmune Corporation,1.0,4142-TW,1,SHARE,B3ML0F6,C,Adimmune Corporation1.pdf
82489,TRASISEW91Q3,Turkiye Sise ve Cam Fabrikalari A.S.,1,1935.0,TUR,M9013U105,19900518.0,TUR,05J0T5-E,23.19,ISTANBUL,SISE.E-TR,TRASISEW91Q3,B03MXR,Turkiye Sise ve Cam Fabrikalari A.S.,1.0,SISE.E-TR,1,SHARE,B03MXR0,C,Turkiye Sise ve Cam Fabrikalari A.S.1.pdf
44852,KYG5S00R1029,KML Technology Group Limited,1,2017.0,HKG,G5S00R102,20171016.0,HKG,@NA,27.33,HONG KONG,@NA,KYG5S00R1029,BYWG3X,KML Technology Group Limited,1.0,8065-HK,1,SHARE,BYWG3X7,C,KML Technology Group Limited3.pdf
44955,US50015M1099,"Kodiak Sciences, Inc.",1,2009.0,USA,50015M109,20181004.0,USA,0JJRNG-E,21.1,NASDAQ,KOD-US,US50015M1099,50015M10,"Kodiak Sciences, Inc.",1.0,KOD-US,1,SHARE,BFXC933,C,"Kodiak Sciences, Inc.1.pdf"
82232,TW0008432006,TSH Biopharm Corp. Ltd.,1,2010.0,TWN,Y8975W106,20110616.0,TWN,@NA,21.2,TAIPEI,8432-TW,TW0008432006,B597YM,TSH Biopharm Corp. Ltd.,1.0,8432-TW,1,SHARE,B597YM6,C,TSH Biopharm Corp. Ltd.1.pdf
51544,KYG6118R1092,Miji International Holdings Limited,1,2017.0,HKG,G6118R109,20180716.0,CHN,@NA,27.51,HONG KONG,@NA,KYG6118R1092,BG20S0,Miji International Holdings Limited,1.0,1715-HK,1,SHARE,BG20S05,C,Miji International Holdings Limited1.pdf
63588,ID1000150204,PT Satyamitra Kemas Lestari Tbk,1,2001.0,IDN,Y7T28D114,20190711.0,IDN,0BT6PB-E,17.21,INDONESIA,SMKL-ID,ID1000150204,BGMG74,PT Satyamitra Kemas Lestari Tbk,1.0,SMKL-ID,1,SHARE,BGMG740,C,PT Satyamitra Kemas Lestari Tbk1.pdf
34348,GB0004052071,Halma plc,1,1894.0,GBR,G42504103,20210329.0,GBR,05HXRL-E,26.51,MEXICO,@NA,GB0004052071,040520,Halma plc,1.0,HLMAN-MX,0,SHARE,BJMC0Z1,C,Halma plc1.pdf
58110,MX01OR010004,Orbia Advance Corp. SAB de CV,1,1953.0,MEX,P7S81Y105,20080229.0,MEX,05K4P0-E,22.21,FRANKFURT,@NA,MX01OR010004,BH3T8K,Orbia Advance Corp. SAB de CV,1.0,4FZ-DE,0,SHARE,BKP37N5,C,Orbia Advance Corp. SAB de CV1.pdf
61922,JP3833400009,"Precision System Science Co.,Ltd",1,1985.0,JPN,J6397V109,20220727.0,JPN,05J49X-E,21.2,US OTC,@NA,JP3833400009,631824,"Precision System Science Co.,Ltd",1.0,PCNEF-US,0,SHARE,BMVHNY8,C,"Precision System Science Co.,Ltd1.pdf"
42744,BMG5150J1577,Johnson Electric Holdings Limited,1,1959.0,HKG,G5150J157,19981022.0,HKG,05HWG5-E,29.31,STUTTGART,@NA,BMG5150J1577,BP4JH1,Johnson Electric Holdings Limited,1.0,JOHB-DE,0,SHARE,BP82BB0,C,Johnson Electric Holdings Limited1.pdf
62286,AU000000PPG6,Pro-Pac Packaging Ltd,1,1987.0,AUS,Q7752Z109,20050427.0,AUS,0077N1-E,17.29,ASX,PPG-AU,AU000000PPG6,B07629,Pro-Pac Packaging Ltd,1.0,PPG-AU,1,SHARE,B076293,C,Pro-Pac Packaging Ltd1.pdf
90632,FDS1IX9P,"Zylox-Tonbridge Medical Technology Co., Ltd.",1,2012.0,HKG,FDS1IX9P9,,CHN,0LDMKS-E,32.5,@NA,@NA,@NA,BP6FHK,"Zylox-Tonbridge Medical Technology Co., Ltd.",1.0,@NA,0,SHARE,@NA,C,"Zylox-Tonbridge Medical Technology Co., Ltd.1.pdf"
15349,TW0009930008,CHC Resources Corporation,1,1991.0,TWN,Y1456E109,19991227.0,TWN,06209S-E,23.51,TAIWAN,9930-TW,TW0009930008,619902,CHC Resources Corporation,1.0,9930-TW,1,SHARE,6199021,C,CHC Resources Corporation1.pdf
54635,AU000000NTI9,Neurotech International Ltd.,1,2016.0,AUS,Q6644M102,20161104.0,AUS,0GK4F2-E,32.5,ASX,@NA,AU000000NTI9,BD8789,Neurotech International Ltd.,1.0,NTI-AU,1,SHARE,BD87898,C,Neurotech International Ltd.2.pdf
27764,KYG3472Y1017,FIH Mobile Ltd.,1,2000.0,HKG,G3472Y101,20070711.0,TWN,006T2D-E,26.2,US OTC,@NA,KYG3472Y1017,BBQ2Z6,FIH Mobile Limited,1.0,FXCNF-US,0,SHARE,BBT32M2,C,FIH Mobile Ltd.1.pdf
58273,MYL7107OO005,Oriental Food Industries Holdings Bhd.,1,1996.0,MYS,Y6503E101,20000810.0,MYS,05WQP9-E,10.82,MALAYSIA,7107-MY,MYL7107OO005,628211,Oriental Food Industries Holdings Bhd.,1.0,7107-MY,1,SHARE,6282114,C,Oriental Food Industries Holdings Bhd.1.pdf
90324,FDS24636,"Zhuzhou CRRC Times Electric Co., Ltd.",1,2005.0,HKG,FDS246369,,CHN,008V37-E,27.33,@NA,@NA,@NA,B1L3XL,"Zhuzhou CRRC Times Electric Co., Ltd.",1.0,@NA,0,SHARE,@NA,C,"Zhuzhou CRRC Times Electric Co., Ltd.1.pdf"
73733,KR7005850003,SL Corporation,1,1954.0,KOR,Y8087R102,19930709.0,KOR,05JB5W-E,27.4,KOREA,005850-KR,KR7005850003,652979,SL Corporation,1.0,005850-KR,1,SHARE,6529792,C,SL Corporation1.pdf
57822,TW0004743000,"Oneness Biotech Co., Ltd.",1,2008.0,TWN,Y6425E106,20090622.0,TWN,@NA,21.2,TAIPEI,4743-TW,TW0004743000,B606XG,"Oneness Biotech Co., Ltd.",1.0,4743-TW,1,SHARE,B606XG6,C,"Oneness Biotech Co., Ltd.3.pdf"
10845,US09075F1075,"Bionano Genomics, Inc.",1,2003.0,USA,09075F107,20180921.0,USA,06WDG4-E,21.1,NASDAQ,BNGO-US,US09075F1075,09075F10,"Bionano Genomics, Inc.",1.0,BNGO-US,1,SHARE,BFY8K60,C,"Bionano Genomics, Inc.1.pdf"
45135,NO0003043309,Kongsberg Gruppen ASA,1,1814.0,NOR,R60837102,20110316.0,NOR,05HZT2-E,30.11,US OTC,@NA,NO0003043309,520824,Kongsberg Gruppen ASA,1.0,NSKFF-US,0,SHARE,B404X44,C,Kongsberg Gruppen ASA1.pdf
14178,TW0008059007,"CastleNet Technology, Inc.",1,1998.0,TWN,Y1140Z104,20080212.0,TWN,@NA,26.3,TAIPEI,8059-TW,TW0008059007,B2PB5J,"CastleNet Technology, Inc.",1.0,8059-TW,1,SHARE,B2PB5J5,C,"CastleNet Technology, Inc.1.pdf"
63876,US7445731067,Public Service Enterprise Group Inc,1,1903.0,USA,744573106,20180129.0,USA,000V1Y-E,35.11,LONDON,@NA,US7445731067,74457310,Public Service Enterprise Group Inc,1.0,0KS2-GB,0,SHARE,BYZHC07,D,Public Service Enterprise Group Inc1.pdf
75275,US84857L1017,Spire Inc.,1,1857.0,USA,84857L101,19841105.0,USA,0032H5-E,35.22,NYSE,SR-US,US84857L1017,84857L10,Spire Inc.,1.0,SR-US,1,SHARE,BYXJQG9,D,Spire Inc.1.pdf
25371,CLP3710M1090,Enel Generacion Chile S.A.,1,1943.0,CHL,P3710M109,19921023.0,CHL,002DF3-E,35.11,SANTIAGO,ENELGXCH-CL,CLP3710M1090,229935,Enel Generacion Chile S.A.,1.0,ENELGXCH-CL,1,SHARE,2299356,D,Enel Generacion Chile S.A.1.pdf
17930,HK0002007356,CLP Holdings Limited,0,1997.0,HKG,Y1660Q104,,HKG,003LC6-E,35.11,BERNE,@NA,HK0002007356,609701,CLP Holdings Limited,1.0,CLP-CH,0,SHARE,BMF1RL1,D,CLP Holdings Limited1.pdf
61670,HK0006000050,Power Assets Holdings Limited,0,1976.0,HKG,Y7092Q109,,HKG,05HWD6-E,35.11,BERNE,@NA,HK0006000050,643532,Power Assets Holdings Limited,1.0,HEH-CH,0,SHARE,BMF1RP5,D,Power Assets Holdings Limited1.pdf
30735,AU000000GNX5,Genex Power Ltd.,1,2011.0,AUS,Q40128102,20150708.0,AUS,0DFNK2-E,35.22,ASX,GNX-AU,AU000000GNX5,BYX248,Genex Power Ltd.,1.0,GNX-AU,1,SHARE,BYX2486,D,Genex Power Ltd.1.pdf
1734,CL0002694637,AES Andes S.A.,1,1981.0,CHL,P0091L106,19910604.0,CHL,002C02-E,35.11,SANTIAGO,AESANDES-CL,CL0002694637,BNK8YV,AES Andes S.A.,1.0,AESANDES-CL,1,SHARE,BNK8YV3,D,AES Andes S.A.1.pdf
12404,FDS13R0F,Brookfield Infrastructure Corp. (New York),1,,CAN,FDS13R0F9,,USA,0LGWJG-E,35.22,@NA,@NA,@NA,BLB767,Brookfield Infrastructure Corp. (New York),1.0,@NA,0,SHARE,@NA,D,Brookfield Infrastructure Corp. (New York)2.pdf
63377,ID1000139900,PT Megapower Makmur Tbk,1,2007.0,IDN,Y5927S100,20170705.0,IDN,@NA,35.11,INDONESIA,@NA,ID1000139900,BZ9N38,PT Megapower Makmur Tbk,1.0,MPOW-ID,1,SHARE,BZ9N383,D,PT Megapower Makmur Tbk1.pdf
88250,VGG9833A1049,Xinyi Energy Holdings Limited,1,2015.0,HKG,G9833A104,20190528.0,CHN,0JMVCZ-E,35.22,HONG KONG,3868-HK,VGG9833A1049,BGSN86,Xinyi Energy Holdings Limited,1.0,3868-HK,1,SHARE,BGSN864,D,Xinyi Energy Holdings Limited1.pdf
56467,CA6665111002,Northland Power Inc.,1,1987.0,CAN,666511100,20120417.0,CAN,0BCZSC-E,35.11,US OTC,@NA,CA6665111002,B68XHC,Northland Power Inc.,1.0,NPIFF-US,0,SHARE,B66J109,D,Northland Power Inc.1.pdf
4028,US0255371017,"American Electric Power Company, Inc.",1,1906.0,USA,025537101,19841105.0,USA,000BY1-E,35.11,NASDAQ,AEP-US,US0255371017,02553710,"American Electric Power Company, Inc.",1.0,AEP-US,1,SHARE,2026242,D,"American Electric Power Company, Inc.1.pdf"
89112,MYL4677OO000,YTL Corp Bhd.,1,1955.0,MYS,Y98610101,19850905.0,MYS,05HWRD-E,35.11,MALAYSIA,4677-MY,MYL4677OO000,643612,YTL Corp Bhd.,1.0,4677-MY,1,SHARE,6436126,D,YTL Corp Bhd.1.pdf
84394,NZVCTE0001S7,Vector Limited,1,1994.0,NZL,Q9389B109,20090409.0,NZL,05MDBR-E,35.11,US OTC,@NA,NZVCTE0001S7,B0H0BC,Vector Limited,1.0,VETTF-US,0,SHARE,B614LN2,D,Vector Limited1.pdf
18708,BRCPLEACNOR8,Companhia Paranaense de Energia,1,1954.0,BRA,P30557105,19940614.0,BRA,05W4HH-E,35.11,SAO PAULO,CPLE3-BR,BRCPLEACNOR8,220015,Companhia Paranaense de Energia,1.0,CPLE3-BR,0,SHARE,2192831,D,Companhia Paranaense de Energia1.pdf
24611,TH0465010005,"Electricity Generating Public Co., Ltd.",1,1992.0,THA,Y22834108,19950116.0,THA,05HZB2-E,35.11,THAILAND,EGCO-TH,TH0465010005,630463,"Electricity Generating Public Co., Ltd.",1.0,EGCO-TH,1,SHARE,6304632,D,"Electricity Generating Public Co., Ltd.2.pdf"
66994,RU000A0JPPN4,Rosseti Volga PJSC,1,2007.0,RUS,X39921105,20080909.0,RUS,07707B-E,35.11,MICEX,MRKV-MIC,RU000A0JPPN4,B56GJR,Rosseti Volga PJSC,1.0,MRKV-RU,1,SHARE,B56GJR6,D,Rosseti Volga PJSC1.pdf
80574,KYG889141175,TL Natural Gas Holdings Limited,1,2017.0,HKG,G88914117,20180518.0,CHN,@NA,35.22,HONG KONG,@NA,KYG889141175,BN936T,TL Natural Gas Holdings Limited,1.0,8536-HK,1,SHARE,BN936T1,D,TL Natural Gas Holdings Limited1.pdf
16799,BMG983052074,China Zenith Chemical Group Limited,1,2000.0,HKG,G98305207,20010502.0,HKG,05RSY6-E,35.11,HONG KONG,362-HK,BMG983052074,BQZDHK,China Zenith Chemical Group Limited,1.0,362-HK,1,SHARE,BQZDHK4,D,China Zenith Chemical Group Limited1.pdf
74908,US8425871071,Southern Company,1,1945.0,USA,842587107,19841105.0,USA,000WQ5-E,35.11,NYSE,SO-US,US8425871071,84258710,Southern Company,1.0,SO-US,1,SHARE,2829601,D,Southern Company1.pdf
25459,INE306C01019,Energy Development Co. Ltd.,1,1995.0,IND,Y22929114,20050721.0,IND,06L8XR-E,35.11,BSE INDIA,@NA,INE306C01019,B03G61,Energy Development Co. Ltd.,1.0,532219-IN,1,SHARE,B03G617,D,Tianjin Binhai Energy Development Co. Ltd.1.pdf
85437,US92840M1027,Vistra Corp.,1,1882.0,USA,92840M102,20160930.0,USA,0GL3K3-E,35.11,NYSE,VST-US,US92840M1027,92840M10,Vistra Corp.,1.0,VST-US,1,SHARE,BZ8VJQ8,D,Vistra Corp.1.pdf
24207,BRENBRACNOR2,EDP - Energias do Brasil S.A.,1,1996.0,BRA,P3769R108,20050713.0,BRA,0663NL-E,35.11,SAO PAULO,ENBR3-BR,BRENBRACNOR2,B0D749,EDP - Energias do Brasil S.A.,1.0,ENBR3-BR,1,SHARE,B0D7494,D,EDP - Energias do Brasil S.A.1.pdf
17630,BMG2178K1009,CK Infrastructure Holdings Limited,1,1996.0,HKG,G2178K100,19981022.0,HKG,05PPVZ-E,35.11,FRANKFURT,@NA,BMG2178K1009,BYVS6J,CK Infrastructure Holdings Limited,1.0,CHH-DE,0,SHARE,BYVSBC9,D,CK Infrastructure Holdings Limited1.pdf
80150,FDS8A52A,Tianjin Jinran Public Utilit,1,1998.0,HKG,FDS8A52A3,,CHN,@NA,35.22,@NA,@NA,@NA,672869,Tianjin Jinran Public Utilities Co. Ltd.,1.0,@NA,0,SHARE,@NA,D,Tianjin Jinran Public Utilities Co. Ltd.1.pdf
69717,GRS804003002,Selected Energy SA,1,2009.0,CYP,X7608S103,20120702.0,GRC,@NA,35.22,CYPRUS,@NA,GRS804003002,B8807R,Selected Energy SA,1.0,EPIEN-CY,1,SHARE,B8807R3,D,Selected Energy SA1.pdf
73188,KYG8192K1094,Sino Gas Holdings Group Limited,1,,HKG,G8192K109,20181228.0,CHN,0F0MLK-E,35.22,HONG KONG,@NA,KYG8192K1094,BH3NQJ,Sino Gas Holdings Group Limited,1.0,1759-HK,1,SHARE,BH3NQJ5,D,Sino Gas Holdings Group Limited1.pdf
16522,HK0836012952,China Resources Power Holdings Co. Ltd.,1,2001.0,HKG,Y1503A100,20031208.0,HKG,05V2SK-E,35.11,US OTC,@NA,HK0836012952,671156,China Resources Power Holdings Co. Ltd.,1.0,CRPJF-US,0,SHARE,B01XX86,D,China Resources Power Holdings Co. Ltd.3.pdf
40977,IT0005211237,Italgas SpA,1,2016.0,ITA,T6R89Z103,20161107.0,ITA,05HQRC-E,35.22,MILAN,IG-IT,IT0005211237,BD2Z8S,Italgas SpA,1.0,IG-IT,1,SHARE,BD2Z8S7,D,Italgas SpA1.pdf
23132,GB00B1VNSX38,Drax Group plc,0,2005.0,GBR,G2904K127,,GBR,007HDQ-E,35.11,SIX SWISS,@NA,GB00B1VNSX38,B1VNSX,Drax Group plc,1.0,DRX-CH,0,SHARE,BKSG2M5,D,Drax Group plc1.pdf
32549,TW0009908004,Great Taipei Gas Corporation,1,1964.0,TWN,Y2864F100,19910920.0,TWN,@NA,35.22,TAIWAN,9908-TW,TW0009908004,688776,Great Taipei Gas Corporation,1.0,9908-TW,1,SHARE,6887768,D,Great Taipei Gas Corporation1.pdf
74995,US8448951025,"Southwest Gas Holdings, Inc.",1,1931.0,USA,844895102,19841105.0,USA,0GR2P2-E,35.22,NYSE,SWX-US,US8448951025,84489510,"Southwest Gas Holdings, Inc.",1.0,SWX-US,1,SHARE,2831888,D,"Southwest Gas Holdings, Inc.1.pdf"
6404,SG1H05873721,Asian Micro Holdings Limited,1,1996.0,SGP,Y0362P109,19990923.0,SGP,@NA,35.22,SINGAPORE,@NA,SG1H05873721,617513,Asian Micro Holdings Limited,1.0,585-SG,1,SHARE,6175139,D,Asian Micro Holdings Limited1.pdf
16588,BMG2116L1037,China Smarter Energy Group Holdings Limited,1,1997.0,HKG,G2116L103,19971009.0,HKG,0060RF-E,35.11,HONG KONG,1004-HK,BMG2116L1037,BVFMPJ,China Smarter Energy Group Holdings Limited,1.0,1004-HK,1,SHARE,BVFMPJ1,D,China Smarter Energy Group Holdings Limited1.pdf
85587,GB00BD3VDH82,VivoPower International Plc,1,2016.0,USA,G9376R100,20161229.0,GBR,0GGBZH-E,35.11,NASDAQ,VVPR-US,GB00BD3VDH82,G9376R10,VivoPower International Plc,1.0,VVPR-US,1,SHARE,BD3VDH8,D,VivoPower International Plc1.pdf
9612,HK0154000803,Beijing Enterprises Environment Group Limited,1,1963.0,HKG,Y0769W103,19850102.0,HKG,05J5WN-E,35.22,HONG KONG,154-HK,HK0154000803,643563,Beijing Enterprises Environment Group Limited,1.0,154-HK,1,SHARE,6435639,D,Beijing Enterprises Environment Group Limited1.pdf
9632,BMG095871098,Beijing Gas Blue Sky Holdings Ltd,1,2000.0,HKG,G09587109,20110712.0,HKG,06QDGW-E,35.22,HONG KONG,6828-HK,BMG095871098,BYZD5D,Beijing Gas Blue Sky Holdings Ltd,1.0,6828-HK,1,SHARE,BYZD5D9,D,Beijing Gas Blue Sky Holdings Ltd1.pdf
64040,KYG730761049,Puxing Energy Ltd.,1,2008.0,HKG,G73076104,20090710.0,CHN,00C38W-E,35.11,HONG KONG,90-HK,KYG730761049,BK75LL,Puxing Energy Ltd.,1.0,90-HK,1,SHARE,BK75LL5,D,Puxing Energy Ltd.1.pdf
18905,BMG2345T1099,Concord New Energy Group Limited,1,1905.0,HKG,G2345T109,19920529.0,HKG,06XKMZ-E,35.11,HONG KONG,182-HK,BMG2345T1099,BVXTWR,Concord New Energy Group Limited,1.0,182-HK,1,SHARE,BVXTWR1,D,Concord New Energy Group Limited1.pdf
90271,KYG9891U1334,Zhongyu Energy Holdings Limited,1,2001.0,HKG,G9891U133,20010605.0,HKG,05JQFH-E,35.22,HONG KONG,3633-HK,KYG9891U1334,BDDLRK,Zhongyu Energy Holdings Limited,1.0,3633-HK,1,SHARE,BDDLRK9,D,Zhongyu Energy Holdings Limited1.pdf
4887,US03676B1026,Antero Midstream Corp.,1,2013.0,USA,03676B102,20170504.0,USA,0DL4X1-E,35.22,NYSE,AM-US,US03676B1026,03676B10,Antero Midstream Corp.,1.0,AM-US,1,SHARE,BJBT0Q4,D,Antero Midstream Corp.1.pdf
63689,ID1000138902,PT Terregra Asia Energy Tbk,1,1995.0,IDN,Y85729104,20170516.0,IDN,@NA,35.11,INDONESIA,@NA,ID1000138902,BF13JK,PT Terregra Asia Energy Tbk,1.0,TGRA-ID,1,SHARE,BF13JK5,D,PT Terregra Asia Energy Tbk1.pdf
14774,GB00B033F229,Centrica plc,1,1995.0,GBR,G2018Z143,19990216.0,GBR,003JJM-E,35.22,FRANKFURT,@NA,GB00B033F229,B033F2,Centrica plc,1.0,CENB-DE,0,SHARE,B03J9H3,D,Centrica plc1.pdf
21314,IE0002424939,DCC Plc,1,1976.0,GBR,G2689P101,20040504.0,IRL,05HXJ5-E,35.22,US OTC,@NA,IE0002424939,024249,DCC Plc,1.0,DCCPF-US,0,SHARE,B01ZKG9,D,DCC Plc1.pdf
61714,TH6075010Z06,Power Solution Technologies Public Co. Ltd.,1,2001.0,THA,Y707BC179,20141219.0,THA,0DRQFG-E,35.11,THAILAND,PSTC-TH,TH6075010Z06,BMFV0C,Power Solution Technologies Public Co. Ltd.,1.0,PSTC-TH,1,SHARE,BMFV0C3,D,Power Solution Technologies Public Co. Ltd.1.pdf
13694,CA14042M1023,Capital Power Corporation,1,2009.0,CAN,14042M102,20120801.0,CAN,00C0ZN-E,35.11,US OTC,@NA,CA14042M1023,B61KF8,Capital Power Corporation,1.0,CPXWF-US,0,SHARE,B50L1C6,D,Capital Power Corporation1.pdf
16493,BMG2113B1081,China Resources Gas Group Limited,0,1905.0,HKG,G2113B108,,HKG,07HFLK-E,35.22,BERNE,@NA,BMG2113B1081,653551,China Resources Gas Group Limited,1.0,LGX1-CH,0,SHARE,BLNNXK3,D,China Resources Gas Group Limited1.pdf
37674,FDS1LG4A,"Huzhou Gas Co., Ltd.",1,2004.0,HKG,FDS1LG4A0,,CHN,0NYKFW-E,35.22,@NA,@NA,@NA,BPQW67,"Huzhou Gas Co., Ltd.",1.0,@NA,0,SHARE,@NA,D,"Huzhou Gas Co., Ltd.1.pdf"
53262,DE000A0H52F5,MVV Energie AG,1,1974.0,DEU,D5565G122,20071108.0,DEU,05HR19-E,35.11,LONDON,@NA,DE000A0H52F5,563103,MVV Energie AG,1.0,0FCK-GB,0,SHARE,B28KY25,D,MVV Energie AG1.pdf
46563,LK0459N00004,LAUGFS Power Plc,1,1995.0,LKA,Y519AC112,20191030.0,LKA,0BFBQG-E,35.22,COLOMBO,@NA,LK0459N00004,BKDQJV,LAUGFS Power Plc,1.0,LPL.N0000-LK,1,SHARE,BKDQJV8,D,LAUGFS Power Plc1.pdf
70368,KYG1146W1050,Shandong Hi-Speed New Energy Group Limited,1,2012.0,HKG,G1146W105,20181023.0,HKG,0D6SNL-E,35.22,HONG KONG CONNECT  - SHANGHAI,@NA,KYG1146W1050,BYZWFF,Shandong Hi-Speed New Energy Group Limited,1.0,@NA,0,SHARE,BGKFJ76,D,Shandong Hi-Speed New Energy Group Limited1.pdf
79229,MYL5347OO009,Tenaga Nasional Bhd,1,1949.0,MYS,Y85859109,19920528.0,MYS,05HWD8-E,35.11,MALAYSIA,5347-MY,MYL5347OO009,690461,Tenaga Nasional Bhd,1.0,5347-MY,1,SHARE,6904612,D,Tenaga Nasional Bhd1.pdf
12427,BMG162581083,Brookfield Renewable Partners LP,1,2011.0,CAN,G16258108,19991118.0,BMU,0C2SF1-E,35.11,TORONTO,BEP.UT-CA,BMG162581083,B712JY,Brookfield Renewable Partners LP,1.0,BEP.UT-CA,1,SHARE,B712JY0,D,Brookfield Renewable Partners LP2.pdf
83442,OM0000001822,United Power Company SAOC,0,1995.0,OMN,M9T50M106,19960207.0,OMN,@NA,35.11,OMAN,UECS-OM,OM0000001822,691518,United Power Company SAOC,1.0,UECS-OM,1,SHARE,6915186,D,United Power Company SAOC3.pdf
25366,CL0002266774,Enel Chile SA,1,2015.0,CHL,P3762G109,20160421.0,CHL,0G1NL4-E,35.11,SANTIAGO,ENELCHILE-CL,CL0002266774,BYMLZD,Enel Chile SA,1.0,ENELCHILE-CL,1,SHARE,BYMLZD6,D,Enel Chile SA1.pdf
30066,SG1T37930313,Gallant Venture Ltd.,1,2003.0,SGP,Y2679C102,20060606.0,SGP,0087T9-E,35.11,SINGAPORE,5IG-SG,SG1T37930313,B14SLW,Gallant Venture Ltd.,1.0,5IG-SG,1,SHARE,B14SLW5,D,Gallant Venture Ltd.2.pdf
32690,TH1026010Y05,Green Tech Ventures Public Company Limited,1,2000.0,THA,Y9226L113,20100527.0,THA,@NA,35.22,THAILAND,GTV-TH,TH1026010Y05,BXVM2N,Green Tech Ventures Public Company Limited,1.0,GTV-TH,1,SHARE,BXVM2N2,D,Green Tech Ventures Public Company Limited1.pdf
45253,KR7015760002,Korea Electric Power Corporation,1,1961.0,KOR,Y48406105,19911127.0,KOR,00191K-E,35.11,KOREA,015760-KR,KR7015760002,649573,Korea Electric Power Corporation,1.0,015760-KR,1,SHARE,6495730,D,Korea Electric Power Corporation1.pdf
79347,IT0003242622,Terna S.p.A.,1,1999.0,ITA,T9471R100,20071102.0,ITA,05Z7RL-E,35.11,LONDON,@NA,IT0003242622,B01BN5,Terna S.p.A.,1.0,0LBM-GB,0,SHARE,B28MY09,D,Terna S.p.A.1.pdf
25369,CL0000001801,Enel Distribucion Chile S.A.,1,1987.0,CHL,P37118109,19921002.0,CHL,06HX35-E,35.11,SANTIAGO,ENELDXCH-CL,CL0000001801,B0Z99V,Enel Distribucion Chile S.A.,1.0,ENELDXCH-CL,1,SHARE,B0Z99V5,D,Enel Distribucion Chile S.A.1.pdf
67445,DE0007037129,RWE AG,1,1999.0,DEU,D6629K109,20030919.0,DEU,001FW9-E,35.11,US OTC,@NA,DE0007037129,476896,RWE AG,1.0,RWNFF-US,0,SHARE,B02NV25,D,RWE AG1.pdf
78663,CA87807B1076,TC Energy Corporation,1,1951.0,CAN,87807B107,19850530.0,CAN,004HVJ-E,35.22,NYSE,TRP-US,CA87807B1076,BJMY6G,TC Energy Corporation,1.0,TRP-US,0,SHARE,BJMY6F9,D,TC Energy Corporation1.pdf
82158,VN000000TTE6,Truong Thinh Energy Investment JSC,1,2014.0,VNM,Y8979D104,20181210.0,VNM,0K0FPB-E,35.11,VIETNAM,@NA,VN000000TTE6,BGSLWG,Truong Thinh Energy Investment JSC,1.0,TTE-VN,1,SHARE,BGSLWG6,D,Truong Thinh Energy Investment JSC3.pdf
23318,US26441C2044,Duke Energy Corporation,1,1904.0,USA,26441C204,19841105.0,USA,06F9DV-E,35.11,NYSE,DUK-US,US26441C2044,26441C20,Duke Energy Corporation,1.0,DUK-US,1,SHARE,B7VD3F2,D,Duke Energy Corporation1.pdf
16656,KYG8440V1133,China Technology Industry Group Limited,1,2000.0,HKG,G8440V113,20010103.0,HKG,0C0Z6N-E,35.11,HONG KONG,8111-HK,KYG8440V1133,BP37X4,China Technology Industry Group Limited,1.0,8111-HK,1,SHARE,BP37X47,D,China Technology Industry Group Limited2.pdf
670,PHY0005M1090,Aboitiz Power Corp.,1,1998.0,PHL,Y0005M109,20070716.0,PHL,06QWTR-E,35.22,PHILIPPINES,AP-PH,PHY0005M1090,B1Z9Q9,Aboitiz Power Corp.,1.0,AP-PH,1,SHARE,B1Z9Q99,D,Aboitiz Power Corp.1.pdf
37763,CA4488112083,Hydro One Limited,1,2015.0,CAN,448811208,20151117.0,CAN,0FS5S5-E,35.11,US OTC,@NA,CA4488112083,BYYXJY,Hydro One Limited,1.0,HRNNF-US,0,SHARE,BYNH2K9,D,Hydro One Limited1.pdf
24710,SI0031108580,Elektro Maribor d.d.,0,1914.0,SVN,X1936T107,20180314.0,SVN,@NA,35.11,LJUBLJANA,@NA,SI0031108580,B044YV,Elektro Maribor d.d.,1.0,EMAG-SI,0,SHARE,B044YV6,D,Elektro Maribor d.d.1.pdf
1735,BRAESBACNOR7,AES Brasil Energia SA,1,2020.0,BRA,P0R9B6109,19990802.0,BRA,0NL3PH-E,35.11,SAO PAULO,AESB3-BR,BRAESBACNOR7,BMYVVL,AES Brasil Energia SA,1.0,AESB3-BR,1,SHARE,BMYVVL0,D,AES Brasil Energia SA1.pdf
25352,PLENEA000013,ENEA S.A.,1,1904.0,POL,X2232G104,20081117.0,POL,067HV6-E,35.11,WARSAW,ENA-PL,PLENEA000013,B3F97B,ENEA S.A.,1.0,ENA-PL,1,SHARE,B3F97B2,D,ENEA S.A.1.pdf
74134,ROELECACNOR5,Societatea Energetica Electrica S.A.,1,1898.0,ROU,X8067D108,20140724.0,ROU,05WQZC-E,35.11,LONDON,@NA,ROELECACNOR5,BNK007,Societatea Energetica Electrica S.A.,1.0,0QVZ-GB,0,SHARE,BP7Q9C0,D,Societatea Energetica Electrica S.A.1.pdf
25380,IT0003128367,Enel SpA,0,1992.0,ITA,T3679P115,20141103.0,ITA,0031L0-E,35.11,BERNE,@NA,IT0003128367,714456,Enel SpA,1.0,ENL-CH,0,SHARE,BRTM890,D,Enel SpA1.pdf
69796,US8168511090,Sempra Energy,0,1996.0,USA,816851109,20140730.0,USA,00247H-E,35.11,MEXICO,@NA,US8168511090,81685110,Sempra Energy,1.0,SRE-MX,0,SHARE,BPPWWG5,D,Sempra Energy1.pdf
55855,US65473P1057,NiSource Inc,1,1987.0,USA,65473P105,20180129.0,USA,002HW9-E,35.22,LONDON,@NA,US65473P1057,65473P10,NiSource Inc,1.0,0K87-GB,0,SHARE,BYZH9G2,D,NiSource Inc1.pdf
72006,TW0001769008,"Shin Chung Natural Gas Co., Ltd.",1,1972.0,TWN,Y7T494101,,TWN,@NA,35.22,TAIPEI,@NA,TW0001769008,B5LK43,"Shin Chung Natural Gas Co., Ltd.",1.0,1769-TW,1,SHARE,B5LK434,D,"Shin Chung Natural Gas Co., Ltd.1.pdf"
1437,TH0342010Y07,Advanced Connection Corp. Public Co. Ltd.,1,1949.0,THA,Y0020D118,19930430.0,THA,@NA,35.22,THAILAND,ACC-TH,TH0342010Y07,BYV007,Advanced Connection Corp. Public Co. Ltd.,1.0,ACC-TH,1,SHARE,BYV0073,D,Advanced Connection Corp. Public Co. Ltd.3.pdf
66990,RU000A0JPPQ7,ROSSETI Northern Caucasus PJSC,1,2006.0,RUS,X3991U102,20080904.0,RUS,076PXW-E,35.11,MICEX,MRKK-RU,RU000A0JPPQ7,B56DTC,ROSSETI Northern Caucasus PJSC,1.0,MRKK-RU,1,SHARE,B56DTC2,D,ROSSETI Northern Caucasus PJSC2.pdf
82862,INE899L01022,Ujaas Energy Limited,1,1979.0,IND,Y5S9AJ118,20111020.0,IND,0BGY0Y-E,35.22,BSE INDIA,533644-IN,INE899L01022,B96LR4,Ujaas Energy Limited,1.0,533644-IN,1,SHARE,B96LR42,D,Ujaas Energy Limited2.pdf
75908,BRSTKFACNOR5,Statkraft Energias Renovaveis SA,1,1995.0,BRA,P81274105,,BRA,0FPN0L-E,35.11,SAO PAULO,@NA,BRSTKFACNOR5,BYPG46,Statkraft Energias Renovaveis SA,1.0,STKF3-BR,1,SHARE,BYPG464,D,Statkraft Energias Renovaveis SA1.pdf
15961,KYG2R55E1030,China Everbright Greentech Ltd.,0,2006.0,HKG,G2R55E103,,HKG,0G9VWD-E,35.11,BERNE,@NA,KYG2R55E1030,BF0LS5,China Everbright Greentech Ltd.,1.0,@NA,0,SHARE,BG0RZV8,D,China Everbright Greentech Ltd.1.pdf
58234,INE999K01014,"Orient Green Power Co., Ltd.",1,2006.0,IND,Y6478S101,20101008.0,IND,07H69Z-E,35.11,BSE INDIA,533263-IN,INE999K01014,B3QY20,"Orient Green Power Co., Ltd.",1.0,533263-IN,1,SHARE,B3QY200,D,"Orient Green Power Co., Ltd.1.pdf"
89116,MYL6742OO000,YTL Power International Bhd.,1,1996.0,MYS,Y9861K107,19970523.0,MYS,05HWX8-E,35.11,MALAYSIA,6742-MY,MYL6742OO000,B01GQS,YTL Power International Bhd.,1.0,6742-MY,1,SHARE,B01GQS6,D,YTL Power International Bhd.1.pdf
24181,US2810201077,Edison International,1,1886.0,USA,281020107,20180129.0,USA,0018R5-E,35.11,LONDON,@NA,US2810201077,28102010,Edison International,1.0,0IFJ-GB,0,SHARE,BYZHKC5,D,Edison International1.pdf
15599,US1653031088,Chesapeake Utilities Corporation,1,1947.0,USA,165303108,19841105.0,USA,000DP3-E,35.22,NYSE,CPK-US,US1653031088,16530310,Chesapeake Utilities Corporation,1.0,CPK-US,1,SHARE,2190750,D,Chesapeake Utilities Corporation1.pdf
81844,PK0069001011,Tri-Star Power Limited,1,1993.0,PAK,Y8973P103,19941024.0,PAK,@NA,35.22,PAKISTAN STOCK EXCHANGE,@NA,PK0069001011,690530,Tri-Star Power Limited,1.0,TSPL-PK,1,SHARE,6905303,D,Tri-Star Power Limited2.pdf
18746,CLP306321066,Compania General de Electricidad S.A.,1,1905.0,CHL,P30632106,19921030.0,CHL,0GND9C-E,35.11,SANTIAGO,CGE-CL,CLP306321066,219610,Compania General de Electricidad S.A.,1.0,CGE-CL,1,SHARE,2196101,D,Compania General de Electricidad S.A.3.pdf
51122,SG1I14879601,Metis Energy Limited,1,1990.0,SGP,Y5764M117,20000228.0,SGP,@NA,35.11,SINGAPORE,L02-SG,SG1I14879601,621813,Metis Energy Limited,1.0,L02-SG,1,SHARE,6218131,D,Metis Energy Limited1.pdf
25242,ES0130960018,Enagas SA,1,1972.0,ESP,E41759106,20060808.0,ESP,05JLQW-E,35.22,FRANKFURT,@NA,ES0130960018,738307,Enagas SA,1.0,EG4-DE,0,SHARE,B1BK276,D,Enagas SA1.pdf
42786,PHY4467A1089,Jolliville Holdings Corp.,1,1986.0,PHL,Y4467A108,20020913.0,PHL,0064BQ-E,35.11,PHILIPPINES,JOH-PH,PHY4467A1089,654636,Jolliville Holdings Corp.,1.0,JOH-PH,1,SHARE,6546360,D,Jolliville Holdings Corp.1.pdf
11079,CH0130293662,BKW AG,1,1898.0,CHE,H10053108,20111209.0,CHE,0C86LS-E,35.11,SIX SWISS,BKW-CH,CH0130293662,B76D41,BKW AG,1.0,BKW-CH,1,SHARE,B76D410,D,BKW AG1.pdf
39076,INE227G01018,Indowind Energy Limited,1,1995.0,IND,Y3979V105,20070914.0,IND,06KB8T-E,35.11,BSE INDIA,532894-IN,INE227G01018,B240XL,Indowind Energy Limited,1.0,532894-IN,1,SHARE,B240XL1,D,Indowind Energy Limited1.pdf
60631,NL0010391108,Photon Energy NV,1,2010.0,CZE,N7100U102,20161017.0,NLD,0D61MZ-E,35.11,PRAGUE,PEN-CZ,NL0010391108,BZCNL6,Photon Energy NV,1.0,PEN-CZ,1,SHARE,BZCNL64,D,Photon Energy NV1.pdf
19683,BRCPFEACNOR0,CPFL Energia S.A.,1,1912.0,BRA,P3179C105,20041001.0,BRA,0066G5-E,35.11,SAO PAULO,CPFE3-BR,BRCPFEACNOR0,B031NN,CPFL Energia S.A.,1.0,CPFE3-BR,1,SHARE,B031NN3,D,CPFL Energia S.A.1.pdf
20665,KR7389260001,Dae Myoung Energy Co. Ltd.,1,2000.0,KOR,FDS1UAAM0,20220516.0,KOR,0RP8BD-E,35.22,KOREA,389260-KR,KR7389260001,BPLP5B,Dae Myoung Energy Co. Ltd.,1.0,389260-KR,1,SHARE,BPLP5B4,D,Dae Myoung Energy Co. Ltd.2.pdf
76502,PK0002801014,Sui Southern Gas Co. Ltd.,1,1989.0,PAK,Y8184N103,19940526.0,PAK,05J2XQ-E,35.22,PAKISTAN STOCK EXCHANGE,SSGC-PK,PK0002801014,686351,Sui Southern Gas Co. Ltd.,1.0,SSGC-PK,1,SHARE,6863519,D,Sui Southern Gas Co. Ltd.1.pdf
25578,PK0102701015,Engro Powergen Qadirpur Ltd,1,2006.0,PAK,Y2R9KX106,20140917.0,PAK,0BZBR4-E,35.11,PAKISTAN STOCK EXCHANGE,EPQL-PK,PK0102701015,BQT41L,Engro Powergen Qadirpur Ltd.,1.0,EPQL-PK,1,SHARE,BQT41L2,D,Engro Powergen Qadirpur Ltd.1.pdf
58378,US6866881021,"Ormat Technologies, Inc.",1,1965.0,USA,686688102,20180129.0,USA,00650X-E,35.11,LONDON,@NA,US6866881021,68668810,"Ormat Technologies, Inc.",1.0,0KDH-GB,0,SHARE,BG05Y59,D,"Ormat Technologies, Inc.1.pdf"
65853,SG1C67001091,Renaissance United Limited,1,1975.0,SGP,Y4175J102,19930726.0,SGP,05JBW5-E,35.22,SINGAPORE,I11-SG,SG1C67001091,645767,Renaissance United Limited,1.0,I11-SG,1,SHARE,6457677,D,Renaissance United Limited2.pdf
19256,ZM0000000136,Copperbelt Energy Corporation PLC,1,1997.0,ZMB,V24731107,20040107.0,ZMB,070WQY-E,35.11,ZAMBIA,CEC-ZM,ZM0000000136,617504,Copperbelt Energy Corporation PLC,1.0,CEC-ZM,1,SHARE,6175043,D,Copperbelt Energy Corporation PLC1.pdf
84771,FDS07Y72,"Via Renewables, Inc.",1,1999.0,USA,FDS07Y724,,USA,0DQMHM-E,35.11,@NA,@NA,@NA,92556D30,"Via Renewables, Inc.",1.0,@NA,0,SHARE,@NA,D,"Via Renewables, Inc.1.pdf"
16752,BMG210901242,China Water Affairs Group Limited,1,1998.0,HKG,G21090124,19991011.0,HKG,05W625-E,36.0,HONG KONG,855-HK,BMG210901242,667147,China Water Affairs Group Limited,1.0,855-HK,1,SHARE,6671477,E,China Water Affairs Group Limited1.pdf
12294,MYQ0011OO005,Brite-Tech Bhd.,1,2001.0,MYS,Y0970D100,20020730.0,MYS,@NA,37.0,MALAYSIA,@NA,MYQ0011OO005,653455,Brite-Tech Bhd.,1.0,0011-MY,1,SHARE,6534558,E,Brite-Tech Bhd.1.pdf
9555,FDS1V3FM,"Beijing China Sciences Runyu Environmental Technology Co., Ltd",1,2012.0,CHN,FDS1V3FM0,,CHN,@NA,37.0,@NA,@NA,@NA,BMWP3V,"Beijing China Sciences Runyu Environmental Technology Co., Ltd",1.0,@NA,0,SHARE,@NA,E,"Beijing China Sciences Runyu Environmental Technology Co., Ltd1.pdf"
61889,US7403451039,"Precicion Trim, Inc.",0,2005.0,USA,740345103,20010829.0,USA,002ZSW-E,38.11,US OTC,@NA,US7403451039,74034510,"Precicion Trim, Inc.",1.0,PRTR-US,1,SHARE,BYQBFR6,E,"Precicion Trim, Inc.2.pdf"
60558,KH1000010004,Phnom Penh Water Supply Authority,1,1959.0,KHM,Y2243G100,,KHM,@NA,36.0,@NA,@NA,KH1000010004,B79RG9,Phnom Penh Water Supply Authority,1.0,PWSA-KH,1,SHARE,B79RG91,E,Phnom Penh Water Supply Authority1.pdf
59895,GB00BNNTLN49,Pennon Group Plc,0,1989.0,GBR,G8295T239,,GBR,05HX59-E,36.0,BERNE,@NA,GB00BNNTLN49,BNNTLN,@NA,1.0,3PN-CH,0,SHARE,BMXLCG3,E,Pennon Group Plc2.pdf
49208,KYG579641013,Man Shing Global Holdings Limited,1,2016.0,HKG,G57964101,20170413.0,HKG,0GLZJV-E,39.0,HONG KONG,@NA,KYG579641013,BF2S1V,Man Shing Global Holdings Limited,1.0,8309-HK,1,SHARE,BF2S1V4,E,Man Shing Global Holdings Limited1.pdf
70107,GB00B1FH8J72,Severn Trent Plc,0,1974.0,GBR,G8056D159,,GBR,003K5J-E,36.0,SIX SWISS,@NA,GB00B1FH8J72,B1FH8J,Severn Trent Plc,1.0,SVT-CH,0,SHARE,BKSG2J2,E,Severn Trent Plc1.pdf
45747,FDS0J0UY,"Kunming Dianchi Water Treatment Co., Ltd.",1,2010.0,HKG,FDS0J0UY9,,CHN,0GFNFY-E,36.0,@NA,@NA,@NA,BD0XKG,"Kunming Dianchi Water Treatment Co., Ltd.",1.0,@NA,0,SHARE,@NA,E,"Kunming Dianchi Water Treatment Co., Ltd.1.pdf"
59438,INE272G01014,Parle Industries Limited,1,1983.0,IND,Y6776Q104,20080403.0,IND,@NA,38.11,BSE INDIA,@NA,INE272G01014,B28XRP,Parle Industries Limited,1.0,532911-IN,1,SHARE,B28XRP8,E,Parle Industries Limited1.pdf
82967,BE0974320526,Umicore,1,1904.0,BEL,B95505184,20180212.0,BEL,001ZCT-E,38.32,VIENNA,@NA,BE0974320526,BF4446,Umicore SA,1.0,UMI-AT,0,SHARE,BG0VH58,E,Umicore SA1.pdf
26210,US29670G1022,"Essential Utilities, Inc.",1,1968.0,USA,29670G102,20050715.0,USA,000TCG-E,36.0,FRANKFURT,@NA,US29670G1022,29670G10,"Essential Utilities, Inc.",1.0,A2A-DE,0,SHARE,BJN54C4,E,"Essential Utilities, Inc.1.pdf"
17753,AU000000CWY3,Cleanaway Waste Management Ltd.,1,1987.0,AUS,Q2506H109,,AUS,0077N6-E,38.11,US OTC,@NA,AU000000CWY3,BYQ8KW,Cleanaway Waste Management Ltd.,1.0,TSPCF-US,0,SHARE,BYQG8L6,E,Cleanaway Waste Management Ltd.1.pdf
24436,BE0974380124,Ekopak NV,1,1997.0,BEL,B3506B114,20210331.0,BEL,0LFVMS-E,38.11,EURONEXT BRUSSELS,EKOP-BE,BE0974380124,BKSCR3,Ekopak NV,1.0,EKOP-BE,1,SHARE,BKSCR39,E,Ekopak NV2.pdf
16758,KYG2114E1355,China Water Industry Group Limited,1,2002.0,HKG,G2114E135,20020117.0,HKG,0061RT-E,36.0,HONG KONG,1129-HK,KYG2114E1355,B7F0BG,China Water Industry Group Limited,1.0,1129-HK,1,SHARE,B7F0BG6,E,China Water Industry Group Limited1.pdf
39830,KYG4812S1012,Integrated Waste Solutions Group Holdings Limited,1,1968.0,HKG,G4812S101,20100331.0,HKG,08V80R-E,38.11,HONG KONG,923-HK,KYG4812S1012,BD04NT,Integrated Waste Solutions Group Holdings Limited,1.0,923-HK,1,SHARE,BD04NT2,E,Integrated Waste Solutions Group Holdings Limited2.pdf
80136,HK0882007260,Tianjin Development Holdings Limited,1,1997.0,HKG,Y8822M103,19981005.0,HKG,05J1JW-E,36.0,FRANKFURT,@NA,HK0882007260,609235,Tianjin Development Holdings Limited,1.0,TJN-DE,0,SHARE,5404663,E,Tianjin Development Holdings Limited1.pdf
17730,US1844961078,"Clean Harbors, Inc.",1,1980.0,USA,184496107,19871124.0,USA,000DTF-E,38.11,NYSE,CLH-US,US1844961078,18449610,"Clean Harbors, Inc.",1.0,CLH-US,1,SHARE,2202473,E,"Clean Harbors, Inc.2.pdf"
76906,TW0002062007,Sunspring Metal Corporation,1,1978.0,TWN,Y8240F128,20061214.0,TWN,06MG2V-E,38.32,TAIWAN,2062-TW,TW0002062007,B29HGV,Sunspring Metal Corporation,1.0,2062-TW,1,SHARE,B29HGV8,E,Sunspring Metal Corporation2.pdf
76043,US8589121081,"Stericycle, Inc.",1,1989.0,USA,858912108,20180129.0,USA,0017BJ-E,38.11,LONDON,@NA,US8589121081,85891210,"Stericycle, Inc.",1.0,0L9O-GB,0,SHARE,BYZHFZ3,E,"Stericycle, Inc.1.pdf"
50534,TW0006944002,"Mega Union Technology, Inc.",0,2004.0,TWN,Y593AH108,20230427.0,TWN,@NA,36.0,TAIPEI,@NA,TW0006944002,BQXNNT,"Mega Union Technology, Inc.",1.0,6944-TW,0,SHARE,BQXNNT7,E,"Mega Union Technology, Inc.2.pdf"
9445,LU1704650164,Befesa SA,1,2013.0,DEU,L0R30V103,20220107.0,LUX,0HH49N-E,38.11,US OTC,@NA,LU1704650164,BDZRDG,Befesa SA,1.0,BFSAF-US,0,SHARE,BM9JCC7,E,Befesa SA1.pdf
83483,GB00B39J2M42,United Utilities Group PLC,1,2008.0,GBR,G92755100,20030922.0,GBR,002V08-E,36.0,US OTC,@NA,GB00B39J2M42,B39J2M,United Utilities Group PLC,1.0,UUGWF-US,0,SHARE,B3C9KC7,E,United Utilities Group PLC1.pdf
17745,AU0000153280,Clean TeQ Water Ltd,1,1990.0,AUS,Q2509Y109,20210715.0,AUS,@NA,38.11,US OTC,@NA,AU0000153280,BLNLT2,Clean TeQ Water Ltd,1.0,CNQQF-US,0,SHARE,BMY0GL2,E,Clean TeQ Water Ltd1.pdf
49311,PHY569991086,Manila Water Co. Inc.,1,1997.0,PHL,Y56999108,20071016.0,PHL,006XL9-E,36.0,US OTC,@NA,PHY569991086,B0684C,Manila Water Co. Inc.,1.0,MWTCF-US,0,SHARE,B085VM5,E,Manila Water Co. Inc.2.pdf
24848,KYG3017A1058,ELL Environmental Holdings Limited,1,2014.0,HKG,G3017A105,20140926.0,CHN,0DWHT7-E,37.0,HONG KONG,1395-HK,KYG3017A1058,BQTZGT,ELL Environmental Holdings Limited,1.0,1395-HK,1,SHARE,BQTZGT8,E,ELL Environmental Holdings Limited1.pdf
63993,US74623V1035,PureCycle Technologies Inc,1,,USA,74623V103,20200611.0,USA,0NJRQF-E,38.11,NASDAQ,PCT-US,US74623V1035,74623V10,PureCycle Technologies Inc,1.0,PCT-US,1,SHARE,BLNB073,E,PureCycle Technologies Inc2.pdf
60826,TW0006771009,Ping Ho Environmental.Technology Co. Ltd.,1,2006.0,TWN,Y689BK106,20200107.0,TWN,@NA,37.0,TAIPEI,@NA,TW0006771009,BJVS9J,Ping Ho Environmental.Technology Co. Ltd.,1.0,6771-TW,1,SHARE,BJVS9J7,E,Ping Ho Environmental.Technology Co. Ltd.2.pdf
36749,KYG4596V1068,"Hongcheng Environmental Technology Co., Ltd.",1,2021.0,HKG,G4596V106,20211112.0,CHN,0NSC82-E,38.11,HONG KONG,@NA,KYG4596V1068,BKVDP6,"Hongcheng Environmental Technology Co., Ltd.",1.0,2265-HK,1,SHARE,BKVDP68,E,"Hongcheng Environmental Technology Co., Ltd.1.pdf"
50734,SGXE13155820,Memiontec Holdings Ltd.,1,1992.0,SGP,Y594KJ119,20200305.0,SGP,0LSV14-E,38.11,SINGAPORE,@NA,SGXE13155820,BPLZ8Y,Memiontec Holdings Ltd.,1.0,TWL-SG,1,SHARE,BPLZ8Y8,E,Memiontec Holdings Ltd.1.pdf
70315,SGXE61364597,Shanaya Limited,1,2002.0,SGP,Y767ER102,19990121.0,SGP,@NA,38.11,SINGAPORE,SES-SG,SGXE61364597,BNSNRS,Shanaya Limited,1.0,SES-SG,1,SHARE,BNSNRS8,E,Shanaya Limited1.pdf
80465,US88823T1060,Tirex Corporation,0,1987.0,USA,88823T106,19930917.0,USA,@NA,38.11,US OTC,@NA,US88823T1060,88823T10,Tirex Corporation,1.0,TXMC-US,1,SHARE,2891321,E,Tirex Corporation2.pdf
17749,TW0008422007,"Cleanaway Co., Ltd.",1,1999.0,TWN,Y16688106,20101026.0,TWN,0B56SJ-E,39.0,TAIWAN,8422-TW,TW0008422007,B4VYX1,"Cleanaway Co., Ltd.",1.0,8422-TW,1,SHARE,B4VYX10,E,"Cleanaway Co., Ltd.1.pdf"
83614,KYG9287P1028,Universal Technologies Holdings Limited,1,2001.0,HKG,G9287P102,20011026.0,HKG,05WVP9-E,36.0,HONG KONG,1026-HK,KYG9287P1028,641777,Universal Technologies Holdings Limited,1.0,1026-HK,1,SHARE,6417778,E,Universal Technologies Holdings Limited1.pdf
8815,INE862Y01015,Banka BioLoo Ltd.,1,2012.0,IND,Y0631Z102,20180227.0,IND,@NA,39.0,NSE INDIA,@NA,INE862Y01015,BD3G2W,Banka BioLoo Ltd.,1.0,BANKA-IN,1,SHARE,BD3G2W1,E,Banka BioLoo Ltd.3.pdf
4031,US02563X2018,American Energy Partners Inc,1,1987.0,USA,02563X201,20031208.0,USA,003MNJ-E,36.0,US OTC,@NA,US02563X2018,02563X20,American Energy Partners Inc,1.0,AEPT-US,1,SHARE,BNG5B28,E,American Energy Partners Inc1.pdf
28954,CA34988A1021,Forward Water Technologies Corp,1,2016.0,CAN,34988A102,20170509.0,CAN,0PK8PL-E,37.0,TSX VENTURE,@NA,CA34988A1021,34988A10,Forward Water Technologies Corp,1.0,FWTC-CA,1,SHARE,BPDYD59,E,Forward Water Technologies Corp2.pdf
35005,US4158641070,Harsco Corporation,1,1853.0,USA,415864107,19841105.0,USA,000LHL-E,38.11,NYSE,HSC-US,US4158641070,41586410,Harsco Corporation,1.0,HSC-US,1,SHARE,2412700,E,Harsco Corporation2.pdf
89023,US9871841089,York Water Company,1,1816.0,USA,987184108,19861003.0,USA,000Z2R-E,36.0,NASDAQ,YORW-US,US9871841089,98718410,York Water Company,1.0,YORW-US,1,SHARE,2425292,E,York Water Company3.pdf
31033,CA36168Q1046,GFL Environmental Inc,1,2007.0,CAN,36168Q104,20201016.0,CAN,0L8X5P-E,38.11,FRANKFURT,@NA,CA36168Q1046,BKDT64,GFL Environmental Inc,1.0,36E-DE,0,SHARE,BKM8J59,E,GFL Environmental Inc1.pdf
43516,KYG521541048,Kangda International Environmental Co Ltd,1,2011.0,HKG,G52154104,20140704.0,CHN,0DR7QR-E,38.11,HONG KONG,6136-HK,KYG521541048,BNGWZ4,Kangda International Environmental Co Ltd,1.0,6136-HK,1,SHARE,BNGWZ49,E,Kangda International Environmental Co Ltd1.pdf
88822,TW0006912009,"Yi Chun Green Technology Co., Ltd.",0,2019.0,TWN,Y9804S100,20221019.0,TWN,@NA,38.11,TAIPEI,@NA,TW0006912009,BN6NHR,"Yi Chun Green Technology Co., Ltd.",1.0,6912-TW,0,SHARE,BN6NHR9,E,"Yi Chun Green Technology Co., Ltd.1.pdf"
34169,VN000000HDW7,Hai Duong Water Joint Stock Co,0,1936.0,VNM,Y2985T104,,VNM,@NA,36.0,HANOI,@NA,VN000000HDW7,BYWRWZ,Hai Duong Water Joint Stock Co,1.0,HDW-VN,0,SHARE,BYWRWZ5,E,Hai Duong Water Joint Stock Co1.pdf
48513,FDS0JLDJ,"Luzhou Xinglu Water (Group) Co., Ltd.",1,2002.0,HKG,FDS0JLDJ5,,CHN,0GJ7F9-E,36.0,@NA,@NA,@NA,BD0NZ2,"Luzhou Xinglu Water (Group) Co., Ltd.",1.0,@NA,0,SHARE,@NA,E,"Luzhou Xinglu Water (Group) Co., Ltd.1.pdf"
41418,US47089W1045,"JanOne, Inc.",1,1976.0,USA,47089W104,19911107.0,USA,000C7K-E,38.11,NASDAQ,JAN-US,US47089W1045,47089W10,"JanOne, Inc.",1.0,JAN-US,1,SHARE,BKFHHK4,E,"JanOne, Inc.2.pdf"
64189,US74738F1003,QHY Group,1,2007.0,USA,74738F100,20091214.0,USA,0C8W8G-E,37.0,US OTC,@NA,US74738F1003,74738F10,QHY Group,1.0,QHYG-US,1,SHARE,BD9H2F1,E,QHY Group1.pdf
16677,KYG408011057,China TianYF Holdings Group Limited,1,2001.0,HKG,G40801105,20151209.0,CHN,0FL8SP-E,37.0,HONG KONG,@NA,KYG408011057,BYVT80,China TianYF Holdings Group Limited,1.0,8196-HK,1,SHARE,BYVT809,E,China TianYF Holdings Group Limited1.pdf
46195,KYG5352A1031,Lai Si Enterprise Holding Ltd.,1,2016.0,HKG,G5352A103,20170210.0,MAC,0GHP0M-E,41.1,HONG KONG,@NA,KYG5352A1031,BD1MJX,Lai Si Enterprise Holding Ltd.,1.0,2266-HK,1,SHARE,BD1MJX1,F,Lai Si Enterprise Holding Ltd.1.pdf
43028,FDS0EIVW,"Jujiang Construction Group Co., Ltd.",1,1965.0,HKG,FDS0EIVW8,,CHN,0FS1Q7-E,41.1,@NA,@NA,@NA,BYV50T,"Jujiang Construction Group Co., Ltd.",1.0,@NA,0,SHARE,@NA,F,"Jujiang Construction Group Co., Ltd.1.pdf"
20926,VN000000DLR9,Dalat Real Estate JSC,0,1992.0,VNM,Y19652109,20100520.0,VNM,09RV0R-E,42.99,HANOI,@NA,VN000000DLR9,B3R2JR,Dalat Real Estate JSC,1.0,DLR-VN,1,SHARE,B3R2JR9,F,Dalat Real Estate JSC2.pdf
72617,INE0A1E01018,Siddhika Coatings Limited,1,2010.0,IND,Y793D5107,,IND,0ND1WP-E,43.34,NSE INDIA,@NA,INE0A1E01018,BNXLD4,Siddhika Coatings Limited,1.0,SIDDHIKA-IN,1,SHARE,BNXLD45,F,Siddhika Coatings Limited1.pdf
15955,HK0257001336,China Everbright Environment Group Limited,0,1961.0,HKG,Y14226107,,HKG,05J34H-E,42.22,MEXICO,@NA,HK0257001336,663094,China Everbright Environment Group Limited,1.0,257N-MX,0,SHARE,BJRF516,F,China Everbright Environment Group Limited1.pdf
75480,TH3443010006,Sriracha Construction Public Co. Ltd.,1,1980.0,THA,Y7866U104,20120702.0,THA,@NA,42.99,THAILAND,SRICHA-TH,TH3443010006,B7H46C,Sriracha Construction Public Co. Ltd.,1.0,SRICHA-TH,1,SHARE,B7H46C7,F,Sriracha Construction Public Co. Ltd.1.pdf
42727,AU000000JLG8,Johns Lyng Group Ltd,1,1953.0,AUS,Q5081S101,20171026.0,AUS,@NA,41.1,ASX,JLG-AU,AU000000JLG8,BYPHBX,Johns Lyng Group Ltd,1.0,JLG-AU,1,SHARE,BYPHBX3,F,Johns Lyng Group Ltd1.pdf
10385,INE243D01012,BF Utilities Ltd.,1,2000.0,IND,Y08804125,20011231.0,IND,0064NG-E,42.11,BSE INDIA,532430-IN,INE243D01012,B03JNJ,BF Utilities Ltd.,1.0,532430-IN,1,SHARE,B03JNJ3,F,BF Utilities Ltd.3.pdf
9052,KYG0862U1031,Basetrophy Group Holdings Limited,1,2016.0,HKG,G0862U103,20170627.0,HKG,0GLCKP-E,43.12,HONG KONG,@NA,KYG0862U1031,BYZQVS,Basetrophy Group Holdings Limited,1.0,8460-HK,1,SHARE,BYZQVS5,F,Basetrophy Group Holdings Limited1.pdf
43606,NL0000113652,Kardan N.V.,1,2003.0,ISR,N4784C102,20031028.0,NLD,05W811-E,42.22,TEL AVIV,KRNV.M-IL,NL0000113652,669714,Kardan N.V.,1.0,KRNV.M-IL,1,SHARE,6697149,F,Kardan N.V.1.pdf
77734,SG2F06984247,Sysma Holdings Ltd.,1,1986.0,SGP,Y831AF106,20120803.0,SGP,0CPJV2-E,41.2,SINGAPORE,@NA,SG2F06984247,B8Q8VR,Sysma Holdings Ltd.,1.0,5UO-SG,1,SHARE,B8Q8VR7,F,Sysma Holdings Ltd.2.pdf
17110,KYG2123Y1061,Chuan Holdings Limited,1,2015.0,HKG,G2123Y106,20160608.0,SGP,0G62NJ-E,43.12,HONG KONG,@NA,KYG2123Y1061,BD96HK,Chuan Holdings Limited,1.0,1420-HK,1,SHARE,BD96HK8,F,Chuan Holdings Limited1.pdf
76951,MYL5263OO008,Sunway Construction Group Bhd.,1,2014.0,MYS,Y83096100,20150728.0,MYS,0DZ74X-E,41.2,MALAYSIA,5263-MY,MYL5263OO008,BX909K,Sunway Construction Group Bhd.,1.0,5263-MY,1,SHARE,BX909K4,F,Sunway Construction Group Bhd.1.pdf
56186,EE3100039496,Nordecon AS,0,1989.0,EST,X5876S102,20171214.0,EST,06GXFL-E,41.2,LONDON,@NA,EE3100039496,B15CLP,Nordecon AS,1.0,0NZ8-GB,0,SHARE,B28GWP2,F,Nordecon AS1.pdf
13605,KYG183221004,Canvest Environmental Protection Group Co. Ltd.,0,2014.0,HKG,G18322100,,HKG,0DY262-E,42.22,BERNE,@NA,KYG183221004,BTLWVY,Canvest Environmental Protection Group Co. Ltd.,1.0,@NA,0,SHARE,BMF1V97,F,Canvest Environmental Protection Group Co. Ltd.1.pdf
15677,TW0005515001,"Chien Kuo Construction Co., Ltd",1,1931.0,TWN,Y13671105,19990903.0,TWN,05WWM3-E,41.1,TAIWAN,5515-TW,TW0005515001,614275,"Chien Kuo Construction Co., Ltd",1.0,5515-TW,1,SHARE,6142757,F,"Chien Kuo Construction Co., Ltd3.pdf"
24921,FDS16KXN,Eltel AB,1,2007.0,SWE,FDS16KXN8,,SWE,0F9PKS-E,42.22,@NA,@NA,@NA,BVRZ9V,Eltel AB,1.0,@NA,0,SHARE,@NA,F,Eltel AB1.pdf
12067,SE0007491303,Bravida Holding AB,1,2012.0,SWE,W2R16Z106,20151016.0,SWE,0D5Q5M-E,43.21,OMX NORDIC STOCKHOLM,BRAV-SE,SE0007491303,BZ1DP2,Bravida Holding AB,1.0,BRAV-SE,1,SHARE,BZ1DP29,F,Bravida Holding AB1.pdf
5314,JP3107990008,Aqualine Ltd.,1,1994.0,JPN,J01966100,20150831.0,JPN,0FP0NG-E,43.22,TOKYO,6173-JP,JP3107990008,BYT6XR,Aqualine Ltd.,1.0,6173-JP,1,SHARE,BYT6XR4,F,Aqualine Ltd.3.pdf
16625,KYG216771363,China State Construction International Holdings Limited,0,2004.0,HKG,G21677136,,HKG,064T8Z-E,42.11,BERNE,@NA,KYG216771363,B0BM5T,China State Construction International Holdings Limited,1.0,C4S1-CH,0,SHARE,BL63G45,F,China State Construction International Holdings Limited1.pdf
46863,AU000000LLC3,Lendlease Group,0,1958.0,AUS,Q55368114,,AUS,089VZ3-E,41.1,BERNE,@NA,AU000000LLC3,651200,Lendlease Group,1.0,LLC-CH,0,SHARE,BHZLLF8,F,Lendlease Group1.pdf
32635,KYG937641358,Green Economy Development Limited,1,2011.0,HKG,G93764135,,HKG,0C9CY7-E,41.2,US OTC,@NA,KYG937641358,BM9Z6Q,Green Economy Development Limited,1.0,VSFFF-US,0,SHARE,BNM0D65,F,Green Economy Development Limited1.pdf
57717,NO0010368228,On & Offshore Services AS,0,2003.0,NOR,R67093105,20070529.0,NOR,@NA,42.99,NORWEGIAN OTC MARKET,@NA,NO0010368228,B1Y4PF,On & Offshore Services AS,1.0,ONOF-NO,1,SHARE,B1Y4PF4,F,On & Offshore Services AS1.pdf
64474,US74762E1029,"Quanta Services, Inc.",1,1997.0,USA,74762E102,19980212.0,USA,001WC9-E,43.21,NYSE,PWR-US,US74762E1029,74762E10,"Quanta Services, Inc.",1.0,PWR-US,1,SHARE,2150204,F,"Quanta Services, Inc.1.pdf"
24694,INE095B01010,Elegant Marbles & Grani Industries Ltd.,1,1984.0,IND,Y2285Y118,20070514.0,IND,@NA,43.33,BSE INDIA,526705-IN,INE095B01010,B1XGBL,Elegant Marbles & Grani Industries Ltd.,1.0,526705-IN,1,SHARE,B1XGBL9,F,Elegant Marbles & Grani Industries Ltd.1.pdf
54538,SE0016798417,Netel Holding AB,1,2021.0,SWE,W5709Z118,20220107.0,SWE,@NA,42.22,LONDON,@NA,SE0016798417,BN4N2L,Netel Holding AB,1.0,0AAB-GB,0,SHARE,BMG9CT7,F,Netel Holding AB1.pdf
40704,INE962Y01021,IRCON International Ltd.,1,1976.0,IND,Y39397131,20180928.0,IND,08XPPD-E,42.11,BSE INDIA,541956-IN,INE962Y01021,BM7SZX,IRCON International Ltd.,1.0,541956-IN,1,SHARE,BM7SZX8,F,IRCON International Ltd.3.pdf
9999,GB0000904986,Bellway p.l.c.,1,1978.0,GBR,G09744155,20071003.0,GBR,05HXSC-E,41.2,FRANKFURT,@NA,GB0000904986,009049,Bellway p.l.c.,1.0,41B-DE,0,SHARE,B287JM1,F,Bellway p.l.c.1.pdf
44496,SG1J32888328,King Wan Corporation Limited,1,1977.0,SGP,Y4800N106,20001207.0,SGP,@NA,43.21,SINGAPORE,554-SG,SG1J32888328,631347,King Wan Corporation Limited,1.0,554-SG,1,SHARE,6313478,F,King Wan Corporation Limited1.pdf
945,BE0003764785,Ackermans & van Haaren NV,0,1876.0,BEL,B01165156,,BEL,05HXKZ-E,42.99,BERNE,@NA,BE0003764785,571577,Ackermans & van Haaren NV,1.0,B3K-CH,0,SHARE,BHZL7C7,F,Ackermans & van Haaren NV1.pdf
73846,KYG8211U1040,Smart City Development Holdings Limited,1,2014.0,HKG,G8211U104,20150108.0,HKG,0DX1ZY-E,43.21,HONG KONG,@NA,KYG8211U1040,BL6KCZ,Smart City Development Holdings Limited,1.0,8268-HK,1,SHARE,BL6KCZ9,F,Smart City Development Holdings Limited1.pdf
82362,MYL5297OO006,Tuju Setia Bhd.,1,2005.0,MYS,Y9000J102,20210519.0,MYS,0NRTZS-E,41.1,MALAYSIA,5297-MY,MYL5297OO006,BNG0HC,Tuju Setia Bhd.,1.0,5297-MY,1,SHARE,BNG0HC5,F,Tuju Setia Bhd.1.pdf
62783,FDS0M2RN,PT Adhi Karya (Persero) Tbk,1,1960.0,IDN,FDS0M2RN9,,IDN,061131-E,42.11,@NA,@NA,@NA,B00D9M,PT Adhi Karya (Persero) Tbk,1.0,@NA,0,SHARE,@NA,F,PT Adhi Karya (Persero) Tbk1.pdf
57022,BMG668971101,NWS Holdings Limited,1,1996.0,HKG,G66897110,20141117.0,HKG,05J32R-E,41.1,HONG KONG CONNECT  - SHANGHAI,659-HSC,BMG668971101,656835,NWS Holdings Limited,1.0,@NA,0,SHARE,BP3RWQ2,F,NWS Holdings Limited1.pdf
62823,ID1000168909,PT Arkora Hydro Tbk,1,2010.0,IDN,Y0S1Q3106,20220708.0,IDN,0LFZ4N-E,42.99,INDONESIA,@NA,ID1000168909,BMZ42F,PT Arkora Hydro Tbk,1.0,ARKO-ID,1,SHARE,BMZ42F9,F,PT Arkora Hydro Tbk2.pdf
8930,FDSFCBC8,"Baoye Group Co., Ltd.",1,1974.0,HKG,FDSFCBC86,,CHN,05R5KS-E,41.2,@NA,@NA,@NA,664966,"Baoye Group Co., Ltd.",1.0,@NA,0,SHARE,@NA,F,"Baoye Group Co., Ltd.1.pdf"
31951,KYG3962W1024,Golden Ponder Holdings Limited,1,2017.0,HKG,G3962W102,20180822.0,HKG,@NA,41.2,HONG KONG,@NA,KYG3962W1024,BGGJJ2,Golden Ponder Holdings Limited,1.0,1783-HK,1,SHARE,BGGJJ27,F,Golden Ponder Holdings Limited1.pdf
76743,VGG857251026,Sundart Holdings Ltd.,1,1986.0,HKG,G85725102,20151229.0,HKG,0C1VYY-E,43.99,HONG KONG,1568-HK,VGG857251026,BYQ1V6,Sundart Holdings Ltd.,1.0,1568-HK,1,SHARE,BYQ1V67,F,Sundart Holdings Ltd.3.pdf
87089,US96951A1043,Williams Industrial Services Group Inc.,1,1958.0,USA,96951A104,20010518.0,USA,0036BR-E,42.22,NYSE AMERICAN,WLMS-US,US96951A1043,96951A10,Williams Industrial Services Group Inc.,1.0,WLMS-US,1,SHARE,BG7PR53,F,Williams Industrial Services Group Inc.2.pdf
47520,KYG5496R1039,Ling Yui Holdings Limited,1,2017.0,HKG,G5496R103,20171228.0,HKG,@NA,43.12,HONG KONG,@NA,KYG5496R1039,BF8J0T,Ling Yui Holdings Limited,1.0,784-HK,1,SHARE,BF8J0T2,F,Ling Yui Holdings Limited1.pdf
85440,GB0001859296,Vistry Group PLC,1,1935.0,GBR,G9424B107,20040303.0,GBR,05HYW2-E,41.2,US OTC,@NA,GB0001859296,018592,Vistry Group PLC,1.0,BVHMF-US,0,SHARE,B02S6X6,F,Vistry Group PLC1.pdf
17595,SG2E68980290,Civmec Ltd.,1,2009.0,SGP,Y16376108,20120413.0,AUS,0CHG23-E,42.99,SINGAPORE,P9D-SG,SG2E68980290,B75ZM2,Civmec Ltd.,1.0,P9D-SG,1,SHARE,B75ZM24,F,Civmec Ltd.1.pdf
50668,QA000BD0VCK4,Mekdam Holding Group Company,1,2018.0,QAT,M6872C101,20210809.0,QAT,@NA,41.1,DOHA,@NA,QA000BD0VCK4,BNQMSD,Mekdam Holding Group Company,1.0,MKDM-QA,1,SHARE,BNQMSD9,F,Mekdam Holding Group Company1.pdf
43836,INE469F01026,KCL Infra Projects Ltd,1,1995.0,IND,Y4481M112,20050120.0,IND,09P4B4-E,41.2,BSE INDIA,@NA,INE469F01026,B031LP,KCL Infra Projects Ltd,1.0,531784-IN,1,SHARE,B031LP1,F,KCL Infra Projects Ltd1.pdf
52353,INE737D01021,Modison Limited,1,1965.0,IND,Y61365113,20050124.0,IND,07CX2L-E,43.21,BSE INDIA,506261-IN,INE737D01021,B03Q11,Modison Limited,1.0,506261-IN,1,SHARE,B03Q112,F,Modison Limited2.pdf
63769,ID1000141104,PT Wijaya Karya Bangunan Gedung Tbk,1,2008.0,IDN,Y937J0105,20171130.0,IDN,0HC5GB-E,41.1,INDONESIA,WEGE-ID,ID1000141104,BF2S51,PT Wijaya Karya Bangunan Gedung Tbk,1.0,WEGE-ID,1,SHARE,BF2S512,F,PT Wijaya Karya Bangunan Gedung Tbk1.pdf
80836,US8894781033,"Toll Brothers, Inc.",1,1967.0,USA,889478103,20180129.0,USA,000XS9-E,41.2,LONDON,@NA,US8894781033,88947810,"Toll Brothers, Inc.",1.0,0LFS-GB,0,SHARE,BD6TJS2,F,"Toll Brothers, Inc.1.pdf"
82901,US9038581081,Ultimate Lifestyle Corporation,0,1998.0,USA,903858108,19980610.0,USA,@NA,41.2,US OTC,UMLS-US,US9038581081,90385810,Ultimate Lifestyle Corporation,1.0,UMLS-US,1,SHARE,2249748,F,Ultimate Lifestyle Corporation2.pdf
24106,PLEDINV00014,ED invest S.A.,0,2003.0,POL,X19456114,20171214.0,POL,@NA,41.2,LONDON,@NA,PLEDINV00014,B532QF,ED invest S.A.,1.0,0Q3R-GB,0,SHARE,B5N57F0,F,ED invest S.A.1.pdf
60141,KH1000140009,Pestech (Cambodia) Plc,1,2010.0,@NA,FDS215WX3,,KHM,@NA,42.22,@NA,@NA,KH1000140009,FDS215WX,Pestech (Cambodia) Plc,1.0,PEPC-KH,1,SHARE,@NA,F,Pestech (Cambodia) Plc1.pdf
24116,US2793072016,"Edd Helms Group, Inc.",0,1975.0,USA,279307201,19891003.0,USA,@NA,43.22,US OTC,@NA,US2793072016,27930720,"Edd Helms Group, Inc.",1.0,EDHD-US,1,SHARE,2690119,F,"Edd Helms Group, Inc.2.pdf"
10608,DE0005909006,Bilfinger SE,1,1880.0,DEU,D11648108,19850102.0,DEU,05HQLJ-E,41.2,XETRA,GBF-DE,DE0005909006,511738,Bilfinger SE,1.0,GBF-DE,1,SHARE,5117381,F,Bilfinger SE1.pdf
26288,GB00BCDPBX55,Etalon Group Plc,1,1987.0,CYP,M4063J100,,CYP,00D3F6-E,41.2,UNITED KINGDOM UNLISTED,@NA,GB00BCDPBX55,B5TWX8,Etalon Group Plc,1.0,@NA,1,SHARE,BCDPBX5,F,Etalon Group Plc1.pdf
34681,KYG428581030,Hanison Construction Holdings Limited,1,2001.0,HKG,G42858103,,HKG,05VGC7-E,41.1,US OTC,@NA,KYG428581030,643344,Hanison Construction Holdings Limited,1.0,HACOF-US,0,SHARE,B0376L0,F,Hanison Construction Holdings Limited1.pdf
9005,GB0000811801,Barratt Developments PLC,0,1958.0,GBR,G08288105,,GBR,05HWZ1-E,41.2,BERNE,@NA,GB0000811801,008118,Barratt Developments PLC,1.0,3BA-CH,0,SHARE,BKT1Z86,F,Barratt Developments PLC1.pdf
67963,IT0005495657,Saipem S.p.A.,1,1957.0,ITA,T82000257,19850116.0,ITA,05HWJ4-E,42.22,MILAN,SPM-IT,IT0005495657,BMY36H,Saipem S.p.A.,1.0,SPM-IT,1,SHARE,BMY36H7,F,Saipem S.p.A.1.pdf
35438,NL0009269109,Heijmans NV,1,1923.0,NLD,N3928R264,19930921.0,NLD,05HZCR-E,41.1,EURONEXT AMSTERDAM,HEIJM-NL,NL0009269109,507503,Heijmans NV,1.0,HEIJM-NL,1,SHARE,5075036,F,Heijmans NV1.pdf
10974,CA09076P1045,Bird Construction Inc.,1,1920.0,CAN,09076P104,20060227.0,CAN,00CZ0Z-E,41.2,TORONTO,BDT-CA,CA09076P1045,B6621M,Bird Construction Inc.,1.0,BDT-CA,1,SHARE,B6621M0,F,Bird Construction Inc.1.pdf
63635,ID1000120702,PT Solusi Tunas Pratama Tbk,1,2006.0,IDN,Y71378106,20111011.0,IDN,0BJS79-E,42.22,INDONESIA,SUPR-ID,ID1000120702,B6X19S,PT Solusi Tunas Pratama Tbk,1.0,SUPR-ID,1,SHARE,B6X19S2,F,PT Solusi Tunas Pratama Tbk1.pdf
63520,FDS0M281,PT PP (Persero) Tbk,1,1953.0,IDN,FDS0M2818,,IDN,07BQNN-E,41.1,@NA,@NA,@NA,B6277R,PT PP (Persero) Tbk,1.0,@NA,0,SHARE,@NA,F,PT PP (Persero) Tbk2.pdf
62947,ID1000109002,PT Bekasi Asri Pemula Tbk,1,1993.0,IDN,Y711AE103,20080114.0,IDN,0748GN-E,41.2,INDONESIA,BAPA-ID,ID1000109002,B2NDX0,PT Bekasi Asri Pemula Tbk,1.0,BAPA-ID,1,SHARE,B2NDX00,F,PT Bekasi Asri Pemula Tbk1.pdf
88842,KYG9844G1082,Yield Go Holdings Ltd.,1,,HKG,G9844G108,20181231.0,HKG,0JMMQ5-E,41.2,HONG KONG,1796-HK,KYG9844G1082,BH3CLG,Yield Go Holdings Ltd.,1.0,1796-HK,1,SHARE,BH3CLG4,F,Yield Go Holdings Ltd.1.pdf
9309,INE00SW01015,BCPL Railway Infrastructure Ltd.,1,1995.0,IND,Y07796108,20181029.0,IND,0JW8PB-E,42.99,BSE INDIA,@NA,INE00SW01015,BGGK5G,BCPL Railway Infrastructure Ltd.,1.0,542057-IN,1,SHARE,BGGK5G6,F,BCPL Railway Infrastructure Ltd.1.pdf
31319,IE00BD6JX574,Glenveagh Properties Plc,1,2003.0,IRL,G39155109,20171010.0,IRL,0HFV9H-E,41.2,LONDON,@NA,IE00BD6JX574,BD6JX5,Glenveagh Properties Plc,1.0,GLV-GB,0,SHARE,BF0GTX8,F,Glenveagh Properties Plc1.pdf
64844,VN000000RCC0,Railway Construction Corporation Joint Stock Co,0,1973.0,VNM,Y71695103,,VNM,@NA,42.13,HANOI,@NA,VN000000RCC0,BDDWF1,Railway Construction Corporation Joint Stock Co,1.0,RCC-VN,0,SHARE,BDDWF19,F,Railway Construction Corporation Joint Stock Co1.pdf
25473,HU0000200647,Energy Investment Plc.,0,,HUN,X2R3EB105,20230104.0,HUN,@NA,43.21,BUDAPEST,@NA,HU0000200647,BPLDPV,Energy Investment Plc.,1.0,ENRGY-HU,0,SHARE,BPLDPV8,F,Energy Investment Plc.2.pdf
10077,KYG0984U1067,Beng Soon Machinery Holdings Limited,1,1979.0,HKG,G0984U106,20191108.0,SGP,0JQLTW-E,43.11,HONG KONG,@NA,KYG0984U1067,BKL9QN,Beng Soon Machinery Holdings Limited,1.0,1987-HK,1,SHARE,BKL9QN0,F,Beng Soon Machinery Holdings Limited2.pdf
45733,TW0005521009,Kung Sing Engineering Corporation,1,1941.0,TWN,Y5052X106,19991124.0,TWN,062B54-E,42.11,TAIWAN,5521-TW,TW0005521009,619823,Kung Sing Engineering Corporation,1.0,5521-TW,1,SHARE,6198233,F,Kung Sing Engineering Corporation1.pdf
28254,JP3802210009,First-corporation Inc.,1,2011.0,JPN,J13484100,20150324.0,JPN,0FC120-E,41.2,TOKYO,1430-JP,JP3802210009,BW9C4V,First-corporation Inc.,1.0,1430-JP,1,SHARE,BW9C4V9,F,First-corporation Inc.1.pdf
71238,INE700V01013,Shashijit Infraprojects Ltd.,0,1991.0,IND,Y770GN103,20161017.0,IND,@NA,41.2,BSE INDIA,@NA,INE700V01013,BDQZG4,Shashijit Infraprojects Ltd.,1.0,540147-IN,0,SHARE,BDQZG45,F,Shashijit Infraprojects Ltd.1.pdf
84990,VN000000CTX2,Vietnam Investment Construction & Trading JSC,1,1982.0,VNM,FDSEE2478,20120524.0,VNM,@NA,42.99,HANOI,@NA,VN000000CTX2,B79P6G,Vietnam Investment Construction & Trading JSC,1.0,CTX-VN,1,SHARE,B79P6G2,F,Vietnam Investment Construction & Trading JSC1.pdf
8255,ZAE000209532,Balwin Properties Ltd.,1,1996.0,ZAF,S0R95L100,20151015.0,ZAF,0FTQZN-E,41.1,JSE,@NA,ZAE000209532,BYYN3C,Balwin Properties Ltd.,1.0,BWN-ZA,1,SHARE,BYYN3C5,F,Balwin Properties Ltd.1.pdf
15027,TH0530010Z06,CH. Karnchang Public Co. Ltd.,1,1972.0,THA,Y15663134,19950807.0,THA,05J9F0-E,41.2,THAILAND,CK-TH,TH0530010Z06,671365,CH. Karnchang Public Co. Ltd.,1.0,CK-TH,1,SHARE,6713658,F,CH. Karnchang Public Co. Ltd.1.pdf
14831,KYG2031R1020,Century Group International Holdings Ltd.,1,2016.0,HKG,G2031R102,20161017.0,HKG,0GBKGJ-E,43.12,HONG KONG,2113-HK,KYG2031R1020,BN4MWY,Century Group International Holdings Ltd.,1.0,2113-HK,1,SHARE,BN4MWY0,F,Century Group International Holdings Ltd.1.pdf
34214,MYQ0237OO006,Haily Group Bhd.,1,2020.0,MYS,Y2973V103,20210721.0,MYS,@NA,41.2,MALAYSIA,0237-MY,MYQ0237OO006,BND89T,Haily Group Bhd.,1.0,0237-MY,1,SHARE,BND89T3,F,Haily Group Bhd.1.pdf
46449,BYXD97,Lap Kei Engineering (Holdings) Limited,1,1997.0,HKG,FDS0CZ832,20150925.0,HKG,0FL9YC-E,43.22,HONG KONG,@NA,@NA,BYXD97,Lap Kei Engineering (Holdings) Limited,1.0,1690-HK,1,SHARE,BYXD973,F,Lap Kei Engineering (Holdings) Limited1.pdf
32409,KYG406581093,Grandshores Technology Group Limited,1,2016.0,HKG,G40658109,20170330.0,HKG,0GDQBF-E,43.21,HONG KONG,@NA,KYG406581093,BDVPPK,Grandshores Technology Group Limited,1.0,1647-HK,1,SHARE,BDVPPK9,F,Grandshores Technology Group Limited1.pdf
21892,VN000000DC23,Development Investment Construction No. 2 JSC,1,2004.0,VNM,Y2055Z105,20100702.0,VNM,@NA,42.99,HANOI,@NA,VN000000DC23,B3Y2BS,Development Investment Construction No. 2 JSC,1.0,DC2-VN,1,SHARE,B3Y2BS7,F,Development Investment Construction No. 2 JSC1.pdf
20598,US23331A1097,"D.R. Horton, Inc.",1,1978.0,USA,23331A109,20180129.0,USA,000LS9-E,41.2,LONDON,@NA,US23331A1097,23331A10,"D.R. Horton, Inc.",1.0,0I6K-GB,0,SHARE,BYZHJQ2,F,"D.R. Horton, Inc.1.pdf"
63273,ID1000129307,PT Jaya Konstruksi Manggala Pratama Tbk,1,1982.0,IDN,Y7124Z127,20071204.0,IDN,070RN7-E,42.11,INDONESIA,JKON-ID,ID1000129307,BDFLYY,PT Jaya Konstruksi Manggala Pratama Tbk,1.0,JKON-ID,1,SHARE,BDFLYY0,F,PT Jaya Konstruksi Manggala Pratama Tbk1.pdf
73056,RONLG8JKKYH3,Simtel Team SA,0,2010.0,ROU,X7T4VW105,,ROU,@NA,43.21,BUCHAREST SPOT,@NA,RONLG8JKKYH3,BNKJ1P,Simtel Team SA,1.0,SMTL-RO,0,SHARE,BNKJ1P9,F,Simtel Team SA2.pdf
66430,KYG7569L1041,Rimbaco Group Global Limited,1,1985.0,HKG,G7569L104,20220616.0,MYS,0LFPTR-E,41.1,US OTC,@NA,KYG7569L1041,BMD3GC,Rimbaco Group Global Limited,1.0,RBGGF-US,0,SHARE,BN2C1Q7,F,Rimbaco Group Global Limited2.pdf
32366,KYG406451065,Grand Ming Group Holdings Ltd.,1,1995.0,HKG,G40645106,20130809.0,HKG,0D8DMB-E,41.1,HONG KONG,1271-HK,KYG406451065,BCT4ZH,Grand Ming Group Holdings Ltd.,1.0,1271-HK,1,SHARE,BCT4ZH8,F,Grand Ming Group Holdings Ltd.2.pdf
4461,KYG036431065,Anchorstone Holdings Limited,1,2016.0,HKG,G03643106,20180704.0,HKG,0HN83M-E,43.33,HONG KONG,@NA,KYG036431065,BDZ2MH,Anchorstone Holdings Limited,1.0,1592-HK,1,SHARE,BDZ2MH2,F,Anchorstone Holdings Limited1.pdf
54802,US29278K1097,New Technology Acquisition Holdings,1,1986.0,USA,29278K109,19901218.0,USA,002N6V-E,42.22,US OTC,@NA,US29278K1097,29278K10,New Technology Acquisition Holdings,1.0,NTAC-US,1,SHARE,BF2BG29,F,New Technology Acquisition Holdings1.pdf
44636,GB00BV9GHQ09,Kinovo PLC,1,2014.0,GBR,G5275D101,20210112.0,GBR,@NA,43.22,US OTC,@NA,GB00BV9GHQ09,BV9GHQ,Kinovo PLC,1.0,BILBF-US,0,SHARE,BNRQKK1,F,Kinovo PLC1.pdf
72385,KYG811921090,Shun Wo Group Holdings Ltd.,1,1995.0,HKG,G81192109,20160928.0,HKG,@NA,43.12,HONG KONG,@NA,KYG811921090,BD5L4T,Shun Wo Group Holdings Ltd.,1.0,1591-HK,1,SHARE,BD5L4T5,F,Shun Wo Group Holdings Ltd.3.pdf
67351,TW0002597002,Ruentex Engineering & Construction Co. Ltd.,1,1975.0,TWN,Y7354Q110,20071218.0,TWN,071JGC-E,41.1,TAIWAN,2597-TW,TW0002597002,B29WJR,Ruentex Engineering & Construction Co. Ltd.,1.0,2597-TW,1,SHARE,B29WJR0,F,Ruentex Engineering & Construction Co. Ltd.3.pdf
77846,SG2D87975520,TA Corporation Ltd.,1,1972.0,SGP,Y8344N100,20111121.0,SGP,0C5GYC-E,41.1,SINGAPORE,PA3-SG,SG2D87975520,B63PXV,TA Corporation Ltd.,1.0,PA3-SG,1,SHARE,B63PXV5,F,TA Corporation Ltd.1.pdf
44974,SG1B06007705,Koh Brothers Group Limited,1,1966.0,SGP,Y4818D108,19941212.0,SGP,05JCCG-E,42.13,SINGAPORE,K75-SG,SG1B06007705,649487,Koh Brothers Group Limited,1.0,K75-SG,1,SHARE,6494878,F,Koh Brothers Group Limited1.pdf
82814,INE0N0Y01013,Udayshivakumar Infra Ltd.,1,2002.0,IND,Y903BL109,20230403.0,IND,@NA,42.11,BSE INDIA,@NA,INE0N0Y01013,BMV9RG,Udayshivakumar Infra Ltd.,1.0,543861-IN,1,SHARE,BMV9RG4,F,Udayshivakumar Infra Ltd.1.pdf
14708,MYL8052OO002,Central Global Bhd,1,1972.0,MYS,Y1627K109,19901005.0,MYS,@NA,41.2,MALAYSIA,8052-MY,MYL8052OO002,618391,Central Global Bhd,1.0,8052-MY,1,SHARE,6183916,F,Central Global Bhd3.pdf
12116,IL0011415309,Brenmiller Energy Ltd,1,2012.0,ISR,M2R43K115,20170810.0,ISR,@NA,42.99,TEL AVIV,@NA,IL0011415309,BF4RV7,Brenmiller Energy Ltd,1.0,BNRG-IL,1,SHARE,BF4RV75,F,Brenmiller Energy Ltd1.pdf
41185,GB00B76BK617,J Smart & Co (Contractors) PLC,1,1947.0,GBR,G82111116,19850102.0,GBR,05J61N-E,41.2,LONDON,SMJ-GB,GB00B76BK617,B76BK6,J Smart & Co (Contractors) PLC,1.0,SMJ-GB,1,SHARE,B76BK61,F,J Smart & Co (Contractors) PLC1.pdf
84716,MYQ0273OO001,Vestland Bhd,1,2011.0,MYS,Y936L6101,20230131.0,MYS,@NA,41.1,MALAYSIA,0273-MY,MYQ0273OO001,BMF85K,Vestland Bhd,1.0,0273-MY,1,SHARE,BMF85K7,F,Vestland Bhd1.pdf
4926,INE891N01017,Anubhav Infrastructure Ltd,0,2006.0,IND,Y0161W107,20141212.0,IND,@NA,42.99,BSE INDIA,@NA,INE891N01017,BSVL6S,Anubhav Infrastructure Ltd.,1.0,538833-IN,0,SHARE,BSVL6S7,F,Anubhav Infrastructure Ltd.1.pdf
69748,NO0010612450,Selvaag Bolig ASA,1,2008.0,NOR,R7800E107,20121130.0,NOR,0922DC-E,41.2,LONDON,@NA,NO0010612450,B4V6DD,Selvaag Bolig ASA,1.0,0Q92-GB,0,SHARE,B88D9W1,F,Selvaag Bolig ASA1.pdf
37193,TW0002545001,Huang Hsiang Construction Corporation,1,1991.0,TWN,Y3744Z100,19991007.0,TWN,062967-E,41.2,TAIWAN,2545-TW,TW0002545001,615603,Huang Hsiang Construction Corporation,1.0,2545-TW,1,SHARE,6156037,F,Huang Hsiang Construction Corporation3.pdf
16846,BMG2109L1697,Chinney Alliance Group Limited,1,1993.0,HKG,G2109L169,19931119.0,HKG,05JQQT-E,43.22,HONG KONG,@NA,BMG2109L1697,B09WJT,Chinney Alliance Group Limited,1.0,385-HK,1,SHARE,B09WJT8,F,Chinney Alliance Group Limited1.pdf
65544,GB00BG11K365,Redrow plc,1,1993.0,GBR,G7455X147,19940603.0,GBR,05HYZV-E,41.2,LONDON,RDW-GB,GB00BG11K365,BG11K3,Redrow plc,1.0,RDW-GB,1,SHARE,BG11K36,F,Redrow plc1.pdf
12119,DE000A1DAHH0,Brenntag Societas Europaea,1,1874.0,DEU,D12459117,20100329.0,DEU,09M3P3-E,46.73,XETRA,BNR-DE,DE000A1DAHH0,B4YVF5,Brenntag Societas Europaea,1.0,BNR-DE,1,SHARE,B4YVF56,G,Brenntag Societas Europaea1.pdf
25308,AU0000154833,Endeavour Group Ltd,1,2012.0,AUS,Q3482R103,20210728.0,AUS,0L6NTM-E,47.25,US OTC,@NA,AU0000154833,BNVS14,Endeavour Group Ltd,1.0,EDVGF-US,0,SHARE,BNBVH23,G,Endeavour Group Ltd2.pdf
86092,MX01WA000038,Wal-Mart de Mexico SAB de CV,1,1958.0,MEX,P98180188,19960102.0,MEX,003Q6N-E,47.19,MEXICO,WALMEX-MX,MX01WA000038,BW1YVH,Wal-Mart de Mexico SAB de CV,1.0,WALMEX-MX,1,SHARE,BW1YVH8,G,Wal-Mart de Mexico SAB de CV1.pdf
88716,FDS1EUV8,Yatsen Holding Ltd.,1,2016.0,CHN,FDS1EUV82,,CHN,0N222Q-E,47.78,@NA,@NA,@NA,98519410,Yatsen Holding Ltd.,1.0,@NA,0,SHARE,@NA,G,Yatsen Holding Ltd.1.pdf
23909,US2786421030,eBay Inc.,1,1995.0,USA,278642103,20070413.0,USA,0024V8-E,47.91,MEXICO,@NA,US2786421030,27864210,eBay Inc.,1.0,EBAY-MX,0,SHARE,B0113P7,G,eBay Inc.1.pdf
35906,SE0018040677,Hexatronic Group AB,0,1972.0,SWE,W4580A169,,SWE,07G0CD-E,46.69,BERNE,@NA,SE0018040677,BM9S1Z,@NA,1.0,02H-CH,0,SHARE,BNM26G2,G,Hexatronic Group AB1.pdf
22421,GB0000055888,discoverIE Group PLC,1,1986.0,GBR,G2887F103,19880719.0,GBR,05J19L-E,46.52,LONDON,DSCV-GB,GB0000055888,000558,discoverIE Group PLC,1.0,DSCV-GB,1,SHARE,0005588,G,discoverIE Group PLC1.pdf
67125,NL0009432491,Royal Vopak NV,1,1999.0,NLD,N5075T159,19850102.0,NLD,05HXJK-E,46.71,EURONEXT AMSTERDAM,VPK-NL,NL0009432491,580942,Royal Vopak NV,1.0,VPK-NL,1,SHARE,5809428,G,Royal Vopak NV1.pdf
22054,INE313G01016,Dhoot Industrial Finance Limited,0,1978.0,IND,Y2063V112,20051220.0,IND,00B0R8-E,46.75,BSE INDIA,@NA,INE313G01016,B0VFL6,Dhoot Industrial Finance Limited,1.0,526971-IN,0,SHARE,B0VFL66,G,Dhoot Industrial Finance Limited1.pdf
31306,JE00B4T3BW64,Glencore plc,0,1974.0,GBR,G39420107,,CHE,0BRLNB-E,46.71,SIX SWISS,@NA,JE00B4T3BW64,B4T3BW,Glencore plc,1.0,@NA,0,SHARE,BX19WN3,G,Glencore plc1.pdf
7957,LU1789205884,B&S Group S.A.,1,2008.0,NLD,L0594B104,20180323.0,LUX,0J69MN-E,46.46,EURONEXT AMSTERDAM,BSGR-NL,LU1789205884,BFMH1Z,B&S Group S.A.,1.0,BSGR-NL,1,SHARE,BFMH1Z5,G,B&S Group S.A.1.pdf
31470,US37946R1095,Global Partners LP,1,2005.0,USA,37946R109,20050929.0,USA,0077JG-E,46.71,NYSE,GLP-US,US37946R1095,37946R10,Global Partners LP,1.0,GLP-US,1,SHARE,B0H9BJ5,G,Global Partners LP3.pdf
38240,GRS148003015,IDEAL HOLDINGS S.A.,1,1972.0,GRC,X3448A196,19930112.0,GRC,@NA,46.51,ATHENS,INTEK-GR,GRS148003015,B1VW06,IDEAL HOLDINGS S.A.,1.0,INTEK-GR,1,SHARE,B1VW067,G,IDEAL HOLDINGS S.A.1.pdf
65945,US76010Y1038,"Rent the Runway, Inc.",1,2008.0,USA,76010Y103,20211027.0,USA,00C46W-E,47.91,NASDAQ,RENT-US,US76010Y1038,76010Y10,"Rent the Runway, Inc.",1.0,RENT-US,1,SHARE,BMVR876,G,"Rent the Runway, Inc.1.pdf"
737,SG1I02877971,Abundance International Limited,1,1975.0,SGP,Y1772W106,20000120.0,SGP,0061ZH-E,47.52,SINGAPORE,@NA,SG1I02877971,620672,Abundance International Limited,1.0,541-SG,1,SHARE,6206727,G,Abundance International Limited1.pdf
57988,INE350C01017,Optiemus Infracom Limited,1,1993.0,IND,Y0031U117,20041025.0,IND,0828VK-E,46.52,BSE INDIA,@NA,INE350C01017,B03HLR,Optiemus Infracom Limited,1.0,530135-IN,1,SHARE,B03HLR1,G,Optiemus Infracom Limited2.pdf
30686,KYG3825A1076,Genes Tech Group Holdings Company Limited,1,2016.0,HKG,G3825A107,20170714.0,TWN,0GHP85-E,46.64,HONG KONG,@NA,KYG3825A1076,BYVSX0,Genes Tech Group Holdings Company Limited,1.0,8257-HK,1,SHARE,BYVSX01,G,Genes Tech Group Holdings Company Limited1.pdf
17537,VN000000CTF9,City Auto Corporation,1,2009.0,VNM,Y16335104,20170530.0,VNM,@NA,45.11,VIETNAM,@NA,VN000000CTF9,BF3FFK,City Auto Corporation,1.0,CTF-VN,1,SHARE,BF3FFK1,G,City Auto Corporation3.pdf
26308,BMG320501254,Eternity Investment Limited,1,1999.0,HKG,G32050125,20000215.0,HKG,079QJT-E,47.77,HONG KONG,764-HK,BMG320501254,B8BXHP,Eternity Investment Limited,1.0,764-HK,1,SHARE,B8BXHP7,G,Eternity Investment Limited2.pdf
71318,KYG811691073,Shenglong Splendecor International Limited,1,2013.0,HKG,G81169107,20170717.0,CHN,0GMDVM-E,46.76,HONG KONG,@NA,KYG811691073,BYVSX8,Shenglong Splendecor International Limited,1.0,8481-HK,1,SHARE,BYVSX89,G,Shenglong Splendecor International Limited1.pdf
4565,GB00BF1XGQ00,Angling Direct Plc,1,2004.0,GBR,G03755108,20170713.0,GBR,@NA,47.64,LONDON,ANG-GB,GB00BF1XGQ00,BF1XGQ,Angling Direct Plc,1.0,ANG-GB,1,SHARE,BF1XGQ0,G,Angling Direct Plc1.pdf
68053,US79546E1047,"Sally Beauty Holdings, Inc.",1,1964.0,USA,79546E104,20061113.0,USA,05LJBY-E,47.78,NYSE,SBH-US,US79546E1047,79546E10,"Sally Beauty Holdings, Inc.",1.0,SBH-US,1,SHARE,B1GZ005,G,"Sally Beauty Holdings, Inc.1.pdf"
36681,JMP5178T1046,Honey Bun (1982) Ltd.,1,1982.0,JAM,P5178T104,20150717.0,JAM,@NA,47.24,KINGSTON,@NA,JMP5178T1046,B75HB0,Honey Bun (1982) Ltd.,1.0,HONBUN-JM,1,SHARE,B75HB01,G,Honey Bun (1982) Ltd.1.pdf
87489,ZAE000063863,Woolworths Holdings Limited,1,1931.0,ZAF,S98758121,19971021.0,ZAF,05HZR8-E,47.71,JSE,WHL-ZA,ZAE000063863,B06KZ9,Woolworths Holdings Limited,1.0,WHL-ZA,1,SHARE,B06KZ97,G,Woolworths Holdings Limited1.pdf
35039,AU000000HVN7,Harvey Norman Holdings Ltd,1,1982.0,AUS,Q4525E117,20211129.0,AUS,05HWSK-E,47.54,US OTC,@NA,AU000000HVN7,617350,Harvey Norman Holdings Ltd,1.0,HNORF-US,0,SHARE,B02P0J1,G,Harvey Norman Holdings Ltd1.pdf
41636,AU000000JBH7,JB Hi-Fi Limited,1,1974.0,AUS,Q5029L101,20211221.0,AUS,05T4K0-E,47.42,US OTC,@NA,AU000000JBH7,670262,JB Hi-Fi Limited,1.0,JBHIF-US,0,SHARE,B05PJR9,G,JB Hi-Fi Limited1.pdf
26948,US30219E1038,"Express, Inc.",1,1980.0,USA,30219E103,20100521.0,USA,070CS9-E,47.71,FRANKFURT,@NA,US30219E1038,30219E10,"Express, Inc.",1.0,02Z-DE,0,SHARE,B523W72,G,"Pineapple Express, Inc.1.pdf"
16210,KYG211921021,China MeiDong Auto Holdings Ltd.,1,2012.0,HKG,G21192102,20131205.0,CHN,0DFTGF-E,45.11,HONG KONG,1268-HK,KYG211921021,BH0VXF,China MeiDong Auto Holdings Ltd.,1.0,1268-HK,1,SHARE,BH0VXF7,G,China MeiDong Auto Holdings Ltd.1.pdf
10477,SE0010948588,BHG Group AB,1,2016.0,SWE,W2R38X105,20180518.0,SWE,0J73TT-E,47.91,LONDON,@NA,SE0010948588,BD4535,BHG Group AB,1.0,0SOM-GB,0,SHARE,BD93DP6,G,BHG Group AB1.pdf
13751,VGG1890L1076,Capri Holdings Limited,0,2002.0,USA,G1890L107,20141103.0,GBR,00DL81-E,47.71,BERNE,@NA,VGG1890L1076,G1890L10,Capri Holdings Limited,1.0,MKO-CH,0,SHARE,BHXKPN3,G,Capri Holdings Limited1.pdf
10160,PHY0860R1024,"Berjaya Philippines, Inc.",1,1924.0,PHL,Y0860R102,19971001.0,PHL,05SYMD-E,45.11,PHILIPPINES,BCOR-PH,PHY0860R1024,618297,"Berjaya Philippines, Inc.",1.0,BCOR-PH,1,SHARE,6182979,G,"Berjaya Philippines, Inc.1.pdf"
86688,AU000000WES1,Wesfarmers Limited,1,1914.0,AUS,Q95870103,19850723.0,AUS,05HWF5-E,47.52,ASX,WES-AU,AU000000WES1,694883,Wesfarmers Limited,1.0,WES-AU,1,SHARE,6948836,G,Wesfarmers Limited1.pdf
49522,INE01JE01028,Marine Electricals (India) Limited,1,1978.0,IND,Y58446124,,IND,0CTM7B-E,46.69,NSE INDIA,@NA,INE01JE01028,BKP851,Marine Electricals (India) Limited,1.0,MARINE-IN,1,SHARE,BKP8514,G,Marine Electricals (India) Limited1.pdf
29039,US35113E2081,"Fovea Jewelry Holdings, Ltd.",1,1988.0,USA,35113E208,19940718.0,HKG,@NA,47.77,US OTC,@NA,US35113E2081,35113E20,"Fovea Jewelry Holdings, Ltd.",1.0,FJHL-US,1,SHARE,BLD0TB7,G,"Fovea Jewelry Holdings, Ltd.3.pdf"
14748,TH9597010007,Central Retail Corporation Public Company Limited,1,1947.0,THA,Y1244X112,20200220.0,THA,05W60P-E,47.19,THAILAND,CRC-TH,TH9597010007,BKP8ZP,Central Retail Corporation Public Company Limited,1.0,CRC-TH,1,SHARE,BKP8ZP8,G,Central Retail Corporation Public Company Limited1.pdf
892,TW0006908007,"Acer Gaming, Inc.",0,2020.0,TWN,Y002PB107,20220913.0,TWN,@NA,47.91,TAIPEI,@NA,TW0006908007,BNQNJ0,"Acer Gaming, Inc.",1.0,6908-TW,0,SHARE,BNQNJ06,G,"Acer Gaming, Inc.1.pdf"
88938,KYG8891T1040,Yoho Group Holdings Ltd.,1,2008.0,HKG,G8891T104,20220610.0,HKG,@NA,47.91,HONG KONG,@NA,KYG8891T1040,BP6GP0,Yoho Group Holdings Ltd.,1.0,2347-HK,1,SHARE,BP6GP01,G,Yoho Group Holdings Ltd.1.pdf
52762,AU0000066789,Mosaic Brands Limited,1,1977.0,AUS,Q63230108,20000515.0,AUS,00618R-E,47.71,ASX,MOZ-AU,AU0000066789,BK5R0G,Mosaic Brands Limited,1.0,MOZ-AU,1,SHARE,BK5R0G1,G,Mosaic Brands Limited1.pdf
72907,INE798C01017,Silver Oak Commercial Ltd.,0,1985.0,IND,Y7936N114,20120731.0,IND,@NA,46.9,BSE INDIA,@NA,INE798C01017,B8KQ3N,Silver Oak Commercial Ltd.,1.0,512197-IN,0,SHARE,B8KQ3N7,G,Silver Oak Commercial Ltd.1.pdf
52651,TH1020010Z07,Moong Pattana International PCL,1,1981.0,THA,Y61362169,20091001.0,THA,00C779-E,46.42,THAILAND,MOONG-TH,TH1020010Z07,BPXZGH,Moong Pattana International PCL,1.0,MOONG-TH,1,SHARE,BPXZGH5,G,Moong Pattana International PCL1.pdf
86902,GB00B2PDGW16,WH Smith PLC,1,2004.0,GBR,G8927V149,20060901.0,GBR,05HWYD-E,47.11,LONDON,SMWH-GB,GB00B2PDGW16,B2PDGW,WH Smith PLC,1.0,SMWH-GB,1,SHARE,B2PDGW1,G,WH Smith PLC1.pdf
79849,BMG8800F1876,Theme International Holdings Limited,1,1986.0,HKG,G8800F187,20061114.0,HKG,05JFCY-E,46.71,FRANKFURT,@NA,BMG8800F1876,688949,Theme International Holdings Limited,1.0,TM4C-DE,0,SHARE,B1HJG19,G,Theme International Holdings Limited1.pdf
18245,KYG226921008,COFCO Joycome Foods Limited,1,2014.0,HKG,G22692100,20181024.0,CHN,0GC6R5-E,46.32,HONG KONG CONNECT  - SHANGHAI,@NA,KYG226921008,BYNJJY,COFCO Joycome Foods Limited,1.0,@NA,0,SHARE,BGY7Q11,G,COFCO Joycome Foods Limited1.pdf
11735,SE0009888738,Boozt AB,1,2009.0,SWE,W2198L106,20170607.0,SWE,0CMPST-E,47.91,LONDON,@NA,SE0009888738,BZ30KS,Boozt AB,1.0,0RPY-GB,0,SHARE,BF334F3,G,Boozt AB1.pdf
44969,AU000000KGN2,Kogan.com Ltd.,1,2006.0,AUS,Q53502102,20191023.0,AUS,0GB32Z-E,47.99,US OTC,@NA,AU000000KGN2,BYYY33,Kogan.com Ltd.,1.0,KGGNF-US,0,SHARE,BYWYX19,G,Kogan.com Ltd.1.pdf
19671,TH0737010Y08,CP All Public Co. Ltd.,1,1988.0,THA,Y1772K151,20031014.0,THA,05W3SR-E,47.11,THAILAND,CPALL-TH,TH0737010Y08,B08YDG,CP All Public Co. Ltd.,1.0,CPALL-TH,1,SHARE,B08YDG0,G,CP All Public Co. Ltd.1.pdf
3786,FDS0PGW8,Ama Group Limited,1,2005.0,AUS,FDS0PGW82,,AUS,06KFRR-E,45.2,@NA,@NA,@NA,B1CND9,Ama Group Limited,1.0,@NA,0,SHARE,@NA,G,Ama Group Limited1.pdf
59966,NL0015000AU7,Pepco Group BV,1,2014.0,POL,G6999C106,20210526.0,GBR,@NA,47.78,WARSAW,PCO-PL,NL0015000AU7,BMXNYN,Pepco Group BV,1.0,PCO-PL,1,SHARE,BMXNYN0,G,Pepco Group BV1.pdf
81762,KYG9035N1025,Tree Holdings Ltd.,1,2016.0,HKG,G9035N102,20180125.0,HKG,0GR1JN-E,47.59,HONG KONG,@NA,KYG9035N1025,BD0M4G,Tree Holdings Ltd.,1.0,8395-HK,1,SHARE,BD0M4G0,G,Tree Holdings Ltd.2.pdf
63430,ID1000178700,PT Multi Medika Internasional Tbk,0,2020.0,IDN,Y712FZ109,20221206.0,IDN,@NA,46.69,INDONESIA,MMIX-ID,ID1000178700,BPCM7T,PT Multi Medika Internasional Tbk,1.0,MMIX-ID,0,SHARE,BPCM7T6,G,PT Multi Medika Internasional Tbk1.pdf
35932,US40417F1093,"HF Foods Group, Inc.",1,1997.0,USA,40417F109,20170907.0,USA,0JXCRG-E,46.39,NASDAQ,@NA,US40417F1093,40417F10,"HF Foods Group, Inc.",1.0,HFFG-US,1,SHARE,BYZLWZ4,G,"HF Foods Group, Inc.1.pdf"
11834,US1011371077,Boston Scientific Corporation,1,1979.0,USA,101137107,19920519.0,USA,0011GG-E,46.69,NYSE,BSX-US,US1011371077,10113710,Boston Scientific Corporation,1.0,BSX-US,1,SHARE,2113434,G,Boston Scientific Corporation1.pdf
81468,US8923561067,Tractor Supply Company,0,1938.0,USA,892356106,20180427.0,USA,0019FL-E,47.76,LONDON,@NA,US8923561067,89235610,Tractor Supply Company,1.0,0REL-GB,0,SHARE,BD8SKN9,G,Tractor Supply Company1.pdf
17255,HRCIAKRA0007,CIAK Grupa d.d,1,1999.0,HRV,X1R26K108,20210104.0,HRV,0MNR58-E,45.31,ZAGREB,@NA,HRCIAKRA0007,BL6G8T,CIAK Grupa d.d,1.0,CIAK-HR,1,SHARE,BL6G8T3,G,CIAK Grupa d.d1.pdf
79517,MYL8702OO002,Texchem Resources Bhd.,1,1973.0,MYS,Y8592R100,19931206.0,MYS,05JBZY-E,46.75,MALAYSIA,8702-MY,MYL8702OO002,687696,Texchem Resources Bhd.,1.0,8702-MY,1,SHARE,6876960,G,Texchem Resources Bhd.2.pdf
40270,BD0320IRSL07,Intraco Refueling Station Ltd.,1,2007.0,BGD,Y4120B105,20180517.0,BGD,0J2WFY-E,46.71,DHAKA,@NA,BD0320IRSL07,BD1R2T,Intraco Refueling Station Ltd.,1.0,INTRACO-BD,1,SHARE,BD1R2T3,G,Intraco Refueling Station Ltd.2.pdf
35000,MYL5008OO007,Harrisons Holdings Malaysia Bhd.,1,1990.0,MYS,Y3101U108,19991025.0,MYS,006214-E,46.52,MALAYSIA,5008-MY,MYL5008OO007,617368,Harrisons Holdings Malaysia Bhd.,1.0,5008-MY,1,SHARE,6173683,G,Harrisons Holdings Malaysia Bhd.1.pdf
26427,PLEURCH00011,Eurocash S.A.,1,1995.0,POL,X2382S106,20100930.0,POL,05TYH9-E,46.39,LONDON,@NA,PLEURCH00011,B064B9,Eurocash S.A.,1.0,0LTM-GB,0,SHARE,B28H2J9,G,Eurocash S.A.1.pdf
52489,PHY6142T1052,Monde Nissin Corp.,1,1979.0,PHL,Y6142T105,20210601.0,PHL,08DPCJ-E,47.24,PHILIPPINES,MONDE-PH,PHY6142T1052,BMDTTT,Monde Nissin Corp.,1.0,MONDE-PH,1,SHARE,BMDTTT9,G,Monde Nissin Corp.1.pdf
5547,INE731A01020,Archies Limited,1,1979.0,IND,Y02011156,19991229.0,IND,@NA,47.78,BSE INDIA,532212-IN,INE731A01020,615764,Archies Limited,1.0,532212-IN,1,SHARE,6157643,G,Archies Limited1.pdf
89262,BMG9888Y1066,Yunnan Energy International Co. Limited,1,2004.0,HKG,G9888Y106,20040709.0,HKG,0066J6-E,46.69,SINGAPORE,T43-SG,BMG9888Y1066,BGV4W2,Yunnan Energy International Co. Limited,1.0,T43-SG,0,SHARE,BHX7556,G,Yunnan Energy International Co. Limited1.pdf
7054,PK0082901015,Attock Petroleum Limited,1,1995.0,PAK,Y04522101,20050318.0,PAK,@NA,46.71,PAKISTAN STOCK EXCHANGE,APL-PK,PK0082901015,B06HDB,Attock Petroleum Limited,1.0,APL-PK,1,SHARE,B06HDB6,G,Attock Petroleum Limited1.pdf
78521,KYG7998M1033,TATA Health International Holdings Ltd.,1,1974.0,HKG,G7998M103,20130711.0,HKG,0D7074-E,47.72,HONG KONG,1255-HK,KYG7998M1033,BC5ZHS,TATA Health International Holdings Ltd.,1.0,1255-HK,1,SHARE,BC5ZHS0,G,TATA Health International Holdings Ltd.1.pdf
47953,BRLRENACNOR1,Lojas Renner S.A.,1,1965.0,BRA,P6332C102,19940912.0,BRA,05K029-E,47.71,SAO PAULO,LREN3-BR,BRLRENACNOR1,B0CGYD,Lojas Renner S.A.,1.0,LREN3-BR,1,SHARE,B0CGYD6,G,Lojas Renner S.A.1.pdf
52231,BMG6179G1096,Mobicon Group Limited,1,1983.0,HKG,G6179G109,20010508.0,HKG,0060G5-E,46.52,HONG KONG,@NA,BMG6179G1096,634821,Mobicon Group Limited,1.0,1213-HK,1,SHARE,6348210,G,Mobicon Group Limited1.pdf
48785,US55616P1049,"Macy's, Inc.",1,1858.0,USA,55616P104,20180129.0,USA,000JHP-E,47.19,LONDON,@NA,US55616P1049,55616P10,"Macy's, Inc.",1.0,0JXD-GB,0,SHARE,BYZH876,G,"Macy's, Inc.1.pdf"
30218,US3647601083,"Gap, Inc.",1,1969.0,USA,364760108,19841105.0,USA,000KWJ-E,47.71,NYSE,GPS-US,US3647601083,36476010,"Gap, Inc.",1.0,GPS-US,1,SHARE,2360326,G,"Gap, Inc.1.pdf"
24480,MXP369181377,El Puerto de Liverpool SAB de CV,1,1847.0,MEX,P36918137,20040831.0,MEX,05HX00-E,47.19,US OTC,@NA,MXP369181377,230681,El Puerto de Liverpool SAB de CV,1.0,ELPQF-US,0,SHARE,B05P2P8,G,El Puerto de Liverpool SAB de CV1.pdf
17220,JP3346190006,"Ci Medical Co., Ltd.",1,2000.0,JPN,J0791R103,20160617.0,JPN,08XB9G-E,46.69,TOKYO,3540-JP,JP3346190006,BDGV6P,"Ci Medical Co., Ltd.",1.0,3540-JP,1,SHARE,BDGV6P4,G,"Ci Medical Co., Ltd.1.pdf"
53510,GB00B021F836,Naked Wines plc,1,1980.0,GBR,G6361W102,20101223.0,GBR,05J41T-E,46.34,US OTC,@NA,GB00B021F836,B021F8,Naked Wines plc,1.0,NWINF-US,0,SHARE,B3BJ277,G,Naked Wines plc1.pdf
87435,SG1DA6000004,Wong Fong Industries Limited,1,2015.0,SGP,Y96650109,20160728.0,SGP,0GC9XP-E,46.64,SINGAPORE,@NA,SG1DA6000004,BD6F8K,Wong Fong Industries Limited,1.0,1A1-SG,1,SHARE,BD6F8K5,G,Wong Fong Industries Limited3.pdf
34991,TH6050010Y00,Harn Engineering Solutions Public Co. Ltd.,1,1958.0,THA,Y306C0118,20141113.0,THA,@NA,46.73,THAILAND,HARN-TH,TH6050010Y00,BZ18XB,Harn Engineering Solutions Public Co. Ltd.,1.0,HARN-TH,1,SHARE,BZ18XB9,G,Harn Engineering Solutions Public Co. Ltd.1.pdf
35237,GB0004170089,Headlam Group plc,1,1948.0,GBR,G43680100,19850102.0,GBR,05J0C4-E,47.53,LONDON,HEAD-GB,GB0004170089,041700,Headlam Group plc,1.0,HEAD-GB,1,SHARE,0417008,G,Headlam Group plc1.pdf
35924,MYL5136OO006,Hextar Technologies Solutions Berhad.,1,2005.0,MYS,Y1692S102,20070830.0,MYS,009K02-E,46.73,MALAYSIA,5136-MY,MYL5136OO006,B2477M,Hextar Technologies Solutions Berhad.,1.0,5136-MY,1,SHARE,B2477M1,G,Hextar Technologies Solutions Berhad.1.pdf
19805,INE896P01011,Creative Merchants Ltd,0,1984.0,IND,Y1R7CJ110,20140702.0,IND,@NA,47.78,BSE INDIA,@NA,INE896P01011,BNG62P,Creative Merchants Ltd.,1.0,538504-IN,0,SHARE,BNG62P1,G,Creative Merchants Ltd.3.pdf
72392,KYG811881070,Shunten International (Holdings) Ltd.,1,2011.0,HKG,G81188107,20131011.0,HKG,0DCJXV-E,46.9,HONG KONG,932-HK,KYG811881070,BDVKSS,Shunten International (Holdings) Ltd.,1.0,932-HK,1,SHARE,BDVKSS3,G,Shunten International (Holdings) Ltd.1.pdf
39187,SE0001515552,Indutrade AB,1,1919.0,SWE,W4939U106,20180613.0,SWE,05SLPP-E,46.64,US OTC,@NA,SE0001515552,B0LDBX,Indutrade AB,1.0,IDDWF-US,0,SHARE,BZ9NY80,G,Indutrade AB1.pdf
62460,BA100PROMRA9,Promet TP a.d.,0,,BIH,X6940H106,20190801.0,BIH,@NA,47.11,BANJA LUKA,@NA,BA100PROMRA9,B55078,Promet TP a.d.,1.0,PROM.R.A-BA,0,SHARE,B550786,G,Promet TP a.d.1.pdf
37894,KR7069960003,"Hyundai Department Store Co., Ltd",1,2002.0,KOR,Y38306109,20021125.0,KOR,064QX8-E,47.19,KOREA,069960-KR,KR7069960003,656861,"Hyundai Department Store Co., Ltd",1.0,069960-KR,1,SHARE,6568610,G,"Hyundai Department Store Co., Ltd2.pdf"
23305,CH0023405456,Dufry AG,1,1865.0,CHE,H2082J107,20051206.0,CHE,06B35H-E,47.78,FRANKFURT,@NA,CH0023405456,B0R80X,Dufry AG,1.0,D2J-DE,0,SHARE,B0T0CZ9,G,Dufry AG2.pdf
63645,ID1000128705,PT Sumber Alfaria Trijaya,1,1989.0,IDN,Y71362118,20090115.0,IDN,06HNL4-E,47.11,INDONESIA,AMRT-ID,ID1000128705,BCDBLJ,PT Sumber Alfaria Trijaya,1.0,AMRT-ID,1,SHARE,BCDBLJ9,G,PT Sumber Alfaria Trijaya1.pdf
49399,KYG5804G1047,Maoye International Holdings Ltd.,1,2007.0,HKG,G5804G104,20080505.0,CHN,009XSB-E,47.19,HONG KONG,848-HK,KYG5804G1047,B2NT80,Maoye International Holdings Ltd.,1.0,848-HK,1,SHARE,B2NT803,G,Maoye International Holdings Ltd.1.pdf
5193,TH9527010002,"AppliCad Public Co., Ltd.",1,1994.0,THA,Y0186P111,20191122.0,THA,0G80G7-E,46.51,THAILAND,APP-TH,TH9527010002,BKWFPH,"AppliCad Public Co., Ltd.",1.0,APP-TH,1,SHARE,BKWFPH4,G,"AppliCad Public Co., Ltd.1.pdf"
41180,GB00B019KW72,J Sainsbury plc,1,1869.0,GBR,G77732173,19900731.0,GBR,05HFTW-E,47.11,US OTC,@NA,GB00B019KW72,B019KW,J Sainsbury plc,1.0,JSNSF-US,0,SHARE,B1GXRR5,G,J Sainsbury plc1.pdf
26537,SG2G55000001,EuroSports Global Ltd.,1,1998.0,SGP,Y2358B102,20140117.0,SGP,0DGXMC-E,45.11,SINGAPORE,@NA,SG2G55000001,BJ3Q6B,EuroSports Global Ltd.,1.0,5G1-SG,1,SHARE,BJ3Q6B0,G,EuroSports Global Ltd.1.pdf
5791,CA04045U1021,"Aritzia, Inc.",1,1984.0,CAN,04045U102,20161213.0,CAN,0GGP55-E,47.71,US OTC,@NA,CA04045U1021,BDCG2C,"Aritzia, Inc.",1.0,ATZAF-US,0,SHARE,BYVQ4V3,G,"Aritzia, Inc.1.pdf"
82847,90269100,UGI Corporation,0,1882.0,USA,902691005,,USA,0014W4-E,46.71,@NA,@NA,@NA,90268110,UGI Corporation,1.0,@NA,0,SHARE,@NA,G,UGI Corporation1.pdf
19440,SG1M59904946,Cortina Holdings Limited,1,1972.0,SGP,Y1756L100,20020729.0,SGP,00606D-E,47.77,SINGAPORE,C41-SG,SG1M59904946,653837,Cortina Holdings Limited,1.0,C41-SG,1,SHARE,6538378,G,Cortina Holdings Limited1.pdf
50254,TW0004175005,"MedFirst Healthcare Services, Inc. (TW)",1,1990.0,TWN,Y58851109,20121221.0,TWN,0CXLZ2-E,46.69,TAIPEI,4175-TW,TW0004175005,B7YZNV,"MedFirst Healthcare Services, Inc. (TW)",1.0,4175-TW,1,SHARE,B7YZNV1,G,"MedFirst Healthcare Services, Inc. (TW)1.pdf"
77402,TH0365010Z07,"SVOA Public Co., Ltd.",1,1982.0,THA,Y831K8101,20000301.0,THA,05WH3R-E,46.51,THAILAND,SVOA-TH,TH0365010Z07,672373,"SVOA Public Co., Ltd.",1.0,SVOA-TH,1,SHARE,6723732,G,"SVOA Public Co., Ltd.3.pdf"
54823,KYG650071098,New World Department Store China Limited,0,1993.0,HKG,G65007109,,HKG,009DJY-E,47.19,BERNE,@NA,KYG650071098,B1Z69H,New World Department Store China Limited,1.0,@NA,0,SHARE,BL63H64,G,New World Department Store China Limited1.pdf
13304,FDS0I97A,"Camping World Holdings, Inc.",1,1966.0,USA,FDS0I97A9,,USA,0GB44Q-E,45.19,@NA,@NA,@NA,13462K10,"Camping World Holdings, Inc.",1.0,@NA,0,SHARE,@NA,G,"Camping World Holdings, Inc.1.pdf"
20409,US1266501006,CVS Health Corporation,1,1963.0,USA,126650100,20090128.0,USA,001HHK-E,47.73,MEXICO,@NA,US1266501006,12665010,CVS Health Corporation,1.0,CVS-MX,0,SHARE,B3B9868,G,CVS Health Corporation1.pdf
12861,SE0003303627,Byggmax Group AB,1,2004.0,SWE,W2237L109,20101014.0,SWE,08DK3J-E,47.52,LONDON,@NA,SE0003303627,B5BLGL,Byggmax Group AB,1.0,0MR4-GB,0,SHARE,B5ZN2J1,G,Byggmax Group AB1.pdf
18262,IL0003890154,Cofix Group Ltd.,1,1992.0,ISR,M0241Z107,19960501.0,ISR,@NA,47.11,TEL AVIV,@NA,IL0003890154,601040,Cofix Group Ltd.,1.0,CFX-IL,1,SHARE,6010401,G,Cofix Group Ltd.2.pdf
29123,GB00B1QH8P22,Frasers Group PLC,1,2006.0,GBR,G3661L100,20070301.0,GBR,0091TM-E,47.64,FRANKFURT,@NA,GB00B1QH8P22,B1QH8P,Frasers Group PLC,1.0,ZVX-DE,0,SHARE,B1TFMP1,G,Frasers Group PLC1.pdf
50115,US58155Q1031,McKesson Corporation,0,1833.0,USA,58155Q103,20111020.0,USA,000PM1-E,46.46,MEXICO,@NA,US58155Q1031,58155Q10,McKesson Corporation,1.0,MCK-MX,0,SHARE,B662J93,G,McKesson Corporation1.pdf
22378,GB0001826634,Diploma PLC,0,1931.0,GBR,G27664112,,GBR,05J3L6-E,46.64,MEXICO,@NA,GB0001826634,018266,Diploma PLC,1.0,DPLMN-MX,0,SHARE,BPJHCT9,G,Diploma PLC2.pdf
81810,INE849A01020,Trent Limited,1,1952.0,IND,Y8969R105,19940707.0,IND,05JBBW-E,47.71,BSE INDIA,500251-IN,INE849A01020,BDDRN3,Trent Limited,1.0,500251-IN,1,SHARE,BDDRN32,G,Trent Limited1.pdf
53228,ZAE000012373,Mustek Limited,1,1987.0,ZAF,S52999109,19970403.0,ZAF,05JC3W-E,46.51,JSE,MST-ZA,ZAE000012373,661143,Mustek Limited,1.0,MST-ZA,1,SHARE,6611439,G,Mustek Limited1.pdf
80171,KYG886801060,Tianjin Port Development Holdings Limited,1,2005.0,HKG,G88680106,20060524.0,HKG,0088P3-E,52.24,FRANKFURT,@NA,KYG886801060,B1528Y,Tianjin Port Development Holdings Limited,1.0,T9P-DE,0,SHARE,B15MR17,H,Tianjin Port Development Holdings Limited1.pdf
78235,EE3100004466,Tallink Grupp AS,1,1989.0,EST,X8849T108,20171030.0,EST,062GN5-E,50.1,LONDON,@NA,EE3100004466,B04BGR,Tallink Grupp AS,1.0,0NY4-GB,0,SHARE,B28MRJ9,H,Tallink Grupp AS1.pdf
67075,LR0008862868,Royal Caribbean Group,1,1968.0,USA,V7780T103,19930428.0,USA,001JWC-E,50.1,NYSE,RCL-US,LR0008862868,V7780T10,Royal Caribbean Group,1.0,RCL-US,1,SHARE,2754907,H,Royal Caribbean Group2.pdf
87362,JE00BN574F90,Wizz Air Holdings Plc,1,2003.0,GBR,G96871101,20201218.0,GBR,0BSWGG-E,51.1,BUDAPEST,@NA,JE00BN574F90,BN574F,Wizz Air Holdings Plc,1.0,WIZZ-HU,0,SHARE,BMYZ7D6,H,Wizz Air Holdings Plc1.pdf
26475,BE0003816338,Euronav NV,1,2003.0,BEL,B38564108,20041201.0,BEL,05W0XT-E,50.2,EURONEXT BRUSSELS,EURN-BE,BE0003816338,B04M8J,Euronav NV,1.0,EURN-BE,1,SHARE,B04M8J6,H,Euronav NV1.pdf
66846,INE927A01040,Rollatainers Limited,1,1968.0,IND,Y73243167,19950807.0,IND,07CS2X-E,52.29,BSE INDIA,@NA,INE927A01040,BYQ76T,Rollatainers Limited,1.0,502448-IN,1,SHARE,BYQ76T3,H,Rollatainers Limited3.pdf
81517,GB00BKDTK925,Trainline Plc,1,2019.0,GBR,G8992Y119,20190621.0,GBR,0F8YF8-E,52.29,LONDON,TRN-GB,GB00BKDTK925,BKDTK9,Trainline Plc,1.0,TRN-GB,1,SHARE,BKDTK92,H,Trainline Plc1.pdf
27929,FI0009003230,Finnair Oyj,1,1972.0,FIN,X24877106,20090911.0,FIN,05HZWM-E,51.1,US OTC,@NA,FI0009003230,433639,Finnair Oyj,1.0,FNNNF-US,0,SHARE,B02FM84,H,Finnair Oyj1.pdf
90559,FDS0JX8X,"ZTO Express (Cayman), Inc.",1,2002.0,HKG,FDS0JX8X4,,CHN,0GKNW9-E,53.2,@NA,@NA,@NA,BMZ1C8,"ZTO Express (Cayman), Inc.",1.0,@NA,0,SHARE,@NA,H,"ZTO Express (Cayman), Inc.1.pdf"
72146,INE109A01011,Shipping Corporation of India Limited,1,1975.0,IND,Y7757H113,19940705.0,IND,05HZ7J-E,52.29,BSE INDIA,523598-IN,INE109A01011,610124,Shipping Corporation of India Limited,1.0,523598-IN,1,SHARE,6101242,H,Shipping Corporation of India Limited1.pdf
28264,GB0003452173,FirstGroup plc,1,1995.0,GBR,G34604101,19950616.0,GBR,05HWSD-E,49.31,LONDON,FGP-GB,GB0003452173,034521,FirstGroup plc,1.0,FGP-GB,1,SHARE,0345217,H,FirstGroup plc1.pdf
49133,MYL5014OO005,Malaysia Airports Holdings Bhd.,1,1992.0,MYS,Y5585D106,19991130.0,MYS,05HZ3L-E,52.23,MALAYSIA,5014-MY,MYL5014OO005,618819,Malaysia Airports Holdings Bhd.,1.0,5014-MY,1,SHARE,6188193,H,Malaysia Airports Holdings Bhd.1.pdf
35098,NO0010257728,Havila Shipping ASA,1,2000.0,NOR,R3192Q105,20050302.0,NOR,066GPM-E,52.22,OSLO,HAVI-NO,NO0010257728,B06DMG,Havila Shipping ASA,1.0,HAVI-NO,1,SHARE,B06DMG2,H,Havila Shipping ASA2.pdf
59729,MYL6254OO006,PDZ Holdings Bhd.,1,1996.0,MYS,Y6802Y105,19960722.0,MYS,05WSV3-E,50.2,MALAYSIA,6254-MY,MYL6254OO006,628332,PDZ Holdings Bhd.,1.0,6254-MY,1,SHARE,6283322,H,PDZ Holdings Bhd.1.pdf
11992,GB0000600931,Braemar PLC,1,1988.0,GBR,G1554N100,19971127.0,GBR,05JC0P-E,52.22,LONDON,BMS-GB,GB0000600931,006009,Braemar PLC,1.0,BMS-GB,1,SHARE,0060093,H,Braemar PLC1.pdf
48560,FDS0XLK2,"Lyft, Inc.",1,2007.0,USA,FDS0XLK28,,USA,07V3WZ-E,49.39,@NA,@NA,@NA,55087P10,"Lyft, Inc.",1.0,@NA,0,SHARE,@NA,H,"Lyft, Inc.1.pdf"
89175,BMG9880L1028,Yuexiu Transport Infrastructure Limited,1,1996.0,HKG,G9880L102,19970130.0,HKG,05J1M5-E,52.21,HONG KONG,1052-HK,BMG9880L1028,639878,Yuexiu Transport Infrastructure Limited,1.0,1052-HK,1,SHARE,6398787,H,Yuexiu Transport Infrastructure Limited1.pdf
14262,HK0293001514,Cathay Pacific Airways Limited,0,1946.0,HKG,Y11757104,,HKG,05HWFT-E,51.1,BERNE,@NA,HK0293001514,617975,Cathay Pacific Airways Limited,1.0,CTY-CH,0,SHARE,BMF1SS5,H,Cathay Pacific Airways Limited1.pdf
62971,ID1000132707,PT Blue Bird Tbk,1,2001.0,IDN,Y7140H101,20141105.0,IDN,0CTR8B-E,49.39,INDONESIA,BIRD-ID,ID1000132707,BRJ6FX,PT Blue Bird Tbk,1.0,BIRD-ID,1,SHARE,BRJ6FX5,H,PT Blue Bird Tbk2.pdf
6181,MYQ0068OO005,Asdion Bhd.,1,2002.0,MYS,Y0261X104,20050113.0,MYS,006Q4W-E,52.29,MALAYSIA,@NA,MYQ0068OO005,B05KKN,Asdion Bhd.,1.0,0068-MY,1,SHARE,B05KKN7,H,Asdion Bhd.1.pdf
79448,LK0333N00001,Tess Agro PLC,1,1992.0,LKA,Y8591C104,20030106.0,LKA,09JWW1-E,52.1,COLOMBO,@NA,LK0333N00001,B065ZF,Tess Agro PLC,1.0,TESS.N0000-LK,1,SHARE,B065ZF8,H,Tess Agro PLC3.pdf
76181,JP3399790009,"STORAGE-OH Co.,Ltd.",1,2005.0,JPN,J76751106,20220427.0,JPN,0R7YV6-E,52.1,TOKYO,2997-JP,JP3399790009,BMXFTD,"STORAGE-OH Co.,Ltd.",1.0,2997-JP,1,SHARE,BMXFTD1,H,"STORAGE-OH Co.,Ltd.3.pdf"
87149,GB0030329360,Wincanton plc,1,1925.0,GBR,G9688X100,20050930.0,GBR,05J06W-E,52.29,US OTC,@NA,GB0030329360,303293,Wincanton plc,1.0,WNCNF-US,0,SHARE,B02R912,H,Wincanton plc1.pdf
73463,KYG8187G1055,"SITC International Holdings Co., Ltd.",1,1991.0,HKG,G8187G105,20161205.0,HKG,0B18LG-E,50.2,HONG KONG CONNECT - SHENZHEN,1308-SZSC,KYG8187G1055,B61X7R,"SITC International Holdings Co., Ltd.",1.0,@NA,0,SHARE,BD8NJN7,H,"SITC International Holdings Co., Ltd.1.pdf"
81549,US89342A1079,TransAct Energy Corp.,1,2006.0,USA,89342A107,20100104.0,USA,008WL9-E,49.41,US OTC,@NA,US89342A1079,89342A10,TransAct Energy Corp.,1.0,TEGY-US,1,SHARE,B58SNZ6,H,TransAct Energy Corp.3.pdf
40059,PHY411571011,"International Container Terminal Services, Inc.",1,1987.0,PHL,Y41157101,19920918.0,PHL,05J37K-E,52.24,PHILIPPINES,ICT-PH,PHY411571011,645581,"International Container Terminal Services, Inc.",1.0,ICT-PH,1,SHARE,6455819,H,"International Container Terminal Services, Inc.1.pdf"
77459,SE0016074728,Swedish Logistic Property AB,1,2018.0,SWE,W9545H118,,SWE,@NA,52.29,@NA,@NA,SE0016074728,BJLL64,Swedish Logistic Property AB,1.0,@NA,0,SHARE,@NA,H,Swedish Logistic Property AB1.pdf
61630,NL0009739416,PostNL NV,1,1997.0,NLD,N7203C108,19980709.0,NLD,063Q6G-E,53.2,LONDON,@NA,NL0009739416,548155,PostNL NV,1.0,0P47-GB,0,SHARE,0306258,H,PostNL NV1.pdf
60910,GRS470003013,Piraeus Port Authority S.A.,1,1930.0,GRC,X6560Q105,20030808.0,GRC,05ZTW5-E,52.22,ATHENS,PPA-GR,GRS470003013,764862,Piraeus Port Authority S.A.,1.0,PPA-GR,1,SHARE,7648629,H,Piraeus Port Authority S.A.1.pdf
29334,NO0010936792,Froy ASA,1,2019.0,NOR,R2R342103,20210329.0,NOR,0NGYJS-E,52.22,OSLO,FROY-NO,NO0010936792,BMZ3CS,Froy ASA,1.0,FROY-NO,1,SHARE,BMZ3CS9,H,Froy ASA1.pdf
62793,ID1000132608,PT AirAsia Indonesia Tbk,1,1989.0,IDN,Y71208139,19941213.0,IDN,0HV06C-E,51.1,INDONESIA,CMPP-ID,ID1000132608,BQ13FX,PT AirAsia Indonesia Tbk,1.0,CMPP-ID,1,SHARE,BQ13FX7,H,PT AirAsia Indonesia Tbk1.pdf
50653,FDS0V3HK,Meituan,1,2010.0,HKG,FDS0V3HK4,,CHN,0JNJ6Y-E,53.2,@NA,@NA,@NA,BGJW37,Meituan,1.0,@NA,0,SHARE,@NA,H,Meituan1.pdf
83188,US9078181081,Union Pacific Corporation,0,1969.0,USA,907818108,20110620.0,USA,000Y1Z-E,49.1,MEXICO,@NA,US9078181081,90781810,Union Pacific Corporation,1.0,UNP-MX,0,SHARE,B410C77,H,Union Pacific Corporation1.pdf
64542,AU000000QUB5,Qube Holdings Ltd.,1,2006.0,AUS,Q7834B112,20220916.0,AUS,06QBDS-E,52.24,US OTC,@NA,AU000000QUB5,B1L4BC,Qube Holdings Ltd.,1.0,QUBHF-US,0,SHARE,BQ5HK85,H,Qube Holdings Ltd.1.pdf
56207,SG2C45963924,Nordic Group Limited,1,2010.0,SGP,Y6364Z102,20101110.0,SGP,0B4TPL-E,50.2,SINGAPORE,MR7-SG,SG2C45963924,B5WCD6,Nordic Group Limited,1.0,MR7-SG,1,SHARE,B5WCD65,H,Nordic Group Limited1.pdf
55885,JP3674400001,Nissin Corporation,1,1938.0,JPN,J57977100,19850102.0,JPN,05J2BF-E,52.29,TOKYO,9066-JP,JP3674400001,664302,Nissin Corporation,1.0,9066-JP,1,SHARE,6643023,H,Nissin Corporation1.pdf
87008,TH6651010006,WICE Logistics PCL,1,1993.0,THA,Y9582X107,20150728.0,THA,@NA,50.2,THAILAND,WICE-TH,TH6651010006,BYY9WQ,WICE Logistics PCL,1.0,WICE-TH,1,SHARE,BYY9WQ0,H,WICE Logistics PCL2.pdf
32321,NO0011109563,Gram Car Carriers ASA,1,2005.0,NOR,R2R31S109,20230426.0,NOR,@NA,52.22,US OTC,@NA,NO0011109563,BPGC14,Gram Car Carriers ASA,1.0,GCCRF-US,0,SHARE,BQC4RR7,H,Gram Car Carriers ASA1.pdf
41208,US4456581077,"J.B. Hunt Transport Services, Inc.",1,1961.0,USA,445658107,20180129.0,USA,000LVB-E,49.41,LONDON,@NA,US4456581077,44565810,"J.B. Hunt Transport Services, Inc.",1.0,0J71-GB,0,SHARE,BYZH6Q1,H,"J.B. Hunt Transport Services, Inc.1.pdf"
73300,BMG8165U1009,Sinopec Kantons Holdings Limited,1,1998.0,HKG,G8165U100,19990722.0,HKG,05J34Q-E,49.5,HONG KONG,934-HK,BMG8165U1009,616269,Sinopec Kantons Holdings Limited,1.0,934-HK,1,SHARE,6162692,H,Sinopec Kantons Holdings Limited1.pdf
30397,NO0010262686,GC Rieber Shipping ASA,1,2005.0,NOR,R72212104,20050309.0,NOR,05J54C-E,50.2,OSLO,RISH-NO,NO0010262686,B1VYCQ,GC Rieber Shipping ASA,1.0,RISH-NO,1,SHARE,B1VYCQ7,H,GC Rieber Shipping ASA1.pdf
86123,NO0010571680,Wallenius Wilhelmsen ASA,1,2010.0,NOR,R9820L103,20220928.0,NOR,05J1LS-E,50.2,US OTC,@NA,NO0010571680,B55WMQ,Wallenius Wilhelmsen ASA,1.0,WAWIF-US,0,SHARE,BQC4RM2,H,Wallenius Wilhelmsen ASA1.pdf
58999,PK0079701014,Pakistan International Container Terminal Limited,1,2002.0,PAK,Y6669V103,20040116.0,PAK,06HKC2-E,52.24,PAKISTAN STOCK EXCHANGE,PICT-PK,PK0079701014,673185,Pakistan International Container Terminal Limited,1.0,PICT-PK,1,SHARE,6731854,H,Pakistan International Container Terminal Limited3.pdf
44392,SG2G57000009,Kim Heng Ltd,1,1968.0,SGP,Y475A6102,20220321.0,SGP,0DJ4WS-E,52.22,US OTC,@NA,SG2G57000009,BJ590X,Kim Heng Ltd,1.0,KNHGF-US,0,SHARE,BNLYZL7,H,Kim Heng Ltd1.pdf
16714,HK0308001558,China Travel International Investment Hong Kong Limited,1,1992.0,HKG,Y1507D100,20030919.0,HKG,05HXQC-E,52.29,US OTC,@NA,HK0308001558,619728,China Travel International Investment Hong Kong Limited,1.0,CTVIF-US,0,SHARE,B01XX97,H,China Travel International Investment Hong Kong Limited1.pdf
16081,FDS8DB42,China High-Speed Railway Technology Co. Ltd.,1,1989.0,CHN,FDS8DB423,,CHN,060JL9-E,49.1,@NA,@NA,@NA,647895,China High-Speed Railway Technology Co. Ltd.,1.0,@NA,0,SHARE,@NA,H,China High-Speed Railway Technology Co. Ltd.1.pdf
47955,GB0007276115,Lok'nStore Group plc,1,2000.0,GBR,G5558T104,19970926.0,GBR,05J62S-E,52.1,LONDON,LOK-GB,GB0007276115,072761,Lok'nStore Group plc,1.0,LOK-GB,1,SHARE,0727611,H,Lok'nStore Group plc1.pdf
74993,US8447411088,Southwest Airlines Co.,1,1967.0,USA,844741108,20110805.0,USA,000WR8-E,51.1,MEXICO,@NA,US8447411088,84474110,Southwest Airlines Co.,1.0,LUV-MX,0,SHARE,B4W2Z62,H,Southwest Airlines Co.1.pdf
19982,HRCRALRA0005,Croatia Airlines d.d.,1,1989.0,HRV,X17497102,19960418.0,HRV,06YWHM-E,51.1,ZAGREB,@NA,HRCRALRA0005,501985,Croatia Airlines d.d.,1.0,CRAL-HR,1,SHARE,5019852,H,Croatia Airlines d.d.1.pdf
76146,BMG850801025,Stolt-Nielsen Limited,1,1959.0,NOR,G85080102,20071102.0,BMU,00CWXJ-E,50.2,LONDON,@NA,BMG850801025,B4PKZG,Stolt-Nielsen Limited,1.0,0OHK-GB,0,SHARE,B42PHG5,H,Stolt-Nielsen Limited1.pdf
53952,GB0006215205,National Express Group PLC,0,1991.0,GBR,G6374M109,,GBR,05HX8P-E,49.39,SIX SWISS,@NA,GB0006215205,062152,National Express Group PLC,1.0,NEX-CH,0,SHARE,BKSG128,H,National Express Group PLC1.pdf
86294,CA94106B1013,"Waste Connections, Inc.",1,1997.0,CAN,94106B101,20221116.0,CAN,0G9D7R-E,49.41,BULGARIA,@NA,CA94106B1013,BYQFRK,"Waste Connections, Inc.",1.0,UI51-BG,0,SHARE,BP396J9,H,"Waste Connections, Inc.1.pdf"
53028,HK0066009694,MTR Corporation Limited,1,2000.0,HKG,Y6146T101,20070206.0,HKG,003L1W-E,49.31,US OTC,@NA,HK0066009694,629005,MTR Corporation Limited,1.0,MTRJF-US,0,SHARE,B02W6S3,H,MTR Corporation Limited2.pdf
21843,DE0008232125,Deutsche Lufthansa AG,1,1926.0,DEU,D1908N106,20160711.0,DEU,003JN9-E,51.1,MILAN,@NA,DE0008232125,528748,Deutsche Lufthansa AG,1.0,1LHA-IT,0,SHARE,B834VQ7,H,Deutsche Lufthansa AG1.pdf
63559,ID1000164908,PT RMK Energy Tbk,1,2009.0,IDN,Y7S8EF102,20211207.0,IDN,@NA,49.41,INDONESIA,RMKE-ID,ID1000164908,BMZQ70,PT RMK Energy Tbk,1.0,RMKE-ID,1,SHARE,BMZQ705,H,PT RMK Energy Tbk1.pdf
13697,MHY110822068,Capital Product Partners LP,1,2007.0,USA,Y11082206,20180129.0,GRC,0093JR-E,50.2,LONDON,@NA,MHY110822068,Y1108220,Capital Product Partners LP,1.0,0Q4K-GB,0,SHARE,BJ2Z0C7,H,Capital Product Partners LP1.pdf
49468,SG1W14938268,Marco Polo Marine Ltd.,1,1991.0,SGP,Y5763S107,20071105.0,SGP,06Y22B-E,50.3,SINGAPORE,5LY-SG,SG1W14938268,B28Z26,Marco Polo Marine Ltd.,1.0,5LY-SG,1,SHARE,B28Z260,H,Marco Polo Marine Ltd.1.pdf
10693,INE118K01011,Binny Ltd.,1,1969.0,IND,Y0887R119,19990106.0,IND,@NA,52.1,BSE INDIA,@NA,INE118K01011,609826,Binny Ltd.,1.0,514215-IN,1,SHARE,6098269,H,Binny Ltd.2.pdf
42520,BMG5137R1088,Jinhui Shipping & Transportation Ltd.,1,1991.0,NOR,G5137R108,19941025.0,HKG,003QBR-E,50.2,OSLO,JIN-NO,BMG5137R1088,443448,Jinhui Shipping & Transportation Ltd.,1.0,JIN-NO,1,SHARE,4434489,H,Jinhui Shipping & Transportation Ltd.1.pdf
23611,MYL5259OO006,E.A. Technique (M) Bhd.,1,1993.0,MYS,Y2234E106,20141211.0,MYS,06J33N-E,50.2,MALAYSIA,5259-MY,MYL5259OO006,BTF7ZK,E.A. Technique (M) Bhd.,1.0,5259-MY,1,SHARE,BTF7ZK3,H,E.A. Technique (M) Bhd.3.pdf
29248,DE000A255F11,Friedrich Vorwerk Group SE,1,2019.0,DEU,D2R9Z3109,20210325.0,DEU,@NA,49.5,XETRA,VH2-DE,DE000A255F11,BNTJ0F,Friedrich Vorwerk Group SE,1.0,VH2-DE,1,SHARE,BNTJ0F3,H,Friedrich Vorwerk Group SE1.pdf
72028,MYL5173OO009,Shin Yang Shipping Corp. Bhd.,1,2004.0,MYS,Y7753V108,20100623.0,MYS,09SCYB-E,52.22,MALAYSIA,5173-MY,MYL5173OO009,B56H33,Shin Yang Shipping Corp. Bhd.,1.0,5173-MY,1,SHARE,B56H333,H,Shin Yang Shipping Corp. Bhd.1.pdf
36123,GB00B1V9NW54,Hilton Food Group plc,1,2007.0,GBR,G4586W106,20070517.0,GBR,009856-E,52.29,LONDON,HFG-GB,GB00B1V9NW54,B1V9NW,Hilton Food Group plc,1.0,HFG-GB,1,SHARE,B1V9NW5,H,Hilton Food Group plc3.pdf
67463,IE00BYTBXV33,Ryanair Holdings Plc,1,1996.0,IRL,G7727C186,20150415.0,IRL,001Y6H-E,51.1,MEXICO,@NA,IE00BYTBXV33,BYTBXV,Ryanair Holdings Plc,1.0,RYAN-MX,0,SHARE,BYNZB51,H,Ryanair Holdings Plc1.pdf
78915,MHY8564W1030,Teekay Corporation,1,1973.0,USA,Y8564W103,19950720.0,BMU,000ZGH-E,50.2,NYSE,TK-US,MHY8564W1030,Y8564W10,Teekay Corporation,1.0,TK-US,1,SHARE,2933795,H,Teekay Corporation1.pdf
13424,CA13646K1084,Canadian Pacific Kansas City Limited,1,2001.0,CAN,13646K108,20220110.0,CAN,0NKVRD-E,49.1,MEXICO,@NA,CA13646K1084,BMBQR0,Canadian Pacific Kansas City Limited,1.0,CPKCN-MX,0,SHARE,BNTY456,H,Canadian Pacific Kansas City Limited1.pdf
48349,SI0031101346,LUKA KOPER d.d.,1,1957.0,SVN,X5060A107,,SVN,05L3D0-E,52.24,LONDON,@NA,SI0031101346,516664,LUKA KOPER d.d.,1.0,0NNP-GB,0,SHARE,B28K1B3,H,LUKA KOPER d.d.1.pdf
21120,US23753F1075,"Daseke, Inc.",1,2008.0,USA,23753F107,20151012.0,USA,0GWKR3-E,49.41,NASDAQ,DSKE-US,US23753F1075,23753F10,"Daseke, Inc.",1.0,DSKE-US,1,SHARE,BF00KC6,H,"Daseke, Inc.1.pdf"
15332,SG1X55941717,Chasen Holdings Limited,1,1995.0,SGP,Y12960145,20000808.0,SGP,06RZD9-E,52.29,SINGAPORE,5NV-SG,SG1X55941717,628144,Chasen Holdings Limited,1.0,5NV-SG,1,SHARE,6281445,H,Chasen Holdings Limited1.pdf
83407,MHY923351016,United Maritime Corp.,1,,USA,Y92335101,20220706.0,GRC,0S01LN-E,50.2,NASDAQ,@NA,MHY923351016,Y9233510,United Maritime Corp.,1.0,USEA-US,1,SHARE,BMZ4BN0,H,United Maritime Corp.3.pdf
85382,KYG9377G1111,Vision International Holdings Limited,1,2017.0,HKG,G9377G111,20180504.0,HKG,@NA,52.29,HONG KONG,@NA,KYG9377G1111,BMD9D2,Vision International Holdings Limited,1.0,8107-HK,1,SHARE,BMD9D20,H,Vision International Holdings Limited1.pdf
57721,GB00BYM1K758,On The Beach Group PLC,1,2015.0,GBR,G6754C101,20150923.0,GBR,0FSDXJ-E,52.29,LONDON,OTB-GB,GB00BYM1K758,BYM1K7,On The Beach Group PLC,1.0,OTB-GB,1,SHARE,BYM1K75,H,On The Beach Group PLC1.pdf
7464,AU0000187932,Avada Group Limited,1,,AUS,Q1214F108,20211217.0,AUS,@NA,52.21,ASX,AVD-AU,AU0000187932,BL5789,Avada Group Limited,1.0,AVD-AU,1,SHARE,BL57897,H,Avada Group Limited1.pdf
61542,NZPOTE0003S0,Port of Tauranga Limited,1,1985.0,NZL,Q7701D134,19920602.0,NZL,05J0NB-E,52.24,NEW ZEALAND,POT-NZ,NZPOTE0003S0,BZCMYD,Port of Tauranga Limited,1.0,POT-NZ,1,SHARE,BZCMYD9,H,Port of Tauranga Limited1.pdf
6903,AU0000013559,Atlas Arteria,1,2009.0,AUS,Q06180105,20100310.0,AUS,09J3J2-E,52.21,US OTC,@NA,AU0000013559,BZ03TZ,Atlas Arteria,1.0,MAQAF-US,0,SHARE,BDFDLP6,H,Atlas Arteria1.pdf
89121,KYG9877D1051,YTO International Express and Supply Chain Technology Limited,1,2013.0,HKG,G9877D105,20200909.0,HKG,0DRMBZ-E,51.1,US OTC,@NA,KYG9877D1051,BYZNX0,YTO International Express and Supply Chain Technology Limited,1.0,YTOEF-US,0,SHARE,BN2BFB7,H,YTO International Express and Supply Chain Technology Limited1.pdf
15903,FDS127MF,China Eastern Airlines Corporation Limited,1,1995.0,HKG,FDS127MF0,,CHN,002C58-E,51.1,@NA,@NA,@NA,617137,China Eastern Airlines Corporation Limited,1.0,@NA,0,SHARE,@NA,H,China Eastern Airlines Corporation Limited1.pdf
6423,PHY0367R1006,"Asian Terminals, Inc.",1,1986.0,PHL,Y0367R100,19960410.0,PHL,05J9XQ-E,52.24,PHILIPPINES,ATI-PH,PHY0367R1006,600140,"Asian Terminals, Inc.",1.0,ATI-PH,1,SHARE,6001405,H,"Asian Terminals, Inc.2.pdf"
52355,US60783X1046,ModivCare Inc.,1,1996.0,USA,60783X104,20030819.0,USA,004MCV-E,49.39,NASDAQ,MODV-US,US60783X1046,60783X10,ModivCare Inc.,1.0,MODV-US,1,SHARE,BNDL420,H,ModivCare Inc.1.pdf
19556,MHY1771G1026,Costamare Inc.,1,1974.0,USA,Y1771G102,20101104.0,MCO,00CVF4-E,50.2,NYSE,CMRE-US,MHY1771G1026,Y1771G10,Costamare Inc.,1.0,CMRE-US,1,SHARE,B566T98,H,Costamare Inc.1.pdf
63481,ID1000170905,PT Pelayaran Nasional Ekalya Purnamasari Tbk,0,1992.0,IDN,Y6805N106,20220808.0,IDN,@NA,52.29,INDONESIA,@NA,ID1000170905,BP4CVR,PT Pelayaran Nasional Ekalya Purnamasari Tbk,1.0,ELPI-ID,0,SHARE,BP4CVR0,H,PT Pelayaran Nasional Ekalya Purnamasari Tbk1.pdf
49172,FDSE4EAA,Malta International Airport P.L.C.,1,1991.0,MLT,FDSE4EAA9,,MLT,05N20J-E,52.23,@NA,@NA,@NA,755099,Malta International Airport P.L.C.,1.0,@NA,0,SHARE,@NA,H,Malta International Airport P.L.C.1.pdf
75280,US8485771021,"Spirit Airlines, Inc.",1,1964.0,USA,848577102,20110526.0,USA,05RYHC-E,51.1,NYSE,SAVE-US,US8485771021,84857710,"Spirit Airlines, Inc.",1.0,SAVE-US,1,SHARE,B3ZG8F4,H,"Spirit Airlines, Inc.3.pdf"
86031,HU0000120720,WABERER'S INTERNATIONAL NYRT.,1,1948.0,HUN,X9522V105,20170710.0,HUN,0DS2NS-E,49.41,BUDAPEST,WABS-HU,HU0000120720,BYTRGT,WABERER'S INTERNATIONAL NYRT.,1.0,WABS-HU,1,SHARE,BYTRGT0,H,WABERER'S INTERNATIONAL NYRT.1.pdf
84079,SGXE15078822,Vallianz Holdings Limited,1,1992.0,SGP,Y9346C126,20010518.0,SGP,006084-E,50.2,SINGAPORE,WPC-SG,SGXE15078822,BJ9PRW,Vallianz Holdings Limited,1.0,WPC-SG,1,SHARE,BJ9PRW9,H,Vallianz Holdings Limited1.pdf
78241,EE3100021635,Tallinna Sadam AS,1,1996.0,EST,X0R5WQ101,20210803.0,EST,06Y8DW-E,52.24,US OTC,@NA,EE3100021635,BZ16ZZ,Tallinna Sadam AS,1.0,TSMTF-US,0,SHARE,BN0WPV2,H,Tallinna Sadam AS1.pdf
19486,BMG8114Z1014,"COSCO SHIPPING International (Hong Kong) Co., Ltd.",1,1991.0,HKG,G8114Z101,19920318.0,HKG,05J3B9-E,52.29,HONG KONG,517-HK,BMG8114Z1014,680628,"COSCO SHIPPING International (Hong Kong) Co., Ltd.",1.0,517-HK,1,SHARE,6806280,H,"COSCO SHIPPING International (Hong Kong) Co., Ltd.1.pdf"
14182,MHY1146L1258,"Castor Maritime, Inc.",1,2017.0,USA,Y1146L125,20190211.0,CYP,0JD42C-E,50.2,NASDAQ,@NA,MHY1146L1258,Y1146L12,"Castor Maritime, Inc.",1.0,CTRM-US,1,SHARE,BNVVL76,H,"Castor Maritime, Inc.1.pdf"
56247,US6558441084,Norfolk Southern Corporation,1,1980.0,USA,655844108,19841105.0,USA,000RD2-E,49.1,NYSE,NSC-US,US6558441084,65584410,Norfolk Southern Corporation,1.0,NSC-US,1,SHARE,2641894,H,Norfolk Southern Corporation1.pdf
12284,US11040G1031,Bristow Group Inc,1,1948.0,USA,11040G103,20130122.0,USA,0MGFCF-E,51.1,NYSE,VTOL-US,US11040G1031,11040G10,Bristow Group Inc,1.0,VTOL-US,1,SHARE,BMBT0Z4,H,Bristow Group Inc1.pdf
31460,INE446C01013,Global Offshore Services Limited,1,1976.0,IND,Y26828114,19940923.0,IND,06M489-E,52.22,BSE INDIA,501848-IN,INE446C01013,631329,Global Offshore Services Limited,1.0,501848-IN,1,SHARE,6313296,H,Global Offshore Services Limited1.pdf
58895,SGXE30264951,Pacific Radiance Ltd.,1,2002.0,SGP,Y6586W119,20131113.0,SGP,09Q0H7-E,50.2,SINGAPORE,RXS-SG,SGXE30264951,BNNL6R,Pacific Radiance Ltd.,1.0,RXS-SG,1,SHARE,BNNL6R9,H,Pacific Radiance Ltd.1.pdf
63264,ID1000183809,PT Jasa Berdikari Logistics Tbk,1,2007.0,IDN,Y4S5DV119,20230127.0,IDN,@NA,52.29,INDONESIA,@NA,ID1000183809,BPTH34,PT Jasa Berdikari Logistics Tbk,1.0,LAJU-ID,1,SHARE,BPTH341,H,PT Jasa Berdikari Logistics Tbk1.pdf
81110,FDS0HPLF,TORM PLC,1,2015.0,DNK,FDS0HPLF7,,GBR,0G4HDW-E,50.2,@NA,@NA,@NA,BZ3CNK,TORM PLC,1.0,@NA,0,SHARE,@NA,H,TORM PLC1.pdf
34428,KR7014130009,"Han Express Co., Ltd.",1,1979.0,KOR,Y7468Z105,19931214.0,KOR,05JQJV-E,52.29,KOREA,014130-KR,KR7014130009,677167,"Han Express Co., Ltd.",1.0,014130-KR,1,SHARE,6771678,H,"Han Express Co., Ltd.2.pdf"
68792,SE0003366871,SAS AB,1,1946.0,SWE,W7501Z171,19850102.0,SWE,05HXCC-E,51.1,OSLO,SASNO-NO,SE0003366871,712957,SAS AB,1.0,SASNO-NO,0,SHARE,7130728,H,SAS AB1.pdf
22666,NO0010070063,DOF ASA,1,1984.0,NOR,R6000K194,20001005.0,NOR,05J4DX-E,52.22,OSLO,DOF-NO,NO0010070063,452520,DOF ASA,1.0,DOF-NO,1,SHARE,4525208,H,DOF ASA1.pdf
57487,MHY641771016,Okeanis Eco Tankers Corp.,1,2018.0,NOR,Y64177101,20180704.0,GRC,0JNP75-E,50.2,OSLO,OET-NO,MHY641771016,BD44K2,Okeanis Eco Tankers Corp.,1.0,OET-NO,1,SHARE,BD44K20,H,Okeanis Eco Tankers Corp.1.pdf
18132,INE377E01016,Coastal Corporation Limited,1,1981.0,IND,Y16667118,20130823.0,IND,@NA,52.22,BSE INDIA,501831-IN,INE377E01016,B03V78,Coastal Corporation Limited,1.0,501831-IN,1,SHARE,B03V786,H,Coastal Corporation Limited2.pdf
18989,ROCOTEACNOR7,Conpet SA,1,1956.0,ROU,X17492103,20090216.0,ROU,@NA,49.5,BUCHAREST SPOT,COTE-RO,ROCOTEACNOR7,B23JW6,Conpet SA,1.0,COTE-RO,1,SHARE,B23JW67,H,Conpet SA2.pdf
5415,US03852U1060,Aramark,1,1959.0,USA,03852U106,20131212.0,USA,06V4FD-E,56.1,NYSE,ARMK-US,US03852U1060,03852U10,Aramark,1.0,ARMK-US,1,SHARE,BH3XG17,I,Aramark2.pdf
49628,GB00B1JQDM80,Marston's PLC,1,1834.0,GBR,G5852L104,20040924.0,GBR,008X24-E,56.1,US OTC,@NA,GB00B1JQDM80,B1JQDM,Marston's PLC,1.0,MARZF-US,0,SHARE,B1MJ1Q4,I,Marston's PLC1.pdf
63272,ID1000146202,PT Jaya Bersama Indo,0,2003.0,IDN,Y4S59M106,20181010.0,IDN,0K662C-E,56.1,INDONESIA,@NA,ID1000146202,BD9NCV,PT Jaya Bersama Indo,1.0,DUCK-ID,1,SHARE,BD9NCV5,I,PT Jaya Bersama Indo2.pdf
63186,ID1000148802,PT Hotel Fitra International Tbk,1,2014.0,IDN,Y3283U116,20190611.0,IDN,0L43Y2-E,55.1,INDONESIA,@NA,ID1000148802,BJYHP9,PT Hotel Fitra International Tbk,1.0,FITT-ID,1,SHARE,BJYHP93,I,PT Hotel Fitra International Tbk1.pdf
22770,US25754A2015,"Domino's Pizza, Inc.",1,1960.0,USA,25754A201,20040713.0,USA,002F57-E,56.1,NYSE,DPZ-US,US25754A2015,25754A20,"Domino's Pizza, Inc.",1.0,DPZ-US,1,SHARE,B01SD70,I,"Domino's Pizza, Inc.1.pdf"
56070,FI4000064332,NoHo Partners Plc,1,1996.0,FIN,X7332Q100,20160411.0,FIN,0997G2-E,56.1,LONDON,@NA,FI4000064332,BGLCD1,NoHo Partners Plc,1.0,0QI6-GB,0,SHARE,BH3H5Q7,I,NoHo Partners Plc1.pdf
89215,US9884981013,"Yum! Brands, Inc.",1,1997.0,USA,988498101,19980929.0,USA,001QFL-E,56.1,XETRA,@NA,US9884981013,98849810,"Yum! Brands, Inc.",1.0,TGR-DE,0,SHARE,5546305,I,"Yum! Brands, Inc.2.pdf"
71116,TH0203010Z00,Shangri-La Hotel Public Co. Ltd.,1,1981.0,THA,Y7699N129,19900615.0,THA,@NA,55.1,THAILAND,SHANG-TH,TH0203010Z00,679977,Shangri-La Hotel Public Co. Ltd.,1.0,SHANG-TH,1,SHARE,6799777,I,Shangri-La Hotel Public Co. Ltd.2.pdf
30823,MYL3182OO002,Genting Bhd.,1,1965.0,MYS,Y26926116,19900731.0,MYS,003J23-E,55.1,US OTC,@NA,MYL3182OO002,B1VXJL,Genting Bhd.,1.0,GEBHF-US,0,SHARE,B1W1RW8,I,Genting Bhd.1.pdf
89208,US98850P1093,"Yum China Holdings, Inc.",1,1987.0,USA,98850P109,20170810.0,CHN,0G79DM-E,56.1,MEXICO,@NA,US98850P1093,98850P10,"Yum China Holdings, Inc.",1.0,YUMC-MX,0,SHARE,BF54HC2,I,"Yum China Holdings, Inc.1.pdf"
76671,MU0016N00009,Sun Limited,1,1983.0,MUS,V8840W102,19960130.0,MUS,05J38H-E,55.1,MAURITIUS,SUN-MU,MU0016N00009,686261,Sun Limited,1.0,SUN-MU,1,SHARE,6862613,I,Southern Sun Limited1.pdf
74834,SG1U97935860,Soup Holdings Limited,1,1991.0,SGP,Y80730107,20070528.0,SGP,@NA,56.1,SINGAPORE,@NA,SG1U97935860,B1XK9W,Soup Holdings Limited,1.0,5KI-SG,1,SHARE,B1XK9W8,I,Soup Holdings Limited1.pdf
47124,KYG548041022,Li Bao Ge Group Ltd.,1,1997.0,HKG,G54804102,20160630.0,HKG,0FSKFY-E,56.1,HONG KONG,@NA,KYG548041022,BD8CRN,Li Bao Ge Group Ltd.,1.0,1869-HK,1,SHARE,BD8CRN0,I,Li Bao Ge Group Ltd.1.pdf
56993,LK0130N00001,Nuwara Eliya Hotels Company Plc,1,1891.0,LKA,Y64214102,19940914.0,LKA,@NA,55.1,COLOMBO,@NA,LK0130N00001,664827,Nuwara Eliya Hotels Company Plc,1.0,NEH.N0000-LK,1,SHARE,6648277,I,Nuwara Eliya Hotels Company Plc1.pdf
21206,SG1CB7000003,Datapulse Technology Limited,1,1980.0,SGP,Y2009A115,19940221.0,SGP,@NA,55.1,SINGAPORE,BKW-SG,SG1CB7000003,BYM8DH,Datapulse Technology Limited,1.0,BKW-SG,1,SHARE,BYM8DH7,I,Datapulse Technology Limited1.pdf
75796,US8552441094,Starbucks Corporation,1,1985.0,USA,855244109,20010502.0,USA,000WW4-E,56.1,HONG KONG,4337-HK,US8552441094,85524410,Starbucks Corporation,1.0,4337-HK,0,SHARE,6345620,I,Starbucks Corporation1.pdf
64866,ZW0009011470,Rainbow Tourism Group (Private) Limited,1,1991.0,ZWE,V7638E100,20090317.0,ZWE,@NA,55.1,ZIMBABWE,RTG-ZW,ZW0009011470,618236,Rainbow Tourism Group (Private) Limited,1.0,RTG-ZW,1,SHARE,6182366,I,Rainbow Tourism Group (Private) Limited1.pdf
18768,GB00BD6K4575,Compass Group PLC,0,1941.0,GBR,G23296208,,GBR,05HFH4-E,56.1,SIX SWISS,@NA,GB00BD6K4575,BD6K45,Compass Group PLC,1.0,CPG-CH,0,SHARE,BKSG3Q6,I,Compass Group PLC3.pdf
79584,KYG8656L1068,TH International Limited,1,,USA,G8656L106,20210308.0,CHN,0PDBT7-E,56.1,NASDAQ,@NA,KYG8656L1068,G8656L10,TH International Limited,1.0,THCH-US,1,SHARE,BNHW3N3,I,TH International Limited1.pdf
64033,RSPUTNE40253,Putnik AD,1,1923.0,SRB,X69829103,20091027.0,SRB,@NA,55.1,BELGRADE,@NA,RSPUTNE40253,B1LJF1,Putnik AD,1.0,PTNK-RS,1,SHARE,B1LJF18,I,Putnik AD Novi Sad1.pdf
83167,SI0031117821,Union hoteli d.d.,1,1905.0,SVN,X9429P102,20001115.0,SVN,05N6DX-E,55.1,LJUBLJANA,@NA,SI0031117821,BN0TG1,Union hoteli d.d.,1.0,GHUR-SI,1,SHARE,BN0TG10,I,Union hoteli d.d.2.pdf
32805,US39679A1051,Greenway Technology,0,1997.0,USA,39679A105,19970317.0,USA,@NA,55.1,US OTC,@NA,US39679A1051,39679A10,Greenway Technology,1.0,GWYT-US,0,SHARE,B069431,I,"Guangdong Greenway Technology Co., Ltd.2.pdf"
56013,SG1EA9000009,No Signboard Holdings Ltd.,1,1981.0,SGP,Y6S91T106,20171130.0,SGP,@NA,56.1,SINGAPORE,@NA,SG1EA9000009,BFNQ7Z,No Signboard Holdings Ltd.,1.0,1G6-SG,1,SHARE,BFNQ7Z3,I,No Signboard Holdings Ltd.1.pdf
14942,LK0032N00009,Ceylon Hotels Corporation PLC,1,1967.0,LKA,Y1275S107,19931122.0,LKA,00BMXN-E,55.1,COLOMBO,@NA,LK0032N00009,618528,Ceylon Hotels Corporation PLC,1.0,CHOT.N0000-LK,1,SHARE,6185280,I,Ceylon Hotels Corporation PLC2.pdf
89054,GB00B2NDK989,"Young & Co.'s Brewery, P.L.C.",1,1831.0,GBR,G9T762107,19850102.0,GBR,05J5Z0-E,56.1,LONDON,YNGN-GB,GB00B2NDK989,B2NDK7,"Young & Co.'s Brewery, P.L.C.",1.0,YNGN-GB,0,SHARE,B2NDK98,I,"Young & Co.'s Brewery, P.L.C.1.pdf"
29660,KYG369231033,Fulum Group Holdings Ltd.,1,1992.0,HKG,G36923103,20141113.0,HKG,0DRP9Q-E,56.1,HONG KONG,@NA,KYG369231033,BSBN6G,Fulum Group Holdings Ltd.,1.0,1443-HK,1,SHARE,BSBN6G1,I,Fulum Group Holdings Ltd.1.pdf
84002,US91879Q1094,"Vail Resorts, Inc.",1,1957.0,USA,91879Q109,19970204.0,USA,0018DX-E,55.1,NYSE,MTN-US,US91879Q1094,91879Q10,"Vail Resorts, Inc.",1.0,MTN-US,1,SHARE,2954194,I,"Vail Resorts, Inc.1.pdf"
78390,KYG8672Y1089,Tao Heung Holdings Limited,1,1991.0,HKG,G8672Y108,20070629.0,HKG,009C8S-E,56.1,HONG KONG,573-HK,KYG8672Y1089,B1YZ9N,Tao Heung Holdings Limited,1.0,573-HK,1,SHARE,B1YZ9N3,I,Tao Heung Holdings Limited1.pdf
47555,KYG5496E1109,Link Holdings Ltd,1,2012.0,HKG,G5496E110,20140707.0,HKG,0DCC7T-E,55.1,HONG KONG,8237-HK,KYG5496E1109,BRK0T3,Link Holdings Ltd,1.0,8237-HK,1,SHARE,BRK0T34,I,Link Holdings Ltd1.pdf
63117,ID1000063209,PT Fast Food Indonesia Tbk,1,1978.0,IDN,Y71219136,19930514.0,IDN,05JB6P-E,56.1,INDONESIA,FAST-ID,ID1000063209,630544,PT Fast Food Indonesia Tbk,1.0,FAST-ID,1,SHARE,6305442,I,PT Fast Food Indonesia Tbk3.pdf
57447,TH0789010Z08,Oishi Group Public Co. Ltd.,1,1999.0,THA,Y6421A140,20040825.0,THA,061129-E,56.1,THAILAND,OISHI-TH,TH0789010Z08,BK51XQ,Oishi Group Public Co. Ltd.,1.0,OISHI-TH,1,SHARE,BK51XQ4,I,Oishi Group Public Co. Ltd.1.pdf
28797,TW0002707007,Formosa International Hotels Corporation,1,1976.0,TWN,Y2603W109,19980310.0,TWN,05J17D-E,56.1,TAIWAN,2707-TW,TW0002707007,610757,Formosa International Hotels Corporation,1.0,2707-TW,1,SHARE,6107574,I,Formosa International Hotels Corporation1.pdf
75233,ROSFGPACNOR4,Sphera Franchise Group SA,1,2017.0,ROU,X8T49P103,20171024.0,ROU,0HJTTK-E,56.1,BUCHAREST SPOT,SFG-RO,ROSFGPACNOR4,BF3G78,Sphera Franchise Group SA,1.0,SFG-RO,1,SHARE,BF3G786,I,Sphera Franchise Group SA1.pdf
38771,SG1S82928544,Imperium Crown Limited,1,1995.0,SGP,Y16921101,20060119.0,SGP,007XQ5-E,55.1,SINGAPORE,5HT-SG,SG1S82928544,B0WR7R,Imperium Crown Limited,1.0,5HT-SG,1,SHARE,B0WR7R4,I,Imperium Crown Limited1.pdf
47325,SG1DF7000002,Lifebrandz Ltd.,1,2001.0,SGP,Y5276F147,20040617.0,SGP,@NA,56.1,SINGAPORE,1D3-SG,SG1DF7000002,BYQHT5,Lifebrandz Ltd.,1.0,1D3-SG,1,SHARE,BYQHT50,I,Lifebrandz Ltd.1.pdf
68386,KYG7800X1079,Sands China Ltd.,1,2009.0,HKG,G7800X107,20091201.0,MAC,089DQ9-E,55.1,FRANKFURT,@NA,KYG7800X1079,B5B23W,Sands China Ltd.,1.0,599A-DE,0,SHARE,B4Z67Z4,I,Sands China Ltd.1.pdf
22763,AU000000DMP0,Domino's Pizza Enterprises Limited,0,1983.0,AUS,Q32503106,,AUS,05ZDJP-E,56.1,BERNE,@NA,AU000000DMP0,B07SFG,Domino's Pizza Enterprises Limited,1.0,HQX-CH,0,SHARE,BKPX1J9,I,Domino's Pizza Enterprises Limited1.pdf
23413,TH0007A10Z06,Dusit Thani Public Co. Ltd.,1,1948.0,THA,Y21773190,19870218.0,THA,05J533-E,55.1,THAILAND,DUSIT-TH,TH0007A10Z06,BYQPN2,Dusit Thani Public Co. Ltd.,1.0,DUSIT-TH,1,SHARE,BYQPN29,I,Dusit Thani Public Co. Ltd.1.pdf
53869,US6323471002,"Nathan's Famous, Inc.",1,1916.0,USA,632347100,19930226.0,USA,001B53-E,56.1,NASDAQ,NATH-US,US6323471002,63234710,"Nathan's Famous, Inc.",1.0,NATH-US,1,SHARE,2622747,I,"Nathan's Famous, Inc.1.pdf"
87833,US98311A1051,"Wyndham Hotels & Resorts, Inc.",1,1990.0,USA,98311A105,20180518.0,USA,0J7VR6-E,55.1,NYSE,WH-US,US98311A1051,98311A10,"Wyndham Hotels & Resorts, Inc.",1.0,WH-US,1,SHARE,BF108P4,I,"Wyndham Hotels & Resorts, Inc.1.pdf"
64035,RSPUNSE62960,Putnik AD Novi Sad,1,1991.0,SRB,X9T83P108,20090828.0,SRB,@NA,55.1,BELGRADE,@NA,RSPUNSE62960,B3VNYH,Putnik AD Novi Sad,1.0,PUNS-RS,1,SHARE,B3VNYH3,I,Putnik AD Novi Sad1.pdf
38489,JP3142360001,"Ikka Holdings Co.,Ltd.",1,,JPN,J23577109,20211001.0,JPN,@NA,56.1,TOKYO,7127-JP,JP3142360001,BLGYHR,"Ikka Holdings Co.,Ltd.",1.0,7127-JP,1,SHARE,BLGYHR8,I,"Ikka Holdings Co.,Ltd.1.pdf"
39946,GB00BHJYC057,InterContinental Hotels Group PLC,1,1777.0,GBR,G4804L163,19850102.0,GBR,004DM2-E,55.1,LONDON,IHG-GB,GB00BHJYC057,BHJYC0,InterContinental Hotels Group PLC,1.0,IHG-GB,1,SHARE,BHJYC05,I,InterContinental Hotels Group PLC1.pdf
63202,ID1000167406,PT Indo Boga Sukses Tbk,0,2019.0,IDN,Y3968V116,20220425.0,IDN,@NA,56.1,INDONESIA,@NA,ID1000167406,BNZKMB,PT Indo Boga Sukses Tbk,1.0,IBOS-ID,0,SHARE,BNZKMB0,I,PT Indo Boga Sukses Tbk1.pdf
6397,INE915K01010,Asian Hotels (West) Limited,0,2007.0,IND,Y0362Y100,20100805.0,IND,09X0MZ-E,55.1,BSE INDIA,@NA,INE915K01010,B54WBW,Asian Hotels (West) Limited,1.0,533221-IN,1,SHARE,B54WBW5,I,Asian Hotels (West) Limited2.pdf
51968,GB00B1FP6H53,Mitchells & Butlers plc,1,1898.0,GBR,G61614122,20060810.0,GBR,004DGL-E,56.1,FRANKFURT,@NA,GB00B1FP6H53,B1FP6H,Mitchells & Butlers plc,1.0,MABB-DE,0,SHARE,B1G3PS2,I,Mitchells & Butlers plc1.pdf
10050,INE664D01019,Benares Hotels Limited,1,1971.0,IND,Y0777F118,20050525.0,IND,@NA,55.1,BSE INDIA,509438-IN,INE664D01019,B03LH1,Benares Hotels Limited,1.0,509438-IN,1,SHARE,B03LH19,I,Benares Hotels Limited3.pdf
41386,INE510D01014,James Hotels Limited,0,1980.0,IND,Y4260J116,20041220.0,IND,@NA,55.1,BSE INDIA,@NA,INE510D01014,B056L8,James Hotels Limited,1.0,526558-IN,1,SHARE,B056L87,I,James Hotels Limited2.pdf
53441,KYG6382M1096,NagaCorp Ltd.,1,1995.0,HKG,G6382M109,20061019.0,KHM,06K6DZ-E,55.1,HONG KONG,3918-HK,KYG6382M1096,B1FSSM,NagaCorp Ltd.,1.0,3918-HK,1,SHARE,B1FSSM3,I,NagaCorp Ltd.1.pdf
81023,KYG894351041,Top Standard Corp.,1,2016.0,HKG,G89435104,20180213.0,HKG,0HCJ2S-E,56.1,HONG KONG,@NA,KYG894351041,BG0CZX,Top Standard Corp.,1.0,8510-HK,1,SHARE,BG0CZX5,I,Top Standard Corp.1.pdf
35487,KYG4469K1040,Helens International Holdings Company Limited,1,2009.0,HKG,G4469K104,20210910.0,CHN,@NA,56.3,HONG KONG,9869-HK,KYG4469K1040,BPF0N6,Helens International Holdings Company Limited,1.0,9869-HK,1,SHARE,BPF0N66,I,Helens International Holdings Company Limited1.pdf
59138,MYL1287OO001,Pan Malaysia Holdings Bhd.,1,1983.0,MYS,Y6706K102,19870213.0,MYS,05JCY9-E,55.1,MALAYSIA,1287-MY,MYL1287OO001,667993,Pan Malaysia Holdings Bhd.,1.0,1287-MY,1,SHARE,6679932,I,Pan Malaysia Holdings Bhd.1.pdf
43876,HK0184000948,Keck Seng Investments (Hong Kong) Limited,0,1973.0,HKG,Y46079102,,HKG,05JLTT-E,55.1,BERNE,@NA,HK0184000948,648668,Keck Seng Investments (Hong Kong) Limited,1.0,@NA,0,SHARE,BMF1SF2,I,Keck Seng Investments (Hong Kong) Limited1.pdf
21332,JP3499650004,DD Holdings Co. Ltd.,1,1996.0,JPN,J1274H109,20070307.0,JPN,071WXB-E,56.1,TOKYO,3073-JP,JP3499650004,B1Q8JH,DD Holdings Co. Ltd.,1.0,3073-JP,1,SHARE,B1Q8JH4,I,DD Holdings Co. Ltd.1.pdf
11273,US0942351083,"Bloomin' Brands, Inc.",1,1988.0,USA,094235108,20120808.0,USA,00DVZ9-E,56.1,NASDAQ,BLMN-US,US0942351083,09423510,"Bloomin' Brands, Inc.",1.0,BLMN-US,1,SHARE,B847RJ0,I,"Bloomin' Brands, Inc.1.pdf"
17711,KYG2190B1041,Classified Group (Holdings) Limited,1,2014.0,HKG,G2190B104,20160711.0,HKG,0G3BB8-E,56.1,HONG KONG,@NA,KYG2190B1041,BD9GZP,Classified Group (Holdings) Limited,1.0,8232-HK,1,SHARE,BD9GZP9,I,Classified Group (Holdings) Limited1.pdf
27242,HK0037039283,Far East Hotels & Entertainment Ltd.,1,1978.0,HKG,Y24611140,19850102.0,HKG,05JDYZ-E,55.1,HONG KONG,@NA,HK0037039283,633139,Far East Hotels & Entertainment Ltd.,1.0,37-HK,1,SHARE,6331395,I,Far East Hotels & Entertainment Ltd.1.pdf
36912,TW0002750007,"Hotel Orchard Park Co., Ltd.",1,2009.0,TWN,Y3722T100,20180808.0,TWN,0JTTQ7-E,55.1,TAIPEI,@NA,TW0002750007,BD0SWV,"Hotel Orchard Park Co., Ltd.",1.0,2750-TW,1,SHARE,BD0SWV9,I,"Hotel Orchard Park Co., Ltd.1.pdf"
53884,BMG638671088,National Arts Group Holdings Limited,0,2001.0,HKG,G63867108,20021017.0,HKG,06HTLJ-E,56.1,HONG KONG,8228-HK,BMG638671088,BLH35L,National Arts Group Holdings Limited,1.0,8228-HK,1,SHARE,BLH35L4,I,National Arts Group Holdings Limited3.pdf
59972,JP3836400006,"Pepper Food Service Co., Ltd.",1,1970.0,JPN,J6363L101,20060921.0,JPN,05ZCZ0-E,56.1,TOKYO,3053-JP,JP3836400006,B1CFCC,"Pepper Food Service Co., Ltd.",1.0,3053-JP,1,SHARE,B1CFCC5,I,"Pepper Food Service Co., Ltd.1.pdf"
78441,US87615L1070,Target Hospitality Corp.,1,1978.0,USA,87615L107,20180308.0,USA,0KQY1H-E,55.9,NASDAQ,TH-US,US87615L1070,87615L10,Target Hospitality Corp.,1.0,TH-US,1,SHARE,BJMYWL7,I,Target Hospitality Corp.1.pdf
40090,MT0000110107,International Hotel Investments P.L.C.,1,1962.0,MLT,X3953L108,20001205.0,MLT,05VH05-E,55.1,MALTA,@NA,MT0000110107,774115,International Hotel Investments P.L.C.,1.0,IHI-MT,1,SHARE,7741153,I,International Hotel Investments P.L.C.1.pdf
71065,KYG8673P1063,Shanghai XNG Holdings Limited,1,1987.0,HKG,G8673P106,20120704.0,CHN,0C2SL2-E,56.1,HONG KONG,3666-HK,KYG8673P1063,BZ0X38,Shanghai XNG Holdings Limited,1.0,3666-HK,1,SHARE,BZ0X382,I,Shanghai XNG Holdings Limited1.pdf
48344,KYG569701090,Luk Hing Entertainment Group Holdings Limited,1,2015.0,HKG,G56970109,20161111.0,HKG,@NA,56.1,HONG KONG,@NA,KYG569701090,BDH3P5,Luk Hing Entertainment Group Holdings Limited,1.0,8052-HK,1,SHARE,BDH3P52,I,Luk Hing Entertainment Group Holdings Limited1.pdf
84436,INE548D01014,Velan Hotels Limited,1,1990.0,IND,Y9360T112,20050512.0,IND,07D7GJ-E,55.1,BSE INDIA,@NA,INE548D01014,B03QCN,Velan Hotels Limited,1.0,526755-IN,1,SHARE,B03QCN1,I,Velan Hotels Limited1.pdf
86279,JP3993700008,Washington Hotel Corp.,1,1961.0,JPN,J94973104,20191018.0,JPN,06DBN4-E,55.1,TOKYO,@NA,JP3993700008,BKLG6R,Washington Hotel Corp.,1.0,4691-JP,1,SHARE,BKLG6R5,I,Washington Hotel Corp.1.pdf
84916,INE564S01019,Vidli Restaurants Ltd,0,2007.0,IND,Y9368E109,20160215.0,IND,@NA,56.1,BSE INDIA,@NA,INE564S01019,BYVJSK,Vidli Restaurants Ltd,1.0,539659-IN,0,SHARE,BYVJSK9,I,Vidli Restaurants Ltd2.pdf
50625,ZW0009012114,Meikles Limited,0,1933.0,ZWE,V6162H109,19961024.0,ZWE,05HYVN-E,55.1,LONDON,@NA,ZW0009012114,665372,Meikles Limited,1.0,MIK-GB,0,SHARE,0646222,I,Meikles Limited1.pdf
65265,SG1EA3000005,RE&S Holdings Ltd.,1,1988.0,SGP,Y7271A107,20171122.0,SGP,0HKSM7-E,56.1,SINGAPORE,@NA,SG1EA3000005,BDDVKS,RE&S Holdings Ltd.,1.0,1G1-SG,1,SHARE,BDDVKS8,I,RE&S Holdings Ltd.1.pdf
38514,HRILRARA0009,Ilirija dd,1,1957.0,HRV,X36066102,20071018.0,HRV,@NA,55.1,ZAGREB,ILRA-HR,HRILRARA0009,B28R4Q,Ilirija dd,1.0,ILRA-HR,1,SHARE,B28R4Q0,I,Ilirija dd1.pdf
38994,INE053A01029,Indian Hotels Co. Ltd.,1,1899.0,IND,Y3925F147,19921117.0,IND,05J28Q-E,55.1,BSE INDIA,500850-IN,INE053A01029,B1FRT6,Indian Hotels Co. Ltd.,1.0,500850-IN,1,SHARE,B1FRT61,I,Indian Hotels Co. Ltd.3.pdf
51217,BMG6051D1175,Mexan Limited,1,1991.0,HKG,G6051D117,19920522.0,HKG,05J3RR-E,55.1,HONG KONG,22-HK,BMG6051D1175,605619,Mexan Limited,1.0,22-HK,1,SHARE,6056193,I,Mexan Limited1.pdf
29759,BMG3698L1072,Future Bright Holdings Limited,1,2001.0,HKG,G3698L107,20020815.0,HKG,06JPS0-E,56.1,HONG KONG,703-HK,BMG3698L1072,B1YCCW,Future Bright Holdings Limited,1.0,703-HK,1,SHARE,B1YCCW4,I,Future Bright Holdings Limited2.pdf
7378,IT0001137345,Autogrill S.p.A.,1,1997.0,ITA,T8347V105,19970813.0,ITA,05HWKK-E,56.1,MILAN,AGL-IT,IT0001137345,525620,Autogrill S.p.A.,1.0,AGL-IT,1,SHARE,5256206,I,Autogrill S.p.A.1.pdf
67584,KYG8629S1057,S.A.I Leisure Group Co. Ltd.,1,2018.0,HKG,G8629S105,20190516.0,HKG,0KB5ZY-E,55.1,HONG KONG,@NA,KYG8629S1057,BJK33W,S.A.I Leisure Group Co. Ltd.,1.0,1832-HK,1,SHARE,BJK33W4,I,S.A.I Leisure Group Co. Ltd.1.pdf
35387,SG1O44912994,Heeton Holdings Limited,1,1976.0,SGP,Y3120Z104,20030908.0,SGP,00617G-E,55.1,SINGAPORE,5DP-SG,SG1O44912994,668809,Heeton Holdings Limited,1.0,5DP-SG,1,SHARE,6688091,I,Heeton Holdings Limited1.pdf
61801,GG00B1Z5FH87,PPHE Hotel Group Limited,1,1986.0,GBR,G6942S109,20070712.0,NLD,009FXJ-E,55.1,LONDON,PPH-GB,GG00B1Z5FH87,B1Z5FH,PPHE Hotel Group Limited,1.0,PPH-GB,1,SHARE,B1Z5FH8,I,PPHE Hotel Group Limited3.pdf
44420,SG1DF1000008,Kimly Ltd.,1,2016.0,SGP,Y475EZ104,20170320.0,SGP,0GVN8T-E,56.1,SINGAPORE,1D0-SG,SG1DF1000008,BDT7NG,Kimly Ltd.,1.0,1D0-SG,1,SHARE,BDT7NG9,I,Kimly Ltd.1.pdf
11701,SG2R04002568,Bonvests Holdings Limited,1,1982.0,SGP,V11160104,19850102.0,SGP,05J5NV-E,55.1,SINGAPORE,B28-SG,SG2R04002568,611148,Bonvests Holdings Limited,1.0,B28-SG,1,SHARE,6111489,I,Bonvests Holdings Limited1.pdf
32342,MYL5592OO000,Grand Central Enterprises Bhd.,1,1968.0,MYS,Y28434101,19931206.0,MYS,@NA,55.1,MALAYSIA,5592-MY,MYL5592OO000,638082,Grand Central Enterprises Bhd.,1.0,5592-MY,1,SHARE,6380825,I,Grand Central Enterprises Bhd.1.pdf
36353,SG1AI6000003,HL Global Enterprises Limited,1,1961.0,SGP,Y3230V118,19880324.0,SGP,05JQS6-E,55.1,SINGAPORE,AVX-SG,SG1AI6000003,BWT3FY,HL Global Enterprises Limited,1.0,AVX-SG,1,SHARE,BWT3FY2,I,HL Global Enterprises Limited1.pdf
13676,NGCAPHOTEL09,Capital Hotels PLC,1,1981.0,NGA,V1570B109,20080819.0,NGA,@NA,55.1,NIGERIA,@NA,NGCAPHOTEL09,B3CQWW,Capital Hotels PLC,1.0,CAPHOTEL-NG,1,SHARE,B3CQWW2,I,Capital Hotels PLC2.pdf
72695,ROCAORACNOR9,SIF Hoteluri S.A.,0,1952.0,ROU,X1177U102,20171214.0,ROU,@NA,55.1,LONDON,@NA,ROCAORACNOR9,B3CXV9,SIF Hoteluri S.A.,1.0,0Q8Z-GB,0,SHARE,B8FY778,I,SIF Hoteluri S.A.2.pdf
75813,KYG844271141,"StarGlory Holdings Co., Ltd.",1,2001.0,HKG,G84427114,20030318.0,HKG,05WQNL-E,56.3,HONG KONG,8213-HK,KYG844271141,BMHWSX,"StarGlory Holdings Co., Ltd.",1.0,8213-HK,1,SHARE,BMHWSX1,I,"StarGlory Holdings Co., Ltd.1.pdf"
66736,US7731081052,Rockelle Corp.,0,2003.0,USA,773108105,20051130.0,USA,@NA,56.1,US OTC,@NA,US7731081052,77310810,Rockelle Corp.,1.0,RKLC-US,1,SHARE,B0DSG91,I,Rockelle Corp.3.pdf
70291,PHY7690Y1083,"Shakey's Pizza Asia Ventures, Inc.",1,1974.0,PHL,Y7690Y108,20161215.0,PHL,0GL6ZD-E,56.1,PHILIPPINES,PIZZA-PH,PHY7690Y1083,BDC50X,"Shakey's Pizza Asia Ventures, Inc.",1.0,PIZZA-PH,1,SHARE,BDC50X6,I,"Shakey's Pizza Asia Ventures, Inc.1.pdf"
63541,ID1000176506,PT Puri Sentul Permai Tbk,0,2008.0,IDN,Y714B1112,20221109.0,IDN,@NA,55.1,INDONESIA,@NA,ID1000176506,BQ0KNW,PT Puri Sentul Permai Tbk,1.0,KDTN-ID,0,SHARE,BQ0KNW4,I,PT Puri Sentul Permai Tbk2.pdf
36935,JP3851950000,"HotLand Co., Ltd.",1,1988.0,JPN,J22598106,20140930.0,JPN,0BKZMS-E,56.1,TOKYO,3196-JP,JP3851950000,BQJYQT,"HotLand Co., Ltd.",1.0,3196-JP,1,SHARE,BQJYQT5,I,"HotLand Co., Ltd.2.pdf"
28589,MYQ0116OO002,Focus Dynamics Group Bhd.,1,2002.0,MYS,Y2574A102,20060210.0,MYS,007XQC-E,56.1,MALAYSIA,@NA,MYQ0116OO002,B0WJ4L,Focus Dynamics Group Bhd.,1.0,0116-MY,1,SHARE,B0WJ4L3,I,Focus Dynamics Group Bhd.1.pdf
38068,PTIBS0AM0008,"Ibersol, SGPS S.A.",1,1985.0,PRT,X3434V113,20071205.0,PRT,05J5HG-E,56.1,LONDON,@NA,PTIBS0AM0008,700367,"Ibersol, SGPS S.A.",1.0,0KJ7-GB,0,SHARE,B28JD03,I,"Ibersol, SGPS S.A.1.pdf"
14233,FR0000064446,Catering International Services,1,1992.0,FRA,F1422H104,19980703.0,FRA,05J5XN-E,56.1,EURONEXT PARIS,ALCIS-FR,FR0000064446,717294,Catering International Services,1.0,ALCIS-FR,1,SHARE,7172946,I,Catering International Services2.pdf
89221,KYG988361021,Yummy Town (Cayman) Holdings Corp.,1,2009.0,TWN,G98836102,20141224.0,CYM,0DJ4XB-E,56.1,TAIPEI,2726-TW,KYG988361021,BTDY3D,Yummy Town (Cayman) Holdings Corp.,1.0,2726-TW,1,SHARE,BTDY3D5,I,Yummy Town (Cayman) Holdings Corp.1.pdf
1764,SG1C01001033,AF Global Limited,1,1973.0,SGP,Y5229N106,19851126.0,SGP,067353-E,55.1,SINGAPORE,L38-SG,SG1C01001033,632233,AF Global Limited,1.0,L38-SG,1,SHARE,6322333,I,AF Global Limited1.pdf
59280,US6988131024,"Papa John's International, Inc.",1,1984.0,USA,698813102,19930608.0,USA,000ZLZ-E,56.1,NASDAQ,PZZA-US,US6988131024,69881310,"Papa John's International, Inc.",1.0,PZZA-US,1,SHARE,2696117,I,"Papa John's International, Inc.1.pdf"
21924,INE872J01023,Devyani International Ltd.,1,1991.0,IND,Y2R58Y114,20210816.0,IND,079FPH-E,56.1,BSE INDIA,543330-IN,INE872J01023,BKVD65,Devyani International Ltd.,1.0,543330-IN,1,SHARE,BKVD654,I,Devyani International Ltd.2.pdf
63023,ID1000166101,PT Champ Resto Indonesia Tbk,1,2010.0,IDN,Y129GV104,20220208.0,IDN,0DXLPM-E,55.1,INDONESIA,ENAK-ID,ID1000166101,BP9QPY,PT Champ Resto Indonesia Tbk,1.0,ENAK-ID,1,SHARE,BP9QPY2,I,PT Champ Resto Indonesia Tbk1.pdf
50689,FDS0F14W,Melco Resorts & Entertainment Ltd.,1,2003.0,HKG,FDS0F14W4,,HKG,008TML-E,55.1,@NA,@NA,@NA,58546410,Melco Resorts & Entertainment Ltd.,1.0,@NA,1,SHARE,@NA,I,Melco Resorts & Entertainment Ltd.1.pdf
14823,BMG2031G1069,Century Entertainment International Holdings Limited,1,1997.0,HKG,G2031G106,19971003.0,HKG,005ZYZ-E,55.1,HONG KONG,959-HK,BMG2031G1069,BMG7BF,Century Entertainment International Holdings Limited,1.0,959-HK,1,SHARE,BMG7BF0,I,Century Entertainment International Holdings Limited1.pdf
43713,SG1DA5000005,Katrina Group Ltd.,1,2016.0,SGP,Y451A0106,20160726.0,SGP,0GCK9B-E,56.1,SINGAPORE,1A0-SG,SG1DA5000005,BD6F8G,Katrina Group Ltd.,1.0,1A0-SG,1,SHARE,BD6F8G1,I,Katrina Group Ltd.1.pdf
72378,HK0219009344,Shun Ho Property Investments Ltd,1,1970.0,HKG,Y7842Q102,19850102.0,HKG,05JHLF-E,55.1,HONG KONG,219-HK,HK0219009344,659856,Shun Ho Property Investments Ltd,1.0,219-HK,1,SHARE,6598565,I,Shun Ho Property Investments Ltd1.pdf
803,INE793A01012,Accelya Solutions India Ltd.,1,1976.0,IND,Y4522P108,19991230.0,IND,05LFK8-E,58.29,BSE INDIA,532268-IN,INE793A01012,629299,Accelya Solutions India Ltd.,1.0,532268-IN,1,SHARE,6292997,J,Accelya Solutions India Ltd.1.pdf
67769,RO0MDTLNZV25,Safetech Innovations SA,0,2011.0,ROU,X7T4VF102,20230206.0,ROU,@NA,62.09,BUCHAREST SPOT,@NA,RO0MDTLNZV25,BNKFDY,Safetech Innovations SA,1.0,SAFE-RO,0,SHARE,BNKFDY0,J,Safetech Innovations SA1.pdf
65402,AU000000RKN9,Reckon Limited,1,1987.0,AUS,Q80501101,20220622.0,AUS,05JM7K-E,58.29,US OTC,@NA,AU000000RKN9,616502,Reckon Limited,1.0,RKNLF-US,0,SHARE,B05KRW5,J,Reckon Limited1.pdf
62345,SG1DA4000006,Procurri Corporation Limited,1,2009.0,SGP,Y707BH103,20210108.0,SGP,0DPBHN-E,62.01,US OTC,@NA,SG1DA4000006,BZBG4H,Procurri Corporation Limited,1.0,PRCRF-US,0,SHARE,BN44W02,J,Procurri Corporation Limited2.pdf
47577,FDS1J8MA,Linklogis Inc.,1,2016.0,HKG,FDS1J8MA1,,CHN,0N8P5X-E,62.09,@NA,@NA,@NA,BKSCMF,Linklogis Inc.,1.0,@NA,0,SHARE,@NA,J,Linklogis Inc.1.pdf
80888,NL0013332471,TomTom NV,1,2005.0,NLD,N87695123,20090923.0,NLD,0079K9-E,58.29,LONDON,@NA,NL0013332471,BFY1TC,TomTom NV,1.0,0MKS-GB,0,SHARE,BKF19S8,J,TomTom NV1.pdf
5557,KYG0512W1033,Archosaur Games Inc.,1,1997.0,HKG,G0512W103,20220321.0,CHN,0M6FR1-E,58.29,HONG KONG CONNECT - SHENZHEN,@NA,KYG0512W1033,BMQ69B,Archosaur Games Inc.,1.0,@NA,0,SHARE,BMGPZB8,J,Archosaur Games Inc.1.pdf
79064,ES0178430E18,Telefonica SA,1,1924.0,ESP,879382109,19850627.0,ESP,05DZGP-E,61.2,LONDON,@NA,ES0178430E18,573252,Telefonica SA,1.0,0TDE-GB,0,SHARE,0798394,J,Telefonica SA2.pdf
79171,AU000000TLS2,Telstra Group Limited,1,1992.0,AUS,Q8975N105,20031112.0,AUS,0TXR0P-E,61.9,US OTC,@NA,AU000000TLS2,608728,Telstra Group Limited,1.0,TTRAF-US,0,SHARE,B02Q4Z8,J,Telstra Group Limited3.pdf
7356,GB00BVYVFW23,Auto Trader Group PLC,1,1977.0,GBR,G06708104,20150319.0,GBR,00GMT5-E,63.11,LONDON,AUTO-GB,GB00BVYVFW23,BVYVFW,Auto Trader Group PLC,1.0,AUTO-GB,1,SHARE,BVYVFW2,J,Auto Trader Group PLC1.pdf
79575,NO0003078800,TGS ASA,1,1996.0,NOR,R9138B102,19971024.0,NOR,05HZTK-E,63.11,OSLO,TGS-NO,NO0003078800,B15SLC,TGS ASA,1.0,TGS-NO,1,SHARE,B15SLC4,J,TGS ASA1.pdf
87863,AU0000168676,X2M Connect Limited,1,,AUS,Q9866Y101,20210922.0,AUS,@NA,62.09,ASX,X2M-AU,AU0000168676,BNNSK1,X2M Connect Limited,1.0,X2M-AU,1,SHARE,BNNSK12,J,X2M Connect Limited1.pdf
62327,US74275K1088,Procore Technologies Inc,1,2002.0,USA,74275K108,20210520.0,USA,074LCP-E,58.29,NYSE,PCOR-US,US74275K1088,74275K10,Procore Technologies Inc,1.0,PCOR-US,1,SHARE,BLH11J8,J,Procore Technologies Inc2.pdf
11400,US09626A1025,"Blueprint Technologies, Inc.",0,2005.0,USA,09626A102,20061121.0,USA,06TLTZ-E,62.09,US OTC,@NA,US09626A1025,09626A10,"Blueprint Technologies, Inc.",1.0,BKSD-US,1,SHARE,B1G4VJ8,J,"Blueprint Technologies, Inc.2.pdf"
54864,KYG6464H1011,Newborn Town Inc.,1,2009.0,HKG,G6464H101,20210930.0,CHN,0L6JFP-E,58.29,US OTC,@NA,KYG6464H1011,BKX8X2,Newborn Town Inc.,1.0,NWBTF-US,0,SHARE,BKSBH58,J,Newborn Town Inc.2.pdf
86148,US2546871060,Walt Disney Company,1,1923.0,USA,254687106,19841105.0,USA,000HLG-E,59.11,NYSE,DIS-US,US2546871060,25468710,Walt Disney Company,1.0,DIS-US,1,SHARE,2270726,J,Walt Disney Company1.pdf
17983,KYG2347J1094,CMGE Technology Group Limited,1,2018.0,HKG,G2347J109,20191031.0,CHN,0JY9DP-E,58.29,HONG KONG,302-HK,KYG2347J1094,BK2299,CMGE Technology Group Limited,1.0,302-HK,1,SHARE,BK22995,J,CMGE Technology Group Limited1.pdf
62839,ID1000066103,PT Astra Graphia Tbk,1,1975.0,IDN,Y71164142,19900404.0,IDN,@NA,63.11,INDONESIA,ASGR-ID,ID1000066103,621419,PT Astra Graphia Tbk,1.0,ASGR-ID,1,SHARE,6214195,J,PT Astra Graphia Tbk1.pdf
31739,FDS081YD,"GoDaddy, Inc.",1,1997.0,USA,FDS081YD1,,USA,00G546-E,63.11,@NA,@NA,@NA,38023710,"GoDaddy, Inc.",1.0,@NA,0,SHARE,@NA,J,"GoDaddy, Inc.1.pdf"
11688,KR7226340008,"Bonne Co., Ltd.",1,2015.0,KOR,Y32318100,20151105.0,KOR,0K858J-E,58.29,KOREA,226340-KR,KR7226340008,BYZKGM,"Bonne Co., Ltd.",1.0,226340-KR,1,SHARE,BYZKGM6,J,"Bonne Co., Ltd.1.pdf"
47587,KYG5571U1040,Linmon Media Limited,1,1994.0,HKG,G5571U104,20230314.0,CHN,0PD4KN-E,59.11,HONG KONG CONNECT  - SHANGHAI,@NA,KYG5571U1040,BN47TM,Linmon Media Limited,1.0,@NA,0,SHARE,BNZJ6Z9,J,Linmon Media Limited1.pdf
11854,BW0000001569,Botswana Telecommunications Corporation Limited,1,1980.0,BWA,V12358103,20160413.0,BWA,08BJ54-E,61.1,BOTSWANA,BTCL-BW,BW0000001569,BYXJWG,Botswana Telecommunications Corporation Limited,1.0,BTCL-BW,1,SHARE,BYXJWG1,J,Botswana Telecommunications Corporation Limited1.pdf
47915,KR7223220005,"Logis Mon, Inc.",1,2013.0,KOR,Y2R67M101,20150709.0,KOR,@NA,58.29,KONEX,@NA,KR7223220005,BZ21P4,"Logis Mon, Inc.",1.0,223220-KR,1,SHARE,BZ21P44,J,"Logis Mon, Inc.1.pdf"
69522,INE0BTM01013,SecMark Consultancy Ltd.,1,2011.0,IND,Y7566A101,20201001.0,IND,0MS2Z3-E,62.09,BSE INDIA,@NA,INE0BTM01013,BLF7DW,SecMark Consultancy Ltd.,1.0,543234-IN,1,SHARE,BLF7DW5,J,SecMark Consultancy Ltd.1.pdf
11193,GB00B06GNN57,Blancco Technology Group plc,1,2004.0,GBR,G11649202,20050331.0,USA,0074TY-E,58.29,LONDON,BLTG-GB,GB00B06GNN57,B06GNN,Blancco Technology Group plc,1.0,BLTG-GB,1,SHARE,B06GNN5,J,Blancco Technology Group plc1.pdf
33075,FDS334C9,Grupo Clarin SA,1,1945.0,ARG,FDS334C97,,ARG,05W53Z-E,60.2,@NA,@NA,@NA,B2967L,Grupo Clarin SA,1.0,@NA,0,SHARE,@NA,J,Grupo Clarin SA1.pdf
52940,KR7207760000,Mr. Blue Corp.,1,2002.0,KOR,Y209FT100,20141212.0,KOR,@NA,58.29,KOREA,207760-KR,KR7207760000,BTFQXW,Mr. Blue Corp.,1.0,207760-KR,1,SHARE,BTFQXW8,J,Mr. Blue Corp.2.pdf
31148,IL0010805971,Gilat Telecom Global Ltd,1,1968.0,ISR,M67767109,19960828.0,ISR,073LBG-E,61.9,TEL AVIV,@NA,IL0010805971,650516,Gilat Telecom Global Ltd,1.0,GLTL-IL,1,SHARE,6505167,J,Gilat Telecom Global Ltd1.pdf
58067,BE0003735496,Orange Belgium SA,1,1995.0,BEL,B6404X104,19981006.0,BEL,003JZX-E,61.2,EURONEXT BRUSSELS,OBEL-BE,BE0003735496,554197,Orange Belgium SA,1.0,OBEL-BE,1,SHARE,5541979,J,Orange Belgium SA1.pdf
84525,BMG9349W1038,VEON Ltd.,1,1992.0,NLD,G9349W103,20170404.0,NLD,09GVG3-E,61.2,EURONEXT AMSTERDAM,VEON-NL,BMG9349W1038,BF2S1D,VEON Ltd.,1.0,VEON-NL,1,SHARE,BF2S1D6,J,VEON Ltd.1.pdf
58051,US68389X1054,Oracle Corporation,1,1977.0,USA,68389X105,20060308.0,USA,000SY8-E,58.29,LONDON,@NA,US68389X1054,68389X10,Oracle Corporation,1.0,0R1Z-GB,0,SHARE,B10S3T0,J,Oracle Corporation3.pdf
27947,KYG3461G1863,Finsoft Financial Investment Holdings Ltd.,1,2012.0,HKG,G3461G186,20130926.0,HKG,0DBYNM-E,62.01,HONG KONG,8018-HK,KYG3461G1863,BLD3BS,Finsoft Financial Investment Holdings Ltd.,1.0,8018-HK,1,SHARE,BLD3BS7,J,Finsoft Financial Investment Holdings Ltd.1.pdf
6330,TW0003682001,"Asia Pacific Telecom Co., Ltd.",1,2000.0,TWN,Y0R895106,20111201.0,TWN,08CRJQ-E,61.2,TAIWAN,3682-TW,TW0003682001,B6RN4B,"Asia Pacific Telecom Co., Ltd.",1.0,3682-TW,1,SHARE,B6RN4B2,J,"Asia Pacific Telecom Co., Ltd.2.pdf"
34006,KYG4212K1040,Gushengtang Holdings Limited,1,2010.0,HKG,G4212K104,20211210.0,CHN,0LQT1G-E,63.11,HONG KONG,2273-HK,KYG4212K1040,BP6TX6,Gushengtang Holdings Limited,1.0,2273-HK,1,SHARE,BP6TX62,J,Gushengtang Holdings Limited1.pdf
75822,SG1V12936232,StarHub Ltd,0,1998.0,SGP,Y8152F132,,SGP,006DR9-E,61.9,BERNE,@NA,SG1V12936232,B1CNDB,StarHub Ltd,1.0,@NA,0,SHARE,BJ054B6,J,StarHub Ltd1.pdf
14480,US15100P1012,"Celerity Solutions, Inc.",0,1982.0,USA,15100P101,19920401.0,USA,@NA,62.01,US OTC,@NA,US15100P1012,15100P10,"Celerity Solutions, Inc.",1.0,CLTY-US,1,SHARE,2175122,J,"Celerity Solutions, Inc.1.pdf"
88999,FDSZ073V,"Yonyou Auto Information Technology (Shanghai) Co., Ltd.",1,2003.0,CHN,FDSZ073V3,,CHN,@NA,58.29,@NA,@NA,@NA,BRJQJ9,"Yonyou Auto Information Technology (Shanghai) Co., Ltd.",1.0,@NA,0,SHARE,@NA,J,"Yonyou Auto Information Technology (Shanghai) Co., Ltd.2.pdf"
69609,AU000000SEK6,Seek Limited,0,1997.0,AUS,Q8382E102,,AUS,0077N3-E,63.11,BERNE,@NA,AU000000SEK6,B0767Y,Seek Limited,1.0,SLD-CH,0,SHARE,BLNP235,J,Seek Limited1.pdf
58084,FR0000133308,Orange SA,1,1991.0,FRA,F6866T100,20030814.0,FRA,0011MS-E,61.2,US OTC,FNCTF-US,FR0000133308,517617,Orange SA,1.0,FNCTF-US,0,SHARE,B030BQ9,J,Orange SA2.pdf
6788,NO0004822503,Atea ASA,1,1967.0,NOR,R0728G106,20130613.0,NOR,07JGW7-E,62.09,US OTC,@NA,NO0004822503,B12TR1,Atea ASA,1.0,ATAZF-US,0,SHARE,B3BJ1C5,J,Atea ASA1.pdf
65260,US74940T1043,RDE Inc,1,1997.0,USA,74940T104,19951211.0,USA,@NA,63.11,US OTC,RSTN-US,US74940T1043,74940T10,RDE Inc,1.0,RSTN-US,1,SHARE,BN7JZM7,J,RDE Inc2.pdf
11222,US0918442098,BLGI Inc,0,2013.0,USA,091844209,20140407.0,USA,00FJ6X-E,58.29,US OTC,@NA,US0918442098,09184420,BLGI Inc,1.0,BLGI-US,1,SHARE,BMVCBL6,J,BLGI Inc2.pdf
84619,US92343V1044,Verizon Communications Inc.,1,1983.0,USA,92343V104,19850102.0,USA,000CQ8-E,61.2,LONDON,@NA,US92343V1044,92343V10,Verizon Communications Inc.,1.0,0Q1S-GB,0,SHARE,0089560,J,Verizon Communications Inc.2.pdf
33761,US40171V1008,"Guidewire Software, Inc.",1,2001.0,USA,40171V100,20120125.0,USA,0634Y0-E,58.29,NYSE,GWRE-US,US40171V1008,40171V10,"Guidewire Software, Inc.",1.0,GWRE-US,1,SHARE,B7JYSG3,J,"Guidewire Software, Inc.1.pdf"
52302,EE3100084203,Modera AS,0,2007.0,EST,X4R0TW113,20211015.0,EST,@NA,58.29,OMX BALTIC TALLINN,@NA,EE3100084203,BMHRTW,Modera AS,1.0,MODE-EE,0,SHARE,BMHRTW2,J,Modera AS1.pdf
48378,US5502411037,"Lumen Technologies, Inc.",1,1930.0,USA,550241103,19841105.0,USA,09SD1S-E,61.1,NYSE,LUMN-US,US5502411037,55024110,"Lumen Technologies, Inc.",1.0,LUMN-US,1,SHARE,BMDH249,J,"Lumen Technologies, Inc.1.pdf"
853,JP3108180005,"Accrete, Inc.",1,2014.0,JPN,J00076109,20180726.0,JPN,0FD8NV-E,61.9,TOKYO,4395-JP,JP3108180005,BDC422,"Accrete, Inc.",1.0,4395-JP,1,SHARE,BDC4226,J,"Accrete, Inc.2.pdf"
39,FDS1F6OD,"17 Education & Technology Group, Inc.",1,2012.0,CHN,FDS1F6OD1,,CHN,0N3T5C-E,63.11,@NA,@NA,@NA,81807M20,"17 Education & Technology Group, Inc.",1.0,@NA,0,SHARE,@NA,J,"17 Education & Technology Group, Inc.1.pdf"
16175,KYG2121R1039,China Literature Ltd.,1,2004.0,HKG,G2121R103,20171108.0,CHN,0H5FYM-E,58.11,HONG KONG,772-HK,KYG2121R1039,BYP71J,China Literature Ltd.,1.0,772-HK,1,SHARE,BYP71J9,J,China Literature Ltd.1.pdf
59770,GB0006776081,Pearson PLC,1,1844.0,GBR,G69651100,20201125.0,GBR,002ZV7-E,58.11,MEXICO,@NA,GB0006776081,067760,Pearson PLC,1.0,PSONN-MX,0,SHARE,BK81SZ5,J,Pearson PLC1.pdf
11129,CA09228F1036,BlackBerry Limited,1,1984.0,CAN,09228F103,19990204.0,CAN,002TMH-E,58.29,NYSE,BB-US,CA09228F1036,BCBHZ3,BlackBerry Limited,1.0,BB-US,0,SHARE,BCBHZ42,J,BlackBerry Limited2.pdf
14381,PLOPTTC00011,CD Projekt S.A.,1,1994.0,POL,X0957E106,20020201.0,POL,@NA,58.29,WARSAW,CDR-PL,PLOPTTC00011,730221,CD Projekt SA,1.0,CDR-PL,1,SHARE,7302215,J,CD Projekt S.A.2.pdf
60589,KYG7060L1086,Phoenix New Media Ltd.,1,1998.0,HKG,G7060L108,,CHN,08B49N-E,63.11,CAYMAN ISLANDS UNLISTED,@NA,KYG7060L1086,71910C20,Phoenix New Media Ltd.,1.0,@NA,1,SHARE,BKKMV79,J,Phoenix New Media Ltd.1.pdf
12642,FDS1GBVC,"Bumble, Inc.",1,2014.0,USA,FDS1GBVC3,,USA,0N9C82-E,58.29,@NA,@NA,@NA,12047B10,"Bumble, Inc.",1.0,@NA,0,SHARE,@NA,J,"Bumble, Inc.1.pdf"
69602,GB00BK6SHS41,SEEEN Plc,1,2017.0,GBR,G11764100,20170927.0,GBR,@NA,58.29,LONDON,SEEN-GB,GB00BK6SHS41,BK6SHS,SEEEN Plc,1.0,SEEN-GB,1,SHARE,BK6SHS4,J,SEEEN Plc2.pdf
67295,LU0061462528,RTL Group S.A.,1,1973.0,DEU,L80326108,19850327.0,LUX,05HH9H-E,60.2,LUXEMBOURG,RTLL-LU,LU0061462528,B1BK20,RTL Group S.A.,1.0,RTLL-LU,0,SHARE,4062277,J,RTL Group S.A.1.pdf
65453,PLRDDVS00016,Red Dev Studio S.A.,0,2016.0,POL,X7290R108,20190926.0,POL,@NA,58.29,WARSAW,@NA,PLRDDVS00016,BK1WVW,Red Dev Studio S.A.,1.0,RDS-PL,0,SHARE,BK1WVW3,J,Red Dev Studio S.A.1.pdf
51414,US5949181045,Microsoft Corporation,1,1975.0,USA,594918104,19860313.0,USA,000Q07-E,58.29,NASDAQ,MSFT-US,US5949181045,59491810,Microsoft Corporation,1.0,MSFT-US,1,SHARE,2588173,J,Microsoft Corporation1.pdf
12161,US10807Q7007,"Bridgeline Digital, Inc.",1,2000.0,USA,10807Q700,20070629.0,USA,003L94-E,58.29,NASDAQ,BLIN-US,US10807Q7007,10807Q70,"Bridgeline Digital, Inc.",1.0,BLIN-US,1,SHARE,BJQKP89,J,"Bridgeline Digital, Inc.3.pdf"
47455,SE0011870195,Lime Technologies AB,1,2013.0,SWE,W5321Z116,20181206.0,SWE,0JDWXV-E,58.29,OMX NORDIC STOCKHOLM,LIME-SE,SE0011870195,BH31X6,Lime Technologies AB,1.0,LIME-SE,1,SHARE,BH31X65,J,Lime Technologies AB1.pdf
73131,SG1T75931496,Singapore Telecommunications Limited,1,1992.0,SGP,Y79985209,19931101.0,SGP,0010HR-E,61.2,SINGAPORE,Z74-SG,SG1T75931496,B02PY1,Singapore Telecommunications Limited,1.0,Z74-SG,1,SHARE,B02PY11,J,Singapore Telecommunications Limited1.pdf
75110,NZTELE0001S4,Spark New Zealand Limited,1,1987.0,NZL,Q8619N107,19910913.0,NZL,001ZZD-E,61.1,ASX,SPK-AU,NZTELE0001S4,688143,Spark New Zealand Limited,1.0,SPK-AU,0,SHARE,6881500,J,Spark New Zealand Limited1.pdf
14475,MYL6947OO005,CelcomDigi Berhad,1,1995.0,MYS,Y2070F100,20090310.0,MYS,05HXMR-E,61.2,US OTC,@NA,MYL6947OO005,608624,CelcomDigi Berhad,1.0,DIGBF-US,0,SHARE,B02PGM6,J,CelcomDigi Berhad1.pdf
87342,FI4000519228,WithSecure Corporation,1,1988.0,FIN,X3034C218,19991105.0,FIN,003JSV-E,58.29,OMX NORDIC HELSINKI,WITH-FI,FI4000519228,BMZ424,WithSecure Corporation,1.0,WITH-FI,1,SHARE,BMZ4248,J,WithSecure Corporation1.pdf
41134,SGXE24704236,iWOW Technology Limited,1,1999.0,SGP,Y4215K101,20220414.0,SGP,@NA,58.29,SINGAPORE,@NA,SGXE24704236,BP2ST2,iWOW Technology Limited,1.0,NXR-SG,1,SHARE,BP2ST21,J,iWOW Technology Limited1.pdf
5915,NO0012861667,Arribatec Group ASA,1,1998.0,NOR,R0R77L129,20010716.0,NOR,0GQS8G-E,62.02,OSLO,ARR-NO,NO0012861667,BMGRKJ,Arribatec Group ASA,1.0,ARR-NO,1,SHARE,BMGRKJ7,J,Arribatec Group ASA1.pdf
71250,GB00BKT6VH21,Shearwater Group plc,1,2004.0,GBR,G8085K158,20040507.0,GBR,005R9G-E,62.01,LONDON,SWG-GB,GB00BKT6VH21,BKT6VH,Shearwater Group plc,1.0,SWG-GB,1,SHARE,BKT6VH2,J,Shearwater Group plc1.pdf
25351,SE0009697220,Enea AB,0,1981.0,SWE,W2529P149,,SWE,05JBDZ-E,58.29,BERNE,@NA,SE0009697220,BYPBRY,Enea AB,1.0,EED5-CH,0,SHARE,BKS2L26,J,Enea AB1.pdf
69671,KR7036630002,Sejong Telecom Inc.,1,1992.0,KOR,Y6438J100,20001020.0,KOR,0706N0-E,61.1,KOREA,036630-KR,KR7036630002,640998,Sejong Telecom Inc.,1.0,036630-KR,1,SHARE,6409980,J,Sejong Telecom Inc.1.pdf
62542,DE000PSM7770,ProSiebenSat.1 Media SE,1,1998.0,DEU,D6216S143,20031113.0,DEU,003QS1-E,60.2,US OTC,@NA,DE000PSM7770,BCZM1B,ProSiebenSat.1 Media SE,1.0,PBSFF-US,0,SHARE,BCZM1C3,J,ProSiebenSat.1 Media SE2.pdf
11584,USU7744C1063,"BOKU, Inc.",1,2009.0,GBR,U7744C106,20171120.0,USA,@NA,58.29,LONDON,BOKU-GB,USU7744C1063,BF0GJW,"BOKU, Inc.",1.0,BOKU-GB,1,SHARE,BF0GJW7,J,"BOKU, Inc.1.pdf"
60329,AU0000158594,PEXA Group Limited,1,2018.0,AUS,Q9131W104,20210701.0,AUS,0NYRWB-E,63.11,ASX,PXA-AU,AU0000158594,BMD0WJ,PEXA Group Limited,1.0,PXA-AU,1,SHARE,BMD0WJ3,J,PEXA Group Limited1.pdf
5262,BMG0438M1064,APT Satellite Holdings Limited,1,1992.0,HKG,G0438M106,19961219.0,HKG,001JXS-E,61.9,HONG KONG,1045-HK,BMG0438M1064,603964,APT Satellite Holdings Limited,1.0,1045-HK,1,SHARE,6039644,J,APT Satellite Holdings Limited1.pdf
138,US88554D2053,3D Systems Corporation,1,1986.0,USA,88554D205,20141105.0,USA,0013LF-E,62.02,LONDON,@NA,US88554D2053,88554D20,3D Systems Corporation,1.0,0QYH-GB,0,SHARE,BSJC745,J,3D Systems Corporation1.pdf
26032,US26884K3095,"ERF Wireless, Inc.",1,1986.0,USA,26884K309,19980909.0,USA,002N0S-E,61.2,US OTC,@NA,US26884K3095,26884K30,"ERF Wireless, Inc.",1.0,ERFB-US,1,SHARE,BHBFXF8,J,"ERF Wireless, Inc.3.pdf"
54579,PK0084201018,Netsol Technologies Limited,1,1995.0,PAK,Y6257M101,20060620.0,PAK,06JQ8Q-E,58.29,PAKISTAN STOCK EXCHANGE,NETSOL-PK,PK0084201018,B0JCGX,Netsol Technologies Limited,1.0,NETSOL-PK,1,SHARE,B0JCGX1,J,Netsol Technologies Limited2.pdf
54250,US63947X1019,nCino Inc,1,2011.0,USA,63947X101,20200714.0,USA,0Q5FDX-E,58.29,NASDAQ,NCNO-US,US63947X1019,63947X10,nCino Inc,1.0,NCNO-US,1,SHARE,BMC8TD1,J,nCino Inc1.pdf
55027,AU0000126468,Nexion Group Ltd.,1,2018.0,AUS,Q6751P104,20210218.0,AUS,0N6GZT-E,62.09,ASX,@NA,AU0000126468,BL6CN4,Nexion Group Ltd.,1.0,NNG-AU,1,SHARE,BL6CN41,J,Nexion Group Ltd.2.pdf
78767,INE669C01036,Tech Mahindra Limited,1,2010.0,IND,Y85491127,20060829.0,IND,06JLTG-E,62.01,BSE INDIA,532755-IN,INE669C01036,BWFGD6,Tech Mahindra Limited,1.0,532755-IN,1,SHARE,BWFGD63,J,Tech Mahindra Limited2.pdf
54558,SG1DH9000006,NetLink NBN Trust,1,2017.0,SGP,Y6S61H108,20170719.0,SGP,0H6D3W-E,61.1,SINGAPORE,CJLU-SG,SG1DH9000006,BF5GLW,NetLink NBN Trust,1.0,CJLU-SG,1,SHARE,BF5GLW6,J,NetLink NBN Trust1.pdf
17116,KYG2114J1186,Chuanglian Holdings Limited,1,2004.0,HKG,G2114J118,20041118.0,HKG,006KJ2-E,61.9,HONG KONG,2371-HK,KYG2114J1186,BNFVQW,Chuanglian Holdings Limited,1.0,2371-HK,1,SHARE,BNFVQW2,J,Chuanglian Holdings Limited2.pdf
8565,BD0002BSCCL0,Bangladesh Submarine Cable Co. Ltd.,1,2008.0,BGD,Y000CC103,20120618.0,BGD,0C5BNY-E,61.9,DHAKA,BSCCL-BD,BD0002BSCCL0,B4LWWD,Bangladesh Submarine Cable Co. Ltd.,1.0,BSCCL-BD,1,SHARE,B4LWWD9,J,Bangladesh Submarine Cable Co. Ltd.1.pdf
47742,US5380341090,"Live Nation Entertainment, Inc.",1,1996.0,USA,538034109,20180129.0,USA,09HB7M-E,59.2,LONDON,@NA,US5380341090,53803410,"Live Nation Entertainment, Inc.",1.0,0JVD-GB,0,SHARE,BD6TGW5,J,"Live Nation Entertainment, Inc.1.pdf"
52831,GB00BMXH3352,MotorK PLC,1,2014.0,NLD,G632AA109,20211105.0,GBR,0HGWRF-E,63.11,EURONEXT AMSTERDAM,MTRK-NL,GB00BMXH3352,BMXH33,MotorK PLC,1.0,MTRK-NL,1,SHARE,BMXH335,J,MotorK PLC1.pdf
14501,IL0011015349,Cellcom Israel Ltd.,1,1994.0,ISR,M2196U109,20070809.0,ISR,063HCZ-E,61.2,TEL AVIV,CEL-IL,IL0011015349,B23WQK,Cellcom Israel Ltd.,1.0,CEL-IL,1,SHARE,B23WQK8,J,Cellcom Israel Ltd.1.pdf
85657,KYG9390R1103,Vobile Group Ltd.,1,2005.0,HKG,G9390R110,20191209.0,HKG,0H4WFV-E,58.29,US OTC,@NA,KYG9390R1103,BNT8LN,Vobile Group Ltd.,1.0,VOBIF-US,0,SHARE,BNT8PS8,J,Vobile Group Ltd.1.pdf
11275,GB0033147751,Bloomsbury Publishing Plc,1,1986.0,GBR,G1179Q132,19940623.0,GBR,05J1S4-E,58.11,LONDON,BMY-GB,GB0033147751,331477,Bloomsbury Publishing Plc,1.0,BMY-GB,1,SHARE,3314775,J,Bloomsbury Publishing Plc1.pdf
18268,CA19239C1068,Cogeco Communications Inc.,1,1972.0,CAN,19239C106,19930706.0,CAN,003VHK-E,60.2,TORONTO,CCA-CA,CA19239C1068,BZCDFX,Cogeco Communications Inc.,1.0,CCA-CA,1,SHARE,BZCDFX9,J,Cogeco Communications Inc.1.pdf
65507,GB00B7TW1V39,Redcentric Plc,1,2013.0,GBR,G7444T108,20130424.0,GBR,0D0669-E,62.01,LONDON,RCN-GB,GB00B7TW1V39,B7TW1V,Redcentric Plc,1.0,RCN-GB,1,SHARE,B7TW1V3,J,Redcentric Plc1.pdf
18464,PLCOMAR00012,Comarch S.A.,1,1993.0,POL,X1450R107,19990511.0,POL,05J5PG-E,62.09,WARSAW,CMR-PL,PLCOMAR00012,446929,Comarch S.A.,1.0,CMR-PL,1,SHARE,4469298,J,Comarch S.A.1.pdf
18273,CA19238T1003,Cogeco Inc.,1,1957.0,CAN,19238T100,20120823.0,CAN,003N2D-E,60.2,US OTC,@NA,CA19238T1003,218689,Cogeco Inc.,1.0,CGECF-US,0,SHARE,B3BGRD9,J,Cogeco Inc.1.pdf
21863,DE0005557508,Deutsche Telekom AG,1,1995.0,DEU,D2035M136,20060724.0,DEU,0011H9-E,61.1,MILAN,@NA,DE0005557508,584235,Deutsche Telekom AG,1.0,1DTE-IT,0,SHARE,B19GHY8,J,Deutsche Telekom AG2.pdf
18812,DE000A288904,CompuGroup Medical SE & Co. KGaA,1,1987.0,DEU,D193ZN100,20090618.0,DEU,05J9VL-E,58.29,US OTC,@NA,DE000A288904,BMY7CH,CompuGroup Medical SE & Co. KGaA,1.0,CMPVF-US,0,SHARE,BLB0D51,J,CompuGroup Medical SE & Co. KGaA1.pdf
84391,JP3835400007,Vector Inc.,1,1989.0,JPN,J9451E104,20000814.0,JPN,@NA,58.29,TOKYO,2656-JP,JP3835400007,628004,Vector Inc.,1.0,2656-JP,1,SHARE,6280044,J,Vector Inc.1.pdf
15784,KYG2153C1078,China Bright Culture Group,1,2014.0,HKG,G2153C107,20200313.0,CHN,0LD1Z3-E,59.11,HONG KONG,1859-HK,KYG2153C1078,BL398Y,China Bright Culture Group,1.0,1859-HK,1,SHARE,BL398Y0,J,China Bright Culture Group1.pdf
55397,JP3748520008,Nihon Falcom Corporation,1,1981.0,JPN,J5014F109,20031202.0,JPN,@NA,58.29,TOKYO,@NA,JP3748520008,670991,Nihon Falcom Corporation,1.0,3723-JP,1,SHARE,6709914,J,Nihon Falcom Corporation1.pdf
15600,KYG2R50A1062,Cheshi Technology Inc.,1,2018.0,HKG,G2R50A106,20210115.0,CHN,0L6148-E,63.11,HONG KONG,1490-HK,KYG2R50A1062,BMXLWR,Cheshi Technology Inc.,1.0,1490-HK,1,SHARE,BMXLWR4,J,Cheshi Technology Inc.1.pdf
33233,INE871H01011,GSS Infotech Limited,1,1999.0,IND,Y2904M107,20080307.0,IND,06Q8GB-E,62.09,BSE INDIA,532951-IN,INE871H01011,B2339G,GSS Infotech Limited,1.0,532951-IN,1,SHARE,B2339G8,J,GSS Infotech Limited1.pdf
81460,GB00B28HSF71,Tracsis plc,1,2004.0,GBR,G90029102,,GBR,@NA,58.29,US OTC,@NA,GB00B28HSF71,B28HSF,Tracsis plc,1.0,TCIIF-US,0,SHARE,B97DG06,J,Tracsis plc1.pdf
47768,AU000000LVT6,LiveTiles Limited,1,1994.0,AUS,Q55815106,19990817.0,AUS,@NA,58.29,ASX,LVT-AU,AU000000LVT6,BZ17WJ,LiveTiles Limited,1.0,LVT-AU,1,SHARE,BZ17WJ7,J,LiveTiles Limited1.pdf
28466,CA3434492037,Flow Capital Corp.,1,1993.0,CAN,343449203,20130605.0,CAN,0HSV8R-E,64.99,US OTC,@NA,CA3434492037,BMGGJQ,Flow Capital Corp.,1.0,AHFCF-US,0,SHARE,BMGGJR5,K,Flow Capital Corp.3.pdf
50063,PK0055601014,MCB Bank Limited,1,1947.0,PAK,Y61898105,19940126.0,PAK,05J41G-E,64.19,PAKISTAN STOCK EXCHANGE,MCB-PK,PK0055601014,661157,MCB Bank Limited,1.0,MCB-PK,1,SHARE,6611570,K,MCB Bank Limited1.pdf
7722,FR0000120628,AXA SA,1,1985.0,FRA,F06106102,20030922.0,FRA,001VPR-E,65.11,US OTC,@NA,FR0000120628,708842,AXA SA,1.0,AXAHF-US,0,SHARE,B02PRD4,K,AXA SA1.pdf
27127,CA3039011026,Fairfax Financial Holdings Limited,1,1951.0,CAN,303901102,20021218.0,CAN,000JFZ-E,65.12,US OTC,FRFHF-US,CA3039011026,256635,Fairfax Financial Holdings Limited,1.0,FRFHF-US,0,SHARE,2173665,K,Fairfax Financial Holdings Limited1.pdf
13205,US1300511052,California Business Bank,0,2005.0,USA,130051105,20060425.0,USA,@NA,64.19,US OTC,@NA,US1300511052,13005110,California Business Bank,1.0,CABB-US,0,SHARE,B13FSK4,K,California Business Bank1.pdf
70392,FDS0JXSU,Shandong International Trust Co. Ltd.,1,1987.0,HKG,FDS0JXSU8,,CHN,05WV4C-E,64.3,@NA,@NA,@NA,BD2CBD,Shandong International Trust Co. Ltd.,1.0,@NA,0,SHARE,@NA,K,Shandong International Trust Co. Ltd.1.pdf
23056,GB00BLF7PP25,Downing Renewables & Infrastructure Trust Plc,1,1986.0,GBR,G29015107,20201210.0,GBR,@NA,64.3,LONDON,DORE-GB,GB00BLF7PP25,BLF7PP,Downing Renewables & Infrastructure Trust Plc,1.0,DORE-GB,1,SHARE,BLF7PP2,K,Downing Renewables & Infrastructure Trust Plc2.pdf
61621,IT0003796171,Poste Italiane SpA,1,1925.0,ITA,T7S697106,20200317.0,ITA,05L6TG-E,64.19,US OTC,@NA,IT0003796171,BYYN70,Poste Italiane SpA,1.0,PITAF-US,0,SHARE,BLHDD87,K,Poste Italiane SpA1.pdf
8293,IT0000784196,Banca Popolare di Sondrio S.p.A.,1,1871.0,ITA,T1549L116,19920909.0,ITA,05HX6R-E,64.19,MILAN,BPSO-IT,IT0000784196,411522,Banca Popolare di Sondrio S.p.A.,1.0,BPSO-IT,1,SHARE,4115223,K,Banca Popolare di Sondrio S.p.A.1.pdf
83915,BD0109UTARA6,Uttara Bank Limited.,1,1965.0,BGD,Y9329Q100,19960404.0,BGD,05R5L0-E,64.19,DHAKA,@NA,BD0109UTARA6,692158,Uttara Bank Limited.,1.0,UTTARABANK-BD,1,SHARE,6921581,K,Uttara Bank Limited.1.pdf
68800,ZAE000006565,Sasfin Holdings Limited,1,1951.0,ZAF,S7367W101,19920908.0,ZAF,05JGSS-E,66.12,JSE,SFN-ZA,ZAE000006565,677741,Sasfin Holdings Limited,1.0,SFN-ZA,1,SHARE,6777416,K,Sasfin Holdings Limited2.pdf
31401,CA37959M2031,Global Gaming Technologies Corp,0,2010.0,USA,37959M203,20111230.0,CAN,00CHCN-E,64.99,US OTC,@NA,CA37959M2031,37959M20,Global Gaming Technologies Corp.,1.0,BLKCF-US,1,SHARE,BJQ1Y96,K,Global Gaming Technologies Corp.1.pdf
8955,GB0031348658,Barclays PLC,1,,GBR,G08036124,20141103.0,GBR,05H4C8-E,66.12,SIX SWISS,@NA,GB0031348658,313486,Barclays PLC,1.0,BARC-CH,0,SHARE,BRTM7V5,K,Barclays PLC1.pdf
13393,CA1360691010,Canadian Imperial Bank of Commerce,1,1961.0,CAN,136069101,19990205.0,CAN,001VG4-E,64.19,FRANKFURT,@NA,CA1360691010,217052,Canadian Imperial Bank of Commerce,1.0,CAI-DE,0,SHARE,5619694,K,Canadian Imperial Bank of Commerce1.pdf
77859,FI4000062195,Taaleri Plc,1,2007.0,FIN,X8T3H4111,20130424.0,FIN,08BDC8-E,66.3,OMX NORDIC HELSINKI,TAALA-FI,FI4000062195,B975ZB,Taaleri Plc,1.0,TAALA-FI,1,SHARE,B975ZB6,K,Taaleri Plc1.pdf
8375,ARBVAL3024G2,Banco De Valores,1,1978.0,ARG,P1S09F710,20000203.0,ARG,06LK09-E,64.19,BUENOS AIRES,VALO-AR,ARBVAL3024G2,BJLD2Z,Banco De Valores,1.0,VALO-AR,1,SHARE,BJLD2Z9,K,Banco De Valores1.pdf
54124,GB00BM8PJY71,NatWest Group Plc,1,1968.0,GBR,G6422B147,20030813.0,GBR,0030BD-E,64.19,US OTC,@NA,GB00BM8PJY71,BM8PJY,NatWest Group Plc,1.0,RBSPF-US,0,SHARE,BMBW923,K,NatWest Group Plc1.pdf
37638,SG2D00968206,Hutchison Port Holdings Trust,1,2011.0,SGP,Y3780D104,20120402.0,SGP,0BKJC8-E,64.3,SINGAPORE,@NA,SG2D00968206,B56ZM7,Hutchison Port Holdings Trust,1.0,@NA,0,SHARE,B7TDJS9,K,Hutchison Port Holdings Trust3.pdf
8099,BH0004652895,Bahrain Commercial Facilities Company BSC,1,1983.0,BHR,M1573S109,19960212.0,BHR,006ZDD-E,64.92,BAHRAIN,BCFC-BH,BH0004652895,607149,Bahrain Commercial Facilities Company BSC,1.0,BCFC-BH,1,SHARE,6071497,K,Bahrain Commercial Facilities Company BSC1.pdf
87223,INE837E01019,Winro Commercial (India) Ltd,0,1983.0,IND,Y96593101,20050929.0,IND,@NA,64.99,BSE INDIA,@NA,INE837E01019,B0573V,Winro Commercial (India) Ltd,1.0,512022-IN,0,SHARE,B0573V7,K,Winro Commercial (India) Ltd2.pdf
76162,US8618961085,StoneX Group Inc.,1,1987.0,USA,861896108,19950213.0,USA,0013QC-E,66.12,NASDAQ,SNEX-US,US8618961085,86189610,StoneX Group Inc.,1.0,SNEX-US,1,SHARE,BMQ8XV3,K,StoneX Group Inc.1.pdf
65560,US7580541008,Redwood Group International,0,2000.0,USA,758054100,20021031.0,USA,@NA,66.12,US OTC,@NA,US7580541008,75805410,Redwood Group International,1.0,RDWD-US,1,SHARE,B4V4VZ0,K,Redwood Group International1.pdf
82183,US8983492047,TrustCo Bank Corp NY,1,1902.0,USA,898349204,19841105.0,USA,000XY7-E,64.19,NASDAQ,TRST-US,US8983492047,89834920,TrustCo Bank Corp NY,1.0,TRST-US,1,SHARE,BN0ZBP7,K,TrustCo Bank Corp NY1.pdf
22394,GB00BY9D0Y18,Direct Line Insurance Group Plc,0,1988.0,GBR,G2871V114,,GBR,0988T6-E,65.12,BERNE,@NA,GB00BY9D0Y18,BY9D0Y,Direct Line Insurance Group Plc,1.0,D1LN-CH,0,SHARE,BHSRZ95,K,Direct Line Insurance Group Plc1.pdf
68485,ZAE000070660,Sanlam Limited,1,1918.0,ZAF,S7302C137,19981130.0,ZAF,05HWML-E,65.12,JSE,SLM-ZA,ZAE000070660,B0L675,Sanlam Limited,1.0,SLM-ZA,1,SHARE,B0L6750,K,Sanlam Limited2.pdf
66252,ZAE000244737,RH Bophelo Ltd.,1,2016.0,ZAF,S6992Y102,20170712.0,ZAF,@NA,64.99,JSE,@NA,ZAE000244737,BF0K74,RH Bophelo Ltd.,1.0,RHB-ZA,1,SHARE,BF0K747,K,RH Bophelo Ltd.1.pdf
78565,FDS09VYW,Tatra banka a.s.,1,1990.0,SVK,FDS09VYW2,,SVK,05TN3V-E,64.19,@NA,@NA,@NA,724043,Tatra banka a.s.,1.0,@NA,0,SHARE,@NA,K,Tatra banka a.s.1.pdf
17500,US1729674242,Citigroup Inc.,1,1812.0,USA,172967424,20191202.0,USA,0027L0-E,64.19,MILAN,@NA,US1729674242,17296742,Citigroup Inc.,1.0,CIT.U-IT,0,SHARE,B8GQ7Q2,K,Citigroup Inc.2.pdf
18502,INE274M01026,Comfort Fincap Ltd.,1,1982.0,IND,Y1670N117,20130325.0,IND,@NA,64.92,BSE INDIA,@NA,INE274M01026,BR0WYX,Comfort Fincap Ltd.,1.0,535267-IN,1,SHARE,BR0WYX5,K,Comfort Fincap Ltd.1.pdf
28289,US3377381088,"Fiserv, Inc.",1,1984.0,USA,337738108,20060224.0,USA,000KJ3-E,66.19,LONDON,@NA,US3377381088,33773810,"Fiserv, Inc.",1.0,0IP9-GB,0,SHARE,B0ZSHX0,K,"Fiserv, Inc.1.pdf"
40877,JO2102511018,Islamic Insurance Co.,1,1996.0,JOR,M5733W108,19990429.0,JOR,@NA,66.22,AMMAN,TIIC-JO,JO2102511018,645118,Islamic Insurance Co.,1.0,TIIC-JO,1,SHARE,6451185,K,Islamic Insurance Co.2.pdf
44607,FDS1CSMW,Kingswood Acquisition Corp.,1,2020.0,USA,FDS1CSMW6,,USA,@NA,64.99,@NA,@NA,@NA,49686110,Kingswood Acquisition Corp.,1.0,@NA,0,SHARE,@NA,K,Kingswood Acquisition Corp.1.pdf
62700,US7443201022,"Prudential Financial, Inc.",1,1875.0,USA,744320102,20180129.0,USA,00371D-E,65.11,LONDON,@NA,US7443201022,74432010,"Prudential Financial, Inc.",1.0,0KRX-GB,0,SHARE,BYZHBZ5,K,"Prudential Financial, Inc.1.pdf"
62595,FDS1NRE1,Prosus N.V.,1,1997.0,NLD,FDS1NRE13,,NLD,08C30P-E,64.99,@NA,@NA,@NA,BJDS7L,Prosus N.V.,1.0,@NA,0,SHARE,@NA,K,Prosus N.V.1.pdf
86615,US9497461015,Wells Fargo & Company,1,1852.0,USA,949746101,20141106.0,USA,000RGR-E,64.19,LONDON,@NA,US9497461015,94974610,Wells Fargo & Company,1.0,0R2F-GB,0,SHARE,BSJC9N8,K,Wells Fargo & Company1.pdf
26862,CA30163L1031,Exelerate Capital Corp.,1,2018.0,CAN,30163L103,20190610.0,CAN,@NA,64.99,TSX VENTURE,@NA,CA30163L1031,30163L10,Exelerate Capital Corp.,1.0,XCAP.P-CA,1,SHARE,BJTN2Q2,K,Exelerate Capital Corp.2.pdf
32251,FDSFAE32,"GP Investments, Ltd.",1,1993.0,LUX,FDSFAE325,,BMU,06JLZM-E,64.99,@NA,@NA,@NA,B16CKW,"GP Investments, Ltd.",1.0,@NA,0,SHARE,@NA,K,"GP Investments, Ltd.1.pdf"
37047,GB0005405286,HSBC Holdings Plc,1,1959.0,GBR,G4634U169,20141117.0,GBR,002J95-E,64.19,HONG KONG CONNECT  - SHANGHAI,5-HSC,GB0005405286,054052,HSBC Holdings Plc,1.0,@NA,0,SHARE,BP3RVM1,K,HSBC Holdings Plc2.pdf
69575,PHY7571C1000,Security Bank Corp. (Philippines),1,1951.0,PHL,Y7571C100,19950720.0,PHL,05J4BQ-E,64.19,PHILIPPINES,SECB-PH,PHY7571C1000,679233,Security Bank Corp. (Philippines),1.0,SECB-PH,1,SHARE,6792334,K,Security Bank Corp. (Philippines)2.pdf
83659,SG1J21887414,UOB-Kay Hian Holdings Limited,1,1970.0,SGP,Y92991101,20001023.0,SGP,05J0NW-E,66.12,SINGAPORE,U10-SG,SG1J21887414,629438,UOB-Kay Hian Holdings Limited,1.0,U10-SG,1,SHARE,6294380,K,UOB-Kay Hian Holdings Limited1.pdf
82014,CA89679A2092,Trisura Group Ltd.,1,2006.0,CAN,89679A209,20170622.0,CAN,0GVBWF-E,65.12,US OTC,@NA,CA89679A2092,BFNJQX,Trisura Group Ltd.,1.0,TRRSF-US,0,SHARE,BYWPWZ9,K,Trisura Group Ltd.1.pdf
49578,GB00BD8SLV43,Marlowe Plc,1,2016.0,GBR,G5840S104,20071026.0,GBR,0G3PVV-E,64.99,LONDON,MRL-GB,GB00BD8SLV43,BD8SLV,Marlowe Plc,1.0,MRL-GB,1,SHARE,BD8SLV4,K,Marlowe Plc1.pdf
42467,INE356F01017,Jindal Capital Limited,0,1994.0,IND,Y4442V102,20041124.0,IND,@NA,64.3,BSE INDIA,@NA,INE356F01017,B04GKP,Jindal Capital Limited,1.0,530405-IN,0,SHARE,B04GKP8,K,Jindal Capital Limited2.pdf
21848,DE0008019001,Deutsche Pfandbriefbank AG,1,1997.0,DEU,D1R83Y100,20180508.0,DEU,05G6F2-E,64.19,US OTC,@NA,DE0008019001,BYM691,Deutsche Pfandbriefbank AG,1.0,PBBGF-US,0,SHARE,BF2FHS4,K,Deutsche Pfandbriefbank AG3.pdf
17525,US1746101054,"Citizens Financial Group, Inc.",1,1828.0,USA,174610105,20180119.0,USA,05K8PY-E,64.19,LONDON,@NA,US1746101054,17461010,"Citizens Financial Group, Inc.",1.0,0HYP-GB,0,SHARE,BYZHHS0,K,"Citizens Financial Group, Inc.3.pdf"
64693,BMG7371X1065,R&Q Insurance Holdings Ltd,1,1991.0,GBR,G7371X106,20200812.0,BMU,0D7DG3-E,66.22,US OTC,@NA,BMG7371X1065,BBL4RK,R&Q Insurance Holdings Ltd,1.0,RQIHF-US,0,SHARE,BBM58C7,K,R&Q Insurance Holdings Ltd1.pdf
90399,ZW0009011611,Zimre Holdings Limited,1,1983.0,ZWE,V98988104,20090317.0,ZWE,06KWTH-E,66.22,ZIMBABWE,ZIMR-ZW,ZW0009011611,628266,Zimre Holdings Limited,1.0,ZIMR-ZW,1,SHARE,6282664,K,Zimre Holdings Limited1.pdf
39884,INE512D01028,Intellivate Capital Ventures Limited,1,1982.0,IND,Y4098N123,20080527.0,IND,@NA,64.99,BSE INDIA,@NA,INE512D01028,B2QVGM,Intellivate Capital Ventures Limited,1.0,506134-IN,1,SHARE,B2QVGM4,K,Intellivate Capital Ventures Limited1.pdf
39758,BBP5622P1043,Insurance Corporation of Barbados Ltd,1,1994.0,BRB,P5622P120,,BRB,@NA,65.11,BARBADOS,@NA,BBP5622P1043,B4V6KM,Insurance Corporation of Barbados Ltd,1.0,ICBL-BB,1,SHARE,B4V6KM6,K,Insurance Corporation of Barbados Ltd1.pdf
44606,US4969042021,Kingsway Financial Services Inc,1,1989.0,USA,496904202,20010712.0,USA,00281P-E,65.11,NYSE,KFS-US,US4969042021,49690420,Kingsway Financial Services Inc,1.0,KFS-US,1,SHARE,BGNQ6J7,K,Kingsway Financial Services Inc1.pdf
75087,NO0006000207,SpareBank 1 Sorost-Norge,1,1859.0,NOR,R83248105,19940606.0,NOR,07GFKN-E,64.19,OSLO,SOON-NO,NO0006000207,480935,SpareBank 1 Sorost-Norge,1.0,SOON-NO,1,SHARE,4809355,K,SpareBank 1 Sorost-Norge1.pdf
19212,EE3100007857,Coop Pank AS,1,1997.0,EST,X1898W106,20191210.0,EST,0JB75N-E,64.19,OMX BALTIC TALLINN,CPA1T-EE,EE3100007857,B04CK6,Coop Pank AS,1.0,CPA1T-EE,1,SHARE,B04CK67,K,Coop Pank AS1.pdf
60874,INE746D01014,Pioneer Investcorp Limited,1,1985.0,IND,Y69821117,20040102.0,IND,06D0P3-E,66.12,BSE INDIA,507864-IN,INE746D01014,672644,Pioneer Investcorp Limited,1.0,507864-IN,1,SHARE,6726441,K,Pioneer Investcorp Limited2.pdf
6906,MEATBARA1PG6,Atlas Banka a.d,0,2002.0,@NA,V0R74H118,,MNE,06GYQP-E,64.19,MONTENEGRO,@NA,MEATBARA1PG6,B79DNV,Atlas Banka a.d,1.0,ATBA-ME,0,SHARE,B79DNV0,K,Atlas Banka a.d2.pdf
32546,US3909051076,"Great Southern Bancorp, Inc.",1,1923.0,USA,390905107,19891215.0,USA,00159P-E,64.19,NASDAQ,GSBC-US,US3909051076,39090510,"Great Southern Bancorp, Inc.",1.0,GSBC-US,1,SHARE,2387002,K,"Great Southern Bancorp, Inc.1.pdf"
67070,CA7800871021,Royal Bank of Canada,1,1864.0,CAN,780087102,19841105.0,CAN,0018FV-E,64.19,TORONTO,RY-CA,CA7800871021,275438,Royal Bank of Canada,1.0,RY-CA,1,SHARE,2754383,K,Royal Bank of Canada1.pdf
23558,AU0000117343,E&P Financial Group Ltd.,1,2015.0,AUS,Q3547F102,20180514.0,AUS,0HWS0B-E,66.3,ASX,@NA,AU0000117343,BMCV9Z,E&P Financial Group Ltd.,1.0,EP1-AU,1,SHARE,BMCV9Z2,K,E&P Financial Group Ltd.1.pdf
28138,BG1100106050,First Investment Bank AD,1,1993.0,BGR,X3031M102,20070712.0,BGR,05XF66-E,64.19,BULGARIA,FIB-BG,BG1100106050,B1XVBR,First Investment Bank AD,1.0,FIB-BG,1,SHARE,B1XVBR0,K,First Investment Bank AD1.pdf
12699,GG00BMGYLN96,Burford Capital Limited,1,2009.0,GBR,G17977110,20150401.0,GBR,00C72Y-E,64.99,NYSE,BUR-US,GG00BMGYLN96,BMGYLN,Burford Capital Limited,1.0,BUR-US,0,SHARE,BMHLZ26,K,Burford Capital Limited2.pdf
16832,BMG2108M2182,Chinese Estates Holdings Ltd.,1,1989.0,HKG,G2108M218,19881109.0,HKG,05J1FL-E,66.12,HONG KONG,127-HK,BMG2108M2182,619118,Chinese Estates Holdings Ltd.,1.0,127-HK,1,SHARE,6191180,K,Chinese Estates Holdings Ltd.3.pdf
22191,KYG2760V1005,Differ Group Auto Limited,1,2012.0,HKG,G2760V100,20220309.0,CHN,0DGBZ0-E,64.92,HONG KONG CONNECT - SHENZHEN,@NA,KYG2760V1005,BH576T,Differ Group Auto Limited,1.0,@NA,0,SHARE,BN942C9,K,Differ Group Auto Limited1.pdf
73099,SG1S02002305,Sing Investments & Finance Limited,1,1964.0,SGP,V8210K100,19851101.0,SGP,05JBYH-E,64.92,SINGAPORE,S35-SG,SG1S02002305,681186,Sing Investments & Finance Limited,1.0,S35-SG,1,SHARE,6811864,K,Sing Investments & Finance Limited1.pdf
8632,US0605051046,Bank of America Corp,1,1904.0,USA,060505104,20131118.0,USA,000R3K-E,64.19,COLOMBIA,@NA,US0605051046,06050510,Bank of America Corp,1.0,BAC-CO,0,SHARE,B65LCY7,K,Bank of America Corp1.pdf
87331,AU0000004129,Wisr Ltd.,1,1966.0,AUS,Q98057104,20220927.0,AUS,0FN38K-E,66.19,US OTC,@NA,AU0000004129,BFLV66,Wisr Ltd.,1.0,WSRLF-US,0,SHARE,BL5H2D9,K,Wisr Ltd.1.pdf
86624,INE625G01013,Welspun Enterprises Ltd.,1,1994.0,IND,Y613A1109,20041104.0,IND,0FM5VP-E,64.99,BSE INDIA,532553-IN,INE625G01013,B03QWC,Welspun Enterprises Ltd.,1.0,532553-IN,1,SHARE,B03QWC0,K,Welspun Enterprises Ltd.2.pdf
43475,GB00BYQCS703,Kanabo Group Plc,1,2016.0,GBR,G8353R109,20170517.0,GBR,@NA,64.99,LONDON,@NA,GB00BYQCS703,BYQCS7,Kanabo Group Plc,1.0,KNB-GB,1,SHARE,BYQCS70,K,Kanabo Group Plc1.pdf
57846,FDS1873A,Onex Corporation,1,1984.0,CAN,FDS1873A6,,CAN,001C89-E,66.3,@NA,@NA,@NA,265951,Onex Corporation,1.0,@NA,0,SHARE,@NA,K,Onex Corporation1.pdf
28031,US3186861023,"First Bancshares, Inc.",1,1982.0,USA,318686102,20060626.0,USA,0BKL9F-E,64.19,US OTC,@NA,US3186861023,31868610,"First Bancshares, Inc.",1.0,FIBH-US,1,SHARE,2086729,K,"ServisFirst Bancshares, Inc.1.pdf"
8147,KYG0706A1076,Baiying Holdings Group Ltd.,1,2010.0,HKG,G0706A107,20180718.0,CHN,0HS7KM-E,64.92,HONG KONG,@NA,KYG0706A1076,BMF5Q4,Baiying Holdings Group Ltd.,1.0,8525-HK,1,SHARE,BMF5Q49,K,Baiying Holdings Group Ltd.2.pdf
81492,FDS0XON7,"Tradeweb Markets, Inc.",1,1996.0,USA,FDS0XON78,,USA,0KPVQ3-E,66.11,@NA,@NA,@NA,89267210,"Tradeweb Markets, Inc.",1.0,@NA,0,SHARE,@NA,K,"Tradeweb Markets, Inc.1.pdf"
75092,NO0010887110,Sparebank 68 grader nord,1,1926.0,NOR,R8170X105,20210812.0,NOR,0KHT4H-E,64.19,OSLO,SB68-NO,NO0010887110,BP2P0J,Sparebank 68 grader nord,1.0,SB68-NO,1,SHARE,BP2P0J6,K,Sparebank 68 grader nord2.pdf
12391,FDS1N476,Brookfield Business Corp.,1,2021.0,CAN,FDS1N4761,,USA,@NA,64.99,@NA,@NA,@NA,BP960C,Brookfield Business Corp.,1.0,@NA,0,SHARE,@NA,K,Brookfield Business Corp.1.pdf
37213,BMG4643L1019,Huarong International Financial Holdings Limited,1,1993.0,HKG,G4643L101,20061114.0,HKG,05JQ67-E,66.3,FRANKFURT,@NA,BMG4643L1019,BYW83K,Huarong International Financial Holdings Limited,1.0,93W-DE,0,SHARE,BMHJ5P3,K,Huarong International Financial Holdings Limited2.pdf
71313,FDS09O63,Shengjing Bank Co. Ltd.,1,1997.0,HKG,FDS09O633,,CHN,07H3PB-E,64.19,@NA,@NA,@NA,BTF7ZR,Shengjing Bank Co. Ltd.,1.0,@NA,0,SHARE,@NA,K,Shengjing Bank Co. Ltd.3.pdf
50703,NO0006001908,Melhus Sparebank,1,1840.0,NOR,R4416Y106,19981111.0,NOR,0060FV-E,64.19,OSLO,MELG-NO,NO0006001908,556808,Melhus Sparebank,1.0,MELG-NO,1,SHARE,5568086,K,Melhus Sparebank1.pdf
18939,ZAE000073128,Conduit Capital Ltd,0,1998.0,ZAF,S1814C107,20150424.0,ZAF,@NA,65.11,US OTC,@NA,ZAE000073128,617794,Conduit Capital Ltd,1.0,CNCPF-US,0,SHARE,BN70832,K,Conduit Capital Ltd1.pdf
61783,SI0021110513,Pozavarovalnica Sava d.d.,1,1977.0,SVN,X6919C104,20220621.0,SVN,06KLND-E,65.11,LONDON,@NA,SI0021110513,B3B20Y,Pozavarovalnica Sava d.d.,1.0,0MSR-GB,0,SHARE,B46KQX6,K,Pozavarovalnica Sava d.d.1.pdf
62332,DE0006223407,ProCredit Holding AG & Co. KGaA,1,1998.0,DEU,D61977100,20161222.0,DEU,068R86-E,64.19,XETRA,PCZ-DE,DE0006223407,BYZCP6,ProCredit Holding AG & Co. KGaA,1.0,PCZ-DE,1,SHARE,BYZCP69,K,ProCredit Holding AG & Co. KGaA1.pdf
35501,CA42328X1042,Helios Fairfax Partners Corp.,1,2016.0,CAN,42328X104,,CAN,0GQV27-E,64.99,TORONTO,@NA,CA42328X1042,BNG23G,Helios Fairfax Partners Corp.,1.0,HFPC.USD-CA,1,SHARE,BNG23G7,K,Helios Fairfax Partners Corp.1.pdf
69225,CH0001319265,Schweizerische Nationalbank,1,1907.0,CHE,H73554109,19850102.0,CHE,05J5GV-E,64.19,SIX SWISS,SNBN-CH,CH0001319265,478140,Schweizerische Nationalbank,1.0,SNBN-CH,1,SHARE,4781408,K,Schweizerische Nationalbank3.pdf
39140,INE886A01014,Industrial Investment Trust Limited,1,1933.0,IND,Y4061M128,19961017.0,IND,05V98Y-E,66.12,BSE INDIA,@NA,INE886A01014,645294,Industrial Investment Trust Limited,1.0,501295-IN,1,SHARE,6452940,K,Industrial Investment Trust Limited1.pdf
36966,INE001A01036,Housing Development Finance Corporation Limited,1,1977.0,IND,Y37246207,19931102.0,IND,05HX0K-E,66.19,BSE INDIA,500010-IN,INE001A01036,617190,Housing Development Finance Corporation Limited,1.0,500010-IN,1,SHARE,6171900,K,Housing Development Finance Corporation Limited2.pdf
86808,FDS1GC1Q,"Western Securities Co., Ltd.",1,2001.0,CHN,FDS1GC1Q3,,CHN,05QMVL-E,66.12,@NA,@NA,@NA,B819M0,"Western Securities Co., Ltd.",1.0,@NA,0,SHARE,@NA,K,"Western Securities Co., Ltd.3.pdf"
66737,FDS18UB9,"Rocket Companies, Inc.",1,1985.0,USA,FDS18UB99,,USA,0MJFM3-E,64.91,@NA,@NA,@NA,77311W10,"Rocket Companies, Inc.",1.0,@NA,0,SHARE,@NA,K,"Rocket Companies, Inc.1.pdf"
57074,NZNZXE0001S7,NZX Limited,1,2002.0,NZL,Q7018C118,20080226.0,NZL,05WMZJ-E,66.11,US OTC,@NA,NZNZXE0001S7,662315,NZX Limited,1.0,NZSTF-US,0,SHARE,B2N9V59,K,NZX Limited2.pdf
71339,HK0218001102,Shenwan Hongyuan (H.K.) Limited,1,1972.0,HKG,Y7743N125,20061114.0,HKG,05J57K-E,66.12,FRANKFURT,@NA,HK0218001102,666002,Shenwan Hongyuan (H.K.) Limited,1.0,WAY-DE,0,SHARE,B1HHNB2,K,Shenwan Hongyuan (H.K.) Limited1.pdf
38023,CA45075E1043,iA Financial Corporation Inc.,1,1892.0,CAN,45075E104,20000204.0,CAN,0KHBJ0-E,66.3,TORONTO,IAG-CA,CA45075E1043,BJ2ZH3,iA Financial Corporation Inc.,1.0,IAG-CA,1,SHARE,BJ2ZH37,K,iA Financial Corporation Inc.1.pdf
14114,BMG1932V3035,CASH Financial Services Group Ltd,1,1972.0,HKG,G1932V303,20001215.0,HKG,05JQHC-E,66.12,HONG KONG,510-HK,BMG1932V3035,BP2SMK,CASH Financial Services Group Ltd,1.0,510-HK,1,SHARE,BP2SMK0,K,CASH Financial Services Group Ltd1.pdf
80390,KYG8903A1013,Times Neighborhood Holdings Ltd.,1,2019.0,HKG,G8903A101,20191219.0,CHN,0LFFN8-E,64.99,HONG KONG,9928-HK,KYG8903A1013,BL3HKC,Times Neighborhood Holdings Ltd.,1.0,9928-HK,1,SHARE,BL3HKC6,K,Times Neighborhood Holdings Ltd.2.pdf
8687,FDS0RGNB,"Bank of Gansu Co., Ltd.",1,2011.0,HKG,FDS0RGNB3,,CHN,0G1X9Z-E,64.19,@NA,@NA,@NA,BFFJZP,"Bank of Gansu Co., Ltd.",1.0,@NA,0,SHARE,@NA,K,"Bank of Gansu Co., Ltd.1.pdf"
18490,US2003401070,Comerica Incorporated,1,1973.0,USA,200340107,19841105.0,USA,000F01-E,64.19,NYSE,CMA-US,US2003401070,20034010,Comerica Incorporated,1.0,CMA-US,1,SHARE,2212870,K,Comerica Incorporated1.pdf
81805,IL0011328858,Trendlines Group Ltd.,1,2007.0,SGP,M8824L106,20211008.0,ISR,079K16-E,66.3,US OTC,@NA,IL0011328858,BZ3F8T,Trendlines Group Ltd.,1.0,TRNGF-US,0,SHARE,BD8F3W0,K,Trendlines Group Ltd.1.pdf
33123,US40051Y1091,"Grupo International, Inc.",0,1998.0,USA,40051Y109,19900412.0,CAN,@NA,64.2,US OTC,@NA,US40051Y1091,40051Y10,"Grupo International, Inc.",1.0,GRPI-US,1,SHARE,B8FSHM5,K,"Grupo International, Inc.2.pdf"
8531,TH0042010007,Bangkok Insurance Public Co. Ltd.,1,1947.0,THA,Y0607V127,19880802.0,THA,05J2SF-E,65.12,THAILAND,BKI-TH,TH0042010007,607897,Bangkok Insurance Public Co. Ltd.,1.0,BKI-TH,1,SHARE,6078971,K,Bangkok Insurance Public Co. Ltd.1.pdf
55363,INE276H01013,Nidhi Granites Ltd.,1,1981.0,IND,Y63492105,20080512.0,IND,@NA,66.11,BSE INDIA,@NA,INE276H01013,B2QVH1,Nidhi Granites Ltd.,1.0,512103-IN,1,SHARE,B2QVH10,K,Nidhi Granites Ltd.1.pdf
71917,US78423F1012,Shi Corporation,0,1979.0,USA,78423F101,19860912.0,USA,@NA,64.99,US OTC,@NA,US78423F1012,78423F10,Shi Corporation,1.0,SHCC-US,1,SHARE,2811307,K,Shi Corporation3.pdf
38399,PK0069401013,IGI Life Insurance Limited,1,1952.0,PAK,Y3875H101,19950627.0,PAK,@NA,65.11,PAKISTAN STOCK EXCHANGE,@NA,PK0069401013,602604,IGI Life Insurance Limited,1.0,IGIL-PK,1,SHARE,6026044,K,IGI Life Insurance Limited1.pdf
1620,NL0000303709,Aegon N.V.,1,1844.0,NLD,N00927298,19891002.0,NLD,05H9FH-E,65.11,EURONEXT AMSTERDAM,AGN-NL,NL0000303709,592737,Aegon N.V.,1.0,AGN-NL,1,SHARE,5927375,K,Aegon N.V.1.pdf
28991,HK0656038673,Fosun International Limited,1,1992.0,HKG,Y2618Y108,20070716.0,CHN,009DQF-E,65.11,HONG KONG,656-HK,HK0656038673,B1Z7FX,Fosun International Limited,1.0,656-HK,1,SHARE,B1Z7FX0,K,Fosun International Limited1.pdf
83138,LK0306N00007,Union Bank of Colombo PLC,1,1995.0,LKA,Y9060M102,20110329.0,LKA,0BHMBR-E,64.19,COLOMBO,UBC.N0000-LK,LK0306N00007,B4QXH3,Union Bank of Colombo PLC,1.0,UBC.N0000-LK,1,SHARE,B4QXH32,K,Union Bank of Colombo PLC1.pdf
6353,BMG0533U2355,Asia Standard International Group Limited,1,1984.0,HKG,G0533U235,19920123.0,HKG,05J345-E,68.1,HONG KONG,129-HK,BMG0533U2355,605458,Asia Standard International Group Limited,1.0,129-HK,1,SHARE,6054584,L,Asia Standard International Group Limited1.pdf
45205,SG2G85000005,KOP Limited,1,1994.0,SGP,Y7542B116,20060323.0,SGP,0082FQ-E,68.1,SINGAPORE,5I1-SG,SG2G85000005,BM4NPV,KOP Limited,1.0,5I1-SG,1,SHARE,BM4NPV4,L,KOP Limited1.pdf
41880,KYG5139V1077,Jiande International Holdings Ltd.,1,2000.0,HKG,G5139V107,20001229.0,HKG,0GV72C-E,68.31,HONG KONG,865-HK,KYG5139V1077,BDGHXC,Jiande International Holdings Ltd.,1.0,865-HK,1,SHARE,BDGHXC8,L,Jiande International Holdings Ltd.1.pdf
13724,MYL5180TO003,Capitaland Malaysia Trust,1,2010.0,MYS,Y1122W103,20100716.0,MYS,09VP15-E,68.2,MALAYSIA,5180-MY,MYL5180TO003,B3RZ1Q,Capitaland Malaysia Trust,1.0,5180-MY,1,SHARE,B3RZ1Q1,L,Capitaland Malaysia Trust3.pdf
51858,KR7357250000,"Miraeasset Maps REIT 1 Co., Ltd.",1,2019.0,KOR,Y604QR104,20200805.0,KOR,0MP2PJ-E,68.2,KOREA,@NA,KR7357250000,BN4PDS,"Miraeasset Maps REIT 1 Co., Ltd.",1.0,357250-KR,1,SHARE,BN4PDS0,L,"Miraeasset Maps REIT 1 Co., Ltd.1.pdf"
64497,BG1100102059,Quantum Developments REIT,0,2005.0,BGR,X6994L102,20180104.0,BGR,@NA,68.2,LONDON,@NA,BG1100102059,B0T9VT,Quantum Developments REIT,1.0,0I83-GB,0,SHARE,B28LH63,L,Quantum Developments REIT2.pdf
59795,AU000000PPC5,Peet Limited,1,1895.0,AUS,Q73763106,20040805.0,AUS,006FTW-E,68.1,ASX,PPC-AU,AU000000PPC5,B01QLP,Peet Limited,1.0,PPC-AU,1,SHARE,B01QLP8,L,Peet Limited1.pdf
36414,VN000000CII6,Ho Chi Minh City Infrastructure Investment JSC,1,2001.0,VNM,Y32322102,20070912.0,VNM,06JZ5N-E,68.31,VIETNAM,CII-VN,VN000000CII6,B16GKN,Ho Chi Minh City Infrastructure Investment JSC,1.0,CII-VN,1,SHARE,B16GKN1,L,Ho Chi Minh City Infrastructure Investment JSC3.pdf
5951,KYG0583P1028,Art Group Holdings Ltd.,1,2003.0,HKG,G0583P102,20030910.0,HKG,0065G3-E,68.2,HONG KONG,565-HK,KYG0583P1028,BD5F4Z,Art Group Holdings Ltd.,1.0,565-HK,1,SHARE,BD5F4Z3,L,Art Group Holdings Ltd.1.pdf
29638,TW0006219009,Full Wang International Development Co. Ltd.,1,1997.0,TWN,Y8897Q104,20030226.0,TWN,06QR18-E,68.31,TAIPEI,6219-TW,TW0006219009,658651,Full Wang International Development Co. Ltd.,1.0,6219-TW,1,SHARE,6586515,L,Full Wang International Development Co. Ltd.2.pdf
32338,TH0538A10Z04,Grand Canal Land Public Co. Ltd.,1,1985.0,THA,Y2844L151,19960304.0,THA,09R0MS-E,68.31,THAILAND,GLAND-TH,TH0538A10Z04,657513,Grand Canal Land Public Co. Ltd.,1.0,GLAND-TH,1,SHARE,6575137,L,Grand Canal Land Public Co. Ltd.1.pdf
6186,FDS0I2BW,Aseana Properties Limited,1,2006.0,GBR,FDS0I2BW1,,GBR,06M02T-E,68.1,@NA,@NA,@NA,B1RZDJ,Aseana Properties Limited,1.0,@NA,0,SHARE,@NA,L,Aseana Properties Limited1.pdf
4538,US03464Y1082,"Angel Oak Mortgage REIT, Inc.",1,2018.0,USA,03464Y108,20210617.0,USA,0KL55Q-E,68.2,NYSE,AOMR-US,US03464Y1082,03464Y10,"Angel Oak Mortgage REIT, Inc.",1.0,AOMR-US,1,SHARE,BMFZKV4,L,"Angel Oak Mortgage REIT, Inc.1.pdf"
77495,HK0000063609,Swire Properties Limited,1,1972.0,HKG,Y83191109,20141117.0,HKG,06132B-E,68.32,HONG KONG CONNECT  - SHANGHAI,1972-HSC,HK0000063609,B67C2G,Swire Properties Limited,1.0,@NA,0,SHARE,BP3RQX7,L,Swire Properties Limited1.pdf
19594,INE695B01025,Country Condo's Limited,1,1987.0,IND,Y0132B109,20080717.0,IND,@NA,68.1,BSE INDIA,@NA,INE695B01025,B03J16,Country Condo's Limited,1.0,531624-IN,1,SHARE,B03J166,L,Country Condo's Limited1.pdf
14226,SE0001664707,Catena AB,1,1987.0,SWE,W2356E100,20160630.0,SWE,06FTCX-E,68.32,LONDON,@NA,SE0001664707,B131GJ,Catena AB,1.0,0GVS-GB,0,SHARE,B290BJ0,L,Catena AB1.pdf
84808,DE000A2YPDD0,VIB Vermoegen AG,1,2000.0,DEU,D8789N121,20051128.0,DEU,069TJM-E,68.32,XETRA,VIH1-DE,DE000A2YPDD0,BH4GH6,VIB Vermoegen AG,1.0,VIH1-DE,1,SHARE,BH4GH67,L,VIB Vermoegen AG1.pdf
40561,MYL5249OO007,IOI Properties Group Bhd.,1,2013.0,MYS,Y417A6104,20140115.0,MYS,0DJ1V3-E,68.1,MALAYSIA,5249-MY,MYL5249OO007,BH7JFJ,IOI Properties Group Bhd.,1.0,5249-MY,1,SHARE,BH7JFJ2,L,IOI Properties Group Bhd.2.pdf
5358,JO3108211017,Arab East Investment,1,1995.0,JOR,M1360R108,20030813.0,JOR,065JQH-E,68.1,AMMAN,AEIV-JO,JO3108211017,667787,Arab East Investment,1.0,AEIV-JO,1,SHARE,6677873,L,Arab East Investment1.pdf
35304,US42250P1030,"Healthpeak Properties, Inc.",1,1985.0,USA,42250P103,19850523.0,USA,000LKT-E,68.2,NYSE,PEAK-US,US42250P1030,42250P10,"Healthpeak Properties, Inc.",1.0,PEAK-US,1,SHARE,BJBLRK3,L,"Healthpeak Properties, Inc.1.pdf"
52140,MYL8893OO009,MK Land Holdings Bhd.,1,1978.0,MYS,Y6133A131,19940118.0,MYS,05J2L5-E,68.1,MALAYSIA,8893-MY,MYL8893OO009,668011,MK Land Holdings Bhd.,1.0,8893-MY,1,SHARE,6680116,L,MK Land Holdings Bhd.2.pdf
42366,MYL8923OO004,Jiankun International Bhd,1,1983.0,MYS,Y8585F105,19940118.0,MYS,@NA,68.1,MALAYSIA,8923-MY,MYL8923OO004,618579,Jiankun International Bhd,1.0,8923-MY,1,SHARE,6185796,L,Jiankun International Bhd1.pdf
83421,AU000000UOS4,United Overseas Australia Ltd,1,1987.0,AUS,Q9317H103,20071219.0,AUS,06HKBK-E,68.1,SINGAPORE,@NA,AU000000UOS4,691675,United Overseas Australia Ltd,1.0,EH5-SG,0,SHARE,B2NDKB0,L,United Overseas Australia Ltd3.pdf
35592,INE0AJG01018,Hemisphere Properties India Ltd.,1,2005.0,IND,Y3127U108,20201022.0,IND,@NA,68.31,BSE INDIA,@NA,INE0AJG01018,BJVQH7,Hemisphere Properties India Ltd.,1.0,543242-IN,1,SHARE,BJVQH75,L,Hemisphere Properties India Ltd.1.pdf
23937,SG1DA7000003,EC World Real Estate Investment Trust,1,2015.0,SGP,Y2245K109,20160728.0,SGP,0GF0BC-E,68.2,SINGAPORE,BWCU-SG,SG1DA7000003,BD3DS8,EC World Real Estate Investment Trust,1.0,BWCU-SG,1,SHARE,BD3DS80,L,EC World Real Estate Investment Trust1.pdf
72112,KYG812901018,"Shinsun Holdings (Group) Co. , Ltd.",1,1995.0,HKG,G81290101,20201118.0,CHN,0MFC3K-E,68.1,HONG KONG,2599-HK,KYG812901018,BMCKSQ,"Shinsun Holdings (Group) Co. , Ltd.",1.0,2599-HK,1,SHARE,BMCKSQ3,L,"Shinsun Holdings (Group) Co. , Ltd.1.pdf"
7484,US0534841012,"AvalonBay Communities, Inc.",1,1978.0,USA,053484101,19940311.0,USA,000CNK-E,68.2,NYSE,AVB-US,US0534841012,05348410,"AvalonBay Communities, Inc.",1.0,AVB-US,1,SHARE,2131179,L,"AvalonBay Communities, Inc.1.pdf"
27124,DE000A0MW975,Fair Value REIT-AG,1,2004.0,DEU,D2714M100,20121121.0,DEU,06YQXB-E,68.2,LONDON,@NA,DE000A0MW975,B298W3,Fair Value REIT-AG,1.0,0NAG-GB,0,SHARE,B29HR26,L,Fair Value REIT-AG1.pdf
13709,KYG8763X1189,Capital World Ltd.,1,2013.0,SGP,G8763X118,20140730.0,SGP,0H0VWN-E,68.1,SINGAPORE,1D5-SG,KYG8763X1189,BD3765,Capital World Ltd.,1.0,1D5-SG,1,SHARE,BD37655,L,Capital World Ltd.1.pdf
45772,TW0002505005,"Kuo Yang Construction Co., Ltd.",1,1972.0,TWN,Y50571101,19900626.0,TWN,05J5KZ-E,68.1,TAIWAN,2505-TW,TW0002505005,649780,"Kuo Yang Construction Co., Ltd.",1.0,2505-TW,1,SHARE,6497800,L,"Kuo Yang Construction Co., Ltd.1.pdf"
51618,KYG6130M1042,Million Cities Holdings Ltd.,1,2016.0,HKG,G6130M104,20181220.0,HKG,0JQLVR-E,68.1,HONG KONG,@NA,KYG6130M1042,BHX9J5,Million Cities Holdings Ltd.,1.0,2892-HK,1,SHARE,BHX9J50,L,Million Cities Holdings Ltd.3.pdf
88881,SG1O24911883,Ying Li International Real Estate Limited,1,1993.0,SGP,Y8103H104,20030728.0,SGP,07HL2W-E,68.1,SINGAPORE,5DM-SG,SG1O24911883,667151,Ying Li International Real Estate Limited,1.0,5DM-SG,1,SHARE,6671518,L,Ying Li International Real Estate Limited1.pdf
4188,JP3167440001,"AMG HOLDINGS CO.,LTD.",1,1986.0,JPN,J8659X104,20010719.0,JPN,06G52C-E,68.31,TOKYO,@NA,JP3167440001,637075,"AMG HOLDINGS CO.,LTD.",1.0,8891-JP,1,SHARE,6370752,L,"AMG HOLDINGS CO.,LTD.2.pdf"
62133,ROPRIBACNOR1,Primcom SA,1,1991.0,ROU,X6S29P102,20090227.0,ROU,@NA,68.32,BUCHAREST SPOT,@NA,ROPRIBACNOR1,B3KYK8,Primcom SA,1.0,PRIB-RO,1,SHARE,B3KYK80,L,Primcom SA1.pdf
44612,KYG5267M1015,Kingwell Group Limited,1,2000.0,HKG,G5267M101,20010517.0,HKG,05WRTM-E,68.1,HONG KONG,1195-HK,KYG5267M1015,635234,Kingwell Group Limited,1.0,1195-HK,1,SHARE,6352341,L,Kingwell Group Limited1.pdf
20215,CA1264621006,CT Real Estate Investment Trust,1,2013.0,CAN,126462100,20161201.0,CAN,00FPF4-E,68.2,US OTC,@NA,CA1264621006,BFSRSC,CT Real Estate Investment Trust,1.0,CTRRF-US,0,SHARE,BYWF6Y6,L,CT Real Estate Investment Trust1.pdf
14684,KYG207681001,Central China Real Estate Limited,1,1992.0,HKG,G20768100,20080606.0,HKG,00B7YG-E,68.1,HONG KONG,832-HK,KYG207681001,B2RDS3,Central China Real Estate Limited,1.0,832-HK,1,SHARE,B2RDS34,L,Central China Real Estate Limited1.pdf
90218,KYG9898C1024,Zhongliang Holdings Group Company Limited,1,2018.0,HKG,G9898C102,20191216.0,CHN,0K9BRV-E,68.1,HONG KONG CONNECT  - SHANGHAI,2772-HSC,KYG9898C1024,BKKJC8,Zhongliang Holdings Group Company Limited,1.0,@NA,0,SHARE,BL6XTX5,L,Zhongliang Holdings Group Company Limited1.pdf
32154,AU000000GMG2,Goodman Group,1,1989.0,AUS,Q4229W132,20080213.0,AUS,062QWJ-E,68.2,US OTC,@NA,AU000000GMG2,B03FYZ,Goodman Group,1.0,GMGSF-US,0,SHARE,B0VY550,L,Goodman Group1.pdf
28199,SG1U27933225,First Real Estate Investment Trust,1,2006.0,SGP,Y2560E100,20080208.0,SGP,06S6XR-E,68.2,US OTC,@NA,SG1U27933225,B1L0H7,First Real Estate Investment Trust,1.0,FESNF-US,0,SHARE,B1VK179,L,First Real Estate Investment Trust2.pdf
85804,DE000A1ML7J1,Vonovia SE,1,1998.0,DEU,D9581T100,20130711.0,DEU,05VHK5-E,68.32,XETRA,VNA-DE,DE000A1ML7J1,BBJPFY,Vonovia SE,1.0,VNA-DE,1,SHARE,BBJPFY1,L,Vonovia SE1.pdf
62278,EE3100006040,Pro Kapital Grupp AS,1,1994.0,EST,X69797102,20121123.0,EST,08GLY7-E,68.31,OMX BALTIC TALLINN,PKG1T-EE,EE3100006040,B05BRV,Pro Kapital Grupp AS,1.0,PKG1T-EE,1,SHARE,B05BRV7,L,Pro Kapital Grupp AS1.pdf
87582,US98159N1028,Worldwide Holdings Corp.,0,1988.0,USA,98159N102,19890519.0,USA,@NA,68.2,US OTC,@NA,US98159N1028,98159N10,Worldwide Holdings Corp.,1.0,WWDH-US,1,SHARE,2684167,L,Worldwide Holdings Corp.1.pdf
51788,BMG6144P1014,Minmetals Land Limited,1,1991.0,HKG,G6144P101,19920528.0,HKG,003JM0-E,68.1,HONG KONG,230-HK,BMG6144P1014,650847,Minmetals Land Limited,1.0,230-HK,1,SHARE,6508478,L,Minmetals Land Limited2.pdf
4372,VN000000HAR3,An Duong Thao Dien Real Estate Trading Investment JSC,1,2007.0,VNM,Y0122R106,20130117.0,VNM,0CW4TS-E,68.32,VIETNAM,HAR-VN,VN000000HAR3,B99G7P,An Duong Thao Dien Real Estate Trading Investment JSC,1.0,HAR-VN,1,SHARE,B99G7P5,L,An Duong Thao Dien Real Estate Trading Investment JSC2.pdf
83377,SGXC39411175,United Hampshire US Real Estate Investment Trust,1,,SGP,Y92123101,20200312.0,SGP,0M3956-E,68.2,SINGAPORE,ODBU-SG,SGXC39411175,BLH0VB,United Hampshire US Real Estate Investment Trust,1.0,ODBU-SG,1,SHARE,BLH0VB7,L,United Hampshire US Real Estate Investment Trust1.pdf
77502,FDS0E56M,Swiss Estates AG,1,1997.0,CHE,FDS0E56M6,,CHE,009C36-E,68.32,@NA,@NA,@NA,B1KJDP,Swiss Estates AG,1.0,@NA,0,SHARE,@NA,L,Swiss Estates AG2.pdf
25739,NO0010716418,Entra ASA,1,2012.0,NOR,R2R8A2105,20141210.0,NOR,0DX3LP-E,68.32,LONDON,@NA,NO0010716418,BRJ2VC,Entra ASA,1.0,0R3Y-GB,0,SHARE,BT6SJ36,L,Entra ASA1.pdf
26180,KYG319891092,ESR Group Limited,1,2006.0,HKG,G31989109,20210125.0,HKG,0H7R3K-E,68.32,US OTC,@NA,KYG319891092,BHNCRK,ESR Group Limited,1.0,ESRCF-US,0,SHARE,BN4Q112,L,ESR Group Limited1.pdf
4460,PHY7748A1026,"Anchor Land Holdings, Inc.",1,2004.0,PHL,Y7748A102,20070808.0,PHL,06W4H0-E,68.1,PHILIPPINES,ALHI-PH,PHY7748A1026,B23KRX,"Anchor Land Holdings, Inc.",1.0,ALHI-PH,1,SHARE,B23KRX2,L,"Anchor Land Holdings, Inc.2.pdf"
63878,US74460D1090,Public Storage,1,1972.0,USA,74460D109,19841105.0,USA,00101M-E,68.2,NYSE,PSA-US,US74460D1090,74460D10,Public Storage,1.0,PSA-US,1,SHARE,2852533,L,Public Storage2.pdf
32784,KYG4100M1050,Greentown China Holdings Ltd.,1,1995.0,HKG,G4100M105,,CHN,008FF6-E,68.1,US OTC,@NA,KYG4100M1050,B17N9P,Greentown China Holdings Ltd.,1.0,GTWCF-US,0,SHARE,B1BC818,L,Greentown China Holdings Ltd.1.pdf
61305,HK0225001145,Pokfulam Development Co. Ltd.,1,1970.0,HKG,Y70513109,19850102.0,HKG,05JFBY-E,68.32,HONG KONG,225-HK,HK0225001145,669333,Pokfulam Development Co. Ltd.,1.0,225-HK,1,SHARE,6693330,L,Pokfulam Development Co. Ltd.2.pdf
31622,MYL5020OO002,Glomac Bhd.,1,1983.0,MYS,Y27261109,20000613.0,MYS,05K1DY-E,68.1,MALAYSIA,5020-MY,MYL5020OO002,626165,Glomac Bhd.,1.0,5020-MY,1,SHARE,6261652,L,Glomac Bhd.1.pdf
36377,AU0000058943,HMC Capital Limited,1,2008.0,AUS,Q46597102,20191014.0,AUS,0LGFTK-E,68.31,ASX,HMC-AU,AU0000058943,BJRBL6,HMC Capital Limited,1.0,HMC-AU,1,SHARE,BJRBL61,L,HMC Capital Limited1.pdf
33948,SG1R95002270,GuocoLand Limited,1,1976.0,SGP,Y29599100,19850102.0,SGP,05J1S6-E,68.1,SINGAPORE,F17-SG,SG1R95002270,678673,GuocoLand Limited,1.0,F17-SG,1,SHARE,6786735,L,GuocoLand Limited1.pdf
83294,GB0006928617,UNITE Group plc,1,1996.0,GBR,G9283N101,20161116.0,GBR,05J0C0-E,68.32,US OTC,@NA,GB0006928617,069286,UNITE Group plc,1.0,UTGPF-US,0,SHARE,B3BK4M9,L,UNITE Group plc1.pdf
62782,ID1000166309,PT Adhi Commuter Properti Tbk,1,2018.0,IDN,Y002KH109,20220223.0,IDN,0L5ZGV-E,68.1,INDONESIA,ADCP-ID,ID1000166309,BN6NFK,PT Adhi Commuter Properti Tbk,1.0,ADCP-ID,1,SHARE,BN6NFK8,L,PT Adhi Commuter Properti Tbk1.pdf
5718,NZARGE0010S7,Argosy Property Limited,1,2002.0,NZL,Q0525Z126,20021204.0,NZL,0066GZ-E,68.32,NEW ZEALAND,ARG-NZ,NZARGE0010S7,B6ZFBN,Argosy Property Limited,1.0,ARG-NZ,1,SHARE,B6ZFBN1,L,Argosy Property Limited1.pdf
32506,HK0000132420,Great China Holdings (Hong Kong) Limited,1,1954.0,HKG,Y9529X103,19850102.0,HKG,05JG4S-E,68.31,HONG KONG,@NA,HK0000132420,B95DPD,Great China Holdings (Hong Kong) Limited,1.0,21-HK,1,SHARE,B95DPD4,L,Great China Holdings (Hong Kong) Limited1.pdf
22053,OM0000001665,Dhofar Tourism Co. SAOG,1,1993.0,OMN,M28065106,20010309.0,OMN,00BQLT-E,68.32,OMAN,@NA,OM0000001665,626944,Dhofar Tourism Co. SAOG,1.0,DTCS-OM,1,SHARE,6269441,L,Dhofar Tourism Co. SAOG3.pdf
36189,FDS0WMTK,"Hines Global Income Trust, Inc.",1,2013.0,@NA,FDS0WMTK8,,USA,00FPJM-E,68.2,@NA,@NA,@NA,@NA,"Hines Global Income Trust, Inc.",1.0,@NA,0,SHARE,@NA,L,"Hines Global Income Trust, Inc.1.pdf"
19999,SGXC37098255,Cromwell European Real Estate Investment Trust,1,2017.0,SGP,Y1867K124,20180416.0,SGP,0HBQG3-E,68.2,SINGAPORE,@NA,SGXC37098255,BL9YQK,Cromwell European Real Estate Investment Trust,1.0,@NA,0,SHARE,BL9YQM3,L,Cromwell European Real Estate Investment Trust1.pdf
10483,TH8406010000,Bhiraj Office Leasehold Real Estate Investment Trust,1,,THA,Y0885J119,20180123.0,THA,0H9VZQ-E,68.2,THAILAND,BOFFICE-TH,TH8406010000,BDZ9WD,Bhiraj Office Leasehold Real Estate Investment Trust,1.0,BOFFICE-TH,1,SHARE,BDZ9WD9,L,Bhiraj Office Leasehold Real Estate Investment Trust1.pdf
39371,AU000000INA9,Ingenia Communities Group,1,2003.0,AUS,Q4912D185,20200220.0,AUS,0066JF-E,68.2,US OTC,@NA,AU000000INA9,B84GSC,Ingenia Communities Group,1.0,INGEF-US,0,SHARE,BJP0FV3,L,Ingenia Communities Group1.pdf
87255,NZWINE0003S1,Winton Land Limited,1,2009.0,NZL,FDS1QKNT4,20211217.0,NZL,@NA,68.1,ASX,@NA,NZWINE0003S1,BMFSQS,Winton Land Limited,1.0,WTN-AU,0,SHARE,BMFSQT3,L,Winton Land Limited1.pdf
45890,KYG5322R1039,KWG Living Group Holdings Limited,1,2019.0,HKG,G5322R103,20201030.0,CHN,@NA,68.31,HONG KONG,3913-HK,KYG5322R1039,BLPJPQ,KWG Living Group Holdings Limited,1.0,3913-HK,1,SHARE,BLPJPQ9,L,KWG Living Group Holdings Limited1.pdf
32278,HK0108000628,GR Properties Limited,1,1973.0,HKG,Y2896G100,19871126.0,HKG,05JQJS-E,68.31,HONG KONG,@NA,HK0108000628,615149,GR Properties Limited,1.0,108-HK,1,SHARE,6151496,L,GR Properties Limited2.pdf
45240,KR7123890006,KOREA ASSET IN TRUST CO. LTD,1,2001.0,KOR,Y4S1A0101,20160713.0,KOR,090M1Q-E,68.2,KOREA,123890-KR,KR7123890006,BD6NPN,KOREA ASSET IN TRUST CO. LTD,1.0,123890-KR,1,SHARE,BD6NPN1,L,KOREA ASSET IN TRUST CO. LTD1.pdf
7785,MYL5106TO008,Axis Real Estate Investment Trust,1,2005.0,MYS,Y05193100,20050803.0,MYS,066PRK-E,68.2,MALAYSIA,5106-MY,MYL5106TO008,B0CMCL,Axis Real Estate Investment Trust,1.0,5106-MY,1,SHARE,B0CMCL8,L,Axis Real Estate Investment Trust1.pdf
1970,KYG011981035,Agile Group Holdings Limited,1,2005.0,HKG,G01198103,20161205.0,CHN,007T6N-E,68.1,HONG KONG CONNECT - SHENZHEN,3383-SZSC,KYG011981035,B0PR2F,Agile Group Holdings Limited,1.0,@NA,0,SHARE,BD8NMJ4,L,Agile Group Holdings Limited1.pdf
17616,KYG2177B1014,CK Asset Holdings Limited,1,2015.0,HKG,G2177B101,20150608.0,HKG,0FDNKL-E,68.1,US OTC,@NA,KYG2177B1014,BYZQ07,CK Asset Holdings Limited,1.0,CHKGF-US,0,SHARE,BZ60MS0,L,CK Asset Holdings Limited3.pdf
32272,AU000000GPT8,GPT Group,0,1971.0,AUS,Q4252X155,,AUS,060D92-E,68.2,BERNE,@NA,AU000000GPT8,636586,GPT Group,1.0,46T-CH,0,SHARE,BHZLHN8,L,GPT Group1.pdf
32345,LU0775917882,Grand City Properties SA,1,2011.0,DEU,L4459Y100,20170524.0,LUX,0CLB0C-E,68.32,LONDON,@NA,LU0775917882,B8K9X7,Grand City Properties SA,1.0,0RPK-GB,0,SHARE,BF2K2Z1,L,Grand City Properties SA2.pdf
23962,PLECHPS00019,Echo Investment S.A.,1,1994.0,POL,X1896T105,20081021.0,POL,05J4FG-E,68.31,LONDON,@NA,PLECHPS00019,B19HLL,Echo Investment S.A.,1.0,0LTK-GB,0,SHARE,B28GW52,L,Echo Investment S.A.2.pdf
21944,KYG2751H1020,Dexin China Holdings Company Limited,1,1995.0,HKG,G2751H102,20190226.0,CHN,0JZR65-E,68.1,HONG KONG,2019-HK,KYG2751H1020,BJNFPR,Dexin China Holdings Company Limited,1.0,2019-HK,1,SHARE,BJNFPR6,L,Dexin China Holdings Company Limited1.pdf
2928,US0152711091,"Alexandria Real Estate Equities, Inc.",1,1994.0,USA,015271109,19970528.0,USA,001M8L-E,68.2,NYSE,ARE-US,US0152711091,01527110,"Alexandria Real Estate Equities, Inc.",1.0,ARE-US,1,SHARE,2009210,L,"Alexandria Real Estate Equities, Inc.1.pdf"
29672,BG1100036042,Fund Estates REIT,0,2004.0,BGR,X071A9104,20171214.0,BGR,@NA,68.2,LONDON,@NA,BG1100036042,B0WD8K,Fund Estates REIT,1.0,0NU9-GB,0,SHARE,B28FF27,L,Fund Estates REIT3.pdf
72069,KR7404990004,"Shinhan Seobu T&D REIT Co., Ltd.",1,2020.0,KOR,Y77532102,20211210.0,KOR,@NA,68.2,KOREA,404990-KR,KR7404990004,BMHYQX,"Shinhan Seobu T&D REIT Co., Ltd.",1.0,404990-KR,1,SHARE,BMHYQX3,L,"Shinhan Seobu T&D REIT Co., Ltd.1.pdf"
60528,PHY6956R1380,Philippine Realty & Holdings Corporation,1,1981.0,PHL,Y6956R138,19950424.0,PHL,@NA,68.31,PHILIPPINES,RLT-PH,PHY6956R1380,BYY7PF,Philippine Realty & Holdings Corporation,1.0,RLT-PH,1,SHARE,BYY7PF4,L,Philippine Realty & Holdings Corporation1.pdf
48245,GB00B1G5HX72,LSL Property Services plc,1,2004.0,GBR,G571AR102,20061116.0,GBR,008SG2-E,68.31,LONDON,LSL-GB,GB00B1G5HX72,B1G5HX,LSL Property Services plc,1.0,LSL-GB,1,SHARE,B1G5HX7,L,LSL Property Services plc1.pdf
27819,FDS14QV0,"Financial Street Property Co., Limited",1,1994.0,HKG,FDS14QV09,,CHN,@NA,68.31,@NA,@NA,@NA,BLFBX2,"Financial Street Property Co., Limited",1.0,@NA,0,SHARE,@NA,L,"Financial Street Property Co., Limited1.pdf"
22502,US25525P1075,Diversified Healthcare Trust,1,1998.0,USA,25525P107,19991007.0,USA,0029JY-E,68.2,NASDAQ,DHC-US,US25525P1075,25525P10,Diversified Healthcare Trust,1.0,DHC-US,1,SHARE,BKRN595,L,Diversified Healthcare Trust1.pdf
61390,HK0119000674,Poly Property Group Co. Ltd.,1,1973.0,HKG,Y7064G105,19850102.0,HKG,05J4JD-E,68.1,HONG KONG,119-HK,HK0119000674,622098,Poly Property Group Co. Ltd.,1.0,119-HK,1,SHARE,6220987,L,Poly Property Group Co. Ltd.1.pdf
82508,BW0000000314,Turnstar Holdings Limited,1,2002.0,BWA,V8853F103,20040120.0,BWA,06WM3Z-E,68.32,BOTSWANA,@NA,BW0000000314,673177,Turnstar Holdings Limited,1.0,TURNSTAR-BW,1,SHARE,6731779,L,Turnstar Holdings Limited1.pdf
27057,SE0011166974,Fabege AB,1,1947.0,SWE,W7888D199,20071009.0,SWE,064H2S-E,68.32,FRANKFURT,@NA,SE0011166974,BFM6T3,Fabege AB,1.0,WILC-DE,0,SHARE,BFYGWS0,L,Fabege AB1.pdf
86922,HK0004000045,Wharf (Holdings) Ltd.,1,1886.0,HKG,Y8800U127,20141117.0,HKG,003JR2-E,68.1,HONG KONG CONNECT  - SHANGHAI,4-HSC,HK0004000045,643557,Wharf (Holdings) Ltd.,1.0,@NA,0,SHARE,BP3RR01,L,Wharf (Holdings) Ltd.1.pdf
52605,BE0003853703,MONTEA NV,1,1977.0,BEL,B6214F103,20061017.0,BEL,008PW5-E,68.2,EURONEXT BRUSSELS,MONT-BE,BE0003853703,B1FWD6,MONTEA NV,1.0,MONT-BE,1,SHARE,B1FWD64,L,MONTEA NV1.pdf
76166,ZAE000208963,Stor-Age Property REIT Ltd.,1,2015.0,ZAF,S8T34K107,20151116.0,ZAF,0FWNPP-E,68.2,JSE,SSS-ZA,ZAE000208963,BYPJX2,Stor-Age Property REIT Ltd.,1.0,SSS-ZA,1,SHARE,BYPJX22,L,Stor-Age Property REIT Ltd.2.pdf
81270,PLTWRNV00013,Tower Investments SA,1,2005.0,POL,X9815L103,20160712.0,POL,@NA,68.32,WARSAW,TOW-PL,PLTWRNV00013,BY7RL1,Tower Investments SA,1.0,TOW-PL,1,SHARE,BY7RL19,L,Tower Investments SA1.pdf
78346,US8754651060,"Tanger Factory Outlet Centers, Inc.",1,1981.0,USA,875465106,20180129.0,USA,000X6S-E,68.2,LONDON,@NA,US8754651060,87546510,"Tanger Factory Outlet Centers, Inc.",1.0,0LD4-GB,0,SHARE,BG060B0,L,"Tanger Factory Outlet Centers, Inc.1.pdf"
29131,TH6172010006,Frasers Property Thailand Industrial Freehold & Leasehold REIT,1,2014.0,THA,Y8812J102,20150109.0,THA,0F0KSD-E,68.2,THAILAND,FTREIT-TH,TH6172010006,BV9DDJ,Frasers Property Thailand Industrial Freehold & Leasehold REIT,1.0,FTREIT-TH,1,SHARE,BV9DDJ6,L,Frasers Property Thailand Industrial Freehold & Leasehold REIT2.pdf
65551,KYG7459A1013,Redsun Properties Group Ltd.,1,1999.0,HKG,G7459A101,20180712.0,CHN,0JBS7B-E,68.1,HONG KONG,1996-HK,KYG7459A1013,BG20RZ,Redsun Properties Group Ltd.,1.0,1996-HK,1,SHARE,BG20RZ3,L,Redsun Properties Group Ltd.1.pdf
32907,GG00BMDHST63,Grit Real Estate Income Group Limited,1,2012.0,GBR,G41036107,20150331.0,MUS,0CQTBX-E,68.32,MAURITIUS,DEL.USD-MU,GG00BMDHST63,BMDHST,Grit Real Estate Income Group Limited,1.0,DEL.USD-MU,0,SHARE,BMBSDG3,L,Grit Real Estate Income Group Limited1.pdf
1599,BE0003851681,Aedifica SA,0,2005.0,BEL,B0130A108,,BEL,008PX8-E,68.2,EURONEXT AMSTERDAM,@NA,BE0003851681,B1G5XP,Aedifica SA,1.0,@NA,0,SHARE,BJXT7X8,L,Aedifica SA1.pdf
47109,SG1AH9000002,LHN Limited,1,1991.0,SGP,Y5274J109,20171229.0,SGP,0FDNJZ-E,68.32,HONG KONG,@NA,SG1AH9000002,BWTV88,LHN Limited,1.0,1730-HK,0,SHARE,BD96B84,L,LHN Limited1.pdf
58692,LK0133N00005,Overseas Realty (Ceylon) Plc,1,1980.0,LKA,Y6589S107,19930128.0,LKA,06J3BF-E,68.1,COLOMBO,OSEA.N0000-LK,LK0133N00005,666359,Overseas Realty (Ceylon) Plc,1.0,OSEA.N0000-LK,1,SHARE,6663593,L,Overseas Realty (Ceylon) Plc1.pdf
34413,GB00BK7YQK64,Hammerson plc,1,1940.0,GBR,G4273Q164,19850102.0,GBR,05HM7N-E,68.2,LONDON,HMSO-GB,GB00BK7YQK64,BK7YQK,Hammerson plc,1.0,HMSO-GB,1,SHARE,BK7YQK6,L,Hammerson plc1.pdf
15289,TH0696010Z05,Charn Issara Development Public Co. Ltd.,1,1989.0,THA,Y1295G133,20021216.0,THA,05TJQ1-E,68.1,THAILAND,CI-TH,TH0696010Z05,BCRVWT,Charn Issara Development Public Co. Ltd.,1.0,CI-TH,1,SHARE,BCRVWT2,L,Charn Issara Development Public Co. Ltd.2.pdf
54837,US6496048405,"New York Mortgage Trust, Inc.",1,2003.0,USA,649604840,20040624.0,USA,005B20-E,68.2,NASDAQ,NYMT-US,US6496048405,64960484,"New York Mortgage Trust, Inc.",1.0,NYMT-US,1,SHARE,BR4NQJ4,L,"New York Mortgage Trust, Inc.2.pdf"
51902,GB00BF52QY14,Mirriad Advertising plc,1,2015.0,GBR,G6192S106,20171219.0,GBR,@NA,73.11,LONDON,MIRI-GB,GB00BF52QY14,BF52QY,Mirriad Advertising plc,1.0,MIRI-GB,1,SHARE,BF52QY1,M,Mirriad Advertising plc1.pdf
1597,SGXE57819042,Aedge Group Limited,1,2000.0,SGP,Y2260N103,20201214.0,SGP,0M5ZXX-E,71.12,SINGAPORE,@NA,SGXE57819042,BKVKQS,Aedge Group Limited,1.0,XVG-SG,1,SHARE,BKVKQS8,M,Aedge Group Limited1.pdf
62474,IT0005425365,Promotica S.P.A.,1,2003.0,ITA,T7S661102,20201127.0,ITA,0HQLLJ-E,73.11,MILAN,PMT-IT,IT0005425365,BMYDK9,Promotica S.P.A.,1.0,PMT-IT,1,SHARE,BMYDK97,M,Promotica S.P.A.3.pdf
75320,TW0006146004,Sporton International Inc.,1,1986.0,TWN,Y8129X109,20020123.0,TWN,0641S3-E,71.2,TAIPEI,6146-TW,TW0006146004,643138,Sporton International Inc.,1.0,6146-TW,1,SHARE,6431381,M,Sporton International Inc.1.pdf
23053,AU000000DOW2,Downer EDI Limited,1,1933.0,AUS,Q32623151,19910215.0,AUS,05HR5C-E,71.12,ASX,DOW-AU,AU000000DOW2,646557,Downer EDI Limited,1.0,DOW-AU,1,SHARE,6465573,M,Downer EDI Limited1.pdf
26787,SE0002402701,Ework Group AB,1,2000.0,SWE,W3287L106,20170411.0,SWE,077KSC-E,74.9,LONDON,@NA,SE0002402701,B2R89B,Ework Group AB,1.0,0MCB-GB,0,SHARE,B61D8G1,M,Ework Group AB1.pdf
34061,US0936711052,"H&R Block, Inc.",1,1955.0,USA,093671105,20180129.0,USA,000LCV-E,69.2,LONDON,@NA,US0936711052,09367110,"H&R Block, Inc.",1.0,0HOB-GB,0,SHARE,BYZHFF3,M,"H&R Block, Inc.2.pdf"
22591,INE07L501010,DMR Hydroengineering & Infrastructures Ltd.,1,2009.0,IND,Y208AB106,20211207.0,IND,@NA,71.12,BSE INDIA,@NA,INE07L501010,BM8F3R,DMR Hydroengineering & Infrastructures Ltd.,1.0,543410-IN,1,SHARE,BM8F3R8,M,DMR Hydroengineering & Infrastructures Ltd.1.pdf
27002,US30234L1089,Ezagoo Limited,1,2018.0,USA,30234L108,20200213.0,CHN,0KD8BB-E,73.11,US OTC,@NA,US30234L1089,30234L10,Ezagoo Limited,1.0,EZOO-US,1,SHARE,BLJMMF2,M,Ezagoo Limited2.pdf
87590,AU000000WOR2,Worley Limited,1,1971.0,AUS,Q9858A103,20040512.0,AUS,05KYZD-E,71.12,US OTC,@NA,AU000000WOR2,656247,Worley Limited,1.0,WYGPF-US,0,SHARE,B04KKL6,M,Worley Limited1.pdf
15846,KYG2124M1015,China Conch Environment Protection Holdings Ltd.,1,2020.0,HKG,G2124M101,20230314.0,CHN,@NA,74.9,HONG KONG CONNECT  - SHANGHAI,@NA,KYG2124M1015,BNM1NF,China Conch Environment Protection Holdings Ltd.,1.0,@NA,0,SHARE,BNZJ198,M,China Conch Environment Protection Holdings Ltd.1.pdf
76100,US8608372020,"Stinger Systems, Inc.",0,1996.0,USA,860837202,20041111.0,USA,@NA,72.11,US OTC,@NA,US8608372020,86083720,"Stinger Systems, Inc.",1.0,STYS-US,1,SHARE,B03NQY1,M,"Stinger Systems, Inc.2.pdf"
14357,FDSFD941,CCID Consulting Co. Ltd.,1,2001.0,HKG,FDSFD9414,,CHN,@NA,70.22,@NA,@NA,@NA,657179,CCID Consulting Co. Ltd.,1.0,@NA,0,SHARE,@NA,M,CCID Consulting Co. Ltd.1.pdf
6362,SG2B95959500,Asia Vets Holdings Ltd.,1,2010.0,SGP,Y806B0100,20100719.0,SGP,09WVRW-E,75.0,SINGAPORE,5RE-SG,SG2B95959500,B4KLGT,Asia Vets Holdings Ltd.,1.0,5RE-SG,1,SHARE,B4KLGT1,M,Asia Vets Holdings Ltd.1.pdf
10212,DE0005232805,Bertrandt AG,1,1996.0,DEU,D1014N107,19961002.0,DEU,05J29B-E,71.12,XETRA,BDT-DE,DE0005232805,513086,Bertrandt AG,1.0,BDT-DE,1,SHARE,5130861,M,Bertrandt AG2.pdf
43939,MYQ0151OO009,Kelington Group Bhd.,1,1999.0,MYS,Y4594C100,20091125.0,MYS,00C8L9-E,71.12,MALAYSIA,0151-MY,MYQ0151OO009,B59L1C,Kelington Group Bhd.,1.0,0151-MY,1,SHARE,B59L1C7,M,Kelington Group Bhd.1.pdf
60800,US72302T1007,"Pineapple Express, Inc.",1,1983.0,USA,72302T100,19981015.0,USA,002Q2V-E,74.9,US OTC,@NA,US72302T1007,72302T10,"Pineapple Express, Inc.",1.0,PNPL-US,1,SHARE,BYTC156,M,"Pineapple Express, Inc.1.pdf"
7135,GB0000617950,Aukett Swanke Group Plc,1,1987.0,GBR,G0625Y137,19880303.0,GBR,009MKQ-E,71.11,LONDON,AUK-GB,GB0000617950,006179,Aukett Swanke Group Plc,1.0,AUK-GB,1,SHARE,0061795,M,Aukett Swanke Group Plc1.pdf
28524,US3434121022,Fluor Corporation,1,1912.0,USA,343412102,20180123.0,USA,0035XX-E,71.12,LONDON,@NA,US3434121022,34341210,Fluor Corporation,1.0,0IQC-GB,0,SHARE,BYZH5N1,M,Fluor Corporation1.pdf
36883,KYG4612W1042,Hospital Corporation of China Ltd,1,2014.0,HKG,G4612W104,20170316.0,CHN,0GCN9V-E,70.1,HONG KONG,3869-HK,KYG4612W1042,BF0BR0,Hospital Corporation of China Ltd,1.0,3869-HK,1,SHARE,BF0BR06,M,Hospital Corporation of China Ltd3.pdf
29336,GB00BL9BW044,FRP Advisory Group Plc,1,2019.0,GBR,G371BX103,20200306.0,GBR,0LV1SN-E,70.22,LONDON,FRP-GB,GB00BL9BW044,BL9BW0,FRP Advisory Group Plc,1.0,FRP-GB,1,SHARE,BL9BW04,M,FRP Advisory Group Plc1.pdf
38772,KYG857AT1018,Imperium Financial Group Limited,1,2000.0,HKG,G857AT101,20001214.0,HKG,05JPW6-E,75.0,HONG KONG,8029-HK,KYG857AT1018,BFCLBV,Imperium Financial Group Limited,1.0,8029-HK,1,SHARE,BFCLBV3,M,Imperium Financial Group Limited1.pdf
23972,FDS1KPOL,ECIT AS,1,2013.0,NOR,FDS1KPOL5,,NOR,0GK2Q4-E,69.2,@NA,@NA,@NA,BNXFRC,ECIT AS,1.0,@NA,0,SHARE,@NA,M,ECIT AS1.pdf
50539,FDS1SJ57,"Mega-Info Media Co., Ltd.",1,2007.0,CHN,FDS1SJ573,,CHN,@NA,73.11,@NA,@NA,@NA,BPF0MK,"Mega-Info Media Co., Ltd.",1.0,@NA,0,SHARE,@NA,M,"Mega-Info Media Co., Ltd.1.pdf"
74551,MYQ0093OO003,Solution Group Bhd,1,2004.0,MYS,Y806A9102,20050801.0,MYS,@NA,72.11,MALAYSIA,@NA,MYQ0093OO003,B0CMCS,Solution Group Bhd,1.0,0093-MY,1,SHARE,B0CMCS5,M,Solution Group Bhd1.pdf
22245,JP3197730009,"Digital Holdings, Inc.",1,1994.0,JPN,J61659108,20040213.0,JPN,05ZT6W-E,73.11,TOKYO,2389-JP,JP3197730009,673139,"Digital Holdings, Inc.",1.0,2389-JP,1,SHARE,6731393,M,"Digital Holdings, Inc.2.pdf"
29793,US36114R1077,"FutureNet, Inc.",0,1996.0,USA,36114R107,19960912.0,USA,@NA,74.9,US OTC,@NA,US36114R1077,36114R10,"FutureNet, Inc.",1.0,FUUN-US,0,SHARE,2110316,M,"FutureNet, Inc.1.pdf"
82597,KYG9143C1050,Twintek Investment Holdings Ltd.,1,2017.0,HKG,G9143C105,20180117.0,HKG,0H5HLX-E,71.12,HONG KONG,@NA,KYG9143C1050,BFNNRX,Twintek Investment Holdings Ltd.,1.0,6182-HK,1,SHARE,BFNNRX2,M,Twintek Investment Holdings Ltd.1.pdf
59621,FDS1JT9A,"Paymentus Holdings, Inc.",1,2004.0,USA,FDS1JT9A0,,USA,@NA,69.2,@NA,@NA,@NA,70439P10,"Paymentus Holdings, Inc.",1.0,@NA,0,SHARE,@NA,M,"Paymentus Holdings, Inc.2.pdf"
73620,INE429F01012,SKIL Infrastructure Limited,1,1983.0,IND,Y36774100,20080218.0,IND,0GXYT4-E,71.12,NSE INDIA,@NA,INE429F01012,B2PLZ0,SKIL Infrastructure Limited,1.0,SKIL-IN,1,SHARE,B2PLZ06,M,SKIL Infrastructure Limited2.pdf
86459,NO0010609662,Webstep AS,1,2011.0,NOR,R0R13G101,20171011.0,NOR,05M7M2-E,74.9,OSLO,WSTEP-NO,NO0010609662,BYWKX9,Webstep AS,1.0,WSTEP-NO,1,SHARE,BYWKX95,M,Webstep AS1.pdf
80025,US8860292064,"Thryv Holdings, Inc.",1,2012.0,USA,886029206,20170405.0,USA,0D4F9Z-E,73.11,NASDAQ,THRY-US,US8860292064,88602920,"Thryv Holdings, Inc.",1.0,THRY-US,1,SHARE,BMCMWY5,M,"Thryv Holdings, Inc.1.pdf"
81933,US8962881079,"TriNet Group, Inc.",1,1988.0,USA,896288107,20140327.0,USA,002VQ2-E,70.22,NYSE,TNET-US,US8962881079,89628810,"TriNet Group, Inc.",1.0,TNET-US,1,SHARE,2693914,M,"TriNet Group, Inc.1.pdf"
81521,AU0000150526,Trajan Group Holdings Ltd,1,2011.0,AUS,Q9172A102,20210607.0,AUS,0NTD7N-E,70.1,ASX,TRJ-AU,AU0000150526,BMXT0M,Trajan Group Holdings Ltd,1.0,TRJ-AU,1,SHARE,BMXT0M9,M,Trajan Group Holdings Ltd1.pdf
69047,NZSCLE0002S8,Scales Corp. Ltd.,1,1897.0,NZL,Q8337X106,20140725.0,NZL,0956S5-E,74.9,NEW ZEALAND,SCL-NZ,NZSCLE0002S8,BNGY4V,Scales Corp. Ltd.,1.0,SCL-NZ,1,SHARE,BNGY4V5,M,Scales Corp. Ltd.1.pdf
10091,US08205P1003,Benitec Biopharma Inc,1,2019.0,USA,08205P100,20120712.0,USA,@NA,72.11,NASDAQ,BNTC-US,US08205P1003,08205P10,Benitec Biopharma Inc,1.0,BNTC-US,1,SHARE,BLR67G2,M,Benitec Biopharma Inc2.pdf
15275,US1598641074,"Charles River Laboratories International, Inc.",1,1947.0,USA,159864107,20000623.0,USA,002Q0C-E,72.11,NYSE,CRL-US,US1598641074,15986410,"Charles River Laboratories International, Inc.",1.0,CRL-US,1,SHARE,2604336,M,"Charles River Laboratories International, Inc.1.pdf"
89475,MYL2283OO009,Zelan Bhd.,1,1976.0,MYS,Y9893B109,19850102.0,MYS,05J9WR-E,71.12,MALAYSIA,2283-MY,MYL2283OO009,690469,Zelan Bhd.,1.0,2283-MY,1,SHARE,6904690,M,Zelan Bhd.1.pdf
45395,KYG5321E1035,KPa-BM Holdings Ltd,1,2015.0,HKG,G5321E103,20151008.0,HKG,0FNJ7P-E,71.12,HONG KONG,@NA,KYG5321E1035,BYTRFF,KPa-BM Holdings Ltd,1.0,2663-HK,1,SHARE,BYTRFF9,M,KPa-BM Holdings Ltd1.pdf
44429,GB0007689002,Kin and Carta Plc,1,1981.0,GBR,G5S68Y106,19851003.0,GBR,05HYZJ-E,74.9,LONDON,KCT-GB,GB0007689002,076890,Kin and Carta Plc,1.0,KCT-GB,1,SHARE,0768900,M,Kin and Carta Plc1.pdf
21052,BMG2751X1314,Daohe Global Group Limited,1,1964.0,HKG,G2751X131,20020510.0,HKG,05JLRV-E,74.9,HONG KONG,915-HK,BMG2751X1314,BF5KDN,Daohe Global Group Limited,1.0,915-HK,1,SHARE,BF5KDN3,M,Daohe Global Group Limited3.pdf
75960,ZAE000123766,Stefanutti Stocks Holdings Limited,1,1971.0,ZAF,S8216R111,20070803.0,ZAF,06VVPS-E,71.12,JSE,SSK-ZA,ZAE000123766,B23N6B,Stefanutti Stocks Holdings Limited,1.0,SSK-ZA,1,SHARE,B23N6B2,M,Stefanutti Stocks Holdings Limited1.pdf
44042,SG1U68934629,Keppel Corporation Limited,1,1968.0,SGP,Y4722Z120,19900731.0,SGP,05HWVR-E,71.12,US OTC,@NA,SG1U68934629,B1VQ5C,Keppel Corporation Limited,1.0,KPELF-US,0,SHARE,B1WT6F8,M,Keppel Corporation Limited1.pdf
32785,KYG4102M1033,"Greentown Management Holdings Co., Ltd.",1,2016.0,HKG,G4102M103,20210927.0,CHN,0M2QPG-E,70.22,US OTC,@NA,KYG4102M1033,BKWGV1,"Greentown Management Holdings Co., Ltd.",1.0,GRMHF-US,0,SHARE,BMXG8C6,M,"Greentown Management Holdings Co., Ltd.1.pdf"
75055,HRSPANRA0007,SPAN d.d.,0,1993.0,HRV,X8T129102,20210923.0,HRV,@NA,74.9,ZAGREB,@NA,HRSPANRA0007,BNKJB6,SPAN d.d.,1.0,SPAN-HR,0,SHARE,BNKJB60,M,SPAN d.d.2.pdf
12384,TH0634B10Z06,Brooker Group Public Co. Ltd.,1,1994.0,THA,Y0975F274,20010917.0,THA,@NA,74.9,THAILAND,BROOK-TH,TH0634B10Z06,BXQ95G,Brooker Group Public Co. Ltd.,1.0,BROOK-TH,1,SHARE,BXQ95G2,M,Brooker Group Public Co. Ltd.1.pdf
58888,KYG9684P1019,Pacific Online Ltd.,1,2007.0,HKG,G9684P101,20080620.0,CHN,@NA,73.11,US OTC,@NA,KYG9684P1019,B29TFJ,Pacific Online Ltd.,1.0,PCOLF-US,0,SHARE,B2PD955,M,Pacific Online Ltd.1.pdf
23268,BMG2R28T1049,DTXS Silk Road Investment Holdings Company Limited,1,1991.0,HKG,G2R28T104,19911104.0,HKG,05JRZL-E,71.12,HONG KONG,620-HK,BMG2R28T1049,BZ8VTX,DTXS Silk Road Investment Holdings Company Limited,1.0,620-HK,1,SHARE,BZ8VTX5,M,DTXS Silk Road Investment Holdings Company Limited1.pdf
42146,FDS1THS6,"Jiangsu Recbio Technology Co., Ltd.",1,2012.0,HKG,FDS1THS63,,CHN,0N3MGY-E,72.11,@NA,@NA,@NA,BLF9BM,"Jiangsu Recbio Technology Co., Ltd.",1.0,@NA,0,SHARE,@NA,M,"Jiangsu Recbio Technology Co., Ltd.1.pdf"
54556,KYG6429L1068,Netjoy Holdings Limited,1,2012.0,HKG,G6429L106,20201217.0,CHN,0MHYXQ-E,73.11,HONG KONG,2131-HK,KYG6429L1068,BMQBXK,Netjoy Holdings Limited,1.0,2131-HK,1,SHARE,BMQBXK1,M,Netjoy Holdings Limited1.pdf
53932,US6353091076,"National CineMedia, Inc.",1,2006.0,USA,635309107,20070208.0,USA,063Y5D-E,73.11,NASDAQ,NCMI-US,US6353091076,63530910,"National CineMedia, Inc.",1.0,NCMI-US,1,SHARE,B1R2N51,M,"National CineMedia, Inc.1.pdf"
12188,KYG136931097,Bright Future Technology Holdings Limited,1,2018.0,HKG,G13693109,20201111.0,CHN,0KTKFR-E,73.11,HONG KONG,@NA,KYG136931097,BNC1DP,Bright Future Technology Holdings Limited,1.0,1351-HK,1,SHARE,BNC1DP7,M,Bright Future Technology Holdings Limited1.pdf
10788,TW0006733009,"BioGend Therapeutics Co., Ltd.",1,2016.0,TWN,Y088DB109,20190618.0,TWN,@NA,72.11,TAIPEI,6733-TW,TW0006733009,BJGWCV,"BioGend Therapeutics Co., Ltd.",1.0,6733-TW,1,SHARE,BJGWCV7,M,"BioGend Therapeutics Co., Ltd.1.pdf"
60205,GB00B0H2K534,Petrofac Limited,1,1981.0,GBR,G7052T101,20150923.0,GBR,05L69W-E,71.12,MEXICO,@NA,GB00B0H2K534,B0H2K5,Petrofac Limited,1.0,PFCN-MX,0,SHARE,BYVZ5Z1,M,Petrofac Limited1.pdf
87425,KYG9737K1094,Wonderful Sky Financial Group Holdings Limited,1,2011.0,HKG,G9737K109,20120330.0,HKG,09SWJB-E,70.21,HONG KONG,1260-HK,KYG9737K1094,B7R6JH,Wonderful Sky Financial Group Holdings Limited,1.0,1260-HK,1,SHARE,B7R6JH9,M,Wonderful Sky Financial Group Holdings Limited1.pdf
37231,SG1AF2000003,Huationg Global Ltd.,1,1983.0,SGP,Y374C1106,20141209.0,SGP,0DZD13-E,71.12,SINGAPORE,@NA,SG1AF2000003,BSVV7F,Huationg Global Ltd.,1.0,41B-SG,1,SHARE,BSVV7F1,M,Huationg Global Ltd.1.pdf
75725,CA85472N1096,Stantec Inc,1,1954.0,CAN,85472N109,20050805.0,CAN,003MYN-E,71.12,NYSE,STN-US,CA85472N1096,285423,Stantec Inc,1.0,STN-US,0,SHARE,B0G11S1,M,Stantec Inc1.pdf
24917,MYQ0090OO009,Elsoft Research Bhd.,1,1996.0,MYS,Y22890100,20050802.0,MYS,@NA,72.11,MALAYSIA,0090-MY,MYQ0090OO009,B0CL69,Elsoft Research Bhd.,1.0,0090-MY,1,SHARE,B0CL691,M,Elsoft Research Bhd.1.pdf
77063,INE268T01015,Supra Pacific Management Consultancy Ltd.,0,1986.0,IND,Y8T06Y112,20161028.0,IND,0GMCC2-E,69.2,BSE INDIA,@NA,INE268T01015,BYYDML,Supra Pacific Management Consultancy Ltd.,1.0,540168-IN,0,SHARE,BYYDML7,M,Supra Pacific Management Consultancy Ltd.3.pdf
9953,US0778271033,Beliss Corp.,0,2016.0,USA,077827103,20180820.0,USA,0H8WFV-E,70.22,US OTC,@NA,US0778271033,07782710,Beliss Corp.,1.0,BLIS-US,0,SHARE,BFCMWD5,M,Beliss Corp.1.pdf
65288,CA75526E1060,React Gaming Group Inc,1,2001.0,CAN,75526E106,20020401.0,CAN,07JPC7-E,73.11,TSX VENTURE,@NA,CA75526E1060,BP92TG,React Gaming Group Inc,1.0,RGG-CA,1,SHARE,BP92TG0,M,React Gaming Group Inc1.pdf
46532,INE0I7C01011,Latent View Analytics Limited,1,2006.0,IND,Y5S9BG105,20211123.0,IND,@NA,70.22,BSE INDIA,543398-IN,INE0I7C01011,BPG97T,Latent View Analytics Limited,1.0,543398-IN,1,SHARE,BPG97T3,M,Latent View Analytics Limited2.pdf
83290,JP3949550002,Unite & Grow Inc.,1,2005.0,JPN,J9426G101,20191218.0,JPN,07MRF7-E,74.9,TOKYO,4486-JP,JP3949550002,BL4KJ6,Unite & Grow Inc.,1.0,4486-JP,1,SHARE,BL4KJ61,M,Unite & Grow Inc.1.pdf
53063,MYL5085OO005,Mudajaya Group Bhd.,1,2003.0,MYS,Y61390103,20040510.0,MYS,064KF6-E,71.12,MALAYSIA,5085-MY,MYL5085OO005,B01252,Mudajaya Group Bhd.,1.0,5085-MY,1,SHARE,B012521,M,Mudajaya Group Bhd.1.pdf
58731,GB00BDFBVT43,Oxford BioMedica plc,1,1996.0,GBR,G6836F189,19961213.0,GBR,05J4ZN-E,72.11,LONDON,OXB-GB,GB00BDFBVT43,BDFBVT,Oxford BioMedica plc,1.0,OXB-GB,1,SHARE,BDFBVT4,M,Oxford BioMedica plc1.pdf
53079,MYL5703OO003,Muhibbah Engineering (M) Bhd.,1,1972.0,MYS,Y6151L100,19940330.0,MYS,05JBS8-E,71.12,MALAYSIA,5703-MY,MYL5703OO003,660930,Muhibbah Engineering (M) Bhd.,1.0,5703-MY,1,SHARE,6609304,M,Muhibbah Engineering (M) Bhd.1.pdf
59610,US7043261079,"Paychex, Inc.",1,1971.0,USA,704326107,19841105.0,USA,000T67-E,69.2,NASDAQ,PAYX-US,US7043261079,70432610,"Paychex, Inc.",1.0,PAYX-US,1,SHARE,2674458,M,"Paychex, Inc.1.pdf"
61212,JP3832700003,Plus Alpha Consulting Co. LTD.,1,2006.0,JPN,J63934103,20210630.0,JPN,@NA,74.9,TOKYO,4071-JP,JP3832700003,BMYGJG,Plus Alpha Consulting Co. LTD.,1.0,4071-JP,1,SHARE,BMYGJG6,M,Plus Alpha Consulting Co. LTD.1.pdf
50128,INE748A01016,McNally Bharat Engineering Co. Ltd.,1,1961.0,IND,Y59353105,20030109.0,IND,05LL30-E,71.12,BSE INDIA,532629-IN,INE748A01016,658244,McNally Bharat Engineering Co. Ltd.,1.0,532629-IN,1,SHARE,6582449,M,McNally Bharat Engineering Co. Ltd.2.pdf
69250,GB00B39GTJ17,Science Group Plc,1,2008.0,GBR,G7863T100,20080708.0,GBR,079S6W-E,70.22,LONDON,SAG-GB,GB00B39GTJ17,B39GTJ,Science Group Plc,1.0,SAG-GB,1,SHARE,B39GTJ1,M,Science Group Plc3.pdf
46108,ZAE000018354,Labat Africa Ltd,1,1995.0,ZAF,S4475H100,19920507.0,ZAF,05JMCJ-E,70.22,JSE,LAB-ZA,ZAE000018354,614649,Labat Africa Ltd,1.0,LAB-ZA,1,SHARE,6146492,M,Labat Africa Ltd1.pdf
88111,US98421H1077,Xinda International Corp.,1,2014.0,USA,98421H107,20160414.0,USA,00GFQN-E,74.9,US OTC,@NA,US98421H1077,98421H10,Xinda International Corp.,1.0,XNDA-US,1,SHARE,BYW6542,M,Xinda International Corp.2.pdf
20405,GB00B2863827,CVS Group plc,1,2007.0,GBR,G27234106,20180323.0,GBR,009NYM-E,75.0,US OTC,@NA,GB00B2863827,B28638,CVS Group plc,1.0,CVSGF-US,0,SHARE,BDG76H4,M,CVS Group plc1.pdf
84560,AU0000125577,Verbrec Ltd,1,1988.0,AUS,Q9394U100,20071211.0,AUS,06ZPPK-E,71.12,ASX,VBC-AU,AU0000125577,BMQ843,Verbrec Ltd,1.0,VBC-AU,1,SHARE,BMQ8432,M,Verbrec Ltd1.pdf
52463,AU000000MND5,Monadelphous Group Limited,0,1972.0,AUS,Q62925104,,AUS,05JD9J-E,71.12,BERNE,@NA,AU000000MND5,660047,Monadelphous Group Limited,1.0,8MP-CH,0,SHARE,BLNP0T7,M,Monadelphous Group Limited1.pdf
89073,TW0006261001,Youngtek Electronics Corporation,1,1991.0,TWN,Y9859Y101,20040302.0,TWN,06F0KZ-E,71.2,TAIPEI,6261-TW,TW0006261001,674437,Youngtek Electronics Corporation,1.0,6261-TW,1,SHARE,6744379,M,Youngtek Electronics Corporation1.pdf
75035,KYG8T08B1025,Space Group Holdings Limited,1,2017.0,HKG,G8T08B102,20180116.0,MAC,0H1T54-E,71.12,HONG KONG,@NA,KYG8T08B1025,BDRHD1,Space Group Holdings Limited,1.0,2448-HK,1,SHARE,BDRHD16,M,Space Group Holdings Limited1.pdf
26729,IL0011050551,Evogene Ltd,0,1999.0,ISR,M4119S104,,ISR,073Y13-E,72.11,STUTTGART,@NA,IL0011050551,B28953,Evogene Ltd,1.0,E3V-DE,0,SHARE,BYXQ1X2,M,Evogene Ltd1.pdf
54764,US64754N1037,New Momentum Corporation,1,1999.0,USA,64754N103,20070713.0,SGP,0034GQ-E,70.1,US OTC,@NA,US64754N1037,64754N10,New Momentum Corporation,1.0,NNAX-US,1,SHARE,BMYJ3J6,M,New Momentum Corporation1.pdf
34290,FDS0OC6Y,"Haitong Unitrust International Financial Leasing Co., Ltd",1,2004.0,HKG,FDS0OC6Y4,,CHN,0BZ2WH-E,74.9,@NA,@NA,@NA,BZ00Y5,"Haitong Unitrust International Financial Leasing Co., Ltd",1.0,@NA,0,SHARE,@NA,M,"Haitong Unitrust International Financial Leasing Co., Ltd1.pdf"
49640,PTMFR0AM0003,Martifer SGPS,1,1990.0,PRT,X52136102,20070627.0,PRT,05WS3M-E,71.12,EURONEXT LISBON,MAR-PT,PTMFR0AM0003,B1Z6KG,Martifer SGPS,1.0,MAR-PT,1,SHARE,B1Z6KG5,M,Martifer SGPS1.pdf
61006,TH6253010008,Plan B Media Public Company Ltd,1,2005.0,THA,Y6987F103,20150217.0,THA,0CX0BR-E,73.11,THAILAND,PLANB-TH,TH6253010008,BVG6VZ,Plan B Media Public Company Ltd,1.0,PLANB-TH,1,SHARE,BVG6VZ0,M,Plan B Media Public Company Ltd1.pdf
44577,TH6934010005,Kingsmen C.M.T.I. Public Co. Ltd.,1,1989.0,THA,Y47970101,20151218.0,THA,0DJDPR-E,71.11,THAILAND,K-TH,TH6934010005,BYXDDG,Kingsmen C.M.T.I. Public Co. Ltd.,1.0,K-TH,1,SHARE,BYXDDG0,M,Kingsmen C.M.T.I. Public Co. Ltd.1.pdf
42724,GB00B5N0P849,John Wood Group PLC,0,1961.0,GBR,G9745T118,,GBR,0012R4-E,70.22,BERNE,@NA,GB00B5N0P849,B5N0P8,John Wood Group PLC,1.0,JWG1-CH,0,SHARE,BKSG344,M,John Wood Group PLC1.pdf
40233,US46113X1046,"Interups, Inc.",0,2012.0,USA,46113X104,20131211.0,USA,@NA,73.11,US OTC,@NA,US46113X1046,46113X10,"Interups, Inc.",1.0,ITUP-US,1,SHARE,BGD7X77,M,"Interups, Inc.1.pdf"
15723,KYG8442C1399,China 33 Media Group Ltd.,1,2002.0,HKG,G8442C139,20110228.0,CHN,@NA,73.11,HONG KONG,8087-HK,KYG8442C1399,BP08K5,China 33 Media Group Ltd.,1.0,8087-HK,1,SHARE,BP08K53,M,China 33 Media Group Ltd.1.pdf
65838,US75962A3032,"Remote Dynamics, Inc.",0,1994.0,USA,75962A303,19950623.0,USA,@NA,74.9,US OTC,RMTD-US,US75962A3032,75962A30,"Remote Dynamics, Inc.",1.0,RMTD-US,1,SHARE,B01SF74,M,"Remote Dynamics, Inc.2.pdf"
10898,US09076E1091,Biosecurity Technology Inc,0,2017.0,USA,09076E109,20200608.0,USA,@NA,74.1,US OTC,@NA,US09076E1091,09076E10,Biosecurity Technology Inc,1.0,BSEC-US,0,SHARE,BP2C945,M,Biosecurity Technology Inc1.pdf
7360,DE000A3E5EC4,auto.de AG,0,,DEU,D0R06G105,20200623.0,DEU,0LZD33-E,74.9,DUESSELDORF,@NA,DE000A3E5EC4,BNRR5H,auto.de AG,1.0,C900-DE,0,SHARE,BNRR5H6,M,auto.de AG3.pdf
49799,US57640Q1085,"Mastermind, Inc.",1,1997.0,USA,57640Q108,20000518.0,USA,060H48-E,73.11,US OTC,@NA,US57640Q1085,57640Q10,"Mastermind, Inc.",1.0,MMND-US,1,SHARE,BG31VX1,M,"Mastermind, Inc.2.pdf"
84392,JP3835500004,VECTOR Inc.,1,1993.0,JPN,J9451V106,20120327.0,JPN,0CGHH3-E,70.21,TOKYO,6058-JP,JP3835500004,B7MTYY,VECTOR Inc.,1.0,6058-JP,1,SHARE,B7MTYY5,M,VECTOR Inc.1.pdf
89458,MYL7028OO003,Zecon Bhd.,1,1985.0,MYS,Y9888J109,19971119.0,MYS,05J9ZR-E,71.12,MALAYSIA,7028-MY,MYL7028OO003,608173,Zecon Bhd.,1.0,7028-MY,1,SHARE,6081731,M,Zecon Bhd.1.pdf
36457,SG1Z21951640,Hock Lian Seng Holdings Limited,1,1969.0,SGP,Y32325105,20091221.0,SGP,08B33Z-E,71.12,SINGAPORE,J2T-SG,SG1Z21951640,B53098,Hock Lian Seng Holdings Limited,1.0,J2T-SG,1,SHARE,B530982,M,Hock Lian Seng Holdings Limited1.pdf
78789,NL0014559478,Technip Energies NV,1,2019.0,FRA,N8486R101,20210216.0,FRA,0LZDB4-E,71.12,EURONEXT PARIS,TE-FR,NL0014559478,BNC011,Technip Energies NV,1.0,TE-FR,1,SHARE,BNC0116,M,Technip Energies NV1.pdf
1249,NO0010844038,Adevinta ASA,1,2018.0,NOR,R0000V110,20200113.0,NOR,0KRF06-E,73.11,US OTC,@NA,NO0010844038,BJ0DP4,Adevinta ASA,1.0,ADEVF-US,0,SHARE,BK9PBB3,M,Adevinta ASA1.pdf
23447,GB00BJMD6M39,DWF Group Plc,1,2018.0,GBR,G29406108,20190311.0,GBR,0F1CJZ-E,69.1,LONDON,DWF-GB,GB00BJMD6M39,BJMD6M,DWF Group Plc,1.0,DWF-GB,1,SHARE,BJMD6M3,M,DWF Group Plc1.pdf
31552,GB00B87ZTG26,GlobalData Plc,1,2000.0,GBR,G3932U103,20050428.0,GBR,07P0RS-E,70.22,FRANKFURT,@NA,GB00B87ZTG26,B87ZTG,GlobalData Plc,1.0,YK6B-DE,0,SHARE,BM9VH17,M,GlobalData Plc1.pdf
76869,SG1B17008288,Sunright Limited,1,1978.0,SGP,Y8301N101,19941213.0,SGP,05JFML-E,71.2,SINGAPORE,S71-SG,SG1B17008288,686854,Sunright Limited,1.0,S71-SG,1,SHARE,6868547,M,Sunright Limited1.pdf
75784,IT0005466195,Star7 S.p.A,1,2004.0,ITA,T9097V113,20211223.0,ITA,0MZVVS-E,71.12,MILAN,STAR7-IT,IT0005466195,BP6PTB,Star7 S.p.A,1.0,STAR7-IT,1,SHARE,BP6PTB7,M,Star7 S.p.A1.pdf
13175,CA12913L2030,Caldwell Partners International Inc.,1,1979.0,CAN,12913L203,20120905.0,CAN,003QF7-E,70.22,US OTC,@NA,CA12913L2030,216395,Caldwell Partners International Inc.,1.0,CWLPF-US,0,SHARE,B3BGXL9,M,Caldwell Partners International Inc.1.pdf
78507,KYG8683B1059,Tat Hong Equipment Service Co. Ltd.,1,2006.0,HKG,G8683B105,20210113.0,CHN,0GWGTJ-E,77.32,HONG KONG,@NA,KYG8683B1059,BMGT3V,Tat Hong Equipment Service Co. Ltd.,1.0,2153-HK,1,SHARE,BMGT3V6,N,Tat Hong Equipment Service Co. Ltd.1.pdf
73497,DE0007231326,Sixt SE,1,1912.0,DEU,D69899116,20141104.0,DEU,05HS3S-E,77.11,SIX SWISS,@NA,DE0007231326,526076,Sixt SE,1.0,SIX2-CH,0,SHARE,BJ053D1,N,Sixt SE1.pdf
22217,US25382T2006,"Digital Ally, Inc.",1,2000.0,USA,25382T200,20050222.0,USA,0618FD-E,82.99,NASDAQ,DGLY-US,US25382T2006,25382T20,"Digital Ally, Inc.",1.0,DGLY-US,1,SHARE,BMX7G70,N,"Digital Ally, Inc.2.pdf"
41042,GB00B0130H42,ITM Power PLC,1,2004.0,GBR,G4985J102,20040611.0,GBR,@NA,82.99,LONDON,ITM-GB,GB00B0130H42,B0130H,ITM Power PLC,1.0,ITM-GB,1,SHARE,B0130H4,N,ITM Power PLC1.pdf
63476,ID1000109705,PT Panorama Sentrawisata Tbk,1,1995.0,IDN,Y7136X110,20010918.0,IDN,06591X-E,79.12,INDONESIA,PANR-ID,ID1000109705,637999,PT Panorama Sentrawisata Tbk,1.0,PANR-ID,1,SHARE,6379997,N,PT Panorama Sentrawisata Tbk1.pdf
75065,US7849331035,"SPAR Group, Inc.",1,1967.0,USA,784933103,19960301.0,USA,002L6L-E,82.99,NASDAQ,SGRP-US,US7849331035,78493310,"SPAR Group, Inc.",1.0,SGRP-US,1,SHARE,2700193,N,"SPAR Group, Inc.1.pdf"
41131,JE00BYVQYS01,IWG Plc,1,1989.0,GBR,G4969N103,20031226.0,CHE,0GQHWZ-E,82.99,US OTC,@NA,JE00BYVQYS01,BYVQYS,IWG Plc,1.0,IWGFF-US,0,SHARE,BYWLMJ1,N,IWG Plc1.pdf
58884,JP3781360007,"Pacific Net Co., Ltd.",1,1988.0,JPN,J63429104,20060220.0,JPN,06D9JQ-E,77.33,TOKYO,3021-JP,JP3781360007,B0X6WC,"Pacific Net Co., Ltd.",1.0,3021-JP,1,SHARE,B0X6WC0,N,"Pacific Net Co., Ltd.2.pdf"
19846,AU000000CCP3,Credit Corp Group Limited,1,1992.0,AUS,Q2980K107,20000906.0,AUS,05WSYD-E,82.91,ASX,CCP-AU,AU000000CCP3,628765,Credit Corp Group Limited,1.0,CCP-AU,1,SHARE,6287658,N,Credit Corp Group Limited1.pdf
35010,US4161962026,"Harte-Hanks, Inc.",1,1923.0,USA,416196202,19931104.0,USA,0022S1-E,82.99,NASDAQ,HHS-US,US4161962026,41619620,"Harte-Hanks, Inc.",1.0,HHS-US,1,SHARE,BFN64W9,N,"Harte-Hanks, Inc.1.pdf"
29914,BW0000000397,G4S Botswana Limited,1,1978.0,BWA,V7707U100,19951212.0,BWA,@NA,80.2,BOTSWANA,@NA,BW0000000397,645880,G4S Botswana Limited,1.0,G4S-BW,1,SHARE,6458807,N,G4S Botswana Limited1.pdf
26921,GB00B19NLV48,Experian PLC,1,1980.0,GBR,G32655105,20190814.0,IRL,008NTK-E,82.91,MEXICO,@NA,GB00B19NLV48,B19NLV,Experian PLC,1.0,EXPNN-MX,0,SHARE,BK8JVV6,N,Experian PLC1.pdf
87163,KYG9700F1110,Windmill Group Ltd.,1,1985.0,HKG,G9700F111,20170418.0,HKG,0GPBKG-E,80.2,HONG KONG,@NA,KYG9700F1110,BPYT7J,Windmill Group Ltd.,1.0,1850-HK,1,SHARE,BPYT7J5,N,Windmill Group Ltd.2.pdf
12917,NGCILEASING2,C&I Leasing PLC,1,1990.0,NGA,V8829Y103,20000502.0,NGA,06P3PV-E,77.12,NIGERIA,@NA,NGCILEASING2,622535,C&I Leasing PLC,1.0,CILEASING-NG,1,SHARE,6225357,N,C&I Leasing PLC1.pdf
58280,KYG6779G1038,Oriental Payment Group Holdings Limited,1,2004.0,HKG,G6779G103,20181016.0,THA,@NA,82.99,HONG KONG,@NA,KYG6779G1038,BD2PF4,Oriental Payment Group Holdings Limited,1.0,8613-HK,1,SHARE,BD2PF42,N,Oriental Payment Group Holdings Limited1.pdf
64868,PLRNBWT00031,Rainbow Tours S.A.,0,1990.0,POL,X6999Q106,20171214.0,POL,06XC42-E,79.12,LONDON,@NA,PLRNBWT00031,B27Y7R,Rainbow Tours S.A.,1.0,0LY3-GB,0,SHARE,B2QBKP5,N,Rainbow Tours S.A.2.pdf
36194,KYG459051093,Hing Ming Holdings Ltd,1,2016.0,HKG,G45905109,20170315.0,HKG,0GC6QB-E,77.39,HONG KONG,@NA,KYG459051093,BF0B38,Hing Ming Holdings Ltd,1.0,8425-HK,1,SHARE,BF0B386,N,Hing Ming Holdings Ltd1.pdf
12468,NL0010776944,Brunel International N.V.,1,1989.0,NLD,N1677J186,19970625.0,NLD,@NA,78.3,EURONEXT AMSTERDAM,BRNL-NL,NL0010776944,BN573R,Brunel International N.V.,1.0,BRNL-NL,1,SHARE,BN573R4,N,Brunel International N.V.1.pdf
62785,ID1000125800,PT Adi Sarana Armada Tbk,1,1999.0,IDN,Y7139B107,20121112.0,IDN,0CV1N4-E,77.11,INDONESIA,ASSA-ID,ID1000125800,B88SVC,PT Adi Sarana Armada Tbk,1.0,ASSA-ID,1,SHARE,B88SVC0,N,PT Adi Sarana Armada Tbk1.pdf
6257,GB00BLH42507,Ashtead Technology Holdings PLC,1,2021.0,GBR,G0609Y103,20211123.0,GBR,0PPNKD-E,77.39,LONDON,AT-GB,GB00BLH42507,BLH425,Ashtead Technology Holdings PLC,1.0,AT-GB,1,SHARE,BLH4250,N,Ashtead Technology Holdings PLC3.pdf
39691,US45778Q1076,"Insperity, Inc.",1,1986.0,USA,45778Q107,19970129.0,USA,001DBB-E,78.3,NYSE,NSP-US,US45778Q1076,45778Q10,"Insperity, Inc.",1.0,NSP-US,1,SHARE,2007281,N,"Insperity, Inc.2.pdf"
5981,PLARTER00016,Arteria S.A.,0,2004.0,POL,X0242W101,20171214.0,POL,06TM0V-E,82.99,LONDON,@NA,PLARTER00016,B1HVPY,Arteria S.A.,1.0,0LRA-GB,0,SHARE,B28F550,N,Arteria S.A.2.pdf
68341,KYG7786R1083,Sanbase Corporation Limited,1,2017.0,HKG,G7786R108,20180104.0,HKG,@NA,82.99,HONG KONG,@NA,KYG7786R1083,BD96C6,Sanbase Corporation Limited,1.0,8501-HK,1,SHARE,BD96C69,N,Sanbase Corporation Limited1.pdf
38075,KYG469041019,IBI Group Holdings Limited,1,2016.0,HKG,G46904101,20161014.0,HKG,0GBNQR-E,82.99,HONG KONG,@NA,KYG469041019,BYWFZR,IBI Group Holdings Limited,1.0,1547-HK,1,SHARE,BYWFZR2,N,IBI Group Holdings Limited1.pdf
65561,KYG7457N1051,Redwood Group Ltd.,1,2010.0,TWN,G7457N105,20110530.0,CYM,@NA,82.99,TAIPEI,8426-TW,KYG7457N1051,B5TFYT,Redwood Group Ltd. (Cayman),1.0,8426-TW,1,SHARE,B5TFYT7,N,Redwood Group Ltd. (Cayman)1.pdf
33185,IT0004195308,Gruppo MutuiOnline S.p.A.,1,2005.0,ITA,T52453106,20071112.0,ITA,06S8PV-E,82.99,LONDON,@NA,IT0004195308,B1Y6V6,Gruppo MutuiOnline S.p.A.,1.0,0O2B-GB,0,SHARE,B2900T3,N,Gruppo MutuiOnline S.p.A.1.pdf
36229,CA43353R1038,"Hire Technologies, Inc.",1,2017.0,CAN,43353R103,20190125.0,CAN,0LS9CP-E,78.1,TSX VENTURE,HIRE-CA,CA43353R1038,BJN4D9,"Hire Technologies, Inc.",1.0,HIRE-CA,1,SHARE,BJN4D91,N,"Hire Technologies, Inc.1.pdf"
59625,US70450Y1038,"PayPal Holdings, Inc.",1,1998.0,USA,70450Y103,20170522.0,USA,00GMSP-E,82.99,VIENNA,@NA,US70450Y1038,70450Y10,"PayPal Holdings, Inc.",1.0,PYPL-AT,0,SHARE,BF1SP68,N,"PayPal Holdings, Inc.1.pdf"
1228,CH0012138605,Adecco Group AG,1,1957.0,CHE,H00392318,19850102.0,CHE,002C2M-E,78.1,SIX SWISS,ADEN-CH,CH0012138605,711072,Adecco Group AG,1.0,ADEN-CH,1,SHARE,7110720,N,Adecco Group AG1.pdf
76223,AU0000026155,Straker Translations Ltd.,1,1999.0,AUS,Q8784V108,20181022.0,NZL,@NA,82.99,ASX,STG-AU,AU0000026155,BGV7DH,Straker Translations Ltd.,1.0,STG-AU,1,SHARE,BGV7DH9,N,Straker Translations Ltd.1.pdf
18937,US2067871036,"Conduent, Inc.",1,2016.0,USA,206787103,20161213.0,USA,0GCKSW-E,82.99,NASDAQ,CNDT-US,US2067871036,20678710,"Conduent, Inc.",1.0,CNDT-US,1,SHARE,BYWLRV8,N,"Conduent, Inc.1.pdf"
23058,KYG2R05A1100,Dowway Holdings Limited,1,2017.0,HKG,G2R05A110,20180612.0,CHN,0HLNPH-E,82.99,HONG KONG,@NA,KYG2R05A1100,BNQNJC,Dowway Holdings Limited,1.0,8403-HK,1,SHARE,BNQNJC8,N,Dowway Holdings Limited1.pdf
20969,MYL3484OO002,Damansara Holdings Bhd.,1,1960.0,MYS,Y1966P107,19860820.0,MYS,05JCCF-E,81.1,MALAYSIA,3484-MY,MYL3484OO002,649045,Damansara Holdings Bhd.,1.0,3484-MY,1,SHARE,6490456,N,Damansara Holdings Bhd.2.pdf
6252,GB0000536739,Ashtead Group plc,1,1984.0,GBR,G05320109,19861208.0,GBR,05J10R-E,77.32,LONDON,AHT-GB,GB0000536739,005367,Ashtead Group plc,1.0,AHT-GB,1,SHARE,0053673,N,Ashtead Group plc1.pdf
24548,AU000000ELD6,Elders Limited,1,1839.0,AUS,Q3414A186,20080424.0,AUS,07N3LP-E,82.99,US OTC,@NA,AU000000ELD6,635785,Elders Limited,1.0,EDRSF-US,0,SHARE,B02NZJ0,N,Elders Limited2.pdf
43630,SE0012323715,Karnov Group AB,1,2015.0,SWE,W5S073100,20200228.0,SWE,0BNR67-E,82.99,LONDON,@NA,SE0012323715,BJBMWP,Karnov Group AB,1.0,0A39-GB,0,SHARE,BL6VNV5,N,Karnov Group AB1.pdf
81564,CA89351T4019,Transat A.T. Inc.,1,1987.0,CAN,89351T401,19930330.0,CAN,003Q64-E,79.12,TORONTO,TRZ-CA,CA89351T4019,BD5WCH,Transat A.T. Inc.,1.0,TRZ-CA,1,SHARE,BD5WCH2,N,Transat A.T. Inc.1.pdf
51980,GB0004657408,MITIE Group PLC,1,1987.0,GBR,G6164F157,20130628.0,GBR,05HZ2V-E,81.21,US OTC,@NA,GB0004657408,046574,MITIE Group PLC,1.0,MITFF-US,0,SHARE,B02SZ62,N,MITIE Group PLC1.pdf
11508,SG9999015267,BOC Aviation Limited,1,1993.0,HKG,Y09292106,20161205.0,SGP,0726SY-E,77.39,HONG KONG CONNECT - SHENZHEN,2588-SZSC,SG9999015267,BYZJV1,BOC Aviation Limited,1.0,@NA,0,SHARE,BD8NLR5,N,BOC Aviation Limited1.pdf
28430,AU000000FLT9,Flight Centre Travel Group Limited,0,1982.0,AUS,Q39175106,,AUS,05HX7S-E,79.11,BERNE,@NA,AU000000FLT9,635214,Flight Centre Travel Group Limited,1.0,FLI-CH,0,SHARE,BMQBNR8,N,Flight Centre Travel Group Limited1.pdf
65422,JP3970300004,"Recruit Holdings Co., Ltd.",1,1960.0,JPN,J6433A101,20210812.0,JPN,05RN7P-E,78.1,MEXICO,@NA,JP3970300004,BQRRZ0,"Recruit Holdings Co., Ltd.",1.0,RCRITN-MX,0,SHARE,BNKD6C3,N,"Recruit Holdings Co., Ltd.2.pdf"
56763,PLPRGNK00017,NPL Nova S.A.,1,2002.0,POL,X68876105,20080528.0,POL,09GT3Y-E,82.91,WARSAW,PRI-PL,PLPRGNK00017,B2QTZH,NPL Nova S.A.,1.0,PRI-PL,1,SHARE,B2QTZH6,N,NPL Nova S.A.2.pdf
39977,INE646L01027,InterGlobe Aviation Ltd,1,2004.0,IND,Y4R97L111,20151110.0,IND,0DNV5M-E,79.11,BSE INDIA,539448-IN,INE646L01027,BYYZ7D,InterGlobe Aviation Ltd,1.0,539448-IN,1,SHARE,BYYZ7D0,N,InterGlobe Aviation Ltd1.pdf
1406,MYQ0122OO000,Advance Information Marketing Bhd.,1,2004.0,MYS,Y00179104,20060418.0,MYS,@NA,82.99,MALAYSIA,0122-MY,MYQ0122OO000,B131M1,Advance Information Marketing Bhd.,1.0,0122-MY,1,SHARE,B131M11,N,Advance Information Marketing Bhd.1.pdf
57927,IT0003683528,Openjobmetis SpA,1,2001.0,ITA,T7S96G103,20151203.0,ITA,06W885-E,78.1,MILAN,OJM-IT,IT0003683528,BYVT8C,Openjobmetis SpA,1.0,OJM-IT,1,SHARE,BYVT8C1,N,Openjobmetis SpA2.pdf
46520,NL0010733960,lastminute.com N.V.,1,2007.0,CHE,N5142B108,20190618.0,NLD,0DMTWW-E,79.11,US OTC,@NA,NL0010733960,BLLHQ5,lastminute.com N.V.,1.0,LSMNF-US,0,SHARE,BK1MJV8,N,lastminute.com N.V.1.pdf
65015,NL0000379121,Randstad NV,1,1989.0,NLD,N7291Y137,20141104.0,NLD,05HX1G-E,78.1,SIX SWISS,@NA,NL0000379121,522865,Randstad NV,1.0,RDN-CH,0,SHARE,BHZLQM0,N,Randstad NV1.pdf
46450,KYG5380R1020,Lapco Holdings Limited,1,2016.0,HKG,G5380R102,20170718.0,HKG,0GN6X8-E,81.21,HONG KONG,@NA,KYG5380R1020,BYVSX4,Lapco Holdings Limited,1.0,8472-HK,1,SHARE,BYVSX45,N,Lapco Holdings Limited1.pdf
65956,GB00B082RF11,Rentokil Initial plc,0,1924.0,GBR,G7494G105,,GBR,003JV0-E,81.29,SIX SWISS,@NA,GB00B082RF11,B082RF,Rentokil Initial plc,1.0,RTO-CH,0,SHARE,BLP52B1,N,Rentokil Initial plc1.pdf
25658,MYL8613OO001,ENRA Group Bhd.,1,1992.0,MYS,Y6584J102,19930517.0,MYS,05JB78-E,82.99,MALAYSIA,8613-MY,MYL8613OO001,621081,ENRA Group Bhd.,1.0,8613-MY,1,SHARE,6210814,N,ENRA Group Bhd.2.pdf
78489,FDS1JIH8,"TaskUs, Inc.",1,2008.0,USA,FDS1JIH80,,USA,0FDCQX-E,82.99,@NA,@NA,@NA,87652V10,"TaskUs, Inc.",1.0,@NA,0,SHARE,@NA,N,"TaskUs, Inc.1.pdf"
62946,ID1000074107,PT Bayu Buana Tbk,1,1972.0,IDN,Y71202165,19900910.0,IDN,@NA,79.11,INDONESIA,BAYU-ID,ID1000074107,607798,PT Bayu Buana Tbk,1.0,BAYU-ID,1,SHARE,6077989,N,PT Bayu Buana Tbk1.pdf
28995,KYG365731069,Fosun Tourism Group,1,2016.0,HKG,G36573106,20181214.0,CHN,0JQRLK-E,79.12,HONG KONG,1992-HK,KYG365731069,BFMZHH,Fosun Tourism Group,1.0,1992-HK,1,SHARE,BFMZHH3,N,Fosun Tourism Group1.pdf
69323,AU000000SCT1,Scout Security Ltd.,1,2013.0,AUS,Q8381B109,20170825.0,AUS,0GXNML-E,80.2,ASX,@NA,AU000000SCT1,BD3DTS,Scout Security Ltd.,1.0,SCT-AU,1,SHARE,BD3DTS7,N,Scout Security Ltd.2.pdf
28390,AU0000272924,FleetPartners Group Limited,1,1987.0,AUS,Q3383Q139,20150422.0,AUS,0FFLG7-E,77.11,ASX,FPR-AU,AU0000272924,BN7HDZ,FleetPartners Group Limited,1.0,FPR-AU,1,SHARE,BN7HDZ0,N,FleetPartners Group Limited1.pdf
27526,KYG3376A1004,Feiyang International Holdings Group Limited,1,2018.0,HKG,G3376A100,20190628.0,CHN,0KKQCQ-E,79.12,HONG KONG,1901-HK,KYG3376A1004,BK4K0F,Feiyang International Holdings Group Limited,1.0,1901-HK,1,SHARE,BK4K0F0,N,Feiyang International Holdings Group Limited1.pdf
83540,US9133561012,"UniverCell Holdings, Inc.",0,1989.0,USA,913356101,19930309.0,USA,@NA,77.39,US OTC,@NA,US9133561012,91335610,"UniverCell Holdings, Inc.",1.0,UVCL-US,1,SHARE,2449667,N,"UniverCell Holdings, Inc.2.pdf"
47590,KYG5S10M1014,Linocraft Holdings Limited,1,2017.0,HKG,G5S10M101,20170915.0,MYS,0H0GQK-E,82.99,HONG KONG,@NA,KYG5S10M1014,BF23N6,Linocraft Holdings Limited,1.0,8383-HK,1,SHARE,BF23N68,N,Linocraft Holdings Limited1.pdf
65801,GB00B2B0DG97,RELX PLC,0,1903.0,GBR,G7493L105,,GBR,002118-E,82.99,SIX SWISS,@NA,GB00B2B0DG97,B2B0DG,RELX PLC,1.0,REL-CH,0,SHARE,BKSG2V4,N,RELX PLC1.pdf
47624,TW0002731007,"Lion Travel Service Co., Ltd.",1,1977.0,TWN,Y5S856106,20121023.0,TWN,0CTB4Y-E,79.11,TAIWAN,2731-TW,TW0002731007,B8KLF4,"Lion Travel Service Co., Ltd.",1.0,2731-TW,1,SHARE,B8KLF47,N,"Lion Travel Service Co., Ltd.1.pdf"
12033,JP3830720003,"Branding Engineer Co., Ltd.",1,2013.0,JPN,J04876108,20200707.0,JPN,0GCZV3-E,78.1,TOKYO,7352-JP,JP3830720003,BMG6DB,"Branding Engineer Co., Ltd.",1.0,7352-JP,1,SHARE,BMG6DB7,N,"Branding Engineer Co., Ltd.2.pdf"
65426,US75630B3033,"Recruiter.com Group, Inc.",1,2008.0,USA,75630B303,19990923.0,USA,0CQGC5-E,78.1,FRANKFURT,@NA,US75630B3033,75630B30,"Recruiter.com Group, Inc.",1.0,842-DE,0,SHARE,BNBPG95,N,"Recruiter.com Group, Inc.3.pdf"
84229,DE000A3H3LL2,Vantage Towers AG,1,2019.0,DEU,D8T6E6106,20210324.0,DEU,0N3CH0-E,77.39,US OTC,@NA,DE000A3H3LL2,BLH32J,Vantage Towers AG,1.0,VTWRF-US,0,SHARE,BKY5GY6,N,Vantage Towers AG1.pdf
30294,GB00B1FMDQ43,Gattaca plc,1,2002.0,GBR,G389AW108,20061027.0,GBR,008QHT-E,78.1,LONDON,GATC-GB,GB00B1FMDQ43,B1FMDQ,Gattaca plc,1.0,GATC-GB,1,SHARE,B1FMDQ4,N,Gattaca plc1.pdf
29169,FR0004187367,Freelance.com,1,1991.0,FRA,F4149A105,20050720.0,FRA,065Q22-E,78.1,EURONEXT PARIS,ALFRE-FR,FR0004187367,B03YCY,Freelance.com,1.0,ALFRE-FR,1,SHARE,B03YCY6,N,Freelance.com3.pdf
78745,INE985S01024,TeamLease Services Limited,1,2000.0,IND,Y8562M115,20160212.0,IND,09MNXC-E,78.1,BSE INDIA,539658-IN,INE985S01024,BYT2WF,TeamLease Services Limited,1.0,539658-IN,1,SHARE,BYT2WF3,N,TeamLease Services Limited1.pdf
74549,CA83439G2009,Solution Financial Inc.,1,2004.0,CAN,83439G200,20210826.0,CAN,0JPHZX-E,77.11,US OTC,@NA,CA83439G2009,BFWTCT,Solution Financial Inc.,1.0,SLNFF-US,0,SHARE,BM9C1Z2,N,Solution Financial Inc.3.pdf
12395,BMG162341090,Brookfield Business Partners LP,1,,CAN,G16234109,20160531.0,BMU,0FT5YB-E,82.99,NYSE,BBU-US,BMG162341090,BYNDNQ,Brookfield Business Partners LP,1.0,BBU-US,0,SHARE,BYY9FP0,N,Brookfield Business Partners LP1.pdf
45301,US5006432000,Korn Ferry,1,1969.0,USA,500643200,19990211.0,USA,0025XP-E,78.1,NYSE,KFY-US,US5006432000,50064320,Korn Ferry,1.0,KFY-US,1,SHARE,2386849,N,Korn Ferry1.pdf
21971,DE000A2AA204,DF Deutsche Forfait AG,0,2000.0,DEU,D2R35N127,20160613.0,DEU,0098J5-E,82.91,LONDON,@NA,DE000A2AA204,BDB778,DF Deutsche Forfait AG,1.0,0RHB-GB,0,SHARE,BYVG004,N,DF Deutsche Forfait AG1.pdf
31078,PLWRKSR00019,GI GROUP POLAND S.A.,1,1999.0,POL,X980CN103,20120426.0,POL,08FC5J-E,78.1,WARSAW,GIG-PL,PLWRKSR00019,B711DR,GI GROUP POLAND S.A.,1.0,GIG-PL,1,SHARE,B711DR8,N,GI GROUP POLAND S.A.2.pdf
60698,KYG7082H1276,Pico Far East Holdings Limited,1,1969.0,HKG,G7082H127,19921013.0,HKG,05JD7T-E,82.99,HONG KONG,752-HK,KYG7082H1276,B0Z1B7,Pico Far East Holdings Limited,1.0,752-HK,1,SHARE,B0Z1B71,N,Pico Far East Holdings Limited1.pdf
8262,KYG072191011,Bamboos Health Care Holdings Ltd,1,2012.0,HKG,G07219101,20140708.0,HKG,0DRW85-E,78.1,HONG KONG,2293-HK,KYG072191011,BNY7YT,Bamboos Health Care Holdings Ltd.,1.0,2293-HK,1,SHARE,BNY7YT4,N,Bamboos Health Care Holdings Ltd.1.pdf
70179,AU000000SGF1,SG Fleet Group Ltd.,1,1986.0,AUS,Q8T58M106,20140304.0,AUS,0DLBTB-E,77.11,ASX,SGF-AU,AU000000SGF1,BKF0XR,SG Fleet Group Ltd.,1.0,SGF-AU,1,SHARE,BKF0XR2,N,SG Fleet Group Ltd.1.pdf
66662,GB0008475088,Robert Walters Plc,1,2000.0,GBR,G7608T118,20000706.0,GBR,05J25N-E,78.1,LONDON,RWA-GB,GB0008475088,084750,Robert Walters Plc,1.0,RWA-GB,1,SHARE,0847508,N,Robert Walters Plc1.pdf
37437,JP3794520001,"Human Holdings Co., Ltd.",1,1985.0,JPN,J2358S102,20041007.0,JPN,0617TZ-E,78.1,TOKYO,2415-JP,JP3794520001,B02QLV,"Human Holdings Co., Ltd.",1.0,2415-JP,1,SHARE,B02QLV3,N,"Human Holdings Co., Ltd.1.pdf"
13879,JP3244500009,"Career Bank Co., Ltd.",1,1987.0,JPN,J0518Z107,20010330.0,JPN,05KP3L-E,78.1,SAPPORO,4834-JP,JP3244500009,633456,"Career Bank Co., Ltd.",1.0,4834-JP,1,SHARE,6334565,N,"Career Bank Co., Ltd.1.pdf"
35857,US42806J7000,Hertz Global Holdings Inc,1,1918.0,USA,42806J700,20210701.0,USA,0FZ6XP-E,77.11,NASDAQ,HTZ-US,US42806J7000,42806J70,Hertz Global Holdings Inc,1.0,HTZ-US,1,SHARE,BNM5672,N,Hertz Global Holdings Inc1.pdf
31039,MYQ0039OO006,GFM Services Bhd.,1,2000.0,MYS,Y0283M102,20040116.0,MYS,0H532X-E,81.21,MALAYSIA,0039-MY,MYQ0039OO006,BZ6T4Z,GFM Services Bhd.,1.0,0039-MY,1,SHARE,BZ6T4Z8,N,GFM Services Bhd.1.pdf
21784,VGG273581030,"Despegar.com, Corp.",1,1999.0,USA,G27358103,20170920.0,ARG,05QYQN-E,79.11,NYSE,DESP-US,VGG273581030,G2735810,"Despegar.com, Corp.",1.0,DESP-US,1,SHARE,BDFS4G3,N,"Despegar.com, Corp.1.pdf"
15222,KYG2121A1004,Chanhigh Holdings Ltd.,1,2001.0,HKG,G2121A100,20170331.0,CHN,0GCVNJ-E,81.3,HONG KONG,2017-HK,KYG2121A1004,BD0NZ1,Chanhigh Holdings Ltd.,1.0,2017-HK,1,SHARE,BD0NZ15,N,Chanhigh Holdings Ltd.3.pdf
58966,FDS0R46O,PagSeguro Digital Ltd.,1,2006.0,USA,FDS0R46O1,,BRA,0HT5CW-E,82.99,@NA,@NA,@NA,G6870710,PagSeguro Digital Ltd.,1.0,@NA,0,SHARE,@NA,N,PagSeguro Digital Ltd.1.pdf
35154,GB0004161021,Hays plc,1,1968.0,GBR,G4361D109,19891026.0,GBR,05HHW5-E,78.1,LONDON,HAS-GB,GB0004161021,041610,Hays plc,1.0,HAS-GB,1,SHARE,0416102,N,Hays plc1.pdf
40618,AU000000IPH9,IPH Ltd.,1,2014.0,AUS,Q496B9100,20141119.0,AUS,0DY5V6-E,82.99,ASX,IPH-AU,AU000000IPH9,BS7K5S,IPH Ltd.,1.0,IPH-AU,1,SHARE,BS7K5S1,N,IPH Ltd.1.pdf
36232,US4335351015,"HireQuest, Inc.",1,1998.0,USA,433535101,20020507.0,USA,0LFT9X-E,78.3,NASDAQ,HQI-US,US4335351015,43353510,"HireQuest, Inc.",1.0,HQI-US,1,SHARE,BKV2L01,N,"HireQuest, Inc.3.pdf"
19220,SE0007158829,Coor Service Management Holding AB,1,2007.0,SWE,W2256G106,20150626.0,SWE,0FL54B-E,81.21,LONDON,@NA,SE0007158829,BYZG7C,Coor Service Management Holding AB,1.0,0R8Q-GB,0,SHARE,BYW6XM6,N,Coor Service Management Holding AB1.pdf
19418,AU000000CTD3,Corporate Travel Management Limited,1,1994.0,AUS,Q2909K105,20101215.0,AUS,0B4RWS-E,79.11,ASX,CTD-AU,AU000000CTD3,B3R1D5,Corporate Travel Management Limited,1.0,CTD-AU,1,SHARE,B3R1D52,N,Corporate Travel Management Limited1.pdf
81600,SE0011870757,Transfer Group AB,0,2014.0,SWE,W9663Y109,20210830.0,SWE,@NA,78.1,NORDIC GROWTH MARKET,TRNSF-SE,SE0011870757,BH2YHS,Transfer Group AB,1.0,TRNSF-SE,0,SHARE,BH2YHS5,N,Transfer Group AB3.pdf
16644,KYG983421192,China Supply Chain Holdings Limited,0,2014.0,HKG,G98342119,20150114.0,HKG,0DY4WF-E,81.1,HONG KONG,3708-HK,KYG983421192,BJ8FGS,China Supply Chain Holdings Limited,1.0,3708-HK,1,SHARE,BJ8FGS9,N,China Supply Chain Holdings Limited2.pdf
67803,GB00BMX64W89,Saga plc,1,1951.0,GBR,G7770H124,20180807.0,GBR,0608FK-E,79.11,US OTC,@NA,GB00BMX64W89,BMX64W,Saga plc,1.0,SGPLF-US,0,SHARE,BM96CP1,N,Saga plc1.pdf
60993,SG1Q02920318,Place Holdings Limited,1,1988.0,SGP,Y2347Q103,20040908.0,SGP,006BN2-E,82.99,SINGAPORE,E27-SG,SG1Q02920318,B02QFZ,Place Holdings Limited,1.0,E27-SG,1,SHARE,B02QFZ5,N,Place Holdings Limited1.pdf
44581,SG1W76939881,Kingsmen Creatives Ltd.,1,1976.0,SGP,Y4800B110,20100826.0,SGP,05XDJX-E,82.99,US OTC,@NA,SG1W76939881,669269,Kingsmen Creatives Ltd.,1.0,KMNCF-US,0,SHARE,B1MYQG4,N,Kingsmen Creatives Ltd.1.pdf
1509,SG1CJ7000006,Advancer Global Limited,1,1991.0,SGP,Y001AQ102,20160711.0,SGP,@NA,81.21,SINGAPORE,43Q-SG,SG1CJ7000006,BD3BZP,Advancer Global Limited,1.0,43Q-SG,1,SHARE,BD3BZP0,N,Advancer Global Limited1.pdf
25011,AU000000EHL7,Emeco Holdings Limited,0,1972.0,AUS,Q34648156,,AUS,0077M1-E,77.32,BERNE,@NA,AU000000EHL7,B1978V,Emeco Holdings Limited,1.0,@NA,0,SHARE,BLNNZ63,N,Emeco Holdings Limited1.pdf
26593,FDS0UWMI,"Eventbrite, Inc.",1,2006.0,USA,FDS0UWMI0,,USA,07QB1V-E,82.99,@NA,@NA,@NA,29975E10,"Eventbrite, Inc.",1.0,@NA,0,SHARE,@NA,N,"Eventbrite, Inc.1.pdf"
46013,MYQ0268OO001,L&P Global Berhad,0,1984.0,MYS,Y5S3C8105,20230103.0,MYS,@NA,82.99,MALAYSIA,0268-MY,MYQ0268OO001,BQQ9B1,L&P Global Berhad,1.0,0268-MY,0,SHARE,BQQ9B10,N,L&P Global Berhad2.pdf
20061,INE491V01019,Crown Lifters Ltd.,1,2002.0,IND,Y2589Q100,20160927.0,IND,0GF2W6-E,77.32,NSE INDIA,@NA,INE491V01019,BDBBW2,Crown Lifters Ltd.,1.0,CROWN-IN,1,SHARE,BDBBW28,N,Crown Lifters Ltd.3.pdf
35122,US4201211053,"Hawk Protection Systems, Inc.",0,2004.0,USA,420121105,20050201.0,ESP,@NA,80.2,US OTC,@NA,US4201211053,42012110,"Hawk Protection Systems, Inc.",1.0,HWPR-US,0,SHARE,B04Z011,N,"Hawk Protection Systems, Inc.2.pdf"
62416,KYG725391109,Progressive Path Group Holdings Ltd.,1,2016.0,HKG,G72539110,20161208.0,HKG,0GDT26-E,77.32,HONG KONG,@NA,KYG725391109,BNG3PT,Progressive Path Group Holdings Ltd.,1.0,1581-HK,1,SHARE,BNG3PT7,N,Progressive Path Group Holdings Ltd.1.pdf
41616,INE903A01025,Jaykay Enterprises Limited,1,1943.0,IND,Y4445H126,19870414.0,IND,@NA,82.99,BSE INDIA,@NA,INE903A01025,646849,Jaykay Enterprises Limited,1.0,500306-IN,1,SHARE,6468497,N,Jaykay Enterprises Limited1.pdf
29032,KYG365471005,"Four Seasons Education (Cayman), Inc.",1,2007.0,CHN,G36547100,,CHN,@NA,85.2,@NA,@NA,KYG365471005,35101A30,"Four Seasons Education (Cayman), Inc.",1.0,@NA,1,SHARE,@NA,P,"Four Seasons Education (Cayman), Inc.1.pdf"
16744,KYG4643F1046,China Vocational Education Holdings Limited,1,2016.0,HKG,G4643F104,20191125.0,CHN,0HTBWK-E,85.32,HONG KONG,1756-HK,KYG4643F1046,BJV9CT,China Vocational Education Holdings Limited,1.0,1756-HK,1,SHARE,BJV9CT1,P,China Vocational Education Holdings Limited1.pdf
272,FDS0FIL6,8VI Holdings Ltd.,1,2008.0,SGP,FDS0FIL65,,SGP,@NA,85.6,@NA,@NA,@NA,BGTZV8,8VI Holdings Ltd.,1.0,@NA,1,SHARE,@NA,P,8VI Holdings Ltd.1.pdf
24224,AU0000198483,EDU Holdings Limited,1,1981.0,AUS,Q927B9153,20040625.0,AUS,061S4G-E,85.32,ASX,EDU-AU,AU0000198483,BNHS29,EDU Holdings Limited,1.0,EDU-AU,1,SHARE,BNHS290,P,EDU Holdings Limited1.pdf
85298,KYG936691024,Virscend Education Company Limited,1,2015.0,HKG,G93669102,20160115.0,CHN,0FRQ13-E,85.2,HONG KONG,1565-HK,KYG936691024,BDJ0KP,Virscend Education Company Limited,1.0,1565-HK,1,SHARE,BDJ0KP6,P,Virscend Education Company Limited1.pdf
16151,KYG2122A1094,China Kepei Education Group Limited,1,2017.0,HKG,G2122A109,20190125.0,CHN,0JHZ7B-E,85.42,HONG KONG,1890-HK,KYG2122A1094,BJ6F4P,China Kepei Education Group Limited,1.0,1890-HK,1,SHARE,BJ6F4P4,P,China Kepei Education Group Limited2.pdf
15900,KYG2120T1004,China East Education Holdings Limited,1,2018.0,HKG,G2120T100,20190911.0,CHN,0KD861-E,85.32,HONG KONG CONNECT  - SHANGHAI,667-HSC,KYG2120T1004,BJGSS6,China East Education Holdings Limited,1.0,@NA,0,SHARE,BKLJMP4,P,China East Education Holdings Limited1.pdf
20660,KYG2615N1051,Dadi Early-Childhood Education Group Ltd.,1,2008.0,TWN,G2615N105,20150506.0,CYM,088RTT-E,85.6,TAIPEI,8437-TW,KYG2615N1051,BWW0P1,Dadi Early-Childhood Education Group Ltd.,1.0,8437-TW,1,SHARE,BWW0P17,P,Dadi Early-Childhood Education Group Ltd.3.pdf
15804,KYG2121L1068,"China Chunlai Education Group Co., Ltd.",1,2017.0,HKG,G2121L106,20180913.0,CHN,0J4BVD-E,85.6,HONG KONG,1969-HK,KYG2121L1068,BDRNQ4,"China Chunlai Education Group Co., Ltd.",1.0,1969-HK,1,SHARE,BDRNQ48,P,"China Chunlai Education Group Co., Ltd.1.pdf"
73622,KYG8211A1085,Skillful Craftsman Education Technology Ltd.,1,2013.0,USA,G8211A108,20200723.0,CHN,0M96WK-E,85.32,NASDAQ,@NA,KYG8211A1085,G8211A10,Skillful Craftsman Education Technology Ltd.,1.0,EDTK-US,1,SHARE,BMDNQ90,P,Skillful Craftsman Education Technology Ltd.2.pdf
21122,KYG2660B1059,Dashan Education Holdings Limited,1,1998.0,HKG,G2660B105,20200715.0,CHN,0LVPRZ-E,85.6,HONG KONG,9986-HK,KYG2660B1059,BMHWY8,Dashan Education Holdings Limited,1.0,9986-HK,1,SHARE,BMHWY88,P,Dashan Education Holdings Limited1.pdf
55103,AU0000258865,NextEd Group Limited,1,2003.0,AUS,Q4R02K181,20090824.0,AUS,07HW7B-E,85.6,ASX,NXD-AU,AU0000258865,BNSMR2,NextEd Group Limited,1.0,NXD-AU,1,SHARE,BNSMR29,P,NextEd Group Limited2.pdf
87284,KYG972281037,Wisdom Education International Holdings Co. Ltd.,1,2002.0,HKG,G97228103,20170126.0,HKG,0GG51Q-E,85.2,HONG KONG,6068-HK,KYG972281037,BDQZ7T,Wisdom Education International Holdings Co. Ltd.,1.0,6068-HK,1,SHARE,BDQZ7T7,P,Wisdom Education International Holdings Co. Ltd.2.pdf
57351,SG0584008601,OEL (Holdings) Ltd.,1,1984.0,SGP,Y6439A108,19950329.0,SGP,05JCZN-E,85.2,SINGAPORE,@NA,SG0584008601,665340,OEL (Holdings) Ltd.,1.0,584-SG,1,SHARE,6653408,P,OEL (Holdings) Ltd.1.pdf
86966,US9638051063,"White Fox Ventures, Inc.",0,2006.0,USA,963805106,20130301.0,JPN,@NA,85.6,US OTC,AWAW-US,US9638051063,96380510,"White Fox Ventures, Inc.",1.0,AWAW-US,1,SHARE,BD38045,P,"White Fox Ventures, Inc.2.pdf"
81763,INE040M01013,Tree House Education & Accessories Limited,1,2006.0,IND,Y8969C108,20110826.0,IND,07CKMQ-E,85.2,BSE INDIA,533540-IN,INE040M01013,B676L0,Tree House Education & Accessories Limited,1.0,533540-IN,1,SHARE,B676L09,P,Tree House Education & Accessories Limited2.pdf
23736,KYG5313A1013,East Buy Holding Limited,1,2018.0,HKG,G5313A101,20190911.0,CHN,@NA,85.6,HONG KONG CONNECT - SHENZHEN,1797-SZSC,KYG5313A1013,BDFZ4G,East Buy Holding Limited,1.0,@NA,0,SHARE,BKLJMZ4,P,East Buy Holding Limited3.pdf
3915,FDS0FY25,Ambow Education Holding Ltd.,1,2000.0,CHN,FDS0FY253,,CHN,00CPK3-E,85.2,@NA,@NA,@NA,02322P20,Ambow Education Holding Ltd.,1.0,@NA,0,SHARE,@NA,P,Ambow Education Holding Ltd.2.pdf
38294,AU000000IEL5,IDP Education Ltd.,1,1969.0,AUS,Q48215109,20191111.0,AUS,06J1VL-E,85.6,US OTC,@NA,AU000000IEL5,BDB6DD,IDP Education Ltd.,1.0,IDPUF-US,0,SHARE,BK5DTL7,P,IDP Education Ltd.1.pdf
20661,KYG2616M1069,Dadi Education Holdings Ltd,1,2015.0,HKG,G2616M106,20170216.0,HKG,0G1885-E,85.6,HONG KONG,@NA,KYG2616M1069,BD1MK1,Dadi Education Holdings Ltd,1.0,8417-HK,1,SHARE,BD1MK16,P,Dadi Education Holdings Ltd3.pdf
80200,KYG888461038,Tianli International Holdings Limited,1,2017.0,HKG,G88846103,20220307.0,CHN,0J17H8-E,85.6,US OTC,@NA,KYG888461038,BG5KMH,Tianli International Holdings Limited,1.0,TEIHF-US,0,SHARE,BLDDFN0,P,Tianli International Holdings Limited1.pdf
16355,KYG2122K1076,China Oriented International Holdings Ltd.,1,2017.0,HKG,G2122K107,20191024.0,CHN,0H2Q3V-E,85.6,HONG KONG,@NA,KYG2122K1076,BKPJRQ,China Oriented International Holdings Ltd.,1.0,1871-HK,1,SHARE,BKPJRQ6,P,China Oriented International Holdings Ltd.3.pdf
37472,INE02PC01019,Humming Bird Education Ltd.,0,2010.0,IND,Y3R49K106,20190328.0,IND,0KKK6D-E,85.6,BSE INDIA,@NA,INE02PC01019,BJVH4R,Humming Bird Education Ltd.,1.0,542592-IN,0,SHARE,BJVH4R7,P,Humming Bird Education Ltd.3.pdf
14779,PHY124441163,Centro Escolar University,1,1907.0,PHL,Y12444116,19950524.0,PHL,05J5FY-E,85.42,PHILIPPINES,CEU-PH,PHY124441163,628147,Centro Escolar University,1.0,CEU-PH,1,SHARE,6281478,P,Centro Escolar University1.pdf
70703,KYG8064A1067,Shanghai Gench Education Group Limited,1,2018.0,HKG,G8064A106,20200116.0,CHN,0KJFZZ-E,85.42,HONG KONG,1525-HK,KYG8064A1067,BLBFH7,Shanghai Gench Education Group Limited,1.0,1525-HK,1,SHARE,BLBFH76,P,Shanghai Gench Education Group Limited1.pdf
59998,US71363P1066,Perdoceo Education Corporation,1,1994.0,USA,71363P106,19980129.0,USA,001T62-E,85.42,NASDAQ,PRDO-US,US71363P1066,71363P10,Perdoceo Education Corporation,1.0,PRDO-US,1,SHARE,BKRQQR9,P,Perdoceo Education Corporation3.pdf
64799,SG2C97968151,Raffles Education Limited,1,1990.0,SGP,Y7343V154,20020124.0,SGP,05TWCZ-E,85.6,SINGAPORE,NR7-SG,SG2C97968151,B1G2XT,Raffles Education Limited,1.0,NR7-SG,1,SHARE,B1G2XT6,P,Raffles Education Limited3.pdf
89468,INE565L01011,Zee Learn Limited,1,2010.0,IND,Y98873105,20101220.0,IND,0BBQWP-E,85.2,BSE INDIA,533287-IN,INE565L01011,B4LSDY,Zee Learn Limited,1.0,533287-IN,1,SHARE,B4LSDY5,P,Zee Learn Limited2.pdf
51971,INE828O01033,MITCON Consultancy & Engineering Services Ltd,1,1982.0,IND,Y6S80T117,,IND,@NA,85.6,NSE INDIA,MITCON-IN,INE828O01033,BG7ZJH,MITCON Consultancy & Engineering Services Ltd.,1.0,MITCON-IN,1,SHARE,BG7ZJH9,P,MITCON Consultancy & Engineering Services Ltd.2.pdf
76248,US86272C1036,"Strategic Education, Inc.",1,1892.0,USA,86272C103,19960725.0,USA,0JV0V2-E,85.42,NASDAQ,STRA-US,US86272C1036,86272C10,"Strategic Education, Inc.",1.0,STRA-US,1,SHARE,BGGJFV8,P,"Strategic Education, Inc.1.pdf"
15722,KYG212141041,China 21st Century Education Group Limited,1,1993.0,HKG,G21214104,20180529.0,CHN,@NA,85.6,HONG KONG,1598-HK,KYG212141041,BD1R2H,China 21st Century Education Group Limited,1.0,1598-HK,1,SHARE,BD1R2H1,P,China 21st Century Education Group Limited1.pdf
29096,US3534691098,Franklin Covey Co.,1,1983.0,USA,353469109,19920603.0,USA,000KR9-E,85.6,NYSE,FC-US,US3534691098,35346910,Franklin Covey Co.,1.0,FC-US,1,SHARE,2352839,P,Franklin Covey Co.2.pdf
54638,KYG6460B1086,Neusoft Education Technology Co. Limited,1,2000.0,HKG,G6460B108,20200929.0,CHN,0L6JG1-E,85.59,HONG KONG,9616-HK,KYG6460B1086,BMZ14N,Neusoft Education Technology Co. Limited,1.0,9616-HK,1,SHARE,BMZ14N2,P,Neusoft Education Technology Co. Limited1.pdf
83613,US9139151040,"Universal Technical Institute, Inc.",1,1965.0,USA,913915104,20031217.0,USA,00519D-E,85.32,NYSE,UTI-US,US9139151040,91391510,"Universal Technical Institute, Inc.",1.0,UTI-US,1,SHARE,2002543,P,"Universal Technical Institute, Inc.1.pdf"
11580,KYG1R20A1052,Bojun Education Company Limited,0,2016.0,HKG,G1R20A105,20180731.0,CHN,0GLMB6-E,85.2,HONG KONG,@NA,KYG1R20A1052,BFNQW8,Bojun Education Company Limited,1.0,1758-HK,1,SHARE,BFNQW81,P,Bojun Education Company Limited1.pdf
6751,FDS32B80,ATA Creativity Global,1,1999.0,CHN,FDS32B806,,CHN,0726TN-E,85.6,@NA,@NA,@NA,00211V10,ATA Creativity Global,1.0,@NA,1,SHARE,@NA,P,ATA Creativity Global1.pdf
27539,KYG3413F1046,Fenbi Limited,1,,HKG,G3413F104,20230109.0,CHN,@NA,85.6,HONG KONG,2469-HK,KYG3413F1046,BMDKML,Fenbi Limited,1.0,2469-HK,1,SHARE,BMDKML5,P,Fenbi Limited1.pdf
1379,US00737L1035,Adtalem Global Education Inc.,1,1973.0,USA,00737L103,19910621.0,USA,000HJ4-E,85.42,NYSE,ATGE-US,US00737L1035,00737L10,Adtalem Global Education Inc.,1.0,ATGE-US,1,SHARE,BZ12TX5,P,Adtalem Global Education Inc.3.pdf
69187,KYG7853U1094,Scholar Education Group,1,2018.0,HKG,G7853U109,20190621.0,CHN,0KJNK1-E,85.6,HONG KONG,1769-HK,KYG7853U1094,BKC9L0,Scholar Education Group,1.0,1769-HK,1,SHARE,BKC9L01,P,Scholar Education Group1.pdf
46662,KYG5421B1086,Leader Education Limited,1,2002.0,HKG,G5421B108,20200806.0,CHN,0M2N3W-E,85.6,HONG KONG,@NA,KYG5421B1086,BN4PDN,Leader Education Limited,1.0,1449-HK,1,SHARE,BN4PDN5,P,Leader Education Limited2.pdf
12204,FDS0N1G0,Bright Scholar Education Holdings Ltd.,1,1994.0,CHN,FDS0N1G02,,CHN,0GZ9QM-E,85.2,@NA,@NA,@NA,10919920,Bright Scholar Education Holdings Ltd.,1.0,@NA,0,SHARE,@NA,P,Bright Scholar Education Holdings Ltd.3.pdf
16027,KYG2124H1020,China General Education Group Limited,1,2018.0,HKG,G2124H102,20210716.0,CHN,@NA,85.42,HONG KONG,@NA,KYG2124H1020,BN7RM7,China General Education Group Limited,1.0,2175-HK,1,SHARE,BN7RM75,P,China General Education Group Limited1.pdf
64038,KYG7307L1014,Puxin Ltd.,1,2014.0,CHN,G7307L101,,CHN,0JK6SH-E,85.6,CAYMAN ISLANDS UNLISTED,@NA,KYG7307L1014,74704P40,Puxin Ltd.,1.0,@NA,1,SHARE,BGDM8B1,P,Puxin Ltd.1.pdf
16773,KYG216231061,China Xinhua Education Group Limited,1,2017.0,HKG,G21623106,20180326.0,CHN,0HKYHY-E,85.42,HONG KONG,2779-HK,KYG216231061,BYVRFP,China Xinhua Education Group Limited,1.0,2779-HK,1,SHARE,BYVRFP7,P,China Xinhua Education Group Limited1.pdf
76327,US86333M1080,"Stride, Inc.",1,2000.0,USA,86333M108,20071213.0,USA,007TQY-E,85.6,NYSE,LRN-US,US86333M1080,86333M10,"Stride, Inc.",1.0,LRN-US,1,SHARE,BLD5321,P,"Stride, Inc.1.pdf"
41848,KYG6578D1034,JH Educational Technology INC.,1,2017.0,HKG,G6578D103,20190618.0,CHN,0K96Q7-E,85.2,HONG KONG,1935-HK,KYG6578D1034,BK9ZCW,JH Educational Technology INC.,1.0,1935-HK,1,SHARE,BK9ZCW1,P,JH Educational Technology INC.1.pdf
85305,INE247C01023,Virtual Global Education Ltd.,0,1993.0,IND,Y937BB117,20121218.0,IND,@NA,85.6,BSE INDIA,@NA,INE247C01023,BD02QS,Virtual Global Education Ltd.,1.0,534741-IN,0,SHARE,BD02QS6,P,Virtual Global Education Ltd.1.pdf
31385,INE291W01029,Global Education Ltd.,1,2011.0,IND,Y2R1KR122,20170302.0,IND,0GQXP4-E,85.6,NSE INDIA,@NA,INE291W01029,BPBJFV,Global Education Ltd.,1.0,GLOBAL-IN,1,SHARE,BPBJFV6,P,Global Education Ltd.3.pdf
16195,KYG211511160,China Maple Leaf Educational Systems Ltd.,1,2007.0,HKG,G21151116,20141128.0,CHN,0DS8F7-E,85.2,HONG KONG,1317-HK,KYG211511160,BD3JR6,China Maple Leaf Educational Systems Ltd.,1.0,1317-HK,1,SHARE,BD3JR69,P,China Maple Leaf Educational Systems Ltd.1.pdf
15766,KYG2121W1024,China Beststudy Education Group,1,2010.0,HKG,G2121W102,20181227.0,HKG,0JQ92W-E,85.6,HONG KONG,3978-HK,KYG2121W1024,BHHN3V,China Beststudy Education Group,1.0,3978-HK,1,SHARE,BHHN3V2,P,China Beststudy Education Group1.pdf
16505,KYG2133W1087,"China Resources Medical Holdings Co., Ltd.",1,2013.0,HKG,G2133W108,20161205.0,CHN,0BFRXQ-E,86.1,HONG KONG CONNECT - SHENZHEN,1515-SZSC,KYG2133W1087,BYNKP9,"China Resources Medical Holdings Co., Ltd.",1.0,@NA,0,SHARE,BYQQTK2,Q,"China Resources Medical Holdings Co., Ltd.1.pdf"
29620,US3596641098,"Fulgent Genetics, Inc.",1,2016.0,USA,359664109,20160929.0,USA,@NA,86.9,NASDAQ,FLGT-US,US3596641098,35966410,"Fulgent Genetics, Inc.",1.0,FLGT-US,1,SHARE,BYQBFQ5,Q,"Fulgent Genetics, Inc.1.pdf"
63292,ID1000163009,PT Kedoya Adyaraya Tbk,1,1990.0,IDN,Y458R2109,20210908.0,IDN,0DFJ4H-E,86.1,INDONESIA,@NA,ID1000163009,BMT8S6,PT Kedoya Adyaraya Tbk,1.0,RSGK-ID,1,SHARE,BMT8S60,Q,PT Kedoya Adyaraya Tbk1.pdf
23932,KYG3037S1021,EC Healthcare,1,2005.0,HKG,G3037S102,20220309.0,HKG,0FW699-E,86.21,HONG KONG CONNECT - SHENZHEN,@NA,KYG3037S1021,BMGGJ4,EC Healthcare,1.0,@NA,0,SHARE,BN942P2,Q,ISEC Healthcare Ltd.1.pdf
17778,SG1EB6000000,Clearbridge Health Ltd.,1,2010.0,SGP,Y1R72K100,20171218.0,SGP,0HP0NH-E,86.1,SINGAPORE,1H3-SG,SG1EB6000000,BFCLBW,Clearbridge Health Ltd.,1.0,1H3-SG,1,SHARE,BFCLBW4,Q,Clearbridge Health Ltd.1.pdf
64787,US7504911022,"RadNet, Inc.",1,1980.0,USA,750491102,19900412.0,USA,06LX08-E,86.9,NASDAQ,RDNT-US,US7504911022,75049110,"RadNet, Inc.",1.0,RDNT-US,1,SHARE,B1JNG19,Q,"RadNet, Inc.1.pdf"
72844,AU0000121618,Silk Laser Australia Ltd,1,2009.0,AUS,Q85047100,20201215.0,AUS,@NA,86.21,ASX,SLA-AU,AU0000121618,BLGY9X,Silk Laser Australia Ltd,1.0,SLA-AU,1,SHARE,BLGY9X8,Q,Silk Laser Australia Ltd1.pdf
53760,DE0006577109,NanoRepro AG,1,1992.0,DEU,D5566G105,20210302.0,DEU,07G1SP-E,86.1,US OTC,@NA,DE0006577109,B3DSC9,NanoRepro AG,1.0,NNGRF-US,0,SHARE,BMCQVV7,Q,NanoRepro AG3.pdf
26261,AU000000EHE2,Estia Health Ltd.,1,2005.0,AUS,Q3627L102,20141205.0,AUS,0DFZRQ-E,87.9,ASX,EHE-AU,AU000000EHE2,BSSWC5,Estia Health Ltd.,1.0,EHE-AU,1,SHARE,BSSWC52,Q,Estia Health Ltd.1.pdf
35250,AU0000033359,Healius Limited,1,1985.0,AUS,Q4548G107,19980703.0,AUS,05J1BB-E,86.9,ASX,HLS-AU,AU0000033359,BFZYRL,Healius Limited,1.0,HLS-AU,1,SHARE,BFZYRL1,Q,Healius Limited1.pdf
42575,KYG5140J1013,Jinxin Fertility Group Ltd.,1,2018.0,HKG,G5140J101,20210216.0,CHN,0KN5FD-E,86.9,US OTC,@NA,KYG5140J1013,BJ9JY5,Jinxin Fertility Group Ltd.,1.0,JXFGF-US,0,SHARE,BKTHZ51,Q,Jinxin Fertility Group Ltd.1.pdf
65665,US75903M3097,"Regional Health Properties, Inc.",1,1991.0,USA,75903M309,20061221.0,USA,0GVFFQ-E,87.1,NYSE AMERICAN,RHE-US,US75903M3097,75903M30,"Regional Health Properties, Inc.",1.0,RHE-US,1,SHARE,BG861L9,Q,"Regional Health Properties, Inc.1.pdf"
57736,US68236X1000,"Oncology Institute, Inc.",1,2007.0,USA,68236X100,20200604.0,USA,0P90ZD-E,86.21,NASDAQ,TOI-US,US68236X1000,68236X10,"Oncology Institute, Inc.",1.0,TOI-US,1,SHARE,BL6CB69,Q,"Oncology Institute, Inc.1.pdf"
50372,FDS0XL3U,Medicover AB,1,2016.0,SWE,FDS0XL3U5,,SWE,0H06SM-E,86.9,@NA,@NA,@NA,BYQMFK,Medicover AB,1.0,@NA,0,SHARE,@NA,Q,Medicover AB1.pdf
64992,AU000000RHC8,Ramsay Health Care Limited,0,1964.0,AUS,Q7982Y104,,AUS,05J0DC-E,86.1,BERNE,@NA,AU000000RHC8,604199,Ramsay Health Care Limited,1.0,RMY-CH,0,SHARE,BLNP1T4,Q,Ramsay Health Care Limited1.pdf
55683,GB00BJVD3B28,NIOX Group Plc,0,2006.0,GBR,G21477107,,GBR,0DMDPR-E,86.9,BERNE,@NA,GB00BJVD3B28,BJVD3B,NIOX Group Plc,1.0,82C-CH,0,SHARE,BKSG3Z5,Q,NIOX Group Plc1.pdf
63563,ID1000143209,PT Royal Prima Tbk,1,2013.0,IDN,Y732AX131,20180515.0,IDN,0JJVVT-E,86.1,INDONESIA,@NA,ID1000143209,BFZ8FX,PT Royal Prima Tbk,1.0,PRIM-ID,1,SHARE,BFZ8FX1,Q,PT Royal Prima Tbk1.pdf
66004,KYG7516A1022,Republic Healthcare Limited,1,2018.0,HKG,G7516A102,20180615.0,SGP,0J1HXQ-E,86.9,HONG KONG,@NA,KYG7516A1022,BFXWP9,Republic Healthcare Limited,1.0,8357-HK,1,SHARE,BFXWP91,Q,Republic Healthcare Limited1.pdf
35310,SG1X09940682,Healthway Medical Corporation Limited,1,1990.0,SGP,Y311AC106,20080704.0,SGP,06SHQB-E,86.21,SINGAPORE,5NG-SG,SG1X09940682,B3BDL9,Healthway Medical Corporation Limited,1.0,5NG-SG,1,SHARE,B3BDL94,Q,Healthway Medical Corporation Limited1.pdf
47299,ZAE000145892,Life Healthcare Group Holdings Limited,1,1983.0,ZAF,S4682C100,20110712.0,ZAF,06JSQ9-E,86.1,US OTC,@NA,ZAE000145892,B4K90R,Life Healthcare Group Holdings Limited,1.0,LTGHF-US,0,SHARE,B569W76,Q,Life Healthcare Group Holdings Limited1.pdf
50260,SGXE63978766,Medi Lifestyle Limited,1,1986.0,SGP,Y590AC105,20111025.0,MYS,0C4Z66-E,86.21,SINGAPORE,@NA,SGXE63978766,BPLPKQ,Medi Lifestyle Limited,1.0,Z4D-SG,1,SHARE,BPLPKQ4,Q,Medi Lifestyle Limited1.pdf
5971,INE025R01021,Artemis Medicare Services Ltd.,1,2004.0,IND,Y02082124,20170720.0,IND,@NA,86.1,BSE INDIA,@NA,INE025R01021,BNG50P,Artemis Medicare Services Ltd.,1.0,542919-IN,1,SHARE,BNG50P4,Q,Artemis Medicare Services Ltd.2.pdf
24051,SGXE59069307,Econ Healthcare (Asia) Limited,1,2004.0,SGP,Y2239E101,20210419.0,SGP,0NQ8Q8-E,87.9,SINGAPORE,EHG-SG,SGXE59069307,BM9FJ2,Econ Healthcare (Asia) Limited,1.0,EHG-SG,1,SHARE,BM9FJ24,Q,Econ Healthcare (Asia) Limited1.pdf
64785,NZRADE0005S4,Radius Residential Care Ltd,1,2003.0,NZL,Q79696102,20201210.0,NZL,0HT2LM-E,87.2,NEW ZEALAND,@NA,NZRADE0005S4,BKSH1Q,Radius Residential Care Ltd,1.0,RAD-NZ,1,SHARE,BKSH1Q5,Q,Radius Residential Care Ltd1.pdf
50217,ROMEDLACNOR6,Med Life SA,1,1996.0,ROU,X5S0TE101,20161208.0,ROU,08DQKQ-E,86.21,BUCHAREST SPOT,M-RO,ROMEDLACNOR6,BYQQTH,Med Life SA,1.0,M-RO,1,SHARE,BYQQTH9,Q,Med Life SA1.pdf
50610,KYG5966K1094,"Meihao Medical Group Co., Ltd.",1,,HKG,G5966K109,20221214.0,CHN,0M0HV4-E,86.23,HONG KONG,@NA,KYG5966K1094,BPCS4W,"Meihao Medical Group Co., Ltd.",1.0,1947-HK,1,SHARE,BPCS4W6,Q,"Meihao Medical Group Co., Ltd.1.pdf"
78230,SG2G61000003,TalkMed Group Ltd.,1,2013.0,SGP,Y8409V104,20140130.0,SGP,@NA,86.21,SINGAPORE,5G3-SG,SG2G61000003,BJ35YD,TalkMed Group Ltd.,1.0,5G3-SG,1,SHARE,BJ35YD5,Q,TalkMed Group Ltd.1.pdf
59277,US6986681004,"PAO Group, Inc.",1,2003.0,USA,698668100,20040708.0,USA,@NA,86.1,US OTC,@NA,US6986681004,69866810,"PAO Group, Inc.",1.0,PAOG-US,1,SHARE,BF5GR06,Q,"PAO Group, Inc.1.pdf"
29922,AU000000GEM7,G8 Education Limited,1,2006.0,AUS,Q3973C110,20210813.0,AUS,009TK8-E,88.91,US OTC,@NA,AU000000GEM7,B29631,G8 Education Limited,1.0,GEDUF-US,0,SHARE,BM9ZTH9,Q,G8 Education Limited1.pdf
13673,US14019U1034,"Capital Group Holdings, Inc.",0,1980.0,USA,14019U103,19860926.0,USA,008VMG-E,86.9,US OTC,@NA,US14019U1034,14019U10,"Capital Group Holdings, Inc.",1.0,CGHC-US,1,SHARE,B00MK94,Q,"Capital Group Holdings, Inc.2.pdf"
54683,KYG6446R1020,New Century Healthcare Holding Co. Ltd.,1,2015.0,HKG,G6446R102,20170118.0,HKG,0GJ98J-E,86.21,HONG KONG,1518-HK,KYG6446R1020,BD6VZP,New Century Healthcare Holding Co. Ltd.,1.0,1518-HK,1,SHARE,BD6VZP7,Q,New Century Healthcare Holding Co. Ltd.3.pdf
12934,KYG2R51A1053,C-MER Eye Care Holdings Limited,0,2016.0,HKG,G2R51A105,20181023.0,HKG,0H778Y-E,86.22,HONG KONG CONNECT  - SHANGHAI,@NA,KYG2R51A1053,BFNNS6,C-MER Eye Care Holdings Limited,1.0,@NA,0,SHARE,BGKFKS4,Q,C-MER Eye Care Holdings Limited1.pdf
28872,INE842B01015,Fortis Malar Hospitals Limited,1,1989.0,IND,Y5444K119,20041021.0,IND,@NA,86.1,BSE INDIA,523696-IN,INE842B01015,B03GDK,Fortis Malar Hospitals Limited,1.0,523696-IN,1,SHARE,B03GDK5,Q,Fortis Malar Hospitals Limited2.pdf
16202,BMG2133H2006,China Medical & HealthCare Group Limited,1,1989.0,HKG,G2133H200,20030919.0,HKG,003PWP-E,86.1,US OTC,@NA,BMG2133H2006,BP298Q,China Medical & HealthCare Group Limited,1.0,COLRF-US,0,SHARE,BNKCH61,Q,China Medical & HealthCare Group Limited1.pdf
63115,ID1000175904,PT Famon Awal Bros Sedaya Tbk,0,1997.0,IDN,Y234BT102,20221108.0,IDN,@NA,86.1,INDONESIA,@NA,ID1000175904,BMGFDJ,PT Famon Awal Bros Sedaya Tbk,1.0,PRAY-ID,0,SHARE,BMGFDJ2,Q,PT Famon Awal Bros Sedaya Tbk1.pdf
17680,KYG2181S1084,Clarity Medical Group Holding Limited,1,,HKG,G2181S108,20220218.0,HKG,0KSTPF-E,86.22,HONG KONG,@NA,KYG2181S1084,BJLKP4,Clarity Medical Group Holding Limited,1.0,1406-HK,1,SHARE,BJLKP40,Q,Clarity Medical Group Holding Limited1.pdf
23866,CA27786D1042,Easy Technologies Inc.,0,2005.0,USA,27786D104,20101012.0,CAN,@NA,86.9,US OTC,@NA,CA27786D1042,27786D10,Easy Technologies Inc.,1.0,EMYSF-US,1,SHARE,BYN9Z62,Q,Easy Technologies Inc.2.pdf
3890,SE0009663826,Ambea AB,1,1993.0,SWE,W0R88P139,20170331.0,SWE,06DYV8-E,86.9,OMX NORDIC STOCKHOLM,AMBEA-SE,SE0009663826,BYXPJQ,Ambea AB,1.0,AMBEA-SE,1,SHARE,BYXPJQ8,Q,Ambea AB1.pdf
78232,US87427V1035,"Talkspace, Inc.",1,2012.0,USA,87427V103,20200730.0,USA,@NA,86.9,NASDAQ,TALK-US,US87427V1035,87427V10,"Talkspace, Inc.",1.0,TALK-US,1,SHARE,BP7L970,Q,"Talkspace, Inc.1.pdf"
64104,SG2E73981531,Q & M Dental Group (Singapore) Limited,1,1996.0,SGP,Y7163V110,20220804.0,SGP,087GZG-E,86.23,US OTC,@NA,SG2E73981531,B8BXJQ,Q & M Dental Group (Singapore) Limited,1.0,QNMDF-US,0,SHARE,B83SRV6,Q,Q & M Dental Group (Singapore) Limited2.pdf
33409,FDS0ISI0,"Guangdong Kanghua Healthcare Co., Ltd.",1,2002.0,HKG,FDS0ISI07,,CHN,0GDF4Q-E,86.1,@NA,@NA,@NA,BDH3P7,"Guangdong Kanghua Healthcare Co., Ltd.",1.0,@NA,0,SHARE,@NA,Q,"Guangdong Kanghua Healthcare Co., Ltd.2.pdf"
50318,GB00BYV24996,Medica Group Plc,1,2013.0,GBR,G5957X102,20170321.0,GBR,0GXJJ5-E,86.9,LONDON,MGP-GB,GB00BYV24996,BYV249,Medica Group Plc,1.0,MGP-GB,1,SHARE,BYV2499,Q,Medica Group Plc1.pdf
50406,SGXE82839874,Medinex Ltd.,1,2009.0,SGP,Y5907R106,20181207.0,SGP,0H2Z2P-E,86.9,SINGAPORE,@NA,SGXE82839874,BDQZWQ,Medinex Ltd.,1.0,OTX-SG,1,SHARE,BDQZWQ9,Q,Medinex Ltd.1.pdf
26444,KYG3224D1088,EuroEyes International Eye Clinic Limited,1,1993.0,HKG,G3224D108,20191015.0,DEU,0KSFNS-E,86.22,HONG KONG,1846-HK,KYG3224D1088,BKRSD4,EuroEyes International Eye Clinic Limited,1.0,1846-HK,1,SHARE,BKRSD41,Q,EuroEyes International Eye Clinic Limited1.pdf
17904,KYG2216H1011,ClouDr Group Limited,1,2014.0,HKG,G2216H101,20230314.0,CHN,@NA,86.21,HONG KONG CONNECT  - SHANGHAI,@NA,KYG2216H1011,BKPNR0,ClouDr Group Limited,1.0,@NA,0,SHARE,BNZJ756,Q,ClouDr Group Limited1.pdf
36778,KYG4594A1040,Honliv Healthcare Management Group Co Ltd,1,2004.0,HKG,G4594A104,20200713.0,CHN,0LSTCR-E,86.1,HONG KONG,@NA,KYG4594A1040,BMG759,Honliv Healthcare Management Group Co Ltd,1.0,9906-HK,1,SHARE,BMG7592,Q,Honliv Healthcare Management Group Co Ltd1.pdf
22649,US2560861096,DocGo Inc.,1,2015.0,USA,256086109,20201211.0,USA,0P3GC6-E,86.9,NASDAQ,DCGO-US,US2560861096,25608610,DocGo Inc.,1.0,DCGO-US,1,SHARE,BKP4P23,Q,DocGo Inc.1.pdf
37240,FDS1X4KD,"Huaxia Eye Hospital Group Co., Ltd.",1,2004.0,CHN,FDS1X4KD0,,CHN,@NA,86.1,@NA,@NA,@NA,BPDYCN,"Huaxia Eye Hospital Group Co., Ltd.",1.0,@NA,0,SHARE,@NA,Q,"Huaxia Eye Hospital Group Co., Ltd.1.pdf"
40089,AEI000201014,International Holdings Company PJSC,1,1998.0,ARE,M5634R109,20061031.0,ARE,05ZB8P-E,86.9,ABU DHABI,IHC-AE,AEI000201014,B1K9VV,International Holdings Company PJSC,1.0,IHC-AE,1,SHARE,B1K9VV1,Q,International Holdings Company PJSC2.pdf
32655,KYG4164T1379,Green International Holdings Limited,1,2006.0,HKG,G4164T137,20060929.0,HKG,008MV4-E,86.1,HONG KONG,@NA,KYG4164T1379,BN30ZL,Green International Holdings Limited,1.0,2700-HK,1,SHARE,BN30ZL3,Q,Green International Holdings Limited1.pdf
8889,US06682M5094,Banyan Corp.,0,1978.0,USA,06682M509,19960502.0,USA,@NA,86.21,US OTC,@NA,US06682M5094,06682M50,Banyan Corp.,1.0,BNYN-US,1,SHARE,2065911,Q,Banyan Corp.1.pdf
51676,SG1EA6000002,MindChamps PreSchool Ltd.,1,2008.0,SGP,Y6035Y104,20171124.0,SGP,0DVT5J-E,88.91,SINGAPORE,CNE-SG,SG1EA6000002,BF0QDP,MindChamps PreSchool Ltd.,1.0,CNE-SG,1,SHARE,BF0QDP8,Q,MindChamps PreSchool Ltd.1.pdf
22608,KR7127120004,"DNA Link, Inc.",1,2000.0,KOR,Y2090U103,20111226.0,KOR,0BB27V-E,86.9,KOREA,127120-KR,KR7127120004,B64RKY,"DNA Link, Inc.",1.0,127120-KR,1,SHARE,B64RKY2,Q,"DNA Link, Inc.1.pdf"
63592,ID1000118706,PT Sejahteraraya Anugrahjaya Tbk,1,1991.0,IDN,Y71374105,20110411.0,IDN,0BP66S-E,86.1,INDONESIA,SRAJ-ID,ID1000118706,B5M1HJ,PT Sejahteraraya Anugrahjaya Tbk,1.0,SRAJ-ID,1,SHARE,B5M1HJ3,Q,PT Sejahteraraya Anugrahjaya Tbk1.pdf
44461,KYG5262E1044,"Kindstar Globalgene Technology, Inc.",1,2007.0,HKG,G5262E104,20210716.0,CHN,0NFMXK-E,86.9,HONG KONG,9960-HK,KYG5262E1044,BMC02S,"Kindstar Globalgene Technology, Inc.",1.0,9960-HK,1,SHARE,BMC02S3,Q,"Kindstar Globalgene Technology, Inc.1.pdf"
63001,ID1000161201,PT Bundamedik Tbk,1,1961.0,IDN,Y1R16Y109,20210706.0,IDN,0N9BQL-E,86.1,INDONESIA,BMHS-ID,ID1000161201,BMBZY0,PT Bundamedik Tbk,1.0,BMHS-ID,1,SHARE,BMBZY05,Q,PT Bundamedik Tbk1.pdf
7306,AU0000148496,Australian Clinical Labs Ltd,1,2015.0,AUS,Q0R979107,20210514.0,AUS,0NSTMN-E,86.9,ASX,ACL-AU,AU0000148496,BMWLLJ,Australian Clinical Labs Ltd,1.0,ACL-AU,1,SHARE,BMWLLJ0,Q,Australian Clinical Labs Ltd1.pdf
6035,NZARVE0001S5,Arvida Group Ltd.,1,2014.0,NZL,Q05520103,20141218.0,NZL,0DZRG4-E,87.9,NEW ZEALAND,ARV-NZ,NZARVE0001S5,BTGN9H,Arvida Group Ltd.,1.0,ARV-NZ,1,SHARE,BTGN9H5,Q,Arvida Group Ltd.1.pdf
45402,MYL5878OO003,KPJ Healthcare Bhd.,1,1992.0,MYS,Y4984Y100,19950210.0,MYS,05JDTB-E,86.1,MALAYSIA,5878-MY,MYL5878OO003,649358,KPJ Healthcare Bhd.,1.0,5878-MY,1,SHARE,6493585,Q,KPJ Healthcare Bhd.1.pdf
89246,KYG9889T1067,Yunkang Group Limited,1,2018.0,HKG,G9889T106,20220518.0,CHN,0NFZVH-E,86.9,HONG KONG,2325-HK,KYG9889T1067,BN7SX6,Yunkang Group Limited,1.0,2325-HK,1,SHARE,BN7SX64,Q,Yunkang Group Limited2.pdf
15239,KYG2047K1094,Chaoju Eye Care Holdings Ltd.,1,1988.0,HKG,G2047K109,20210707.0,CHN,0N817Y-E,86.22,HONG KONG,2219-HK,KYG2047K1094,BLD2Z8,Chaoju Eye Care Holdings Ltd.,1.0,2219-HK,1,SHARE,BLD2Z82,Q,Chaoju Eye Care Holdings Ltd.1.pdf
39795,AU000000IDX2,Integral Diagnostics Ltd,1,2008.0,AUS,Q4936S101,20151021.0,AUS,0FT1JZ-E,86.9,ASX,IDX-AU,AU000000IDX2,BYV2ZK,Integral Diagnostics Ltd,1.0,IDX-AU,1,SHARE,BYV2ZK7,Q,Integral Diagnostics Ltd2.pdf
74708,AU000000SHL7,Sonic Healthcare Limited,1,1934.0,AUS,Q8563C107,20070716.0,AUS,05HYTQ-E,86.9,US OTC,@NA,AU000000SHL7,682112,Sonic Healthcare Limited,1.0,SKHCF-US,0,SHARE,B3BJRY9,Q,Sonic Healthcare Limited1.pdf
3193,SGXE65282837,Alliance Healthcare Group Ltd.,1,1994.0,SGP,Y003BZ107,20190531.0,SGP,0FV2RQ-E,86.21,SINGAPORE,@NA,SGXE65282837,BJYJ6G,Alliance Healthcare Group Ltd.,1.0,MIJ-SG,1,SHARE,BJYJ6G3,Q,Alliance Healthcare Group Ltd.1.pdf
31086,INE063601012,Gian Life Care Ltd.,1,2018.0,IND,Y2712H100,20200113.0,IND,0L75RJ-E,86.9,BSE INDIA,@NA,INE063601012,BJVLR1,Gian Life Care Ltd.,1.0,542918-IN,1,SHARE,BJVLR14,Q,Gian Life Care Ltd.2.pdf
25282,US29261A1007,Encompass Health Corporation,1,1984.0,USA,29261A100,19860924.0,USA,000LLG-E,86.9,NYSE,EHC-US,US29261A1007,29261A10,Encompass Health Corporation,1.0,EHC-US,1,SHARE,BYX2YJ7,Q,Encompass Health Corporation1.pdf
4982,SG1DF9000000,Aoxin Q&M Dental Group Ltd.,1,2011.0,SGP,Y0168S109,20170426.0,SGP,@NA,86.23,SINGAPORE,1D4-SG,SG1DF9000000,BF001F,Aoxin Q&M Dental Group Ltd.,1.0,1D4-SG,1,SHARE,BF001F6,Q,Aoxin Q&M Dental Group Ltd.1.pdf
77672,DE000A2TSL71,SYNLAB AG,1,1998.0,DEU,D8T7KY106,20210430.0,DEU,0NP0J2-E,86.9,XETRA,SYAB-DE,DE000A2TSL71,BNDM6Y,SYNLAB AG,1.0,SYAB-DE,1,SHARE,BNDM6Y9,Q,SYNLAB AG1.pdf
15977,HK0000264595,China Evergrande New Energy Vehicle Group Ltd.,0,2007.0,HKG,Y1488H104,,CHN,009YKT-E,86.1,BERNE,@NA,HK0000264595,BYYJDM,China Evergrande New Energy Vehicle Group Ltd.,1.0,4NM1-CH,0,SHARE,BMF1RF5,Q,China Evergrande New Energy Vehicle Group Ltd.1.pdf
15468,FDS1UX3V,"Chengdu Bright Eye Hospital Co., Ltd.",1,2006.0,CHN,FDS1UX3V8,,CHN,@NA,86.1,@NA,@NA,@NA,BN7G1N,"Chengdu Bright Eye Hospital Co., Ltd.",1.0,@NA,0,SHARE,@NA,Q,"Chengdu Bright Eye Hospital Co., Ltd.2.pdf"
85054,INE043W01024,Vijaya Diagnostic Centre Ltd.,1,1981.0,IND,Y937XB105,20210914.0,IND,08C2X9-E,86.9,BSE INDIA,543350-IN,INE043W01024,BPDXQ0,Vijaya Diagnostic Centre Ltd.,1.0,543350-IN,1,SHARE,BPDXQ02,Q,Vijaya Diagnostic Centre Ltd.1.pdf
65675,AU000000REG6,Regis Healthcare Ltd.,1,1994.0,AUS,Q8059P125,20141007.0,AUS,0DX85L-E,87.2,ASX,REG-AU,AU000000REG6,BQV68F,Regis Healthcare Ltd.,1.0,REG-AU,1,SHARE,BQV68F9,Q,Regis Healthcare Ltd.1.pdf
50524,KYG5960G1047,Mega Genomics Limited,1,,HKG,G5960G104,20220622.0,CHN,@NA,86.9,HONG KONG,@NA,KYG5960G1047,BN91GY,Mega Genomics Limited,1.0,6667-HK,1,SHARE,BN91GY0,Q,Mega Genomics Limited2.pdf
64846,KYG7356A1058,Raily Aesthetic Medicine International Holdings Limited,1,2008.0,HKG,G7356A105,20201228.0,CHN,0LWKH4-E,86.21,HONG KONG,@NA,KYG7356A1058,BLKGTQ,Raily Aesthetic Medicine International Holdings Limited,1.0,2135-HK,1,SHARE,BLKGTQ3,Q,Raily Aesthetic Medicine International Holdings Limited1.pdf
56945,US67079U1088,Nutex Health Inc,1,2011.0,USA,67079U108,20110526.0,USA,@NA,86.21,NASDAQ,NUTX-US,US67079U1088,67079U10,Nutex Health Inc,1.0,NUTX-US,1,SHARE,BJLVKY8,Q,Nutex Health Inc2.pdf
63436,ID1000167307,PT Murni Sadar Tbk,0,2010.0,IDN,Y6184C101,20220420.0,IDN,@NA,86.1,INDONESIA,@NA,ID1000167307,BMB0JG,PT Murni Sadar Tbk,1.0,MTMH-ID,0,SHARE,BMB0JG1,Q,PT Murni Sadar Tbk1.pdf
25670,US29358P1012,"Ensign Group, Inc.",1,1999.0,USA,29358P101,20071109.0,USA,009878-E,87.1,NASDAQ,ENSG-US,US29358P1012,29358P10,"Ensign Group, Inc.",1.0,ENSG-US,1,SHARE,B1YWPP8,Q,"Ensign Group, Inc.1.pdf"
22654,FDS1FJRS,Doctor Care Anywhere Group PLC,1,2014.0,GBR,FDS1FJRS7,,GBR,@NA,86.9,@NA,@NA,@NA,BNG0BN,Doctor Care Anywhere Group PLC,1.0,@NA,1,SHARE,@NA,Q,Doctor Care Anywhere Group PLC1.pdf
34486,KYG428881000,Hang Chi Holdings Ltd.,1,2016.0,HKG,G42888100,20170712.0,HKG,0GVWHR-E,87.9,HONG KONG,@NA,KYG428881000,BYVKSQ,Hang Chi Holdings Ltd.,1.0,8405-HK,1,SHARE,BYVKSQ8,Q,Hang Chi Holdings Ltd.2.pdf
79971,TH7923010006,Thonburi Healthcare Group Public Company Limited,1,1976.0,THA,Y8801W106,20171207.0,THA,0GHVW8-E,86.1,THAILAND,THG-TH,TH7923010006,BF1G27,Thonburi Healthcare Group Public Company Limited,1.0,THG-TH,1,SHARE,BF1G272,Q,Thonburi Healthcare Group Public Company Limited1.pdf
60741,FI4000092556,Pihlajalinna Plc,1,2001.0,FIN,X6553F538,20150604.0,FIN,07K4Y9-E,86.21,OMX NORDIC HELSINKI,PIHLIS-FI,FI4000092556,BYZFLR,Pihlajalinna Plc,1.0,PIHLIS-FI,1,SHARE,BYZFLR1,Q,Pihlajalinna Plc1.pdf
54387,US64049M2098,"NeoGenomics, Inc.",1,1998.0,USA,64049M209,19991102.0,USA,002BVG-E,86.9,NASDAQ,NEO-US,US64049M2098,64049M20,"NeoGenomics, Inc.",1.0,NEO-US,1,SHARE,2598246,Q,"NeoGenomics, Inc.1.pdf"
53976,US6359061008,National HealthCare Corporation,1,1971.0,USA,635906100,19841105.0,USA,001T15-E,87.1,NYSE AMERICAN,NHC-US,US6359061008,63590610,National HealthCare Corporation,1.0,NHC-US,1,SHARE,2139731,Q,National HealthCare Corporation3.pdf
69711,US81619Q1058,Select Medical Holdings Corporation,1,1996.0,USA,81619Q105,20090925.0,USA,007035-E,86.1,NYSE,SEM-US,US81619Q1058,81619Q10,Select Medical Holdings Corporation,1.0,SEM-US,1,SHARE,B4MF0Q6,Q,Select Medical Holdings Corporation1.pdf
74855,KYG8281B1014,"South China Vocational Education Group Co., Ltd.",1,1993.0,HKG,G8281B101,20210713.0,CHN,0N5F2Z-E,88.99,HONG KONG,@NA,KYG8281B1014,BND88R,"South China Vocational Education Group Co., Ltd.",1.0,6913-HK,1,SHARE,BND88R4,Q,"South China Vocational Education Group Co., Ltd.1.pdf"
1739,FDS12QBR,Aesthetic Medical International Holdings Group Ltd.,1,1997.0,CHN,FDS12QBR4,,CHN,0LHF4L-E,86.21,@NA,@NA,@NA,00809M10,Aesthetic Medical International Holdings Group Ltd.,1.0,@NA,1,SHARE,@NA,Q,Aesthetic Medical International Holdings Group Ltd.3.pdf
47778,JP3974790002,Living Platform Ltd.,1,2011.0,JPN,J3S11Q103,20200317.0,JPN,0G6WX8-E,87.1,TOKYO,7091-JP,JP3974790002,BKSKN7,Living Platform Ltd.,1.0,7091-JP,1,SHARE,BKSKN79,Q,Living Platform Ltd.2.pdf
79963,SG1M49904634,Thomson Medical Group Ltd.,1,1979.0,SGP,Y03977108,20020710.0,SGP,0JHPBP-E,86.1,SINGAPORE,A50-SG,SG1M49904634,653531,Thomson Medical Group Ltd.,1.0,A50-SG,1,SHARE,6535313,Q,Thomson Medical Group Ltd.1.pdf
75274,GB00BNLPYF73,Spire Healthcare Group PLC,1,2007.0,GBR,G83577109,20140718.0,GBR,0DRQ72-E,86.1,LONDON,SPI-GB,GB00BNLPYF73,BNLPYF,Spire Healthcare Group PLC,1.0,SPI-GB,1,SHARE,BNLPYF7,Q,Spire Healthcare Group PLC1.pdf
64988,FR0000044471,Ramsay Generale de Sante SA,1,1991.0,FRA,F43286107,20010620.0,FRA,003JH8-E,86.1,EURONEXT PARIS,GDS-FR,FR0000044471,714411,Ramsay Generale de Sante SA,1.0,GDS-FR,1,SHARE,7144116,Q,Ramsay Generale de Sante SA2.pdf
6379,SG0505000059,Asiamedic Limited,1,1974.0,SGP,Y0330L123,19871218.0,SGP,05JF1R-E,86.1,SINGAPORE,@NA,SG0505000059,689694,Asiamedic Limited,1.0,505-SG,1,SHARE,6896946,Q,Asiamedic Limited1.pdf
47348,US53228F1012,"Lifestance Health Group, Inc.",1,2017.0,USA,53228F101,20210610.0,USA,0NV2R0-E,86.9,NASDAQ,LFST-US,US53228F1012,53228F10,"Lifestance Health Group, Inc.",1.0,LFST-US,1,SHARE,BN0TRB7,Q,"Lifestance Health Group, Inc.1.pdf"
2174,JP3274360001,AIAI Group Corporation,1,2015.0,JPN,J1726M102,20171017.0,JPN,0GXDC5-E,87.1,TOKYO,6557-JP,JP3274360001,BYZQ03,AIAI Group Corporation,1.0,6557-JP,1,SHARE,BYZQ033,Q,AIAI Group Corporation1.pdf
30698,FDS246A4,"Genesis Healthcare, Inc.",1,1985.0,USA,FDS246A46,,USA,0FB601-E,87.1,@NA,@NA,@NA,37185X10,"Genesis Healthcare, Inc.",1.0,@NA,0,SHARE,@NA,Q,"Genesis Healthcare, Inc.2.pdf"
26797,US30068X1037,"Exagen, Inc.",1,2002.0,USA,30068X103,20190919.0,USA,064NVS-E,86.9,NASDAQ,XGN-US,US30068X1037,30068X10,"Exagen, Inc.",1.0,XGN-US,1,SHARE,BK4W379,Q,"Exagen, Inc.1.pdf"
40815,SG1AD9000001,ISEC Healthcare Ltd,1,2014.0,SGP,Y417AJ106,20141028.0,SGP,0DYB96-E,86.22,SINGAPORE,40T-SG,SG1AD9000001,BRS52L,ISEC Healthcare Ltd.,1.0,40T-SG,1,SHARE,BRS52L0,Q,ISEC Healthcare Ltd.1.pdf
33730,US40131M1099,"Guardant Health, Inc.",1,2012.0,USA,40131M109,20181004.0,USA,00FYYJ-E,86.9,NASDAQ,GH-US,US40131M1099,40131M10,"Guardant Health, Inc.",1.0,GH-US,1,SHARE,BFXC911,Q,"Guardant Health, Inc.1.pdf"
9653,KYG0957Q1082,Beijing Health (Holdings) Limited,1,1995.0,HKG,G0957Q108,20020426.0,HKG,05W3TH-E,88.99,HONG KONG,2389-HK,KYG0957Q1082,BYZWFH,Beijing Health (Holdings) Limited,1.0,2389-HK,1,SHARE,BYZWFH0,Q,Beijing Health (Holdings) Limited2.pdf
40082,GB00BVG7F061,International Game Technology PLC,1,2014.0,USA,G4863A108,20070801.0,GBR,0FFTLC-E,92.0,NYSE,IGT-US,GB00BVG7F061,G4863A10,International Game Technology PLC,1.0,IGT-US,1,SHARE,BVG7F06,R,International Game Technology PLC1.pdf
30137,US36467X2062,"Gaming Innovation Group, Inc.",1,1992.0,NOR,36467X206,20201207.0,MLT,0FKV5P-E,93.29,US OTC,@NA,US36467X2062,BHNZKX,"Gaming Innovation Group, Inc.",1.0,GIGI-US,0,SHARE,BMD7L53,R,"Gaming Innovation Group, Inc.2.pdf"
47319,US53190C1027,"Life Time Group Holdings, Inc.",1,1992.0,USA,53190C102,20211007.0,USA,0P6Z0M-E,93.13,NYSE,LTH-US,US53190C1027,53190C10,"Life Time Group Holdings, Inc.",1.0,LTH-US,1,SHARE,BPH0546,R,"Life Time Group Holdings, Inc.2.pdf"
263,GI000A0F6407,888 Holdings Plc,1,1997.0,GBR,X19526106,,GIB,007KZW-E,92.0,SIX SWISS,@NA,GI000A0F6407,B0L4LM,888 Holdings Plc,1.0,888-CH,0,SHARE,BMDY6F9,R,888 Holdings Plc1.pdf
89450,DE000ZEAL241,ZEAL Network SE,1,1999.0,DEU,D9835K103,20080515.0,DEU,@NA,92.0,LONDON,@NA,DE000ZEAL241,BKDPJX,ZEAL Network SE,1.0,0QJQ-GB,0,SHARE,BKS93W1,R,ZEAL Network SE1.pdf
34189,KYG4231A1114,Haichang Ocean Park Holdings Ltd.,0,2011.0,HKG,G4231A111,20181023.0,CHN,0DLY38-E,93.21,HONG KONG CONNECT  - SHANGHAI,@NA,KYG4231A1114,BQWN4M,Haichang Ocean Park Holdings Ltd.,1.0,@NA,0,SHARE,BGKFJV0,R,Haichang Ocean Park Holdings Ltd.2.pdf
38017,CA45073W1068,I3 Interactive Inc.,0,2007.0,CAN,45073W106,20200702.0,CAN,@NA,92.0,CNQ,@NA,CA45073W1068,BN0TJ2,I3 Interactive Inc.,1.0,BETS-CA,1,SHARE,BN0TJ22,R,I3 Interactive Inc.1.pdf
25689,IM00B5VQMV65,Entain PLC,1,2004.0,GBR,G3167C109,20160222.0,GBR,061D73-E,93.29,VIENNA,@NA,IM00B5VQMV65,B5VQMV,Entain PLC,1.0,GVC-AT,0,SHARE,BYXZTQ8,R,Entain PLC1.pdf
63488,ID1000103807,PT Pembangunan Jaya Ancol Tbk,1,1966.0,IDN,Y712AB123,20040702.0,IDN,0070S6-E,93.21,INDONESIA,PJAA-ID,ID1000103807,B18X9Q,PT Pembangunan Jaya Ancol Tbk,1.0,PJAA-ID,1,SHARE,B18X9Q6,R,PT Pembangunan Jaya Ancol Tbk1.pdf
57578,MYL3018OO008,Olympia Industries Bhd.,1,1980.0,MYS,Y6474H109,19930517.0,MYS,05JGCX-E,92.0,MALAYSIA,3018-MY,MYL3018OO008,B1V74R,Olympia Industries Bhd.,1.0,3018-MY,1,SHARE,B1V74R1,R,Olympia Industries Bhd.1.pdf
80440,GB00BHXM9D70,Tintra PLC,1,2002.0,GBR,G8883L101,20210820.0,GBR,06JSP1-E,92.0,US OTC,@NA,GB00BHXM9D70,BHXM9D,Tintra PLC,1.0,TNTAF-US,0,SHARE,BMHRRF1,R,Tintra PLC1.pdf
76212,SG1P15916395,Straco Corporation Limited,1,2002.0,SGP,Y81716105,20040220.0,SGP,065MPL-E,91.04,SINGAPORE,S85-SG,SG1P15916395,674072,Straco Corporation Limited,1.0,S85-SG,1,SHARE,6740720,R,Straco Corporation Limited1.pdf
12990,KYG211751071,CA Cultural Technology Group Ltd.,1,2013.0,HKG,G21175107,20150312.0,HKG,0FCN2Q-E,93.21,HONG KONG,1566-HK,KYG211751071,BW4PYY,CA Cultural Technology Group Ltd.,1.0,1566-HK,1,SHARE,BW4PYY6,R,CA Cultural Technology Group Ltd.1.pdf
88311,GB00BDB79J29,XP Factory PLC,1,2016.0,GBR,G2816A100,20160708.0,GBR,0H0QMD-E,93.21,LONDON,XPF-GB,GB00BDB79J29,BDB79J,XP Factory PLC,1.0,XPF-GB,1,SHARE,BDB79J2,R,XP Factory PLC1.pdf
58278,JP3198900007,"Oriental Land Co., Ltd.",1,1960.0,JPN,J6174U100,20040618.0,JPN,05HWDS-E,93.21,US OTC,@NA,JP3198900007,664889,"Oriental Land Co., Ltd.",1.0,OLCLF-US,0,SHARE,B05PHK8,R,"Oriental Land Co., Ltd.1.pdf"
87427,INE066O01014,Wonderla Holidays Ltd.,1,2000.0,IND,Y73508106,20140509.0,IND,0CQ8Q4-E,93.21,BSE INDIA,538268-IN,INE066O01014,BLBN4B,Wonderla Holidays Ltd.,1.0,538268-IN,1,SHARE,BLBN4B3,R,Wonderla Holidays Ltd.1.pdf
75743,AU000000SGR6,Star Entertainment Group Limited,1,2011.0,AUS,Q8719T103,20110606.0,AUS,0B4DZ1-E,92.0,ASX,SGR-AU,AU000000SGR6,BD5ZR9,Star Entertainment Group Limited,1.0,SGR-AU,1,SHARE,BD5ZR98,R,Star Entertainment Group Limited1.pdf
72975,SGXE75616446,Sim Leisure Group Ltd.,1,2018.0,SGP,Y7983U102,20190301.0,MYS,0KH9CK-E,93.21,SINGAPORE,@NA,SGXE75616446,BJRF0Y,Sim Leisure Group Ltd.,1.0,URR-SG,1,SHARE,BJRF0Y4,R,Sim Leisure Group Ltd.3.pdf
49394,KYG5804A1076,Maoyan Entertainment,1,2017.0,HKG,G5804A107,20190625.0,CHN,0KH62L-E,92.0,HONG KONG CONNECT - SHENZHEN,1896-SZSC,KYG5804A1076,BHHD4Q,Maoyan Entertainment,1.0,@NA,0,SHARE,BK5SZ69,R,Maoyan Entertainment1.pdf
73327,KYG2159V1418,Sinopharm Tech Holdings Limited,1,1999.0,HKG,G2159V141,20021112.0,HKG,05VCSL-E,92.0,HONG KONG,8156-HK,KYG2159V1418,BTJLGP,Sinopharm Tech Holdings Limited,1.0,8156-HK,1,SHARE,BTJLGP3,R,Sinopharm Tech Holdings Limited1.pdf
65041,GB00B1L5QH97,Rank Group Plc,1,1937.0,GBR,G7377H121,20000224.0,GBR,003HZS-E,92.0,FRANKFURT,@NA,GB00B1L5QH97,B1L5QH,Rank Group Plc,1.0,RNKA-DE,0,SHARE,B1VNTC9,R,Rank Group Plc2.pdf
37251,KYG4642G1038,"Huayi Tencent Entertainment Co., Ltd.",1,2002.0,HKG,G4642G103,19871102.0,HKG,07H25X-E,93.13,HONG KONG,419-HK,KYG4642G1038,BYQM6Z,"Huayi Tencent Entertainment Co., Ltd.",1.0,419-HK,1,SHARE,BYQM6Z4,R,"Huayi Tencent Entertainment Co., Ltd.1.pdf"
50684,HK0200030994,Melco International Development Limited,1,1910.0,HKG,Y59683188,19930712.0,HKG,05JDS7-E,93.29,HONG KONG,200-HK,HK0200030994,B092QP,Melco International Development Limited,1.0,200-HK,1,SHARE,B092QP3,R,Melco International Development Limited1.pdf
48713,KYG573611004,Macau Legend Development Ltd.,1,2006.0,HKG,G57361100,20130705.0,MAC,06P26Q-E,93.29,HONG KONG,1680-HK,KYG573611004,BBMR4Z,Macau Legend Development Ltd.,1.0,1680-HK,1,SHARE,BBMR4Z8,R,Macau Legend Development Ltd.1.pdf
36563,GB00BD0NVK62,Hollywood Bowl Group Plc,1,2016.0,GBR,G45655100,20160921.0,GBR,0GBCG5-E,93.11,LONDON,BOWL-GB,GB00BD0NVK62,BD0NVK,Hollywood Bowl Group Plc,1.0,BOWL-GB,1,SHARE,BD0NVK6,R,Hollywood Bowl Group Plc1.pdf
47379,US80874P1093,"Light & Wonder, Inc.",1,1984.0,USA,80874P109,19841105.0,USA,000CG6-E,93.29,NASDAQ,LNW-US,US80874P1093,80874P10,"Light & Wonder, Inc.",1.0,LNW-US,1,SHARE,2919290,R,"Light & Wonder, Inc.1.pdf"
67421,FDS1G7GP,"Rush Street Interactive, Inc.",1,2012.0,USA,FDS1G7GP0,,USA,@NA,93.29,@NA,@NA,@NA,78201110,"Rush Street Interactive, Inc.",1.0,@NA,0,SHARE,@NA,R,"Rush Street Interactive, Inc.3.pdf"
73526,HK0880043028,SJM Holdings Limited,0,2006.0,HKG,Y8076V106,,HKG,00B9Z8-E,92.0,BERNE,@NA,HK0880043028,B2NR3Y,SJM Holdings Limited,1.0,3MG-CH,0,SHARE,BMF1TB5,R,SJM Holdings Limited1.pdf
8228,US05875B1061,Bally's Corporation,1,2004.0,USA,05875B106,20190329.0,USA,0C663T-E,93.29,NYSE,BALY-US,US05875B1061,05875B10,Bally's Corporation,1.0,BALY-US,1,SHARE,BLKFX02,R,Bally's Corporation2.pdf
5786,AU000000ALL7,Aristocrat Leisure Limited,0,1953.0,AUS,Q0521T108,,AUS,05HX02-E,93.29,BERNE,@NA,AU000000ALL7,625398,Aristocrat Leisure Limited,1.0,AC8-CH,0,SHARE,BN29LG8,R,Aristocrat Leisure Limited1.pdf
30832,SGXE21576413,Genting Singapore Limited,1,1984.0,SGP,Y2692C139,19920910.0,SGP,05J0WC-E,92.0,SINGAPORE,G13-SG,SGXE21576413,BDRTVP,Genting Singapore Limited,1.0,G13-SG,1,SHARE,BDRTVP2,R,Genting Singapore Limited3.pdf
61303,AU0000047797,PointsBet Holdings Ltd.,1,2015.0,AUS,Q7262X107,20190612.0,AUS,0L2C15-E,92.0,ASX,PBH-AU,AU0000047797,BJYJ84,PointsBet Holdings Ltd.,1.0,PBH-AU,1,SHARE,BJYJ845,R,PointsBet Holdings Ltd.1.pdf
10157,MYL3395OO000,Berjaya Corp. Bhd.,1,1984.0,MYS,Y08366125,20080214.0,MYS,06C60P-E,93.29,US OTC,@NA,MYL3395OO000,B0W1VM,Berjaya Corp. Bhd.,1.0,BRYAF-US,0,SHARE,B2Q3YP9,R,Berjaya Corp. Bhd.1.pdf
24938,US2907341026,"Elys Game Technology, Corp.",1,1998.0,USA,290734102,20040510.0,CAN,0683CN-E,93.29,NASDAQ,ELYS-US,US2907341026,29073410,"Elys Game Technology, Corp.",1.0,ELYS-US,1,SHARE,BMWH6R1,R,"Elys Game Technology, Corp.1.pdf"
48822,US5582481009,"Madison Sports & Entertainment Group, Inc.",0,1983.0,USA,558248100,19930427.0,USA,@NA,93.12,US OTC,@NA,US5582481009,55824810,"Madison Sports & Entertainment Group, Inc.",1.0,MSET-US,0,SHARE,B030SQ8,R,"Madison Sports & Entertainment Group, Inc.1.pdf"
63432,ID1000117906,PT Multifiling Mitra Indonesia Tbk,1,1992.0,IDN,Y712AG106,20101229.0,IDN,0BBH9Y-E,91.01,INDONESIA,MFMI-ID,ID1000117906,B67W6N,PT Multifiling Mitra Indonesia Tbk,1.0,MFMI-ID,1,SHARE,B67W6N5,R,PT Multifiling Mitra Indonesia Tbk2.pdf
34334,US40619L2016,Hall of Fame Resort & Entertainment Company,1,2015.0,USA,40619L201,20200702.0,USA,0MK7PS-E,92.0,NASDAQ,HOFV-US,US40619L2016,40619L20,Hall of Fame Resort & Entertainment Company,1.0,HOFV-US,1,SHARE,BMDKV85,R,Hall of Fame Resort & Entertainment Company2.pdf
61970,US74051E2019,"Premier Exhibitions, Inc.",0,1987.0,USA,74051E201,19900803.0,USA,060F3F-E,91.02,US OTC,PRXIQ-US,US74051E2019,74051E20,"Premier Exhibitions, Inc.",1.0,PRXIQ-US,1,SHARE,BW53GP4,R,"Premier Exhibitions, Inc.1.pdf"
48823,US5582561032,Madison Square Garden Entertainment Corp.,1,1879.0,USA,558256103,20230417.0,USA,0W9ZPF-E,92.0,NYSE,MSGE-US,US5582561032,55825610,Madison Square Garden Entertainment Corp.,1.0,MSGE-US,1,SHARE,BN71J76,R,Madison Square Garden Entertainment Corp.1.pdf
22717,JMP360321039,Dolphin Cove Ltd.,1,2001.0,JAM,P36032103,20150721.0,JAM,0B898R-E,93.21,KINGSTON,@NA,JMP360321039,B4VSZ2,Dolphin Cove Ltd.,1.0,DCOVE-JM,1,SHARE,B4VSZ27,R,Dolphin Cove Ltd.1.pdf
77183,SG1BJ4000001,SUTL Enterprise Limited,1,1993.0,SGP,Y831C8100,20000601.0,SGP,005ZYY-E,93.29,SINGAPORE,BHU-SG,SG1BJ4000001,BYMFCW,SUTL Enterprise Limited,1.0,BHU-SG,1,SHARE,BYMFCW6,R,SUTL Enterprise Limited1.pdf
68850,NO0010863285,SATS ASA,1,2011.0,NOR,R74679102,20191023.0,NOR,06LK0P-E,93.13,OSLO,SATS-NO,NO0010863285,BKV4GX,SATS ASA,1.0,SATS-NO,1,SHARE,BKV4GX5,R,SATS ASA1.pdf
48148,AU0000219529,Lottery Corporation Limited,1,,AUS,Q56337100,20220824.0,AUS,@NA,92.0,US OTC,@NA,AU0000219529,BNRQW7,Lottery Corporation Limited,1.0,LTRCF-US,0,SHARE,BPJK1J1,R,Lottery Corporation Limited1.pdf
23493,JP3491910000,"Dynam Japan Holdings Co., Ltd.",1,1967.0,HKG,J1250Z107,20120806.0,JPN,0CJSKZ-E,92.0,HONG KONG,6889-HK,JP3491910000,B74FH6,"Dynam Japan Holdings Co., Ltd.",1.0,6889-HK,1,SHARE,B74FH64,R,"Dynam Japan Holdings Co., Ltd.1.pdf"
61170,US72814P1093,"PLBY Group, Inc.",1,1953.0,USA,72814P109,20200827.0,USA,0NDD4Y-E,93.13,NASDAQ,PLBY-US,US72814P1093,72814P10,"PLBY Group, Inc.",1.0,PLBY-US,1,SHARE,BMBSDL8,R,"PLBY Group, Inc.1.pdf"
14751,JP3425600008,"Central Sports Co., Ltd.",1,1969.0,JPN,J0558P100,20001115.0,JPN,05J5BB-E,93.13,TOKYO,4801-JP,JP3425600008,629324,"Central Sports Co., Ltd.",1.0,4801-JP,1,SHARE,6293246,R,"Central Sports Co., Ltd.1.pdf"
1660,JP3131420006,"AEON Fantasy Co., Ltd.",1,1997.0,JPN,J0673X103,20020213.0,JPN,05K2H1-E,93.21,TOKYO,4343-JP,JP3131420006,643925,"AEON Fantasy Co., Ltd.",1.0,4343-JP,1,SHARE,6439255,R,"AEON Fantasy Co., Ltd.3.pdf"
79219,GB00BF020D33,Ten Entertainment Group Plc,1,2017.0,GBR,G87595107,20170413.0,GBR,0GZ0ML-E,93.11,LONDON,TEG-GB,GB00BF020D33,BF020D,Ten Entertainment Group Plc,1.0,TEG-GB,1,SHARE,BF020D3,R,Ten Entertainment Group Plc1.pdf
77079,JMP8805B1082,Supreme Ventures Limited,1,1995.0,JAM,P8805B108,20060302.0,JAM,06SLMD-E,92.0,KINGSTON,@NA,JMP8805B1082,B10K94,Supreme Ventures Limited,1.0,SVL-JM,1,SHARE,B10K943,R,Supreme Ventures Limited1.pdf
26668,US30034T1034,"Everi Holdings, Inc.",1,2004.0,USA,30034T103,20050923.0,USA,0071WY-E,93.29,NYSE,EVRI-US,US30034T1034,30034T10,"Everi Holdings, Inc.",1.0,EVRI-US,1,SHARE,BYV34V4,R,"Everi Holdings, Inc.2.pdf"
59317,KR7034230003,"Paradise Co., Ltd",1,1972.0,KOR,Y6727J100,20021105.0,KOR,05NSPV-E,93.29,KOREA,034230-KR,KR7034230003,656093,"Paradise Co., Ltd",1.0,034230-KR,1,SHARE,6560939,R,"Paradise Co., Ltd1.pdf"
63462,ID1000156201,PT Pakuan Tbk,1,1971.0,IDN,Y658AC100,20200706.0,IDN,0MK74L-E,93.11,INDONESIA,@NA,ID1000156201,BKSHL4,PT Pakuan Tbk,1.0,UANG-ID,1,SHARE,BKSHL43,R,PT Pakuan Tbk1.pdf
72456,TH5972010000,Siam Wellness Group Public Company Limited,1,2001.0,THA,Y7912G109,20141031.0,THA,0DR71M-E,96.09,THAILAND,SPA-TH,TH5972010000,BS7HXC,Siam Wellness Group Public Company Limited,1.0,SPA-TH,1,SHARE,BS7HXC2,S,Siam Wellness Group Public Company Limited1.pdf
83588,NL0015000IY2,Universal Music Group N.V.,1,1924.0,NLD,N90313102,20210921.0,NLD,0P5YYC-E,96.09,EURONEXT AMSTERDAM,UMG-NL,NL0015000IY2,BNZGVV,Universal Music Group N.V.,1.0,UMG-NL,1,SHARE,BNZGVV1,S,Universal Music Group N.V.1.pdf
74554,FR0013379484,Solutions 30 SE,1,2013.0,FRA,L86508113,,LUX,06BF1S-E,95.11,BERNE,@NA,FR0013379484,BD5FFX,Solutions 30 SE,1.0,30L2-CH,0,SHARE,BFMVZN3,S,Solutions 30 SE1.pdf
17389,US1729081059,Cintas Corporation,1,1968.0,USA,172908105,20060217.0,USA,000DRP-E,96.09,LONDON,@NA,US1729081059,17290810,Cintas Corporation,1.0,0HYJ-GB,0,SHARE,B0Z88H1,S,Cintas Corporation2.pdf
62500,AU000000PFP8,Propel Funeral Partners Ltd.,1,2012.0,AUS,Q77534107,20171123.0,AUS,0HKPSW-E,96.03,ASX,PFP-AU,AU000000PFP8,BYWQNJ,Propel Funeral Partners Ltd.,1.0,PFP-AU,1,SHARE,BYWQNJ3,S,Propel Funeral Partners Ltd.1.pdf
29393,KYG371091086,Fu Shou Yuan International Group Ltd.,0,2012.0,HKG,G37109108,20181023.0,CHN,0DGSW1-E,96.03,HONG KONG CONNECT  - SHANGHAI,@NA,KYG371091086,BH4TZ7,Fu Shou Yuan International Group Ltd.,1.0,@NA,0,SHARE,BGKFJB0,S,Fu Shou Yuan International Group Ltd.1.pdf
37446,SE0008040653,Humana AB,1,2008.0,SWE,W4R62T240,20160428.0,SWE,07CYRB-E,96.09,LONDON,@NA,SE0008040653,BYZJ8V,Humana AB,1.0,0RF7-GB,0,SHARE,BZ9PB18,S,Humana AB1.pdf
21189,FDS0ESPW,"Datang Environment Industry Group Co., Ltd.",1,2011.0,HKG,FDS0ESPW3,,CHN,0FSX4H-E,96.09,@NA,@NA,@NA,BD2ZGM,"Datang Environment Industry Group Co., Ltd.",1.0,@NA,0,SHARE,@NA,S,"Datang Environment Industry Group Co., Ltd.1.pdf"
4068,US02687R2058,American International Holdings Corp.,1,1986.0,USA,02687R205,19920407.0,USA,086N9X-E,96.09,US OTC,AMIH-US,US02687R2058,02687R20,American International Holdings Corp.,1.0,AMIH-US,1,SHARE,BMTWJ47,S,American International Holdings Corp.1.pdf
65674,US7589321071,Regis Corporation,1,1922.0,USA,758932107,19910621.0,USA,000VC4-E,96.02,NYSE,RGS-US,US7589321071,75893210,Regis Corporation,1.0,RGS-US,1,SHARE,2730327,S,Regis Corporation2.pdf
23996,US27888Q1022,"Eco Innovation Group, Inc.",1,1994.0,USA,27888Q102,20100104.0,USA,003G55-E,96.02,US OTC,@NA,US27888Q1022,27888Q10,"Eco Innovation Group, Inc.",1.0,ECOX-US,1,SHARE,BGB6DX2,S,"Eco Innovation Group, Inc.2.pdf"
57782,GB00B1DRDZ07,One Media iP Group PLC,1,2006.0,GBR,G6766H106,20060925.0,GBR,@NA,96.09,LONDON,OMIP-GB,GB00B1DRDZ07,B1DRDZ,One Media iP Group PLC,1.0,OMIP-GB,1,SHARE,B1DRDZ0,S,One Media iP Group PLC1.pdf
53439,DE000A161NR7,Naga Group AG,1,2015.0,DEU,D5S4GK105,20210611.0,DEU,0G21ZJ-E,96.09,US OTC,@NA,DE000A161NR7,BF2B53,Naga Group AG,1.0,NAGGF-US,0,SHARE,BNR5MX5,S,Naga Group AG3.pdf
22296,GB00BRB37M78,Dignity plc,1,2002.0,GBR,G2871S194,20040402.0,GBR,005PTH-E,96.03,LONDON,DTY-GB,GB00BRB37M78,BRB37M,Dignity plc,1.0,DTY-GB,1,SHARE,BRB37M7,S,Dignity plc2.pdf
69327,DE000A12DM80,Scout24 SE,1,1998.0,DEU,D345XT105,20151014.0,DEU,0DL7SP-E,96.09,LONDON,@NA,DE000A12DM80,BYT934,Scout24 SE,1.0,0RB8-GB,0,SHARE,BYZ9YC9,S,Scout24 SE1.pdf
69248,FDS1UE6P,"Science Environmental Protection Co., Ltd.",1,2009.0,CHN,FDS1UE6P0,,CHN,@NA,96.09,@NA,@NA,@NA,BQ68Z0,"Science Environmental Protection Co., Ltd.",1.0,@NA,0,SHARE,@NA,S,"Science Environmental Protection Co., Ltd.1.pdf"
42757,GB0004762810,Johnson Service Group PLC,1,1953.0,GBR,G51576125,19850102.0,GBR,05J092-E,96.01,LONDON,JSG-GB,GB0004762810,047628,Johnson Service Group PLC,1.0,JSG-GB,1,SHARE,0476281,S,Johnson Service Group PLC1.pdf
20620,KYG2646C1024,Da Lue International Holding Co Ltd,1,2011.0,TWN,G2646C102,20141229.0,TWN,@NA,96.09,TAIPEI,4804-TW,KYG2646C1024,BTSTN8,Da Lue International Holding Co Ltd,1.0,4804-TW,1,SHARE,BTSTN80,S,Da Lue International Holding Co Ltd1.pdf
76697,JP3342700006,"SUN-LIFE HOLDING CO., LTD.",1,,JPN,J7808K104,20181001.0,JPN,@NA,96.03,TOKYO,@NA,JP3342700006,BDZ2RL,"SUN-LIFE HOLDING CO., LTD.",1.0,7040-JP,1,SHARE,BDZ2RL1,S,"SUN-LIFE HOLDING CO., LTD.1.pdf"
9383,KYG0929L1041,"Beauty Farm Medical & Health Industry, Inc.",1,1993.0,HKG,G0929L104,20230116.0,CHN,@NA,96.02,HONG KONG,2373-HK,KYG0929L1041,BMGQCT,"Beauty Farm Medical & Health Industry, Inc.",1.0,2373-HK,1,SHARE,BMGQCT8,S,"Beauty Farm Medical & Health Industry, Inc.1.pdf"
53043,US55380G1085,Mu Global Holding Limited,1,2018.0,USA,55380G108,20200610.0,TWN,0KFDCG-E,96.09,US OTC,@NA,US55380G1085,55380G10,Mu Global Holding Limited,1.0,MUGH-US,1,SHARE,BLFGN00,S,Mu Global Holding Limited1.pdf
87821,US98262P1012,"WW International, Inc.",1,1963.0,USA,98262P101,20011115.0,USA,002VQN-E,96.09,NASDAQ,WW-US,US98262P1012,98262P10,"WW International, Inc.",1.0,WW-US,1,SHARE,BK71LY6,S,"WW International, Inc.2.pdf"
5783,US0404432025,Aristocrat Group Corp.,0,2011.0,USA,040443202,20120313.0,USA,00DDP9-E,96.09,US OTC,@NA,US0404432025,04044320,Aristocrat Group Corp.,1.0,ASCC-US,1,SHARE,BWX6257,S,Aristocrat Group Corp.1.pdf
73228,KYG816BW1095,Sino-Life Group Limited,1,2005.0,HKG,G816BW109,20090909.0,HKG,00C60C-E,96.03,HONG KONG,8296-HK,KYG816BW1095,B409GR,Sino-Life Group Limited,1.0,8296-HK,1,SHARE,B409GR3,S,Sino-Life Group Limited1.pdf
86319,KYG9477E1070,Water Oasis Group Limited,1,1998.0,HKG,G9477E107,20070905.0,HKG,00610B-E,96.02,US OTC,@NA,KYG9477E1070,651233,Water Oasis Group Limited,1.0,WOSSF-US,0,SHARE,B02V9Q9,S,Water Oasis Group Limited1.pdf
66027,US76119X1054,"Reservoir Media, Inc.",1,2007.0,USA,76119X105,20210105.0,USA,0NVYZ2-E,96.09,NASDAQ,RSVR-US,US76119X1054,76119X10,"Reservoir Media, Inc.",1.0,RSVR-US,1,SHARE,BP0B9H7,S,"Reservoir Media, Inc.1.pdf"
38190,KYG4707P1054,Icon Culture Global Company Limited,1,2019.0,HKG,G4707P105,20200114.0,CHN,@NA,98.1,HONG KONG,@NA,KYG4707P1054,BJYFY1,Icon Culture Global Company Limited,1.0,8500-HK,1,SHARE,BJYFY12,T,Icon Culture Global Company Limited2.pdf
