;Unnamed: 0;Symbol;Name;Company is Active;Company Founded Date;Country of Primary Listing Iso3;CUSIP;Date Of First Trade;Entity Country HQ;Entity Credit Parent;NACE;Exchange Name (FS);FE Ticker;ISIN;Primary Equity Listing;Proper Name;Public Company;Region Ticker;Sec is Primary Issue;Sec Type;SEDOL;NACE_Letter;Report;NACE_lvl_3;description_page;Unnamed: 25;Description;LLM_summary
0;103;FR0013183985;Gensight Biologics SA;1;2012.0;FRA;F4374K117;20160713.0;FRA;0D2XZT-E;21.2;EURONEXT PARIS;SIGHT-FR;FR0013183985;BD07M0;Gensight Biologics SA;1.0;SIGHT-FR;1;SHARE;BD07M05;C;Gensight Biologics SA1.pdf;21.2;1;;"<!-- image -->

## GenSight Biologics Reports Full Year 2022 Consolidated Financial Results

- Efforts to reduce cash burn in 2023 while  securing LUMEVOQ ®  manufacturing and preparing for commercial launch in Europe in H1 2024
- PPQ campaign to start early May 2023 with results expected in Q3 2023
- Cash runway confirmed to June 2023
- Advanced discussions on refinancing bridge with certain shareholders ongoing, targeted closing in coming weeks

Paris,  France,  March  24,  2023,  7:30  am  CET -  GenSight  Biologics  (Euronext:  SIGHT,  ISIN: FR0013183985,  PEA-PME eligible), a biopharma company focused on developing and commercializing innovative gene therapies for retinal neurodegenerative diseases and central nervous system disorders, today reported its full year 2022 consolidated financial results, as approved by the Board of Directors on March  23,  2023.  Audit  procedures  on  the  Company's  2022  consolidated  financial  statements were completed by the Company's statutory auditors. Final certification will take place after the completion of procedures required before the Universal Registration Document is filed with the French market authority ( Autorité des Marchés Financiers ).

'We are now focusing our efforts and resources on securing the upcoming LUMEVOQ validation campaign with  our  manufacturing  partner  in  the  US,  while  discussing a  financing  bridge  with  certain  existing shareholders to extend  the cash runway beyond  the results of this campaign expected  in  Q3  2023, ' commented Thomas Gidoin ,  Chief  Financial  Officer of  GenSight  Biologics. 'The combination  of this financing bridge targeted to close in the coming weeks and the EIB Tranche B expected in Q3 upon the success of the validation campaign would extend our cash runway to the end of 2023.'

## Annual  Consolidated  Financial Statements  (IFRS) for the Year  Ending  December  31,  2022  and December 31, 2021

| In million euros                         | 2021   | 2022   |
|------------------------------------------|--------|--------|
| Operating income                         | 7.7    | 4.9    |
| Research and development expenses        | (22.9) | (19.3) |
| Sales and marketing expenses             | (5.5)  | (8.0)  |
| General and administrative expenses      | (7.4)  | (5.4)  |
| Operating profit (loss)                  | (28.1) | (27.8) |
| Financial profit (loss)                  | (0.5)  | 0.2    |
| Net profit (loss)                        | (28.6) | (27.6) |
| EPS (in € per share)                     | (0.63) | (0.60) |
| Net cash flows from operating activities | (17.1) | (33.8) |
| Net cash flows from investing activities | (0.0)  | 0.2    |
| Net cash flows from financing activities | 23.7   | 0.1    |
| Net cash flows                           | 6.6    | (33.5) |
| Cash and cash equivalents at closing     | 44.3   | 10.6   |";GenSight Biologics focuses on developing and commercializing gene therapies for retinal and central nervous system disorders. The company aims to reduce cash burn while preparing for the commercial launch of LUMEVOQ in Europe by mid-2024. They are currently engaged in a validation campaign and are in discussions for refinancing to extend their cash runway beyond June 2023. Financial results for 2022 show a decrease in operating income and an increase in net loss, with cash reserves significantly reduced.
1;462;GB00BYN5BY03;Hybrid Software Group PLC;1;2013.0;BEL;G3971B107;20010417.0;GBR;@NA;58.29;EURONEXT BRUSSELS;HYSG-BE;GB00BYN5BY03;BYN5BY;Hybrid Software Group PLC;1.0;HYSG-BE;1;SHARE;BYN5BY0;J;Hybrid Software Group PLC1.pdf;58.2;2;;"## CONTENTS

| Hybrid Software Group                                                    |     |
|--------------------------------------------------------------------------|-----|
| Hybrid Software Group                                                    | 1   |
| Digital revolution in print manufacturing                                | 2   |
| The year in review                                                       | 6   |
| Our markets                                                              | 8   |
| Business segments                                                        | 16  |
| Company strategic report                                                 |     |
| Company strategic report                                                 | 23  |
| Chairman's statement                                                     | 24  |
| CEO's review                                                             | 26  |
| CFO's review                                                             | 28  |
| Governance                                                               |     |
| Board of directors                                                       | 44  |
| Directors' report                                                        | 46  |
| Corporate governance report                                              | 52  |
| Audit committee report                                                   | 54  |
| Directors' remuneration report                                           | 55  |
| Independent auditor's report to the members of Hybrid Software Group PLC | 64  |
| Consolidated financial statements                                        |     |
| Notes to the consolidated financial statements                           | 72  |
| Company financial statements                                             | 113 |
| Notes to the Company financial statements                                | 114 |
| Other information                                                        |     |
| Glossary                                                                 | 121 |

Hybrid Software Group

## Hybrid Software Group

Courtesy of HP PageWide

<!-- image -->

Copyright © ABB Company

Financial statements

Copyright © Xaar Plc

Hybrid Software Group PLC  is a public limited-liability company registered in England and Wales with its shares traded on Euronext Brussels under stock code HYSG. It is headquartered near Cambridge, UK.  The Company employs approximately 300 employees worldwide and has a pedigree stretching back more than 30 years.

Hybrid Software Group develops innovative technology for industrial print manufacturing processes which use inkjet and other printing techniques.  The technology is critical because efficiency and sustainability concerns are driving the conversion of manufacturing processes from traditional analogue methods to just-in-time digital production using inkjet printing.  Applications for inkjet printing include a diverse range of goods, from labels and packaging, to textiles, tiles, laminates, wall coverings, additive manufacturing and 3D printing applications.

## Industrial print manufacturing is when printing technology is used in broader manufacturing processes where it isn't the print itself that is being sold.

## Our investment case

- Inkjet adoption is increasing rapidly across multiple industry sectors.
- Analogue markets are converting to digital production.
- Hybrid Software Group enables customers to migrate their traditional manufacturing processes to digital inkjet.
- Hybrid Software Group  is the only vertically integrated supplier to this market.
- Operating companies are awardwinning technology leaders.
- Synergies between companies in the Group, following strategic acquisitions made during the past 3 years, will accelerate innovation and revenue growth.

The Company is the only full stack supplier of all the critical core technologies needed for inkjet printing. Our principal customers are Original Equipment Manufacturers (OEMs) of digital printing equipment, including high-speed digital production presses, professional colour proofing devices, wide format colour printers, and industrial inkjet printers for ceramic tiles, packaging, textiles and additive manufacturing, as well as end users, primarily printing companies who purchase these devices to print and convert labels and packaging materials.

Hybrid Software Group has traditionally provided software components and printhead drive electronics to OEMs to enable them to build their own solutions.  However, the strategic acquisitions made over the last several years now enable the Company to provide full turnkey solutions for OEMs which enable them to bring new digital printing devices to market faster and with higher quality .  These solutions are higher value and provide more revenue to the Company per device installed.  Furthermore, the OEM business is synergistic with the Company's end-user products, accelerating revenue growth and increasing the Company's market share in the inkjet space.

Governance";Hybrid Software Group PLC is a public company based in the UK that specializes in developing technology for industrial print manufacturing, focusing on inkjet and digital production methods. The company aims to facilitate the transition from traditional analogue processes to efficient, sustainable digital solutions across various industries, including packaging and textiles. As a vertically integrated supplier, it offers comprehensive technologies and turnkey solutions to Original Equipment Manufacturers (OEMs) and end users, enhancing product quality and market speed. Recent strategic acquisitions have strengthened its position, enabling synergies that drive innovation and revenue growth in the inkjet market.
2;651;BMG8766E1093;Textainer Group Holdings Limited;1;1979.0;USA;G8766E109;20191211.0;BMU;06679M-E;77.39;JSE;TXT-ZA;BMG8766E1093;G8766E10;Textainer Group Holdings Limited;1.0;TXT-ZA;0;SHARE;BKDZ8P2;N;Textainer Group Holdings Limited1.pdf;77.3;2;;"<!-- image -->

## About Us

Textainer Group Holdings Limited (NYSE: TGH) is one of the world's largest lessors of intermodal containers based on fleet size, with a total fleet of approximately 2.7 million containers, representing 4.4 million twenty-foot equivalent units (TEU). Containers are an integral component of intermodal trade, providing a secure and cost-effective method of transporting freight by ship, rail or truck, and making it possible to move cargo around the world without repeated packing and unpacking.

Operating since 1979, Textainer leases containers to roughly 200 shipping lines and other lessees, including the world's leading international shipping lines as measured by the total TEU capacity of their container vessels. We supply standard dry freight, specialized and refrigerated containers, and lease tank containers through our relationship with Trifleet Leasing. The Company also proudly serves as a longstanding supplier to the U.S. military. We believe our scale, global presence, customer service, market knowledge and extensive history with our customers make us one of the most reliable suppliers of leased containers.

Textainer also leads the resale industry, having secured its status as one of the largest sellers of used containers.

Textainer operates a network of 14 offices and 400 depots across all time zones. We have employees in major trading centers worldwide, dedicated to providing customers with the highest-quality equipment and exceptional service. Our leasing, resale and operations activities service locations across the globe from three regional offices:

CRANFORD, NJ North, Central and South America

LONDON, UK Europe, the Mediterranean, the Middle East, India and Africa

SINGAPORE Northeast Asia, Southeast Asia and Australia";Textainer Group Holdings Limited is a leading lessor of intermodal containers, with a fleet of approximately 2.7 million containers. The company leases containers to around 200 shipping lines and other clients, including the U.S. military, offering a variety of container types. Textainer also excels in the resale market, being one of the largest sellers of used containers. With a global presence supported by 14 offices and 400 depots, the company emphasizes high-quality equipment and exceptional customer service.
3;539;AEA005901011;Amanat Holding PJSC;1;2014.0;ARE;M08598100;20141201.0;ARE;0DXMW8-E;64.99;DUBAI;AMANAT-AE;AEA005901011;BSZM27;Amanat Holding PJSC;1.0;AMANAT-AE;1;SHARE;BSZM277;K;Amanat Holding PJSC1.pdf;64.9;3;;"## About Amanat

Amanat Holdings ( Amanat or the Company ) is the MENA region's largest investment company focusing on healthcare and education and provides investors with access to unique investment opportunities in two of the region's most resilient and fast -growing sectors. Leveraging on its extensive track record and proven holistic, hands-on management approach, the Company is able  to  drive  long-term positive  impacts  across the  societies  it  operates  in  while  consistently delivering incremental value to its shareholders. Amanat was established and listed on the Dubai Financial Market in November 2014, with paid-up capital of AED 2.5 billion.

Through its investments in hospitals, universities, special needs service providers and real estate across the UAE, Saudi Arabia, and Bahrain, Amanat is building synergistic platforms that deliver a complete roster of services across various underserved segments. In the healthcare sector, the Company will own a majority  stake  in  the  GCC's  largest  post -acute  care  platform,  providing specialized long-term care to patients recovering from surgery, chronic and mental illness, or disability. Amanat also owns a majority stake in a leading multi-disciplinary hospital in Bahrain with  a  market  leading  multispecialty  hospital.  Meanwhile,  the  Company  also  owns  a  market leading higher education platform with influential stakes in two leading providers of graduate and postgraduate education, as well as corporate and vocational training. In 2022, Amanat further strengthened its education platform with the acquisition of Human Development Company (HDC), the leading provider of special education and care (SEC) services in the Kingdom of Saudi Arabia (KSA). Through HDC, the Company is able to capitalize on its existing knowhow in both the healthcare  and  education  sectors  to  lead  the  development  of  these  sectors  with  the  goal  of enhancing quality and access to this vulnerable segment of the population.

## 2022 Key Highlights

17,000 Students and beneficiaries across four universities, nine schools and 22 day-care and

- 4 Investments in healthcare 5 Investments in education 418 Operational beds across five hospitals rehabilitation centers

| AED 2.7 bn   | Assets under management as at 31 December 2022                |
|--------------|---------------------------------------------------------------|
| AED 181.8 mn | Total income in FY-2022                                       |
| AED 174.2 mn | Total platform income in FY-2022                              |
| AED 67.2 mn  | Total healthcare income in FY-2022                            |
| AED 107.0 mn | Total education income in FY-2022                             |
| AED 114.2 mn | Reported net profit attributable to equity holders in FY-2022 |
| AED 117.4 mn | Adjusted net profit in FY-2022                                |

<!-- image -->";Amanat Holdings is the largest investment company in the MENA region focused on healthcare and education, providing unique investment opportunities in these resilient sectors. Established in 2014, the company leverages its management expertise to create long-term societal impacts while delivering shareholder value. Amanat invests in hospitals, universities, and special needs services, building platforms that address underserved segments in the UAE, Saudi Arabia, and Bahrain. Key highlights for 2022 include managing AED 2.7 billion in assets and generating a net profit of AED 114.2 million.
4;530;US13738M1036;Cancer Capital Corp.;1;1997.0;USA;13738M103;20111017.0;USA;0035Y3-E;64.99;US OTC;@NA;US13738M1036;13738M10;Cancer Capital Corp.;1.0;CNCL-US;1;SHARE;B6TVP88;K;Cancer Capital Corp.2.pdf;64.9;3;;"2

2

<!-- image -->

## Cancer Care West Timeline

University Hospital Galway designated supra regional cancer centre for the West of Ireland

Opening of Radiotherapy Department at University Hospital Galway

1993

1997

2000

Foundation of the Leukaemia Trust

First professional fundraiser appointed

Inis Aoibhinn opens and welcomes first 30 Residents and their families

2006

2005

A group of Medical Consultants came together to widen the focus of The Leukaemia Trust, now called Cancer Care West

2007

Building work at Inis Aoibhinn commences

2009

Cancer Support Centre and is officially opened by President Mary McAleese moves to dedicated building 3 additional rooms added at Inis Aoibhinn Psycho oncology service

established at Galway University Hospital

Cancer Care West provides support and services throughout the counties of Mayo, Donegal, Sligo, Roscommon, Leitrim, Galway, Clare, Westmeath, Cavan, Tipperary, Limerick and Longford.

## Our Vision

Our vision is that no one in our region will go through cancer alone.

## Our Mission

To provide professional community based practical and emotional support services, free of charge, to anyone affected by cancer in the Saolta region.

## Cancer Support Centres

We offer a range of psychological and support services both in person at our centre in Galway and Letterkenny and remotely by phone or online.

## Residential Services

We provide accommodation, for radiotherapy patients and their families, at Inis Aoibhinn, our 33 bedroom lodge, on the grounds of  University Hospital Galway.

Patient Assistance Programme established

Letterkenny Cancer Support Centre Opens

Psycho oncology service extended to Galway Clinic

2012

2013

2015

Cancer Care West and Galway University Foundation donate €1m to National University of Ireland Galway to fund Hardiman Research Scholarships

2017

Introduction of Support Services for children

<!-- image -->

## Children Services

Our specially designed therapeutic play area for children provides then with skills and innovative ways of dealing with cancer in their families.

## Cancer Rehabilitation Services

Our cancer rehabilitation services are designed to help prevent, manage and improve the side effects of cancer treatment.

## Transport

We provide transport for cancer patients staying in Inis Aoibhinn.

All of our services are offered free of charge to cancer patients and their families.

Launch of Mayo cancer bus service

Donation of €350k to GUH for purchase of Da Vinci Robotic System

2018

2019

Expansion of Support Centre Galway

New Rehabilitation Service

Expanded Children's Service

CUBS and Cancer Rehabilitation Services launched

2020

2022

Remote access services launched

•

•";Cancer Care West provides free, community-based support services for individuals affected by cancer in the Saolta region of Ireland. The organization offers psychological support, residential accommodation for patients and families, and transportation services. It also includes specialized services for children and cancer rehabilitation programs. Their mission is to ensure that no one in their region faces cancer alone, with a vision of comprehensive support throughout the cancer journey.
5;21;AU000000CSS3;Clean Seas Seafood Limited;1;2000.0;AUS;Q2508T119;20051212.0;AUS;007SZ9-E;3.21;ASX;CSS-AU;AU000000CSS3;B0PFW9;Clean Seas Seafood Limited;1.0;CSS-AU;1;SHARE;B0PFW92;A;Clean Seas Seafood Limited2.pdf;3.2;3;;"For personal use only

<!-- image -->

## Our Story: Ocean to Plate

Clean Seas is the global leader in the full cycle breeding, production and sale of Yellowtail Kingfish and is renowned world-wide for its exceptionally high quality fish. Our company is recognised for innovation and it's high degree of expertise in the farming of Yellowtail Kingfish. We are the largest producer of aquaculture Yellowtail Kingfish outside of Japan. Our diverse customer base has long appreciated the consistently high quality of our fish and our reliability in supplying our fresh and frozen range to markets all over the world 52 weeks of the year.

<!-- image -->

## Contents

| WHOWEARE                          |   2 |
|-----------------------------------|-----|
| WHATWEDO                          |   3 |
| CHAIRMAN'S REPORT                 |   8 |
| FY 22 PERFORMANCE HIGHLIGHTS      |   9 |
| MEETOURBOARDANDMANAGEMENT         |  11 |
| OUR COMPETITIVE ADVANTAGE         |  12 |
| STRATEGIC OBJECTIVES              |  14 |
| CONSOLIDATED FINANCIAL STATEMENTS |  16 |";Clean Seas specializes in the breeding, production, and sale of Yellowtail Kingfish, positioning itself as a global leader in this sector. The company is recognized for its innovation and expertise in aquaculture, being the largest producer of Yellowtail Kingfish outside Japan. Clean Seas serves a diverse customer base, ensuring consistent high quality and reliable supply of fresh and frozen fish year-round. Their business model focuses on maintaining quality and reliability to meet global market demands.
6;532;US27579R1041;East West Bancorp, Inc.;1;1998.0;USA;27579R104;19990208.0;USA;0026S8-E;64.19;NASDAQ;EWBC-US;US27579R1041;27579R10;East West Bancorp, Inc.;1.0;EWBC-US;1;SHARE;2487407;K;East West Bancorp, Inc.1.pdf;64.1;3;;"<!-- image -->

E ast  West Banking Corporation (EastWest) is one of the largest universal banks in the Philippines today. ;IGLYPH&lt;c=3,font=/IEFOJR+GillSans&gt; GEXIVGLYPH&lt;c=3,font=/IEFOJR+GillSans&gt; XSGLYPH&lt;c=3,font=/IEFOJR+GillSans&gt; XLIGLYPH&lt;c=3,font=/IEFOJR+GillSans&gt; ½RERGMEPGLYPH&lt;c=3,font=/IEFOJR+GillSans&gt; RIIHWGLYPH&lt;c=3,font=/IEFOJR+GillSans&gt; SJGLYPH&lt;c=3,font=/IEFOJR+GillSans&gt; GSRWYQIVWGLYPH&lt;c=16,font=/IEFOJR+GillSans&gt; GLYPH&lt;c=3,font=/IEFOJR+GillSans&gt; QMHHPIGLYPH&lt;c=17,font=/IEFOJR+GillSans&gt;QEVOIXGLYPH&lt;c=3,font=/IEFOJR+GillSans&gt; GPMIRXWGLYPH&lt;c=16,font=/IEFOJR+GillSans&gt; GLYPH&lt;c=3,font=/IEFOJR+GillSans&gt; ERHGLYPH&lt;c=3,font=/IEFOJR+GillSans&gt; XLIGLYPH&lt;c=3,font=/IEFOJR+GillSans&gt; QEWWGLYPH&lt;c=3,font=/IEFOJR+GillSans&gt; EJ¾YIRXGLYPH&lt;c=18,font=/IEFOJR+GillSans&gt; GLYPH&lt;c=3,font=/IEFOJR+GillSans&gt;

Our multiple customer touch points include our network SJGLYPH&lt;c=3,font=/IEFOJR+GillSans&gt; GLYPH&lt;c=24,font=/IEFOJR+GillSans&gt;GLYPH&lt;c=26,font=/IEFOJR+GillSans&gt;GLYPH&lt;c=28,font=/IEFOJR+GillSans&gt;GLYPH&lt;c=3,font=/IEFOJR+GillSans&gt; WXSVIWGLYPH&lt;c=16,font=/IEFOJR+GillSans&gt; GLYPH&lt;c=3,font=/IEFOJR+GillSans&gt; SJGLYPH&lt;c=3,font=/IEFOJR+GillSans&gt; [LMGLGLYPH&lt;c=3,font=/IEFOJR+GillSans&gt; GLYPH&lt;c=23,font=/IEFOJR+GillSans&gt;GLYPH&lt;c=29,font=/IEFOJR+GillSans&gt;GLYPH&lt;c=22,font=/IEFOJR+GillSans&gt;GLYPH&lt;c=3,font=/IEFOJR+GillSans&gt; EVIGLYPH&lt;c=3,font=/IEFOJR+GillSans&gt; )EWX;IWXGLYPH&lt;c=3,font=/IEFOJR+GillSans&gt; TEVIRXGLYPH&lt;c=3,font=/IEFOJR+GillSans&gt; FEROGLYPH&lt;c=3,font=/IEFOJR+GillSans&gt; WXSVIWGLYPH&lt;c=3,font=/IEFOJR+GillSans&gt; ERHGLYPH&lt;c=3,font=/IEFOJR+GillSans&gt; GLYPH&lt;c=27,font=/IEFOJR+GillSans&gt;GLYPH&lt;c=26,font=/IEFOJR+GillSans&gt;GLYPH&lt;c=3,font=/IEFOJR+GillSans&gt; EVIGLYPH&lt;c=3,font=/IEFOJR+GillSans&gt; WXSVIWGLYPH&lt;c=3,font=/IEFOJR+GillSans&gt; SJGLYPH&lt;c=3,font=/IEFOJR+GillSans&gt; )EWX;IWXGLYPH&lt;c=3,font=/IEFOJR+GillSans&gt; 6YVEPGLYPH&lt;c=3,font=/IEFOJR+GillSans&gt; &amp;EROGLYPH&lt;c=16,font=/IEFOJR+GillSans&gt; GLYPH&lt;c=3,font=/IEFOJR+GillSans&gt; GLYPH&lt;c=25,font=/IEFOJR+GillSans&gt;GLYPH&lt;c=28,font=/IEFOJR+GillSans&gt;GLYPH&lt;c=24,font=/IEFOJR+GillSans&gt;GLYPH&lt;c=3,font=/IEFOJR+GillSans&gt; %81WGLYPH&lt;c=3,font=/IEFOJR+GillSans&gt; REXMSR[MHIGLYPH&lt;c=16,font=/IEFOJR+GillSans&gt; GLYPH&lt;c=3,font=/IEFOJR+GillSans&gt; MRXIVRIXGLYPH&lt;c=3,font=/IEFOJR+GillSans&gt; FEROMRKGLYPH&lt;c=3,font=/IEFOJR+GillSans&gt; JSVGLYPH&lt;c=3,font=/IEFOJR+GillSans&gt; MRHMZMHYEPWGLYPH&lt;c=3,font=/IEFOJR+GillSans&gt; ERHGLYPH&lt;c=3,font=/IEFOJR+GillSans&gt; GSVTSVEXIWGLYPH&lt;c=3,font=/IEFOJR+GillSans&gt;GLYPH&lt;c=12,font=/IEFOJR+GillSans&gt;)EWX; IWXGLYPH&lt;c=3,font=/IEFOJR+GillSans&gt;3RPMRIGLYPH&lt;c=13,font=/IEFOJR+GillSans&gt;GLYPH&lt;c=16,font=/IEFOJR+GillSans&gt; GLYPH&lt;c=3,font=/IEFOJR+GillSans&gt;QSFMPIGLYPH&lt;c=3,font=/IEFOJR+GillSans&gt;FEROMRKGLYPH&lt;c=3,font=/IEFOJR+GillSans&gt;GLYPH&lt;c=12,font=/IEFOJR+GillSans&gt;)EWX; IWXGLYPH&lt;c=3,font=/IEFOJR+GillSans&gt; 1SFMPIGLYPH&lt;c=13,font=/IEFOJR+GillSans&gt;GLYPH&lt;c=16,font=/IEFOJR+GillSans&gt; GLYPH&lt;c=3,font=/IEFOJR+GillSans&gt; TLSRIGLYPH&lt;c=3,font=/IEFOJR+GillSans&gt; FEROMRKGLYPH&lt;c=16,font=/IEFOJR+GillSans&gt; GLYPH&lt;c=3,font=/IEFOJR+GillSans&gt; ERHGLYPH&lt;c=3,font=/IEFOJR+GillSans&gt; GLYPH&lt;c=22,font=/IEFOJR+GillSans&gt;GLYPH&lt;c=24,font=/IEFOJR+GillSans&gt;GLYPH&lt;c=17,font=/IEFOJR+GillSans&gt;,SYVGLYPH&lt;c=3,font=/IEFOJR+GillSans&gt; )EWX;IWXGLYPH&lt;c=3,font=/IEFOJR+GillSans&gt; 'YWXSQIVGLYPH&lt;c=3,font=/IEFOJR+GillSans&gt; Service.

EastWest is a subsidiary of Filinvest Development 'SVTSVEXMSRGLYPH&lt;c=3,font=/IEFOJR+GillSans&gt; GLYPH&lt;c=12,font=/IEFOJR+GillSans&gt;*('GLYPH&lt;c=13,font=/IEFOJR+GillSans&gt;GLYPH&lt;c=16,font=/IEFOJR+GillSans&gt; GLYPH&lt;c=3,font=/IEFOJR+GillSans&gt; SRIGLYPH&lt;c=3,font=/IEFOJR+GillSans&gt; SJGLYPH&lt;c=3,font=/IEFOJR+GillSans&gt; XLIGLYPH&lt;c=3,font=/IEFOJR+GillSans&gt; GSYRXV]´WGLYPH&lt;c=3,font=/IEFOJR+GillSans&gt; PIEHMRKGLYPH&lt;c=3,font=/IEFOJR+GillSans&gt; conglomerates with diverse interests  ranging  from  real IWXEXIGLYPH&lt;c=16,font=/IEFOJR+GillSans&gt; GLYPH&lt;c=3,font=/IEFOJR+GillSans&gt; FEROMRKGLYPH&lt;c=16,font=/IEFOJR+GillSans&gt; GLYPH&lt;c=3,font=/IEFOJR+GillSans&gt; WYKEVGLYPH&lt;c=16,font=/IEFOJR+GillSans&gt; GLYPH&lt;c=3,font=/IEFOJR+GillSans&gt; LSWTMXEPMX]GLYPH&lt;c=16,font=/IEFOJR+GillSans&gt; GLYPH&lt;c=3,font=/IEFOJR+GillSans&gt; TS[IVGLYPH&lt;c=3,font=/IEFOJR+GillSans&gt; KIRIVEXMSRGLYPH&lt;c=16,font=/IEFOJR+GillSans&gt; GLYPH&lt;c=3,font=/IEFOJR+GillSans&gt; XSGLYPH&lt;c=3,font=/IEFOJR+GillSans&gt; MRJVEWXVYGXYVIGLYPH&lt;c=18,font=/IEFOJR+GillSans&gt; GLYPH&lt;c=3,font=/IEFOJR+GillSans&gt; 7MRGIGLYPH&lt;c=3,font=/IEFOJR+GillSans&gt; GLYPH&lt;c=22,font=/IEFOJR+GillSans&gt;GLYPH&lt;c=20,font=/IEFOJR+GillSans&gt;GLYPH&lt;c=21,font=/IEFOJR+GillSans&gt;GLYPH&lt;c=22,font=/IEFOJR+GillSans&gt;GLYPH&lt;c=16,font=/IEFOJR+GillSans&gt; GLYPH&lt;c=3,font=/IEFOJR+GillSans&gt; )EWX;IWXGLYPH&lt;c=3,font=/IEFOJR+GillSans&gt; LEWGLYPH&lt;c=3,font=/IEFOJR+GillSans&gt; FIIRGLYPH&lt;c=3,font=/IEFOJR+GillSans&gt; XVEHMRKGLYPH&lt;c=3,font=/IEFOJR+GillSans&gt; YRHIVGLYPH&lt;c=3,font=/IEFOJR+GillSans&gt; XLIGLYPH&lt;c=3,font=/IEFOJR+GillSans&gt; W]QFSPGLYPH&lt;c=3,font=/IEFOJR+GillSans&gt; ³);´GLYPH&lt;c=3,font=/IEFOJR+GillSans&gt; MRGLYPH&lt;c=3,font=/IEFOJR+GillSans&gt; XLIGLYPH&lt;c=3,font=/IEFOJR+GillSans&gt; 4LMPMTTMRIGLYPH&lt;c=3,font=/IEFOJR+GillSans&gt; 7XSGOGLYPH&lt;c=3,font=/IEFOJR+GillSans&gt; )\GLERKIGLYPH&lt;c=3,font=/IEFOJR+GillSans&gt; GLYPH&lt;c=12,font=/IEFOJR+GillSans&gt;47)GLYPH&lt;c=13,font=/IEFOJR+GillSans&gt;GLYPH&lt;c=18,font=/IEFOJR+GillSans&gt; GLYPH&lt;c=3,font=/IEFOJR+GillSans&gt; -XGLYPH&lt;c=3,font=/IEFOJR+GillSans&gt; MWGLYPH&lt;c=3,font=/IEFOJR+GillSans&gt; RSXGLYPH&lt;c=3,font=/IEFOJR+GillSans&gt; EJ½PMEXIHGLYPH&lt;c=3,font=/IEFOJR+GillSans&gt; [MXLGLYPH&lt;c=3,font=/IEFOJR+GillSans&gt; ER]GLYPH&lt;c=3,font=/IEFOJR+GillSans&gt; JSVIMKRGLYPH&lt;c=3,font=/IEFOJR+GillSans&gt; ½RERGMEPGLYPH&lt;c=3,font=/IEFOJR+GillSans&gt; MRWXMXYXMSRGLYPH&lt;c=3,font=/IEFOJR+GillSans&gt; [LMGLGLYPH&lt;c=3,font=/IEFOJR+GillSans&gt; QE]GLYPH&lt;c=3,font=/IEFOJR+GillSans&gt; FIEVGLYPH&lt;c=3,font=/IEFOJR+GillSans&gt; XLIGLYPH&lt;c=3,font=/IEFOJR+GillSans&gt; WEQIGLYPH&lt;c=3,font=/IEFOJR+GillSans&gt; REQIGLYPH&lt;c=18,font=/IEFOJR+GillSans&gt;

%WGLYPH&lt;c=3,font=/IEFOJR+GillSans&gt; SJGLYPH&lt;c=3,font=/IEFOJR+GillSans&gt; IRHGLYPH&lt;c=17,font=/IEFOJR+GillSans&gt;GLYPH&lt;c=22,font=/IEFOJR+GillSans&gt;GLYPH&lt;c=20,font=/IEFOJR+GillSans&gt;GLYPH&lt;c=22,font=/IEFOJR+GillSans&gt;GLYPH&lt;c=22,font=/IEFOJR+GillSans&gt;GLYPH&lt;c=16,font=/IEFOJR+GillSans&gt; GLYPH&lt;c=3,font=/IEFOJR+GillSans&gt; )EWX;IWXGLYPH&lt;c=3,font=/IEFOJR+GillSans&gt; LEHGLYPH&lt;c=3,font=/IEFOJR+GillSans&gt; GLYPH&lt;c=27,font=/IEFOJR+GillSans&gt;GLYPH&lt;c=16,font=/IEFOJR+GillSans&gt;GLYPH&lt;c=22,font=/IEFOJR+GillSans&gt;GLYPH&lt;c=25,font=/IEFOJR+GillSans&gt;GLYPH&lt;c=23,font=/IEFOJR+GillSans&gt;GLYPH&lt;c=14,font=/IEFOJR+GillSans&gt;GLYPH&lt;c=3,font=/IEFOJR+GillSans&gt; JYPPGLYPH&lt;c=17,font=/IEFOJR+GillSans&gt;XMQIGLYPH&lt;c=3,font=/IEFOJR+GillSans&gt; IQTPS]IIWGLYPH&lt;c=18,font=/IEFOJR+GillSans&gt; GLYPH&lt;c=3,font=/IEFOJR+GillSans&gt;

*SVGLYPH&lt;c=3,font=/IEFOJR+GillSans&gt;QSVIGLYPH&lt;c=3,font=/IEFOJR+GillSans&gt;MRJSVQEXMSRGLYPH&lt;c=16,font=/IEFOJR+GillSans&gt; GLYPH&lt;c=3,font=/IEFOJR+GillSans&gt;ZMWMXGLYPH&lt;c=3,font=/IEFOJR+GillSans&gt;[[[ GLYPH&lt;c=18,font=/IEFOJR+GillSans&gt;IEWX[IWXFERO IV GLYPH&lt;c=18,font=/IEFOJR+GillSans&gt;GSQ

## Brand Pillars

-  Insightful expertise directed towards your priorities
-  Dedication to making banking easier for you
-  Entrepreneurial spirit to realize our collective best potential

## Service Pillars

Personable: ;EVQGLYPH&lt;c=3,font=/IEFOJR+GillSans-Light&gt;ERHGLYPH&lt;c=3,font=/IEFOJR+GillSans-Light&gt;TSWMXMZIGLYPH&lt;c=3,font=/IEFOJR+GillSans-Light&gt;EXXMXYHI GLYPH&lt;c=16,font=/IEFOJR+GillSans-Light&gt; GLYPH&lt;c=3,font=/IEFOJR+GillSans-Light&gt;KIRYMRIGLYPH&lt;c=3,font=/IEFOJR+GillSans-Light&gt;WIRXMQIRXGLYPH&lt;c=16,font=/IEFOJR+GillSans-Light&gt; GLYPH&lt;c=3,font=/IEFOJR+GillSans-Light&gt;ERHGLYPH&lt;c=3,font=/IEFOJR+GillSans-Light&gt;TIV WSREPGLYPH&lt;c=3,font=/IEFOJR+GillSans-Light&gt;GSRGIV RGLYPH&lt;c=3,font=/IEFOJR+GillSans-Light&gt;JSVGLYPH&lt;c=3,font=/IEFOJR+GillSans-Light&gt;XLIGLYPH&lt;c=3,font=/IEFOJR+GillSans-Light&gt;GYWXSQIV´ WGLYPH&lt;c=3,font=/IEFOJR+GillSans-Light&gt;[IPPGLYPH&lt;c=17,font=/IEFOJR+GillSans-Light&gt;FIMRKGLYPH&lt;c=3,font=/IEFOJR+GillSans-Light&gt;ERHGLYPH&lt;c=3,font=/IEFOJR+GillSans-Light&gt; business affairs

Dependable: Dedicated to making banking as easy as possible for the customer - taking the effort away whenever we can but with professional regard for due process

Proactive: Actively listening, offering the right information at the right time, considering what the customer needs with XLSYKLXJYPGVSWWGLYPH&lt;c=17,font=/IEFOJR+GillSans-Light&gt;WIPPMRK

## Vision

8SGLYPH&lt;c=3,font=/IEFOJR+GillSans-Light&gt;FIGLYPH&lt;c=3,font=/IEFOJR+GillSans-Light&gt;EGLYPH&lt;c=3,font=/IEFOJR+GillSans-Light&gt;[ SV PHGLYPH&lt;c=17,font=/IEFOJR+GillSans-Light&gt;GPEWWGLYPH&lt;c=3,font=/IEFOJR+GillSans-Light&gt;FEROGLYPH&lt;c=3,font=/IEFOJR+GillSans-Light&gt;ERGLSVIHGLYPH&lt;c=3,font=/IEFOJR+GillSans-Light&gt;SRGLYPH&lt;c=3,font=/IEFOJR+GillSans-Light&gt;WIV ZMGIGLYPH&lt;c=3,font=/IEFOJR+GillSans-Light&gt;I\GIPPIRGIGLYPH&lt;c=3,font=/IEFOJR+GillSans-Light&gt;MRGLYPH&lt;c=3,font=/IEFOJR+GillSans-Light&gt; our chosen markets

## Mission

To create value:

For our chosen markets, by providing them with excellent service in the delivery of integrated and innovative products, VIWTSRWMZIGLYPH&lt;c=3,font=/IEFOJR+GillSans-Light&gt; XSGLYPH&lt;c=3,font=/IEFOJR+GillSans-Light&gt; XLIMVGLYPH&lt;c=3,font=/IEFOJR+GillSans-Light&gt; GYVVIRXGLYPH&lt;c=3,font=/IEFOJR+GillSans-Light&gt; ERHGLYPH&lt;c=3,font=/IEFOJR+GillSans-Light&gt; JYXYVIGLYPH&lt;c=3,font=/IEFOJR+GillSans-Light&gt; ½RERGMEPGLYPH&lt;c=3,font=/IEFOJR+GillSans-Light&gt; RIIHWGLYPH&lt;c=16,font=/IEFOJR+GillSans-Light&gt; GLYPH&lt;c=3,font=/IEFOJR+GillSans-Light&gt; EXGLYPH&lt;c=3,font=/IEFOJR+GillSans-Light&gt; XLIGLYPH&lt;c=3,font=/IEFOJR+GillSans-Light&gt; best value

For  our  employees, by  continuously  providing  them  with opportunities  to  develop  their  full  potential  and  by  giving recognition and rewards commensurate to their contribution

For our community, by committing ourselves to improving the quality of life of those around us through the support for various charities and involvement in outreach activities

For  our  regulators, by  uncompromisingly  adhering  to  the highest standards of business ethics and corporate governance

For our shareholders, by managing the bank professionally and prudently to consistently achieve optimal possible returns

<!-- image -->

## One Tree. One Heart. ONE FILINVEST

## One Filinvest Values

EastWest is backed by the strength and resources of our parent company, Filinvest Development Corporation (FDC), one of the country's leading conglomerates which has interests in banking, real estate, hospitality and tourism, power generation, infrastructure, and sugar.

As the universal banking arm of the Filinvest Group, we share One Filinvest  Values which guide all Filinvest companies in enabling Filipinos to achieve their dreams.

- Customer Centricity Keep our customers top of mind.
- Change for the Better Innovation and agility rule our quest for operational excellence.

## Filinvest Family

Invest in bringing out the best in ourselves and our team.

- Entrepreneurial Mindset Pursue new opportunities and take ownership of our decisions.
- 6KDUHGGLYPH&lt;c=3,font=/IEFOJR+GillSans-SemiBold&gt;%HQH¼W Grow hand in hand with our stakeholders.
- Trustworthiness Deserve and preserve trust.";EastWest Banking Corporation is a leading universal bank in the Philippines, operating under the Filinvest Development Corporation. Its business model focuses on providing integrated and innovative banking services through multiple customer touchpoints, emphasizing customer-centricity and operational excellence. The bank aims to create value for its customers, employees, community, regulators, and shareholders by adhering to high ethical standards and fostering a supportive environment. EastWest's core values include customer centricity, innovation, and an entrepreneurial mindset, driving its commitment to improving the quality of life for Filipinos.
7;115;MYQ0128OO007;Frontken Corp. Bhd.;1;1996.0;MYS;Y26510100;20060711.0;MYS;06HKDD-E;26.11;MALAYSIA;0128-MY;MYQ0128OO007;B18TLC;Frontken Corp. Bhd.;1.0;0128-MY;1;SHARE;B18TLC4;C;Frontken Corp. Bhd.1.pdf;26.1;13;;"## CHAPTER 1.0 INTRODUCTION ## 1.1 ABOUT FRONTKEN GROUP We build technology and provide services that enable our customers to be more sustainable and do more for our environment, community, and society. We integrate our technology, business practices, partnerships, supply chain and production processes around a single mission - to build sustainability through actionable technology and make more positive impact towards the environment and society together with our customers, employees and shareholders and stakeholders. Our foundation is built on our core values, which distinguish us and guide our actions and the way we conduct our business in a socially responsible and ethical manner. We are committed to delivering value to all our stakeholders including customers, employees and shareholders through sustaining growth in our businesses, protecting the environment, empowering lives of people and nurturing communities where we operate. We will also continue to build the company on the foundation of: - (a) Responsible management; - (b) Responsible innovation and service; - (c) Responsible green production; - (d) Responsible workplace; - (e) Responsible inclusion and diversity; - (f) Responsible supply chain; - (g) Responsible Climate Change. We want to make it easy to be more sustainable, by building technology and providing services including training to help people to better understand their impact and actions. <!-- image -->""";Frontken Group's business model focuses on building technology and providing services that promote sustainability and positive societal impact. The company integrates its operations around a mission to enhance environmental and community well-being, guided by core values of social responsibility and ethical conduct. It aims to deliver value to stakeholders through sustainable growth, environmental protection, and community empowerment. Key areas of commitment include responsible management, innovation, production, workplace practices, inclusion, diversity, and supply chain management.
8;672;AU000000MMS5;Mcmillan Shakespeare Limited;1;1988.0;AUS;Q58998107;20040315.0;AUS;006FG8-E;77.11;ASX;MMS-AU;AU000000MMS5;B00G1Q;Mcmillan Shakespeare Limited;1.0;MMS-AU;1;SHARE;B00G1Q0;N;Mcmillan Shakespeare Limited1.pdf;77.1;3;;"MMS  ANNUAL REPORT 2022

B

## Annual General Meeting

The Annual General Meeting of the members of McMillan Shakespeare Limited A.B.N. 74 107 233 983 will be held virtually and in person on 28 October 2022 at 10.00am. Please refer to the AGM notice for further details.

mmsg.com.au

The McMillan Shakespeare Group is a provider of salary packaging, novated leasing, disability plan management and support co-ordination, asset management and related financial products and services.

Through its subsidiaries, it offers a breadth of services and expertise, designed to responsibly deliver longterm value to its customers. The Group employs a highly committed team of c.1,300 people across Australia, New Zealand and the United Kingdom and domestically manages programs for some of the largest public sector, corporate and charitable organisations.

Header

<!-- image -->

SUBHEADER

<!-- image -->

<!-- image -->

<!-- image -->

<!-- image -->

<!-- image -->

<!-- image -->

<!-- image -->

<!-- image -->";McMillan Shakespeare Group provides salary packaging, novated leasing, disability plan management, and asset management services. It aims to deliver long-term value to customers through a range of financial products and expertise. The Group employs around 1,300 people across Australia, New Zealand, and the UK. It manages programs for major public sector, corporate, and charitable organizations.
9;496;US6075251024;Model N, Inc.;1;1999.0;USA;607525102;20130320.0;USA;062YCW-E;58.29;NYSE;MODN-US;US6075251024;60752510;Model N, Inc.;1.0;MODN-US;1;SHARE;B94Z434;J;Model N, Inc.1.pdf;58.2;3;;"## Introduction

Activities that impact revenue span sales, marketing, finance, IT, and operations. Finding ways to optimize revenue - regardless of where their function lies - is the responsibility of every C-suite executive. However, the scope of business complexity and volumes of data companies must manage make it difficult to effectively execute rebates, enforce contracts, ensure compliance, and perform other revenue-impacting activities.

To grow revenue and market share successfully, many executives have embraced modern technology and innovative business models. But for the life sciences and high-tech industries, revenue management remains fraught with challenges.

Life sciences companies, including pharmaceutical and medical technology organizations, must find ways to adhere to state and federal regulations, while overcoming a shortage of staff and expertise.

Semiconductor, electronic component manufacturers (ECMs), and high-tech manufacturing companies face challenges with their supply chains, logistics, and material availability, as they strive to manage and incentivize a complex and evolving channel.

To better understand the reality of modern revenue management within these industries, the 2022 State of Revenue Report endeavors to answer three key questions:

- How are executives evolving their revenue management practices?
- What challenges are executives most concerned about?
- What role does technology innovation play in improving revenue management?

This report, sponsored by Model N with research conducted by Dimensional Research, is based on the results of an online survey of more than 300 C-suite executives who are directly responsible for revenue management at large pharmaceutical, medical technology, high-tech manufacturing, and semiconductor and ECM companies. Certain questions were repeated from similar studies in 2020 and 2021 to enable trend analysis.

## revenue management

rev·  e·  nue  |  \ re-v ə -nü \    ·   man·  age·  ment  |  \  ma-nij-m ə nt \ Refers to the optimization of revenue activities to maximize growth. Activities include, but are not limited to, rebates, compliance, contracts, and price modeling, and cross multiple functional areas such as sales, marketing, finance, IT , and operations.";The business model focuses on optimizing revenue activities across various functions, including sales, marketing, finance, IT, and operations, to maximize growth. Executives in life sciences and high-tech industries face challenges such as regulatory compliance, staffing shortages, and supply chain complexities. To address these issues, many are adopting modern technology and innovative practices in revenue management. The 2022 State of Revenue Report explores how executives are evolving their practices, their primary concerns, and the impact of technology on improving revenue management.
10;537;SG1E32850828;New Toyo International Holdings Ltd;1;1975.0;SGP;Y6304R103;19970404.0;SGP;05JFJM-E;64.2;SINGAPORE;N08-SG;SG1E32850828;663554;New Toyo International Holdings Ltd;1.0;N08-SG;1;SHARE;6635547;K;New Toyo International Holdings Ltd1.pdf;64.2;3;;"## INTRODUCTION

New  Toyo,  established  in  1975, has  become  one  of  the  major producers of specialty packaging materials in the Asia Pacific Region. With our presence in Singapore, Malaysia, Vietnam, Dubai, Indonesia and China, we  cater to both global and domestic  customers.  Our  focus for  over  four  decades  has  been on  enhancing  and  refining  the quality of our products and meeting our clients'  requirements. With  the  increasing  number  of packaging  material  applications, we continuously improve our capabilities to stay up-to-date with the latest developments and boost productivity to remain competitive.";New Toyo, founded in 1975, specializes in producing packaging materials in the Asia Pacific Region. The company operates in multiple countries, including Singapore, Malaysia, and China, serving both global and domestic clients. Its focus has been on enhancing product quality and meeting customer needs for over four decades. To remain competitive, New Toyo continuously improves its capabilities and adapts to the latest developments in packaging applications.
11;540;AU000000SWF8;SelfWealth Ltd.;1;2012.0;AUS;Q8458X109;20171123.0;AUS;@NA;66.12;ASX;SWF-AU;AU000000SWF8;BFBFBD;SelfWealth Ltd.;1.0;SWF-AU;1;SHARE;BFBFBD8;K;SelfWealth Ltd.2.pdf;66.1;3;;"## A Leading, Australian Fintech

## The Story

Since its inception in 2012, Selfwealth has been designed to help Australians build wealth. We have quickly become Australia's most popular independent online wealth creation platform and connect everyday Australians through tools and independent education on content. We do so with a price-conscious yet high-value mindset and put security at the centre of our decisions.

Our 126,000+ highly-engaged active investors benefit from:

- �  Access to flat-fee low cost ASX trades and USD9.50 US trades
- �  HIN-based, legal ownership on ASX investments
- �  Real-time pricing and detailed stock reports
- �  The ability to follow and track successful investors in the community
- �  Cash accounts audited regularly and backed by ANZ security
- � Unique insights on market trends and weekly YouTube Live plus a regular podcast.

## Retail Investors: Australian, Low-cost and Safe

Selfwealth first launched a low-cost, flat-fee share trading platform in 2017. Since then, the platform has followed a consistent approach: providing responsible, secure and price-conscious investment solutions for retail investors. The retail wealth creation platform now boasts two new native mobile apps, the addition of kids accounts so investors can invest on behalf of those under 18, access to the US and HK E X stock markets, plus ESG data.

## Advisers: Innovative, Safe and Transparent

The Selfwealth Adviser Platform enables financial advisers and other financial intermediaries with innovative features and functionality to manage client direct equity portfolios. The Selfwealth Adviser Platform now has 92 Australian Financial Licensces registered and 210 financial advisers. The attraction is clear: no commissions, percentage fees or other administration and transaction fees, allows it to be a uniquely compelling offer for both advisers and their clients.

<!-- image -->";Selfwealth is an Australian fintech platform established in 2012, aimed at helping Australians build wealth through low-cost, flat-fee trading and independent education. It serves over 126,000 active investors by offering features like legal ownership of ASX investments, real-time pricing, and community tracking of successful investors. The platform has expanded to include mobile apps, kids accounts, and access to international stock markets while maintaining a focus on security and responsible investment solutions. Additionally, the Selfwealth Adviser Platform provides financial advisers with a commission-free model, enhancing transparency and efficiency in managing client portfolios.
12;520;FR0000121204;Wendel SE;1;;FRA;F98370103;20040513.0;FRA;00210Z-E;64.99;US OTC;@NA;FR0000121204;739011;Wendel SE;1.0;WNDLF-US;0;SHARE;B030RN8;K;Wendel SE2.pdf;64.9;3;;"<!-- image -->

The French language version of the Universal Registration Document was filed on April 14, 2023 with the Autorité des Marchés Financiers (AMF), as competent authority under Regulation (EU) 2017/1129, without prior approval pursuant to Article 9 of the said regulation.

The Universal Registration Document may be used for the purposes of an offer to the public of securities or admission of securities to trading on a regulated market if completed by a securities note and, if applicable, a summary and any amendments to the Universal Registration Document. The whole is approved by the AMF in accordance with Regulation (EU) 2017/1129.

This is a translation into English of the Universal Registration Document of the Company issued in French and it is available on the Wendel's website. This is a free translation into English for information purposes only. Only the original French version can be used to support abovementioned transactions.

## 2022 Universal Registration Document

This Universal Registration Document contains the entire contents of the annual financial report and the non-financial performance statement.

## Profile

The Wendel Group is a professional shareholder and investor that fosters sector-leading companies in their long-term development.

Committed to a long-term relationship, Wendel helps design and implement ambitious and innovative development VWUDWHJLHVGLYPH&lt;c=3,font=/AAIMKB+Galliard-Roman&gt;WKDWGLYPH&lt;c=3,font=/AAIMKB+Galliard-Roman&gt;FUHDWHGLYPH&lt;c=3,font=/AAIMKB+Galliard-Roman&gt;VLJQLÀFDQWGLYPH&lt;c=3,font=/AAIMKB+Galliard-Roman&gt;YDOXHGLYPH&lt;c=3,font=/AAIMKB+Galliard-Roman&gt;RYHUGLYPH&lt;c=3,font=/AAIMKB+Galliard-Roman&gt;WLPHGLYPH&lt;c=17,font=/AAIMKB+Galliard-Roman&gt;

<!-- image -->

This label recognizes the most transparent documents and information materials according to the criteria of the classement annuel de la Transparence (annual Transparency ranking) (www.labrador-transparency.com).";The Wendel Group operates as a professional shareholder and investor, focusing on the long-term development of sector-leading companies. It files a Universal Registration Document with the AMF, which can be used for public offers of securities or trading admissions when accompanied by a securities note. The document includes the annual financial report and non-financial performance statement, with the original French version being the authoritative source. Wendel is committed to fostering innovative development strategies that create significant value over time.
13;497;CA00510L1067;AcuityAds Holdings Inc;1;2009.0;CAN;00510L106;20120720.0;CAN;0DT6RQ-E;58.29;TORONTO;ILLM-CA;CA00510L1067;BP9P4Z;AcuityAds Holdings Inc;1.0;ILLM-CA;1;SHARE;BP9P4Z3;J;AcuityAds Holdings Inc1.pdf;58.2;4;;"outlook and future-oriented financial information contained herein should not be used for purposes other than those for which it is disclosed herein.

Readers are cautioned not to place undue reliance on these forward-looking statements, which speak only as of the date of the MD&amp;A or as of the date otherwise specifically indicated herein. Due to risks and uncertainties, including the risks and uncertainties elsewhere in this MD&amp;A, actual events may differ materially from current expectations. These risks and uncertainties include, among other things, the factors discussed in 'Risk Factors' section of this MD&amp;A and under the 'Risk Factors' section of the  Annual  Information  Form  for  the  year  ended  December  31,  2021  available  on  SEDAR  at www.sedar.com. The Company disclaims any intention or obligation to update or revise any forwardlooking statements, whether as a result of new information, future events or otherwise. All forwardlooking statements contained in the MD&amp;A are expressly qualified in their entirety by this cautionary statement.

## OVERVIEW

AcuityAds is a technology company that enables marketers to connect intelligently with audiences across  video,  mobile,  social  and  online  display  advertising  campaigns.  AcuityAds'  Programmatic Marketing Platform, powered by proprietary machine learning technology, is at the core of its business, accompanied by patented solutions for analytics-led video and mobile targeting that leverages data. AcuityAds  empowers  marketers  by  offering  near  real-time  reporting and analytics, bringing accountability to programmatic advertising to deliver business results and help solve the key challenges that digital advertisers face. AcuityAds is headquartered in Toronto and has offices in the U.S., Canada, Spain, France, Brazil, Chile, Mexico, Colombia and Argentina. Its key customers include both agencies and brands, including large Fortune 500 enterprises and small to mid-sized businesses. AcuityAds' technology enables programmatic advertising, which is the automated buying and selling of advertising inventory electronically. The platform is based on proprietary machine learning technology, the branch of artificial intelligence involving systems that learn from data inputs and outputs and can perform actions without the need for explicit programming.  The platform has the capability to process billions of bid requests on a daily basis. AcuityAds' Programmatic Marketing Platform allows advertisers to manage their purchasing of online display advertising in real-time using programmatic ad buying, a method of buying online display advertising in which ad spots (called impressions) are released in an auction  that  occurs  in  milliseconds.  AcuityAds  purchases  impressions  for  advertisers  through agreements with publishers, ad networks and ad exchanges. Its technology platform benefits advertisers by enabling them to target specific audiences based on demographic and psychographic parameters as well as manage their bid amounts to purchase the advertising inventory that is most relevant for their campaigns. Real-time reporting enables advertisers to monitor specific performance metrics and react and pivot quickly to optimize campaigns to help ensure they achieve consumer targeting goals and key performance  indicators.  On  October  1,  2020,  the  Company  officially  launched  its  advertising automation platform, illumin™. illumin is an advertising automation technology that offers planning, buying  and  omnichannel  intelligence  from  a  single  platform,  allowing  advertisers  to  map  their consumer journey playbooks across screens and execute in real-time using programmatic technology. illumin  enables  creation  of  consumer  journeys  with  custom  messages  tied  to  propensity-scored audiences, increasing efficiency and return on advertising investments. For the three and six months ended June 30, 2022, revenue derived from illumin was $10,244,059 and $18,106,807 compared to $5,223,396 and $8,429,555 revenue in the comparable 2021 period.";AcuityAds is a technology company that provides a Programmatic Marketing Platform, utilizing proprietary machine learning to facilitate intelligent audience connections across various advertising channels. The platform enables real-time management of online display advertising through automated bidding, allowing advertisers to target specific demographics and optimize campaigns based on performance metrics. AcuityAds also launched illumin™, an advertising automation platform that enhances planning, buying, and omnichannel intelligence for advertisers. The company has seen significant revenue growth from illumin™, indicating its effectiveness in improving advertising efficiency and return on investment.
14;486;INE898S01029;Aurum Proptech Limited;1;2013.0;IND;Y5400E107;20150819.0;IND;0FMFQV-E;58.29;BSE INDIA;539289-IN;INE898S01029;BYW6D2;Aurum Proptech Limited;1.0;539289-IN;1;SHARE;BYW6D26;J;Aurum Proptech Limited2.pdf;58.2;4;;"## Aurum ProPtech

## ecosystem snAPshot

## Collective Power of the ecosystem

being harnessed through our data strategy…

RaaS

17 CItIes

SaaS

50+ CItIes

<!-- image -->

520+ ACtIve CustOmeRs

<!-- image -->

<!-- image -->

<!-- image -->

<!-- image -->

4,300+ ACtIve CustOmeRs

13+ PROduCts

<!-- image -->

600+

ReAl estAte develOPeR RelAtIOns

7,500+ ChAnnel PARtneRs

<!-- image -->

<!-- image -->

<!-- image -->

<!-- image -->

<!-- image -->

## Aurum grouP: unleAshing PotentiAl. creAting long-term VAlue.

Aurum  Ventures  is  a  homegrown,  privately held Real Estate Investment and Development company  in  India.  Founded  in  1996  and headquartered  in  Mumbai,  Aurum  Ventures focuses  on  all  aspects  of  value  creation  in Real Estate and PropTech businesses.

Aurum is an Impact Investor with a focus on long-life, highquality assets in special situations in India. Our investments are constructive and high value in exit potential while being conservative in entry pricing, with each investment having a horizon of a decade.

## Aurum's Presence

<!-- image -->

<!-- image -->

<!-- image -->

<!-- image -->

<!-- image -->

<!-- image -->

## our group Values

Aurum values are an amalgamation of what we have been, what we are, and what we want to be. Our commitment to building  sustainable  businesses  rests  upon  a  set  of  core values.

These values are the compass that guides our personal and corporate actions.

<!-- image -->

<!-- image -->

## our mission

<!-- image -->

led by technology, Capital, and entrepreneurship,  Aurum  is  on  a  mission  to create a tech-led disruption through its Real estate ecosystem, focusing on enhancing customer experience and increasing operational efficiencies.

We allocate capital and empower teams across all our businesses, be it Real estate projects or Proptech products.

## Aurum's Portfolio

<!-- image -->

<!-- image -->

<!-- image -->

<!-- image -->

<!-- image -->

Hard Work

<!-- image -->

<!-- image -->

<!-- image -->

<!-- image -->";Aurum ProPtech operates a data-driven ecosystem that leverages its Real Estate as a Service (RaaS) and Software as a Service (SaaS) models across multiple cities, serving over 4,300 active customers. The company focuses on creating long-term value through strategic investments in high-quality real estate assets, emphasizing conservative entry pricing and significant exit potential. Aurum is committed to enhancing customer experience and operational efficiencies through technology and entrepreneurship. With a strong network of real estate developers and channel partners, Aurum aims to disrupt the real estate market while adhering to its core values.
15;512;GB00BNG2VN02;Cizzle Biotechnology Holdings PLC;1;2007.0;GBR;G1264V137;20070323.0;GBR;00CYMW-E;64.99;LONDON;CIZ-GB;GB00BNG2VN02;BNG2VN;Cizzle Biotechnology Holdings PLC;1.0;CIZ-GB;1;SHARE;BNG2VN0;K;Cizzle Biotechnology Holdings PLC1.pdf;64.9;4;;"## Cizzle Biotechnology Holdings PLC

## Chair's Statement

The Group has continued throughout 2022 in developing a blood test for the early detection of lung cancer. Its proof-of-concept prototype test is based on the ability to measure a stable blood plasma biomarker,  a  variant  of  CIZ1.  CIZ1  is  a  naturally  occurring  cell  nuclear  protein  involved  in  DNA replication, and the targeted CIZ1B variant is highly correlated with early-stage lung cancer.

Published research led by Professor Coverley previously demonstrated that CIZ1B can be measured with high sensitivity via an ELISA process, which should allow for testing in a high-throughput, hospitalfriendly format. The Directors believe that this development overcomes an important barrier to further clinical development and the application of this blood test for the early detection of lung cancer, which is essential to improve a patient's chance of survival.

In  addition  to  implementing  a  strategy  to  develop  a  regulatory  approved  commercial,  diagnostic laboratory immunoassay for early-stage lung cancer, the Group has broadened its interests to include the detection of a range of other early-stage cancers. It has also expanded its potential customer base to include the pharmaceutical industry through a contract to develop a diagnostic test that can help in the development of personalised medicines, so called 'companion diagnostics', and has secured royalty bearing rights to the sale of such medicines in the longer term.

The Board intends for the Group's initial product to be a diagnostic immunoassay that can be readily performed by hospitals and reference laboratories, but a potential follow-on product could be a point of care test provided by a primary health care provider.

## Research and Development

Throughout  2022, the  Company  continued  to  work  with  external  expert  partners and  suppliers to develop and supply of proprietary key monoclonal antibodies and other detector proteins for its assay platform, and  in  July  2022  the  Company  provided  an update  on  the  progress  of  this  work.  A  key milestone was the characterisation of a mouse monoclonal antibody that specifically detects CIZ1B. Assay conditions for its use are being optimised, as well as further work to broaden access to other antibodies that can be used in its proprietary early lung cancer tests, and potentially for a range of other early-stage cancers.

On 11 April 2022 a new 12 month research agreement was signed with the University of York, a member of the Russell Group of research-intensive universities and one of the world's premier institutions for inspirational  and  life-changing  research,  for  the  development  of  potential  applications  in  cancer diagnosis  and  therapy.  The agreement,  commenced on 25  June  2022 for  a  period  of  12  months, following the successful previous programme announced on 17 September 2021 for the development and validation of molecular tools with  potential application in cancer diagnosis  or therapy,  and their configuration  into  assays  for  Cizzle's  proprietary  cancer  biomarker  variants. On 24 April 2023,  the Company announced that this research programme had met some critical milestones, especially in optimising the platform and antibodies required to scale up and bring to market our diagnostic tests for early-stage cancer detection. As such a further new agreement has been signed with the University lasting until 25 September 2024. This programme will continue development of its CIZ 1B biomarker technology  for early-stage cancer  diagnosis  and with potential  applications  in  cancer  therapy.  This includes the evaluation of the biomarker for detecting a range of other cancers in addition to the existing assay for early lung cancer detection.

As in previous agreements, Cizzle Biotechnology will own all intellectual property rights arising from the work which strengthens the Company's position in creating new solutions for early cancer diagnostics and therapeutic tools.

## Development of new future revenue stream

On 14 February 2022 the Group announced a royalty acquisition agreement with Conduit and SGSC to acquire a 5% economic interest in the commercialisation of the AZD1656 asset or such other assets being developed by Conduit or SGSC to treat inflammatory pulmonary and cardiovascular disease, for a total  consideration  of  £1.88m.  The  initial  consideration  of  £1m  was  settled  through  the  issue  of 25,000,000 new ordinary shares at a price of 4.0p per share, with the remaining consideration of £0.88m settled in September 2022 through the issue of 22,000,000 new ordinary shares at 4.0p per share. Prior to this, in September 2021, the Group entered into a royalty sharing agreement with SGSC to grant the Group potential royalty payments from the commercialisation of SGSC's therapeutic asset AZD1656 of up to £5m, plus potentially further payments from the use of a companion diagnostic.";Cizzle Biotechnology Holdings PLC is focused on developing a blood test for early lung cancer detection, utilizing a biomarker variant called CIZ1B, which has shown high sensitivity in preliminary research. The company aims to create a regulatory-approved diagnostic immunoassay for hospitals and reference laboratories, while also exploring tests for other early-stage cancers and companion diagnostics for personalized medicine. Collaborations with external partners, including a research agreement with the University of York, are enhancing the development of proprietary antibodies and assays for cancer diagnosis. Additionally, Cizzle has secured royalty agreements related to therapeutic assets, diversifying its revenue streams.
16;283;DE000A0STWH9;Deutsche Eigenheim Union AG;1;2007.0;DEU;D5S20K106;20211230.0;DEU;@NA;41.2;XETRA;JZ6-DE;DE000A0STWH9;BPCK36;Deutsche Eigenheim Union AG;1.0;JZ6-DE;1;SHARE;BPCK369;F;Deutsche Eigenheim Union AG1.pdf;41.2;4;;"## D A S   G E S C H Ä F T S M O D E L L

Bezahlbarer und nachhaltiger Wohnraum ist in der Metropolregion Berlin - Brandenburg knapp. Auch i n   d e n   ko mmenden  Jahren  ist  davon  auszugehen,  dass  die  Angebotslücke  nicht  geschlossen  werden kann, da in der Region viele Bauprojekte eingestellt bzw. verschoben werden..

Bezahlbarer und nachhaltiger  Wohnraum ist dauerhaft knapp und wird daher immer nachgefragt. Als Immobilienservicehaus bietet die Eigenheim Union Gruppe Ihren Kunden Bezahlbarkeit und Nachhaltigkeit.

Berlin  ist  ein  attraktiver  Lebensmittelpunkt  für  viele  Menschen.  Neben  dem  Charme  und  Kult  der  Hauptstadt  bietet  Berlin  ein  wirtschaftlich  stabiles,  wachsendes  Umfeld und  bildet  so  die  Ausnahme  in  Deutschland.    Die  Bevölkerung wächst kontinuierlich und teilweise schneller als ursprünglich prognostiziert.  Der Metropolsog löst eine hohe Nachfrage  nach  Wohnraum  aus,  die  aber  auf  ein  nur  sehr knappes Angebot stößt. Die Leerstandsquote liegt bei unter 0,8 Prozent bei gleichzeitig sinkenden Wohnfertigstellungen. Das Angebot wird zusätzlich durch fehlende Neubauprojekte und Fördermaßnahmen verknappt. Das Wohneigentumssegment verzeichnet zwar für 2022 einen Nachfragerückgang, aber dennoch steigen Kaufpreise und Mieten. Insbesondere kleine  und  mittlere  Einkommen  sind  von  der  Wohnungs knappheit und den hohen Wohnkosten betroffen. Die Eigenheim Union Gruppe bietet für diese zahlreichen Haushalte mit ihrem Konzept der bezahlbaren und nachhaltigen Wohnqualität eine Lösung im Berliner Umland. Denn immer mehr Haushalte flüchten aus der Hauptstadt in den sog. Berliner Speckgürtel. Der Speckgürtel umfasst eine 3.743 qkm große Fläche. Charakteristisch ist die Mischung aus naturverbundenem Wohnen und einer urbanähnlichen Infrastruktur. Mit dem Auto oder der Bahn ist man innerhalb von 30 Minuten in Berlin.  Bezahlbare Grundstücke, kooperative Gemeinden und  zuverlässige  Handwerker  sind  hier  noch  vorhanden.

Im Umkreis von 50 km um Berlin

Berlin

Die  Eigenheim  Union  Gruppe  ist  das  Immobilienservicehaus für bezahlbaren und nachhaltigen Wohnraum  in der  Metropolregion  Berlin  -  Brandenburg.  Innerhalb  der Gruppe werden sämtliche Wertschöpfungsprozesse einer  Wohnimmobilie  durch  das  erfahrene  Team  abgebildet. Die Eigenheim Union Gruppe kauft Grundstücke und entwickelt  diese.  Nach  Baurechtschaffung  werden  die  geplanten Einheiten verkauft und anschließend bebaut. Zu den Kunden der  Eigenheim  Union  Gruppe  gehören  vorwiegend  Selbstnutzer, aber auch Kapitalanleger. Denn trotz der gestiegenen Zinsen, sind die Wohnimmobilien finanzierbar. Die Baustellen  werden  vom  hauseigenen  Baustoffhandel  versorgt.  Die benötigten Materialien werden großvolumig eingekauft und  teilweise  eingelagert  um  die  pünktliche  Verfügbarkeit zu  garantieren.  Insbesondere  die  Lieferengpässe  im  Frühjahr  2022  betrafen  die  Eigenheim  Union  Gruppe  nicht. Über  den  Onlineshop  der  Eigenheim  Union  1898  Baustoffe  GmbH  können  auch  Handwerker  oder  Hausbesitzer  Material  bestellen.  Der  Baustoffhandel  wurde  im  laufenden Geschäftsjahr  2023  um  Wärmepumpen  und  Photovoltaikanlagen erweitert. Zudem werden auch die Bauleistungen Grundstücksbesitzern angeboten. Über die Eigenheim Union 1898  Massivbau  GmbH  werden  aktuell  32  Einzelbauvorhaben  realisiert.  Dieser  Geschäftszweig  macht  die  Gruppe flexibel  und  senkt  den  Einsatz  von  teurem  Fremdkapital.";Die Eigenheim Union Gruppe bietet in der Metropolregion Berlin-Brandenburg bezahlbaren und nachhaltigen Wohnraum an, um der anhaltenden Wohnraumnachfrage in der Region gerecht zu werden. Sie kauft Grundstücke, entwickelt diese und verkauft die geplanten Einheiten, wobei sie sowohl Selbstnutzer als auch Kapitalanleger als Kunden hat. Das Unternehmen sichert die Materialversorgung über einen hauseigenen Baustoffhandel und bietet zusätzlich Bauleistungen an, um Flexibilität zu gewährleisten und Kosten zu senken. Mit der Erweiterung um Wärmepumpen und Photovoltaikanlagen positioniert sich die Gruppe auch im Bereich nachhaltiger Bauprodukte.
17;531;US42727E1038;Heritage Global Inc.;1;1983.0;USA;4,2727E+107;19890707.0;USA;0BH2M7-E;66.12;NASDAQ;HGBL-US;US42727E1038;4,2727E+14;Heritage Global Inc.;1.0;HGBL-US;1;SHARE;BD6HJQ4;K;Heritage Global Inc.2.pdf;66.1;4;;"## Introduction

The concept of the circular economy is gaining traction in today's society,  and  for  good  reason.  It  is  pivotal  to  re-evaluate  our production and consumption  practices in order  to  become increasingly sustainable.  Heritage Global Inc. (""HG"") is altering the way we think about industrial assets and financial services. By providing acquisition, disposition, valuation and lending services for surplus and  distressed assets, HG  is  actively committed to furthering the growth of the circular economy. This includes  sourcing  and  repurposing  industrial  assets  that  could have been discarded in landfills, coupled with upholding ethical practices and transparency within our supply chain operations at all levels.

HG  offers  a  wide  range  of  services  including  acting  as  an adviser, in addition to brokering or acquiring turnkey manufacturing facilities, surplus industrial machinery and equipment,  industrial  inventories,  real  estate,  and  charged-off account receivable portfolios.

## OUR MISSION IS CLEAR

To provide innovative  financial  and  industrial  asset  solutions  to continue  facilitating  the  transition  from  a  linear  to  a  circular economy.  Aiming  for  increased  monetization  and  decreased environmental impact.

Heritage Global Inc. (NASDAQ: HGBL) | HGinc.com | ESG Report 2022

<!-- image -->";Heritage Global Inc. (HG) is focused on promoting the circular economy by re-evaluating industrial asset management and financial services. The company provides acquisition, disposition, valuation, and lending services for surplus and distressed assets, aiming to repurpose items that would otherwise end up in landfills. HG offers a variety of services, including advisory roles and brokering for manufacturing facilities, machinery, inventories, real estate, and receivables. Their mission is to deliver innovative solutions that enhance monetization while reducing environmental impact.
18;460;GB00BDFDLT01;i-nexus Global plc;1;2018.0;GBR;G4768Y102;20180621.0;GBR;0JLQRR-E;58.29;LONDON;INX-GB;GB00BDFDLT01;BDFDLT;i-nexus Global plc;1.0;INX-GB;1;SHARE;BDFDLT0;J;i-nexus Global plc1.pdf;58.2;4;;"## STRATEGIC REPORT: Company Overview

i-nexus provides strategy software to the world's largest organisations who want to achieve more of their goals with less e ff ort, using i-nexus as the place to plan, execute, and track their strategic, transformational, and operational e ff orts so that they can deliver the change they want to see.

## Our purpose

We're  driven  by  our  passion  to  help organisations  thrive  and  deliver  the change they want to see.

Through our intuitive, powerful strategy software, we align everyone and everything in an organisation to help our customers achieve more of their goals with less e ff ort.

## Who we are

Founded in 2001, i-nexus was created from a vision that a learning culture is the foundation for organisational success.

Beginning with operational excellence at the core of the software, industryleading practitioners drove adoption in global  organisations,  soon  leading  to key  Hoshin  Kanri  functionality  -  the x-matrix and bowling chart.

In 2018 the company was admitted to AIM,  marking  a  key  milestone  in  its mission  to  help  organisations  thrive and deliver change.

Today,  i-nexus  is  a  G2  award-winning software provider, powering strategies around the world across manufacturing, industrial engineering, life sciences, and automotives.

## What we value

To  ensure  we  live  and  breathe  our purpose, i-nexus believes that everyone has their PLACE.

Every  i-nexus  employee  represents these values, and it's what helps us to support our customers in delivering the change they want to see:

## · Partnership

We work with the spirit of partnership, seeing our colleagues, customers, and vendors  as  part  of  i-  nexus,  working with  a  common  cause  to  learn  and succeed.

- Leadership

We act with courage to lead by example to shape a better future.

## · Agility

We  strive  for  early  and  continuous delivery, breaking the complex down to the simple so that we can change with our customers.

## · Curiosity

We  are  open  minded  and  actively understand, explore, and try new approaches, with data and learning at the heart of our e ff orts.

- Empathy

We appreciate that there is a person behind every organisation, so we take extra e ff ort to understand and support our colleagues, customers, and vendors.

## The problem we solve

A survey of more than 400 global CEOs found that the ability to execute their goals - both strategic and operational is  the  number  one  challenge  facing leaders.

This reality is crystallized with Gartner's estimates that two thirds of well formulated strategies fail in their delivery phase.

At the heart of the problem is a lack of a single source of truth.

Organisations don't have a place where the  entire  business  can  plan  goals, execute  portfolios  of  projects  tightly aligned  to  these  goals,  and  not  only track, but measure, report, and replicate this across the organisation to create a culture of achievement.

Getting everyone and everything focused and collaborating on goals isn't easy.

This iceberg exists for leaders in every business. Underneath the surface are issues  in  building  shared  purpose, aligning operational work to strategic portfolios,  replicating  best  practices, bringing business and operating systems to life, over-engineering, and proving  the  impact  and  bene fi ts  of programs and projects.

The misalignment, planning silos, disconnected  delivery  of  work,  and manual tracking and reporting is worsened with the use of a patchwork of tools not fi t for purpose.

Taking a strategy-to-action is hard.

## How we solve it

With solutions for the whole organisation, from shop fl oor to c-suite, i-nexus helps customers embrace  the  challenges  of  strategy execution and operational excellence.

## · Strategy execution

i-nexus helps everyone focus and collaborate on delivering the strategy. Designed for strategy o ffi ces and transformation  teams,  i-nexus  links plans, portfolios, and performance metrics for a simpler strategy execution experience whether using Hoshin Kanri, Balanced Scorecard, or a custom business system.";i-nexus provides strategy software to large organizations, enabling them to plan, execute, and track their strategic and operational efforts efficiently. The company aims to help organizations thrive by aligning all aspects of their operations with their goals. Founded in 2001 and listed on AIM in 2018, i-nexus has developed industry-leading functionalities to support strategy execution across various sectors. By addressing challenges in goal execution and operational alignment, i-nexus offers a comprehensive solution that fosters collaboration and performance measurement throughout the organization.
19;11;LU0611262873;KSG Agro SA;1;2010.0;POL;L5903L107;20110505.0;UKR;0BRK63-E;1.5;WARSAW;KSG-PL;LU0611262873;B42XFB;KSG Agro SA;1.0;KSG-PL;1;SHARE;B42XFB0;A;KSG Agro SA1.pdf;1.5;4;;"## PRINCIPAL ACTIVITIES

KSG Agro S.A., separately referred to as 'KSG Agro' or the 'Company' and together with its subsidiaries referred to as the 'Group', remains among the largest vertically integrated agricultural groups in the Dnipropetrovsk region of Ukraine, present in all major sectors of the agricultural market, including production, storage, processing and sale of agricultural products. Its key operating activities are breeding of pigs, processing of pork and production of wheat and sunflower.

The Company did not carry out any activities in research and development in the current period.

## IMPACT OF THE WAR EVENTS IN UKRAINE

On 24 February 2022, Russia started a full-scale invasion of Ukraine. Because the Group's key assets and operations are  in  Ukraine,  the  Group  might  be  significantly  affected  by  these  events.  Management's  analysis  of  the  risks  and uncertainties  surrounding  the  Invasion,  as  well  as  management's  strategy  and  actions  to  mitigate  those  risks,  are outlined  in  Note  3  to  the  consolidated  financial  statements.  The  outcome  of  the  Invasion,  however,  is  impossible  to predict at this time.

Since  the  start  of  the  Russian  Invasion,  no  fighting  occurred  in  close  vicinity  to  the  Group's  assets. And  due  to  the successful counter-offensive by the Ukrainian Armed Forces, by the end of 2022 the front lines have moved even further away. The Group's pig farm and its crop fields are located on the western bank of the Dnipro river, which is now fully controlled by the Ukrainian government.

During  2022,  the  Group  had  successfully  completed  its  sowing  and  harvesting  campaigns,  and  does  not  expect significant interruptions to its production cycle in the near future. As at the date of this report, the Group's spring sowing campaign of 2023 has also started.

As presented in the accompanying consolidated financial statements as at and for the year ended 31 December 2022, the Group has negative equity and net loss for the current period.

Despite the above, management believes that the Group will still continue to operate as a going concern.

Where possible, the judgments and estimates used in the accompanying consolidated financial statements were updated to  reflect  the  impact  of  the  ongoing  war events. However, adopting a more conservative approach, management only considered the events that had an unfavourable effect on such judgments and estimates. See Note 6 to the consolidated financial statements for details.

## OPERATIONAL HIGHLIGHTS

The Group continues to implement its simple strategy of focusing on three winter crops, two summer crops and pigs of a single breed. The Group's products, being basic food products, are always in demand, and remain in especially high demand in 2022, during war time.

## Crop Farming

After careful deliberation, management decided not to adjust its crop mix in view of the probable future shifts in both local and global demand for certain crops as a result of Russia's invasion of Ukraine. The Group shall preserve its current ratio of 60% winter crops (wheat, barley, rapeseed) and 40% summer crops (sunflower, corn). In the long-term perspective, this had proven to be a more rational approach agronomically.

The weather in 2022 was not as graceful to agricultural producers as last year, but the yields on crops were no less than budgeted. Both the sowing and the harvesting campaigns were carried out as planned, without major interruptions. This was achieved by forming  sufficient  strategic  reserves  of  seeds,  fertilisers  and  fuel  during  March  and April,  and  even earlier.

In March 2022, the Group also secured additional financing from TASCOMBANK, the Group's main lender, to prepay key production costs (fertiliser, fuel, feed components, and salaries) ahead of their anticipated price increases, as well as to fund the wartime reserve of key production supplies.";KSG Agro S.A. is a major vertically integrated agricultural group in Ukraine, focusing on pig breeding, pork processing, and crop production, particularly wheat and sunflower. The company has managed to maintain its operations despite the ongoing war, with no significant disruptions to its production cycle and successful sowing and harvesting campaigns in 2022. Management has chosen to retain its crop mix strategy, emphasizing a balance between winter and summer crops, while ensuring adequate reserves of essential supplies. Despite facing negative equity and losses, management believes the Group can continue operating as a going concern.
20;527;AU000000PAC7;Pacific Current Group Ltd;1;1987.0;AUS;Q7209G100;20100922.0;AUS;05J9YP-E;64.99;US OTC;@NA;AU000000PAC7;BZ15T9;Pacific Current Group Ltd;1.0;TSRUF-US;0;SHARE;BYV0NC9;K;Pacific Current Group Ltd1.pdf;64.9;4;;"## ABOUT US

Pacific Current Group Limited (ASX: PAC) is a global multi-boutique asset management firm dedicated to providing exceptional value to shareholders, investors, and partners.

## OUR PHILOSOPHY

Each investment is structured to create exceptional alignment with our boutique managers. We apply flexible capital, strategic insight, and global distribution to support the growth and development of the boutiques in which we invest. Our goal is to help investment managers focus on their core business and what matters most: investing.

## WHAT WE OFFER OUR BOUTIQUES

- Flexible capital solutions - we aim to create exceptional alignment with our boutique managers, so every investment is uniquely tailored to fit the boutique's specific needs
-    Global distribution and marketing services - we can accelerate the growth of our boutiques by helping them secure new clients and funds to manage
- Access to our global network and strategic insights - our global network of industry contacts and decades of experience allow us to assist boutiques in the management of their businesses and the development and implementation of their growth strategies

1";Pacific Current Group Limited is a global multi-boutique asset management firm focused on delivering value to shareholders and partners. The firm aligns investments with boutique managers by providing flexible capital, strategic insights, and global distribution. It offers tailored capital solutions, marketing services to attract clients, and access to a vast network for business management and growth strategy development. The overarching goal is to enable investment managers to concentrate on their core investment activities.
21;272;MYL5219OO000;Pestech International Bhd.;1;2011.0;MYS;Y6801F107;20120530.0;MYS;0CDGSW-E;42.99;MALAYSIA;5219-MY;MYL5219OO000;B8095F;Pestech International Bhd.;1.0;5219-MY;1;SHARE;B8095F2;F;Pestech International Bhd.1.pdf;42.9;4;;"<!-- image -->

## About PESTECH

PESTECH International Berhad ('PESTECH' or 'the Company') is a Malaysian integrated electrical power technology company listed on the Main Market of Bursa Malaysia Securities Berhad (stock code: PESTECH 5219) since 2012.

The  Company  derived  its  name  from  ' P ow e r S ystem Tech nology' and our core businesses are divided into six segments comprising of:

<!-- image -->

Ivory Coast

PESTECH involves in project management, engineering, digitalisation, manufacturing, installation,  testing  and  commissioning  of  electrical  power  infrastructures  for  power grid  and  rail  network.  To  date,  the  Company  has  expanded  its  market  reach  into countries  in  the  regions  such  as  Cambodia,  Philippines,  Thailand,  Myanmar  and Papua New Guinea with growing number of other countries. Our commitment is to deliver  the  best  to  PESTECH  clients  by  investing  in  talent  development  as  well  as state-of-the-art  technology.  We  strive  to  build  a  culture  of  service  excellence, create  magic  moments  for  our  customers  to  get  us  noticed,  remembered  and referred. In PESTECH, we are committed to add value to our clients and shareholders.

Combining our proactive services and competitive products together with the strong uphold of the Company's vision, we are confident that PESTECH will continue to be a sustainable electrical infrastructure builder of choice.

<!-- image -->";PESTECH International Berhad is a Malaysian electrical power technology company listed on Bursa Malaysia since 2012, focusing on project management, engineering, and installation of electrical power infrastructures. The company operates in six segments and has expanded its market presence in several countries across Southeast Asia and the Pacific. PESTECH emphasizes talent development and advanced technology to deliver excellent service and value to clients and shareholders. The company aims to be a preferred builder of sustainable electrical infrastructure through proactive services and competitive products.
22;478;NZVHTE0001S6;Volpara Health Technologies Ltd.;1;2009.0;AUS;Q9479B118;20180116.0;NZL;@NA;58.29;US OTC;@NA;NZVHTE0001S6;BD6SZB;Volpara Health Technologies Ltd.;1.0;VPAHF-US;0;SHARE;BFN4H02;J;Volpara Health Technologies Ltd.1.pdf;58.2;4;;"ABOUT VOLPARA HEALTH

## Joining together, surging forward

By aligning our expertise in breast density, data, and artificial intelligence with leaders in risk assessment and genetics, we launch an oceanic effort to change the story, maybe even the fate, of millions of families across the world.

Some things are too big to take on alone. Even if we haven't personally been impacted by cancer, we all know someone who has. It's this interconnectedness, the personal impact of losing friends and family to breast cancer, that inspired Ralph Highnam to apply his background in mathematics and x-ray physics to the study of breast density measurement. His groundbreaking research at the University of Oxford was only the beginning of what would one day become Volpara Health Technologies.

Even then Ralph understood the value of a carefully chosen partnership. As a graduate student, he was mentored by Professor Sir Mike Brady, an expert in computer vision and eventual Volpara cofounder. Later, as a consultant to the breast imaging industry, Ralph established professional relationships that would help Volpara develop the breast health industry's most scientifically validated technology platform.

Throughout Volpara's history, Ralph and his staff have always sought to identify the most promising technologies, partner with market leaders, and work with the best minds. That's how, in the last few years, Volpara came to acquire MRS Systems, Inc., and CRA Health, LLC, leaders in software for patient management and risk assessment, respectively. This collaborative approach has seen Volpara become a world leader in artificial intelligence, machine learning, and quantification of tissue-techniques that vastly improve the quality, efficiency, and personalisation of screening for both breast cancer and lung cancer.

This year, Volpara has made exciting new connections with industry leaders, technologists, and the chief beneficiaries of the softwarewomen. The pages that follow highlight how partnering with each of these groups has brought Volpara ever closer to fulfilling its purpose of saving families from cancer.

For personal use only

Volpara is the preferred partner of leading clinical sites around the world. Volpara's work is supported by 100 patents, over 200 peer-reviewed publications, the most rigorous security certifications, and numerous trademarks and regulatory registrations, including FDA clearance and CE marking.

Since listing on the ASX in April 2016, Volpara has raised A$132 million and grown globally. With offices in Seattle and Boston, and staff on four continents, Volpara is proudly based in Wellington, New Zealand.

<!-- image -->";Volpara Health focuses on improving breast cancer screening through partnerships in breast density, data, and artificial intelligence. Founded by Ralph Highnam, the company leverages his expertise and collaborations with industry leaders to develop advanced technologies for breast health. Volpara has acquired companies like MRS Systems and CRA Health to enhance its software capabilities in patient management and risk assessment. With a strong global presence and significant funding, Volpara aims to save families from cancer through innovative screening solutions.
23;687;US10948C1071;BrightView Holdings, Inc.;1;2013.0;USA;10948C107;20180628.0;USA;0GL2M1-E;81.3;NYSE;BV-US;US10948C1071;10948C10;BrightView Holdings, Inc.;1.0;BV-US;1;SHARE;BG0ZML1;N;BrightView Holdings, Inc.1.pdf;81.3;5;;"## General Risk Factors

- Natural disasters, terrorist attacks and other external events could adversely affect our business.
- We face risks related to heightened inflation, recession, financial market disruptions and other economic conditions.
- Failure to meet environmental, social and governance ('ESG') expectations or standards or achieve our ESG goals could adversely affect our business, results of operations, financial condition, or stock price.
- Our stock price may change significantly, and you may not be able to resell shares of our common stock at or above the price you paid or at all, and you could lose all or part of your investment as a result.
- If securities analysts do not publish research or reports about our business or if they downgrade our stock or our sector, our stock price and trading volume could decline.
- Maintaining the requirements of being a public company may strain our resources, divert management's attention and affect our ability to attract and retain qualified Board members.
- Failure to comply with requirements to maintain effective internal controls could have a material adverse effect on our business and stock price.

## Item 1. Business

BrightView Holdings, Inc. is a holding company that conducts substantially all of its activity through its direct, wholly-owned operating  subsidiary,  BrightView  Landscapes,  LLC  ('BrightView')  and  its  consolidated  subsidiaries.  The  holding  company  and BrightView  are  collectively  referred  to  on  Form  10-K  (the  'Annual  Report')  as  'we,'  'us,'  'our,'  'ourselves,'  'Company,'  or 'BrightView.' Prior to its initial public offering completed in July 2018 (the 'IPO'), the Company was a wholly-owned subsidiary of BrightView Parent L.P. ('Parent'), an affiliate of Kohlberg Kravis Roberts &amp; Co. Inc. ('KKR'). The Parent and Company were formed through a series of transactions entered into by KKR to acquire the Company on December 18, 2013 (the 'KKR Acquisition').  The Parent was dissolved in August 2018 following the IPO.

## Our Company

We are the largest provider of commercial landscaping services in the United States, with revenues approximately 6 times those of  our  next  largest  commercial  landscaping  competitor.  We  provide  commercial  landscaping  services,  ranging  from  landscape maintenance and enhancements to tree care and landscape development. We operate through a differentiated and integrated national service model which systematically delivers services at the local level by combining our network of over 290 branches with a qualified service partner network. Our branch delivery model underpins our position as a single-source end-to-end landscaping solution provider to our diverse customer base at the national, regional and local levels, which we believe represents a significant competitive advantage. We  believe  our  commercial  customer  base  understands  the  financial  and  reputational  risk  associated  with  inadequate  landscape maintenance and considers our services to be essential and non-discretionary.

We operate through two segments: Maintenance Services and Development Services. Our maintenance services are primarily self-performed  through  our  national  branch  network  and  are  route-based  in  nature.  Our  development  services  are  comprised  of sophisticated design, coordination and installation of landscapes at some of the most recognizable corporate, athletic and university complexes and showcase highly visible work that is paramount to our customers' perception of our brand as a market leader.

<!-- image -->

As the number one player in the highly attractive and growing $83 billion commercial landscape maintenance and snow removal market, we believe our size and scale present several compelling value propositions for our customers, and allow us to offer a singlesource landscaping services solution to a diverse group of commercial customers across all 50 U.S. states. We serve a broad range of end  market  verticals,  including  corporate  and  commercial  properties,  Homeowners  Associations  (HOAs),  public  parks,  hotels  and resorts, hospitals and other healthcare facilities, educational institutions, restaurants and retail, and golf courses, among others. We are also the Official Field Consultant for Major League Baseball. Our diverse customer base includes approximately 9,500 office parks and corporate campuses, 7,500 residential communities, and 550 educational institutions. We believe that due to our unmatched geographic scale  and  breadth  of  service  offerings,  we  are  the  only  commercial  landscaping  services  provider  able  to  service  clients  whose geographically disperse locations require a broad range of landscaping services delivered consistently and with high quality. Our top ten customers accounted for approximately 10% of our fiscal 2022 revenues, with no single customer accounting for more than 2% of our fiscal 2022 revenues.

Our business model is characterized by stable, recurring revenues, a scalable operating model, strong operating margins, limited capital  expenditures  and  low  working  capital  requirements  that  together  generate  significant  Free  Cash  Flow.  For  the  year  ended September 30, 2022, we generated net service revenues of $2,774.6 million, net income of $14.0 million and Adjusted EBITDA of $287.9 million, with a net income margin of 0.5% and an Adjusted EBITDA margin of 10.4%.";BrightView Holdings, Inc. is the largest provider of commercial landscaping services in the U.S., operating through its wholly-owned subsidiary, BrightView Landscapes, LLC. The company offers a comprehensive range of services, including landscape maintenance and development, leveraging a national branch network and service partner model to deliver consistent quality across diverse customer segments. Its business model features stable, recurring revenues, strong operating margins, and low capital expenditures, resulting in significant free cash flow. BrightView serves a wide array of clients, including corporate properties and educational institutions, with a focus on maintaining essential landscaping services that mitigate financial and reputational risks for customers.
24;690;US23204X1037;Custom Truck One Source Inc;1;1996.0;USA;23204X103;20171006.0;USA;0NPHPN-E;77.39;NYSE;CTOS-US;US23204X1037;23204X10;Custom Truck One Source Inc;1.0;CTOS-US;1;SHARE;BL66YS4;N;Custom Truck One Source Inc1.pdf;77.3;5;;"## Item 1.     Business

## Company Overview

Custom Truck One Source, Inc. ('we,' 'our,'  'us,'  'Custom Truck,'  or  'the  Company'),  a  Delaware  corporation,  and  its  wholly  owned  subsidiaries  are engaged in the business of providing a range of services and products to customers through rentals and sales of specialty equipment, rentals and sales of aftermarket parts and services related to the specialty equipment, and repair, maintenance, and customization services related to that equipment.

We are a specialty equipment provider to the electric utility transmission and distribution, telecommunications, rail, forestry, waste management and other infrastructure-related industries in North America. Our core business relates to our new equipment inventory and rental fleet of specialty equipment that is utilized by service providers in infrastructure development and improvement work. We offer our specialized equipment to a diverse customer base, including utilities and contractors, for the maintenance, repair, upgrade, and installation of critical infrastructure assets, including distribution and transmission electric lines, telecommunications networks, and rail systems, as well as for lighting and signage. We rent, produce, sell, and service a broad range of new and used equipment,  including  bucket  trucks,  digger  derricks,  dump  trucks,  cranes,  service  trucks,  and  heavy-haul  trailers.  We  manage  our  business  in  our  three reporting segments: Equipment Rental Solutions ('ERS'), Truck and Equipment Sales ('TES'), and Aftermarket Parts and Services ('APS').

We operate with a differentiated 'one-stop-shop' business model, offering equipment rental, new and used equipment sales, and aftermarket parts and service out of more than 35 locations across the U.S. and Canada. Customers receive additional support throughout the country from Custom Truck's twenty-four hour, seven-day a week ('24/7') call center, approximately 80 mobile technicians, and over 100 third-party locations. Custom Truck and its customers also benefit from  its  sophisticated  sourcing  model  and  large-scale  integrated  production  and  customization  capabilities,  which  enhance  the  quality  and  diversity  of  its equipment offerings, reduce both cost and lead times for equipment sales and provide greater flexibility to optimize its rental fleet. These attributes, together with a strong reputation built over many years, position Custom Truck to capitalize on attractive secular growth trends across its end-markets.

Custom Truck owns one of the industry's largest fleets of specialty rental equipment focused on electric utility transmission and distribution ('T&amp;D'), rail, telecommunications, and infrastructure end-markets through our ERS segment. As of December 31, 2022, our fleet is comprised of more than 10,000 units with an average unit age of approximately 3.7 years, which we believe is young by rental fleet standards and compares favorably to the long useful life of the equipment. Our rental fleet is managed on a national level, which allows us to efficiently reposition equipment in response to shifts in regional demand and thereby sustain strong utilization levels.

As is customary among equipment rental companies, we sell used equipment out of our rental fleet to end user customers. We also offer a broad variety of new equipment for sale across our end-markets, often highly customized to meet its customers' specific needs. Integrated production capabilities and extensive knowledge gained over a long history of selling equipment have positioned Custom Truck uniquely in the market as a trusted partner for customers seeking tailored solutions with short lead times. New and used equipment sales are accomplished through our TES segment.

Through our APS segment, we provide our customers a total job-site solution, offering a range of products for rent or sale to fully outfit their equipment and crews  for  activity  in  the  field.  Our  comprehensive  APS  offering  expands  opportunities  to  serve  our  equipment  rental  and  sales  customers  through  the convenience of a single vendor for all their specialty equipment, tools and accessories needs.

## End-Market Overview

Our  core  end-markets  include  operators  of  vocational  and  specialty  trucks  and  associated  parts  and  services.  These  operators  serve  infrastructure-related electric utility T&amp;D, telecom, rail, forestry, and waste management, among others.

## General End-Market Trends

The  North American  market  has,  and  continues,  to  experience  a  secular  shift  from  equipment  ownership  to  rental.  We  believe  that  customers'  growing preference for equipment rental is driven by several factors including the avoidance of significant capital outlay, improved asset utilization, reduced storage and maintenance,  access  to  a  wider  range  of  modern  productive  equipment,  dedicated  customer  care,  and  operational  efficiencies.  We  believe  that  the  rental penetration rate will continue to trend towards the levels

## PART I";"Custom Truck One Source, Inc. operates as a specialty equipment provider, offering rental and sales of equipment, aftermarket parts, and related services primarily to infrastructure-related industries in North America. The company utilizes a ""one-stop-shop"" business model, providing a comprehensive range of services from over 35 locations, supported by a 24/7 call center and mobile technicians. Custom Truck manages its operations through three segments: Equipment Rental Solutions, Truck and Equipment Sales, and Aftermarket Parts and Services, focusing on tailored solutions and efficient equipment management. The company capitalizes on the growing trend of equipment rental, driven by customer preferences for reduced capital expenditure and improved operational efficiencies."
26;299;TW0009906008;Hsin Ba Ba Corporation;1;1967.0;TWN;Y1754R109;19910920.0;TWN;05JLY5-E;41.2;TAIWAN;9906-TW;TW0009906008;622454;Hsin Ba Ba Corporation;1.0;9906-TW;1;SHARE;6224547;F;Hsin Ba Ba Corporation1.pdf;41.2;5;;"## Chapter I. Letter to Shareholders

## Dear Shareholders,

In 2022, with the domestic construction market remained stable, the Company increased the import of raw materials to meet customer demand, and strengthened production and sales allocation along with cost control, resulting in an EPS of NT$3.04. We hereby report the Company's 2022 Business Results, 2023 Business Plans and future company development strategies as follows:

## I. Business Results of 2022

## (I) Overview of Operations

- 1.
- Granulated Blast Furnace Slag (GBFS) Cement Business Demand for concrete increased in 2022 as the construction of private buildings and technology factories stayed in high level, along with relenting pandemic, gradual easing of labor shortage, and spurred by the construction of government infrastructure in the second half of the year. In addition, the continuous decline in fly ash production caused by Taipower's coal restriction policy also stimulated the demand for related construction materials such as Ground-Granulated Blast-Furnace Slag(GGBFS). In terms of raw material supply of GBFS, the reduction in production of domestic and foreign steel mills and all-time high shipping costs, drove up the cost of imported raw materials. In order to meet customer demand, the Company has appropriately adjusted raw materials and aligned sales strategies, boosting sales volume in 2022.
2. Resource Reutilization Business

Basic oxygen furnace slag, air-cooled blast furnace slag, and mineral fine aggregate are all low-carbon, green, and environmental friendly products. The Company has long collaborated with government agencies to promote the application of these products as road paving materials. In recent years, the Company successfully extended their application to cement raw materials and maritime engineering. The Company is committed to promoting resource recycling, and currently has seven business models, such as using mineral fine material in cement raw material had been awarded the Level Optimizing of BS 8001 Circular Economy Certification. In addition, in 2022, with the aim of facilitating the development and process optimization of carbon reduction technology, a total of 19 products carbon footprints in 14 categories and 1 carbon label verification of calcium fluoride physical sludge treatment services were completed, of which calcium fluoride sludge physical treatment service carbon label also passed the review of the Environmental Protection Agency, becoming the first enterprise in Taiwan to obtain approval from the Environmental Protection Agency for the carbon label of calcium fluoride sludge physical treatment services.";In 2022, the Company increased raw material imports to meet rising demand in the stable domestic construction market, achieving an EPS of NT$3.04. The demand for Granulated Blast Furnace Slag (GBFS) cement grew due to high construction activity and a decline in fly ash production, prompting the Company to adjust its raw material strategies and boost sales. Additionally, the Company promotes resource reutilization through low-carbon products and has successfully expanded their applications, earning certifications for its circular economy initiatives. In 2022, it also advanced carbon reduction technology, completing carbon footprint assessments for multiple products and becoming the first in Taiwan to receive environmental approval for a specific carbon label service.
27;287;IT0005339160;PLC S.p.A.;1;2006.0;ITA;T5R88H130;20071123.0;ITA;09P0KY-E;42.22;LONDON;@NA;IT0005339160;BGDSPZ;PLC S.p.A.;1.0;0MMX-GB;0;SHARE;BGDSQ15;F;PLC S.p.A.2.pdf;42.2;5;;"- ENERGY TRANSFORMS US, WE TRANSFORM ENERGY

PLC

## 01.1

## The reference market

T he PLC Group operates in the renewable energies market with particular reference to the photovoltaic, wind, biomethane and biogas sectors, as well as high and medium voltage electricity infrastructures serving renewable energy plants in which it carries out engineering, procurement, construction ('Construction Segment'), as well as testing, monitoring and ordinary and extraordinary maintenance ('Services Segment') activities.

<!-- image -->

## 01.2 The structure of the Group

T he Parent Company PLC S.p.A. has its registered office in Milan, Via Ripamonti, 1/3 and two local units both located in Acerra (NA), Zona ASI, Località Pantano, respectively at Via delle Industrie 100 and Via delle Industrie  272/274,  where  the  Group's  main  operating  activities  are  carried  out  with reference to the traditional renewable energy sectors in Italy. With reference to the biogas and biomethane sectors, the Group operates through the company Schmack Biogas S.r.l. located in Bolzano. Abroad, operations were mainly carried out via the Monsson Group through its offices in Constanta (Romania) and Hamburg (Germany). On 5 April 2023, the sale of Monsson was finalised and the companies belonging to it were excluded from the Group's ownership structure as they were treated in accordance with IFRS 5 'Discontinued Operations' as at 31 December 2022.

<!-- image -->";PLC Group operates in the renewable energy market, focusing on photovoltaic, wind, biomethane, and biogas sectors, along with high and medium voltage electricity infrastructures. The company engages in engineering, procurement, construction, and maintenance services for renewable energy plants. Its headquarters are in Milan, with significant operations in Acerra, Italy, and involvement in biogas through Schmack Biogas S.r.l. The Monsson Group, previously part of PLC, was sold in April 2023 and is now excluded from the Group's structure.
28;119;US0326541051;Analog Devices, Inc.;0;1965.0;USA;32654105;19981201.0;USA;000C4B-E;26.11;FRANKFURT;@NA;US0326541051;3265410;Analog Devices, Inc.;1.0;ANL-DE;0;SHARE;5579130;C;Analog Devices, Inc.1.pdf;26.1;6;;"## ITEM 1.    BUSINESS

## Company Overview, Strategy and Mission

Analog Devices, Inc. (we, Analog Devices or the Company) is a leading semiconductor company dedicated to solving our customers' most complex engineering challenges. We deliver innovations that connect technology to human breakthroughs and play a critical role at the intersection of the physical and digital world by providing the building blocks to sense, measure, interpret, connect and power. We design, manufacture, test and market a broad portfolio of solutions, including integrated circuits (ICs), software and subsystems that leverage high-performance analog, mixed-signal and digital signal processing technologies. Our comprehensive product portfolio, deep domain expertise and advanced manufacturing capabilities extend across highperformance precision and high-speed mixed-signal, power management and processing technologies - including data converters, amplifiers, power management, radio frequency (RF) ICs, edge processors and other sensors.

The Third Wave of Information and Communications Technology, as we refer to it at Analog Devices, is characterized by ubiquitous sensing, hyperscale and edge computing and pervasive connectivity. These technological trends are driving a continuous evolution of new generations of applications that are increasing the demand for Analog Devices' high-performance analog, mixed-signal, power and RF ICs. We have positioned our business to capitalize on the secular growth opportunities across our markets and to deliver innovative solutions. Central to our strategy is our focus on challenges that our customers have across the most impactful application areas. That is built around the following three key priorities, which will continue to drive our long-term success:

- Efficient use of capital. Research and development (R&amp;D) is critical to continue our cycle of innovation-driven success. We target the most attractive opportunities, particularly across our business-to-business (B2B) markets including Industrial, Automotive and Communications. We are also deeply committed to extracting value from our recent acquisitions to complement our R&amp;D and drive long-term value creation. Through the development of cutting-edge innovations and our ability to solve difficult problems across a broad array of applications, we generate significant cash flow and are deeply committed to delivering strong shareholder returns.
- Deepening customer-centricity. Close customer relationships influence aspects of our business: from our broad range of product portfolios and applications expertise to manufacturing capabilities in high-performance power management and precision and high-speed signal processing technologies. At the same time, our engineering talent continues to be an important competitive differentiator in the semiconductor space. We strive to be the destination for the world's best engineering talent with a team of more than 11,400 engineers. Together, our products and our engineering talent enable us to partner with our customers, leveraging our analog domain expertise and receiving the full benefit of our technology capabilities to develop complete and innovative solutions.
- Capitalizing on secular trends. We are positioned to capitalize on important secular growth trends, including the Intelligent Edge, industrial automation, ubiquitous connectivity, electric vehicles, in-cabin experience, digital healthcare and space, as we are well-aligned with the key B2B markets driving this increase in data and we will continue to be a critical partner in the collection, creation and communication of our customers' edge data.

In addition to driving organic growth, our strategy involves expansion through the acquisition of businesses, assets or technologies that allow us to complement our existing product offerings, expand our market coverage, increase our engineering talent or enhance our technological capabilities. For example, we have executed on this strategy through:

- the acquisition of Hittite Microwave Corporation in the fiscal year ended November 1, 2014, which strengthened our market leadership in highperformance RF and broadened our portfolio across the entire frequency spectrum from DC to 100 gigahertz;
- the acquisition of Linear Technology Corporation (Linear) in the fiscal year ended October 28, 2017, which added high-performance power management and additional precision signal processing to our portfolio, expanding and diversifying our offerings to deliver more complete solutions; and
- the acquisition of Maxim Integrated Products, Inc. (Maxim) in the fiscal year ended October 30, 2021 (fiscal 2021), which strengthens our position as a high-performance analog semiconductor company.

We were incorporated in Massachusetts in 1965  with our corporate headquarters near Boston in Wilmington, Massachusetts. We have manufacturing facilities primarily in the United States, Ireland and Southeast Asia.  Our common stock is listed on the Nasdaq Global Select Market under the symbol ADI and is included in the Standard &amp; Poor's 500 Index.

## PART I";Analog Devices, Inc. is a leading semiconductor company focused on solving complex engineering challenges by providing high-performance analog, mixed-signal, and digital signal processing technologies. The company aims to capitalize on growth opportunities in sectors like industrial automation, automotive, and communications through efficient capital use, deep customer relationships, and alignment with secular trends. Their strategy includes organic growth and acquisitions to enhance product offerings and technological capabilities, exemplified by notable acquisitions such as Hittite Microwave, Linear Technology, and Maxim Integrated. Founded in 1965 and headquartered in Massachusetts, Analog Devices operates manufacturing facilities in the U.S., Ireland, and Southeast Asia, with its stock traded on the Nasdaq.
29;483;CA26885W1041;ePlay Digital Inc.;1;2013.0;CAN;26885W104;20150921.0;CAN;00G1NF-E;58.29;US OTC;@NA;CA26885W1041;BD2B8Z;ePlay Digital Inc.;1.0;EPYFF-US;0;SHARE;BYWRDS5;J;ePlay Digital Inc.3.pdf;58.2;6;;"I

## who we are

<!-- image -->

## G.O.D. FOUNDED

Devolver's founders have a long track record of innovating together in the video games industry. In 1998 Harry Miller, Rick Stults and Mike Wilson co-founded the video games publishing brand Gathering of Developers, also known as G.O.D. Games.

1998

1999

## GAMECOCK MEDIA GROUP ESTABLISHED

Harry, Rick and Mike reunited in 2007 to found video games publisher Gamecock Media Group ('Gamecock'). Devolver co-founders Graeme Struthers and Nigel Lowrie later joined Gamecock, working on their first venture with Harry, Rick and Mike.

## 2000 2001 2002 2003 2004 2005 2006

G.O.D. ACQUIRED BY TAKE-TWO INTERACTIVE

Devolver is an award-winning digital video games publisher and developer in the indie games space.

Recently awarded 'Best Publisher' by Games Village Awards 2022, Devolver has one of the most recognisable labels in the indie market. Built over a decade by highly experienced industry veterans with deep, wide-ranging relationships in the gaming sector, Devolver has a back catalogue of over 100 games, including a number of indie cult classics.

## DEVOLVER FOUNDED

Devolver was formed as a digital-only developer-first publisher, which principally released titles on PC via Steam. Working with original developer Croteam and other small studios, Devolver successfully published several games in the Serious Sam series for release on PC and mobile.

2007

2008

GAMECOCK WAS SOLD TO SOUTHPEAK GAMES

<!-- image -->

<!-- image -->

## SERIBUS SAM

2009

2010 2011

2012

## HOTLINE MIAMI RELEASED

Following the early financial success of the Serious Sam series, the Group branched out and began collaborating on new franchises and titles with other development studios. Devolver's first breakout hit was Hotline Miami in 2012. It received critical acclaim, putting Devolver in the indie spotlight.";Devolver is a digital video games publisher and developer founded by industry veterans with a focus on indie games. Initially established as a developer-first publisher in 2007, it gained recognition for releasing titles primarily on PC via Steam. The company has a strong portfolio of over 100 games, including cult classics like Hotline Miami, which significantly boosted its profile in the indie market. Devolver has been awarded 'Best Publisher' by Games Village Awards 2022, highlighting its success and influence in the gaming industry.
31;470;GB00BYXH8F66;Pelatro Plc;1;2017.0;GBR;G6993D100;20171219.0;GBR;@NA;58.29;LONDON;PTRO-GB;GB00BYXH8F66;BYXH8F;Pelatro Plc;1.0;PTRO-GB;1;SHARE;BYXH8F6;J;Pelatro Plc1.pdf;58.2;6;;"## Strategic Report - About Pelatro

For the year ended 31 December 2022

Pelatro is a focused and specialised solution provider predominantly in the telecom marketing space but with an increasing presence in non-telco sectors where 'Big Data' is increasingly seen as an under-exploited resource. We enable data-rich companies  across  the  globe  to  increase  revenue  and  reduce  customer  churn  through  our  enterprise  grade  software solutions.  Telecom  operators,  for  example,  can  analyse  the  behaviour  of  the  subscribers  within  their  network,  create individual  profiles  to  suggest  appropriate  products  and  promotions  in  a  segment  of  one  manner  to  enable  higher consumption and an increased level of customer satisfaction.

## Technology

Our solutions employ Big Data technology to collect and process data in real time. Our technologically advanced products are telco-grade with significant scalability, security and high availability. As data is processed in real time, the output from our solutions is also in real time and is relevant and contextual, leading to similarly relevant, contextual and personalised interventions in real time, in the form of marketing campaigns and promotions to subscribers, resulting in improved results as  compared  to  legacy  solutions.  In  order  to  provide  high  quality  marketing  campaigns  and  promotions,  our  solutions employ AI/ML techniques coupled with various algorithms, models etc. This results in a high level of predictive, descriptive and prescriptive analytics in our solutions.

## Products

The  mViva  Customer  Engagement  Hub  is  a  suite  of  solutions  designed  for  deep  engagement  between  telcos  and  its customers to increase revenue and reduce churn. The mViva suite offers solutions for Contextual Campaign Management, Loyalty Management, and Data Monetisation in a single integrated tool that enables teams to deliver effective customer interactions that maximize value, at high work velocity. Its ready-to-use propensity models and data analytics functionality is optimised for Campaign Analysts to anatomise customer data, to launch precisely targeted campaigns not just to microsegments but to segments-of-one. The seamless, intuitive, and concise campaign management workflow enables teams to easily extend campaign management services to enterprise customers and monetize subscriber data.

The mViva suite empowers Customer Value Management ('CVM') teams to rapidly design and deploy campaigns, launch loyalty  programs  to  reduce  churn  of  customers  and  provide  omni-channel  communication.  The  mViva  Customer Engagement Hub offers three key solutions tailor-made for CVM Teams:

<!-- image -->

<!-- image -->

mViva Contextual Campaign Management Solution - a comprehensive tool to design, configure and run campaigns to manage the entire lifecycle for subscribers, retailers and enterprises mViva  Loyalty  Management  Solution  -  enables  design  and  launch  of  loyalty  programs  to  reward  and  retain customers

mViva Data Monetisation Platform Solution - enables teams to easily extend campaign management services to other B2C enterprises and brands in order for the telco to monetise subscriber data";Pelatro specializes in providing software solutions for telecom marketing and is expanding into non-telco sectors, focusing on leveraging Big Data to enhance revenue and reduce customer churn. Their technology utilizes real-time data processing and AI/ML techniques to deliver personalized marketing campaigns and promotions, improving engagement and customer satisfaction. The mViva Customer Engagement Hub offers integrated solutions for campaign management, loyalty programs, and data monetization, enabling telecom operators to effectively interact with customers and maximize value. This suite empowers Customer Value Management teams to design targeted campaigns and loyalty initiatives while facilitating the monetization of subscriber data.
32;258;AU0000032914;SRG Global Limited;1;1961.0;AUS;Q8661T101;20200408.0;AUS;009K5B-E;41.2;US OTC;@NA;AU0000032914;BFMZB8;SRG Global Limited;1.0;SRGGF-US;0;SHARE;BL1MSJ6;F;SRG Global Limited1.pdf;41.2;6;;"## The most sought-after asset maintenance capability

The Asset Maintenance segment continued its sustained growth in FY22 with numerous long-term contract awards and extensions.

## What we do

SRG Global bring an engineering mindset, a large scale multi-disciplinary workforce and the access solutions to make maintaining critical infrastructure and industrial assets easier. We are an embedded partner to our clients delivering continuous maintenance services, large scale shutdown solutions and sustaining capital projects. The breadth of our skills and capabilities means asset owners only have to deal with one contractor, which significantly reduces risk, time, cost and complexity. SRG Global is a contractor with the diverse technical know-how, the workforce and all the access equipment needed to sustain or extend the life of any critical asset.

## Key Projects

- Fortescue Metals Group -maintenance and shutdown contract at Iron Bridge mine site
- Rio Tinto - access and refractory services at QAL alumina refinery
- Meridian Energy - multi-disciplinary services contract for renewable energy infrastructure in NZ

## Key Clients

<!-- image -->

## Core Services

## Integrated Maintenance Services

Mechanical, electrical and plumbing for fixed plant maintenance.

## Access Solutions

Scaffold and rope access.

## Industrial Services

Industrial cleaning, paint and blast, NDT and insulation and lagging.

## Refractory

Installation of refractory, gunning and casting of refractory products and installation of refractory anchors.

## Remediation Services

Protective coatings, waterproofing, concrete repair and strengthening.

## Civil Maintenance

Maintenance of tailings storage facilities and other ancillary site infrastructure.";SRG Global's business model focuses on providing comprehensive asset maintenance services through long-term contracts and a multi-disciplinary workforce. They offer integrated solutions that simplify the maintenance of critical infrastructure, allowing clients to manage risk and reduce costs by working with a single contractor. Their core services include mechanical, electrical, and plumbing maintenance, access solutions, industrial services, refractory installation, remediation, and civil maintenance. Key projects involve partnerships with major clients like Fortescue Metals Group and Rio Tinto, highlighting their expertise in various sectors.
33;252;JP3100320005;URBAN LiKE INC.;1;2008.0;JPN;J94435104;20210728.0;JPN;@NA;41.2;TOKYO;@NA;JP3100320005;BP5D4T;URBAN LiKE INC.;1.0;2992-JP;1;SHARE;BP5D4T5;F;URBAN LiKE INC.1.pdf;41.2;6;;"## AT A GLANCE

The UK faces a structural mismatch between supply and demand in the market for mid-box logistics assets.

## Our investment thesis

Our underlying belief, at IPO and today, that high-quality, single-let logistics properties represent the most interesting sub sector of the industrial and logistics market.

Our commitment to shareholders is to acquire well-located assets with the correct specification for occupiers, typically at below replacement cost. Our focus on tenant covenants, in sectors which have been less volatile historically, has served us well.

## A PURE PLAY ON URBAN LOGISTICS

UK REIT quoted on the premium segment of the Main Market of the London Stock Exchange

Income and Total Return strategy through active asset management

Invests in UK mid-box logistics buildings with a sweet spot in the 20,000 - 200,000 sq ft range

Assets located in key urban 'last touch' and 'last mile' locations

The only London-listed REIT with such a focus

Management team with specific logistics experience within the broader real estate market

16.4% p.a. average Total Accounting Return from IPO to 31 March 2022

## What we do

Urban Logistics REIT plc (LSE: SHED) is a property investment company which invests in strategically located, single-let logistics properties servicing high-quality tenants across the UK.

## Why we do it

Logistics assets serving urban areas is one of the highest performing sectors in real estate, with structural factors driving rental growth. We believe that a focus on mid box, single let assets allow us to generate a strong return for shareholders.

## DIFFERENTIATORS

## Focus on 'last mile'

## 20,000 - 200,000 SQ FT

- Most appropriate size for last-mile delivery operators

## Strategic locations 63% MIDLANDS AND SOUTH EAST BIAS

- Area had among the strongest take-up of logistics space

## Strong covenants 86% LOW/LOW-

## MODERATE RISK

- Single-let assets
- No fashion retail
- High-quality tenants";Urban Logistics REIT plc focuses on investing in high-quality, single-let logistics properties in the UK, particularly mid-box assets ranging from 20,000 to 200,000 sq ft. The company targets strategically located properties in key urban areas to capitalize on the growing demand for last-mile delivery services. With a commitment to acquiring assets below replacement cost and a focus on strong tenant covenants, the REIT aims to deliver attractive returns to shareholders. Its management team brings specific logistics experience, positioning the company as a unique player in the market.
34;528;FDS1GBVT;Ares Acquisition Corp.;1;2020.0;USA;FDS1GBVT6;;USA;0M7P2F-E;64.99;@NA;@NA;@NA;G3303210;Ares Acquisition Corp.;1.0;@NA;0;SHARE;@NA;K;Ares Acquisition Corp.2.pdf;64.9;7;;"## PART I

References in this annual report to 'we,' 'us,' 'Company' or 'our company' are to Ares Acquisition Corporation, a Cayman Islands exempted company incorporated with limited liability. References to 'management' or our 'management team' are to our officers and directors. References to our 'Sponsor' is to Ares Acquisition Holdings LP, a Cayman Islands exempted limited partnership. References to our 'initial shareholders' are to the holders of our Class B ordinary shares prior to our initial public offering. References to 'Ares' or 'Ares Management' are to Ares Management Corporation, a Delaware corporation, and its consolidated subsidiaries. References to 'Ares funds' are to funds, alternative asset companies, co-investment vehicles and other entities and accounts managed by Ares or its affiliates and certain portfolio companies in which Ares or such entities have invested.

## Item 1. Business

## Introduction

We are a blank check company formed for the purpose of effecting a merger, share exchange, asset acquisition, share purchase, reorganization or similar business combination with one or more businesses, which we refer to throughout this annual report as our initial business combination. We have reviewed a number of opportunities to enter into a business combination. We have neither engaged in any operations nor generated any revenue to date. Based on our business activities, the Company is a 'shell company' as defined under the Exchange Act because we have no operations and nominal assets consisting almost entirely of cash.

Our executive offices are located at 245 Park Avenue, 44th Floor, New York, New York 10167, and our telephone number is (212) 750-7300. Our corporate website address is https://www.aresacquisitioncorporation.com. Our website and the information contained on, or that can be accessed through, the website is not deemed to be incorporated by reference in, and is not considered part of, this annual report. You should not rely on any such information in making your decision whether to invest in our securities.

## Company History

In January 2020, the Company was formed by Ares Acquisition Holdings L.P. (our 'Sponsor'). As of February 25, 2022, our Sponsor owned 24,850,000 of the 25,000,000 Class B ordinary shares outstanding.

On February 4, 2021, we consummated our initial public offering (the 'Initial Public Offering') of 100,000,000 units (the 'Units'), including 13,000,000 additional Units to cover over-allotments (the 'Over-Allotment Units'). The Units sold in the Initial Public Offering were sold at an offering price of $10.00 per Unit, generating total gross proceeds of $1.0 billion, and incurring offering costs of approximately $55.9 million, of which $35.0 million was for deferred underwriting commissions. Each Unit consists of one of the Company's Class A ordinary shares, par value $0.0001 per share, and one-fifth of one redeemable warrant. Each whole warrant entitles the holder thereof to purchase one Class A ordinary share at a price of $11.50 per share, subject to certain adjustments.

Simultaneous with the consummation of the Initial Public Offering, we consummated the private placement of an aggregate of 15,333,333 warrants, each exercisable to purchase one of the Company's Class A ordinary shares for $11.50 per share (the 'Private Placement Warrants'), to our Sponsor at a price of $1.50 per Private Placement Warrant, generating total proceeds of $23.0 million. Of the gross proceeds received from the Initial Public Offering and the Private Placement Warrants, $1.0 billion was placed in a trust account (the 'trust account'). Each whole Private Placement Warrant entitles the holder thereof to purchase one Class A ordinary share at a price of $11.50 per share, subject to certain adjustments.";Ares Acquisition Corporation is a blank check company formed to pursue business combinations, having no operations or revenue to date. The company completed its initial public offering in February 2021, raising $1 billion by selling units that include Class A ordinary shares and redeemable warrants. Additionally, it conducted a private placement of warrants to its Sponsor, generating $23 million. The proceeds from these offerings are held in a trust account, awaiting a suitable business combination opportunity.
35;259;FDS0FNU4;China Energy Engineering Corp. Ltd.;1;2014.0;HKG;FDS0FNU49;;CHN;0FQKHT-E;42.22;@NA;@NA;@NA;BZ1JH1;China Energy Engineering Corp. Ltd.;1.0;@NA;0;SHARE;@NA;F;China Energy Engineering Corp. Ltd.1.pdf;42.2;7;;"<!-- image -->

## COMPANY PROFILE AND CORPORATE GOVERNANCE

## · Company Profile

Founded on 19 December 2014, the Company is a joint stock company with limited liability established and cosponsored by  China  Energy  Engineering  Group  Co.,  Ltd.  ( 中國能源建設集團有限公司 )  (a  central  enterprise  supervised  and administered by the State-owned Assets Supervision and Administration Commission of the State Council), and its wholly-owned subsidiary, Electric Power Planning and Engineering Institute Co., Ltd. ( 電力規劃總院有限公司 ). The Company issued H shares under the initial public offering on 10 December 2015 and listed on the main board of The Stock Exchange of Hong Kong Limited (the 'Stock Exchange') (Stock Code: 3996.HK), and formally listed on the main board of the Shanghai Stock Exchange on 28 September 2021 (Stock Code: 601868.SH), realizing the listing of 'A+H' shares.

The Company is an ultra large comprehensive group company that provides systematic, integrated, life cycle and package of development solutions and services to industries such as energy and power, infrastructure in the PRC as well as over the world. Its main businesses cover traditional energy, new energy and integrated intelligent energy, water  conservancy  and  water  affairs,  eco-environmental  protection,  comprehensive  transportation,  municipal administration, property construction, real estate (new urbanization), building materials (cement, sand and stone aggregate, etc.), civil explosive, equipment manufacturing, capital (finance) and other fields, with a complete industrial chain integrating planning and consulting, evaluations and review, survey and design, construction and contracting and management, operational maintenance and investment operation, technical services, equipment manufacturing and building materials. The Company aims to become a world class group of 'four types' and 'six businesses' with global competitiveness ('four types' refers to the shared and integrated type, green and low-carbon type, digital smart type and healthy and civilized type; 'six businesses' refers to a first-class energy integration solution provider, a first-class EPC contractor, a first-class infrastructure investors, a first-class comprehensive ecological environment management  provider,  a  first-class  urban  comprehensive  development  operator,  a  first-class  building  materials, industrial products and equipment provider).

The Company successfully ranked as one of the Fortune 500 for nine consecutive years. In 2022, the Company ranked 269th in the Global 500, 2nd in the Top 150 Global Engineering Design Firms, 11th in the Top 250 Global Engineering Contractors, and 16th in the Top 225 International Engineering Design Firms. The Company has set up over 200 overseas branch offices in more than 90 countries and regions with its businesses extending to over 140 countries and regions outside China.

The Company always insists on 'empowering beautiful China and building a better world' as the starting and standing point, follows the concept of social responsibility of 'independent innovation, contributing to the society, scientific development and building harmony society', upholds the organizational mission of 'Bringing the Energy to the World' and the strategic vision of 'industry-leading and world-class', and always put the promotion of highquality corporate development through all its work. The Company continues to enhance enterprise competitiveness, innovation, control, influence and risk resistance, and is committed to providing first-class quality project , products and services for China and the world, and creating maximum value for customers, shareholders, employees and society.";The company, established in 2014 and co-sponsored by China Energy Engineering Group, operates as a comprehensive group providing integrated development solutions across various sectors, including energy, infrastructure, and environmental protection. It has achieved dual listings on the Hong Kong and Shanghai stock exchanges and aims to become a world-class provider in multiple business areas, including energy integration and ecological management. The company has consistently ranked in the Fortune 500 and has a significant international presence with over 200 branches in more than 90 countries. Its mission focuses on innovation and social responsibility, striving to deliver high-quality projects and services while maximizing value for stakeholders.
36;509;JP3502200003;Daiwa Securities Group Inc.;0;1902.0;JPN;J11718111;19930913.0;JPN;05HWCT-E;66.12;EURONEXT PARIS;@NA;JP3502200003;625144;Daiwa Securities Group Inc.;1.0;DAWA-FR;0;SHARE;4276830;K;Daiwa Securities Group Inc.3.pdf;66.1;7;;"## (ii) Status by category described in segment information

- The status of net operating revenue and ordinary income analyzed by segment is as follows.

|                          |                              | Net operating revenue            | Net operating revenue            | Net operating revenue            | Net operating revenue   | Ordinary income (loss)           | Ordinary income (loss)           | Ordinary income (loss)           | Ordinary income (loss)   |
|--------------------------|------------------------------|----------------------------------|----------------------------------|----------------------------------|-------------------------|----------------------------------|----------------------------------|----------------------------------|--------------------------|
|                          |                              | Three months ended June 30, 2021 | Three months ended June 30, 2022 | Year-on-year increase (decrease) | Composition ratio       | Three months ended June 30, 2021 | Three months ended June 30, 2022 | Year-on-year increase (decrease) | Composition ratio        |
| Retail Segment           | Retail Segment               | 47,356                           | 40,393                           | (14.7)%                          | 38.1%                   | 10,037                           | 6,298                            | (37.2)%                          | 28.7%                    |
| Wholesale Segment        | Wholesale Segment            | 46,751                           | 35,965                           | (23.1)%                          | 33.9%                   | 11,328                           | (2,672)                          | -                                | -                        |
|                          | Global Markets               | 31,682                           | 24,491                           | (22.7)%                          | 23.1%                   | 7,795                            | (2,073)                          | -                                | -                        |
|                          | Global Investment Banking    | 15,068                           | 11,474                           | (23.9)%                          | 10.8%                   | 3,144                            | (1,155)                          | -                                | -                        |
| Asset Management Segment | Asset Management Segment     | 17,352                           | 18,605                           | 7.2%                             | 17.5%                   | 10,000                           | 11,173                           | 11.7%                            | 50.9%                    |
|                          | Securities asset management  | 11,096                           | 11,306                           | 1.9%                             | 10.6%                   | 5,184                            | 5,309                            | 2.4%                             | 24.2%                    |
|                          | Real estate asset management | 6,255                            | 7,299                            | 16.7%                            | 6.9%                    | 4,816                            | 5,863                            | 21.7%                            | 26.7%                    |
| Investment Segment       | Investment Segment           | 2,757                            | 3,689                            | 33.8%                            | 3.5%                    | 1,824                            | 4,483                            | 145.7%                           | 20.4%                    |
| Other, adjustments, etc. | Other, adjustments, etc.     | 12,502                           | 7,466                            | -                                | 7.0%                    | 1,730                            | (1,196)                          | -                                | -                        |
| Consolidated total       | Consolidated total           | 126,721                          | 106,122                          | (16.3)%                          | 100.0%                  | 34,922                           | 18,085                           | (48.2)%                          | 100.0%                   |

(Millions of yen)

(Note) The composition ratio of ordinary income (loss) displays a percentage of the ordinary income of each segment among the total ordinary income of segments for which ordinary income was recorded in the three months ended June 30, 2022.

## Retail Segment:

The main sources of earnings in the Retail Segment are commissions on products and services related to asset management for individual investors and unlisted companies in Japan. Factors that may have a major impact on operating results include changes in domestic and overseas financial markets and economic conditions that affect investment trends, as well as the development and underwriting status of products to address customer needs, and the type of sales strategies employed.

Equity revenue decreased for the three months ended June 30, 2022, primarily due to a decrease in brokerage commission as well  as  a  decrease  in  offering  commission  income  caused  by  a  year-on-year  decline  in  public  offerings  and  secondary distribution of stocks. Bond revenue decreased, primarily due to a decline in offering and secondary distribution. Due to a decline in the sales amount, sales commission income for equity investment trusts also decreased.

As a result, net operating revenue in the Retail Segment for the three months ended June 30, 2022 decreased by 14.7% year on year to 40.3 billion yen, and ordinary income decreased by 37.2% to 6.2 billion yen. Net operating revenue and ordinary income in the Retail Segment for the three months ended June 30, 2022 as a proportion of the consolidated net operating revenue and consolidated ordinary income for the entire Group were 38.1% and 28.7%, respectively.

The impact of the spread of COVID-19 on the performance in the Retail Segment for the three months ended June 30, 2022 was limited.

## Wholesale Segment:

The Wholesale Segment comprises the Global Markets, which conducts sales and trading of securities targeted at institutional investors, etc. and Global Investment Banking, which conducts underwriting of securities issued by industrial corporations and financial corporations, etc. and M&amp;A advisory services.

Main sources of earnings of Global Markets are trading commissions from the buying and selling of marketable securities for institutional investors and trading income. Changing market trends with geopolitical risks and international economic conditions, etc. and the associated change in customer flows are factors that have a major impact on operating results.

Global Markets had a decrease in revenue and a decrease in profit. Equity revenue decreased because of a decline in customer flows attributed to market uncertainty as  well as difficulties in managing positions. For fixed income revenue, although";The business model is segmented into Retail, Wholesale, Asset Management, and Investment segments, each contributing to net operating revenue and ordinary income. The Retail Segment primarily earns through commissions on asset management products, but faced declines in equity and bond revenues, resulting in a 14.7% decrease in net operating revenue and a 37.2% drop in ordinary income for the three months ended June 30, 2022. The Wholesale Segment, which includes Global Markets and Global Investment Banking, also experienced revenue and profit declines due to market uncertainties affecting customer flows. Overall, the consolidated total showed a 16.3% decrease in net operating revenue and a 48.2% decline in ordinary income compared to the previous year.
37;253;VN000000HC37;HaiPhong Construction Joint Stock Corporation No3;0;1993.0;VNM;Y2985N107;20191212.0;VNM;@NA;41.1;HANOI;@NA;VN000000HC37;BD5DK2;HaiPhong Construction Joint Stock Corporation No3;1.0;HC3-VN;1;SHARE;BD5DK26;F;HaiPhong Construction Joint Stock Corporation No33.pdf;41.1;7;;"Mr. LE CAO QUYEN Chairman of the Board

<!-- image -->

## '

Power Engineering Consulting Joint Stock Company 4 (EVNPECC4), formerly known as the  Southern  Power  Planning  and  Designing  Sub-Institute,  was  established  in  1976  with  the mission of renovating, restoring and rebuilding the power system for the southern provinces to meet people's living needs and restore the economy after the war. Recently, EVNPECC4 has become one of the leading power engineering consulting companies in Vietnam.

With  46  years  of  experience  in  power  engineering  consulting  fields,  EVNPECC4  has developed a workforce of highly professional engineers and experts, fully capable of researching and advising economic - technical - technological solutions for energy projects/works contributing to improving efficiency, stability and reliability of the Vietnamese power system.

Aiming to become a leading enterprise in power engineering consulting field, EVNPECC4 has built and developed a strong Vietnamese brand in the domestic and international markets. We are committed to accelerating digital transformation, applying big data and artificial intelligence based on the energy 4.0 platform to improve efficiency and benefits for customers and partners. We are committed to continuous innovation and creating sustainable value for the community and society.

Lorem ipsum dolor sit To achieve today's accomplishments, we would like to express our deep gratitude to the leaders of Vietnam Electricity, Ministries, Departments, customers, partners, shareholders and generations of  employees who have accompanied EVNPECC4 throughout the formation and development process.

amet, consectetuer We look forward to continuing gaining your trust and cooperation in the future. Sincerely yours!

adipiscing elit, sed Chairman of the Board

diam

<!-- image -->

mod tincid- unt ut

Lorem ipsum

dolor sit amet,

consec-

laoreet Le Cao Quyen

tetuer adipiscing

elit, sed diam

nonummy nibh euis-

mod tincid- unt ut

dolore magna

aliquam erat volut-

pat. Ut wisi enim a

mi

v";EVNPECC4, established in 1976, specializes in power engineering consulting, focusing on renovating and rebuilding the power system in southern Vietnam. With 46 years of experience, the company boasts a skilled workforce capable of providing innovative economic and technical solutions for energy projects. Aiming to be a leader in its field, EVNPECC4 emphasizes digital transformation and the use of advanced technologies to enhance efficiency for clients. The company values its partnerships and is committed to continuous innovation and creating sustainable community value.
38;107;FDS0SZ3K;Kiniksa Pharmaceuticals Ltd.;1;2015.0;USA;FDS0SZ3K2;;USA;@NA;21.2;@NA;@NA;@NA;G5269C10;Kiniksa Pharmaceuticals Ltd.;1.0;@NA;0;SHARE;@NA;C;Kiniksa Pharmaceuticals Ltd.1.pdf;21.2;7;;"## SUMMARY RISK FACTORS

Our business is subject to numerous risks and uncertainties, including those described in Part I, Item 1A. 'Risk Factors' in this Annual Report. You should carefully consider these risks and uncertainties when investing in our Class A common shares. The principal risks and uncertainties affecting our business include the following:

- we have only recently begun generating product revenue, have incurred significant operating losses in the past, expect to incur significant operating losses for the foreseeable future and may never achieve corporate profitability on a sustained basis;
- we will require significant additional funding to develop our portfolio, commercialize our products and product candidates, if approved, and to identify, discover, develop or acquire additional product candidates, and if we are unable to secure financing on acceptable terms when needed, or at all, we could be forced to delay, reduce or cease one or more of our product development plans, research and development programs or other operations or commercialization efforts;
- we depend heavily on the commercial success of ARCALYST and may be unsuccessful in our efforts to commercialize ARCALYST on a sustained basis, support our sales, marketing, and distribution activities and maintain applicable infrastructure for these activities either directly and/or through agreements with third parties; as a result, we may not be able to sustain the commercialization of ARCALYST, or successfully commercialize any future products;
- we depend heavily on the success of one or more of our product candidates, which are in various stages of development; such success is dependent upon us advancing our product candidates in clinical development, obtaining regulatory approval and ultimately commercializing one or more of our product candidates on a timely basis;
- ARCALYST in recurrent pericarditis, as well as our current or future product candidates, if approved, may not gain sustained market acceptance by prescribers, patients, or third-party payors, in which case our ability to generate product revenues will be impaired;
- successful commercialization of our products and product candidates, if approved, will depend in part on the extent to which third-party payors provide funding, establish favorable coverage and pricing policies, respond to price increases and set adequate reimbursement levels for our products and product candidates, if approved, and failure to obtain or maintain coverage and adequate reimbursement for our products and product candidates, if approved, could limit our ability to market those products and decrease our ability to generate revenue;
- the market opportunities for our products and product candidates, if approved, may be smaller than we estimate, or any approval that we obtain may be based on a narrower definition of our targeted patient population, either of which may materially adversely affect our revenue and ability to achieve profitability;
- clinical development of our product candidates is a lengthy and expensive process with uncertain timelines, costs and outcomes;
- we may encounter substantial delays in our current or planned preclinical and/or clinical trials, including as a result of delays in obtaining regulatory approvals for indications, activating sites, enrolling participants, and conducting trials, which could delay or prevent our product development activities;
- we rely on third parties, including contract research organizations ('CROs') to activate our sites and conduct or otherwise support our research activities, preclinical studies and clinical trials for our product candidates, and these third parties may not perform satisfactorily, which could delay, prevent or impair our product development activities;";The business model involves developing and commercializing pharmaceutical products, particularly ARCALYST, while facing significant risks and uncertainties. The company has recently started generating revenue but has incurred substantial operating losses and may continue to do so without achieving sustained profitability. It relies heavily on securing additional funding for product development and commercialization, as well as on the successful market acceptance of its products by prescribers, patients, and payors. The lengthy and costly clinical development process, along with reliance on third-party organizations, adds further complexity and potential delays to the business's operations.
39;286;PLBUDMX00013;Budimex SA;1;1968.0;POL;X0788V103;20081106.0;POL;05J1KN-E;41.2;LONDON;@NA;PLBUDMX00013;414933;Budimex SA;1.0;0LRV-GB;0;SHARE;B28FKZ5;F;Budimex SA1.pdf;41.2;8;;"2.

## About the Budimex Group

## 2.1.  About the Group

## 2.1.1.  Business model of the Budimex Group

## [GRI 2-1] [GRI 2-6]

Budimex Group provides a wide range of construction and assembly services performed  under  the  general  contracting  system  in  Poland  and  abroad.  It manufactures  products  and  offers  services.  Municipal  waste  management, comprehensive road maintenance, as well as building maintenance. Until May 24, 2021, i.e. until the sale of Budimex Nieruchomości  Sp. z o.o, the Budimex Group also conducted real estate development and management activities.

Changes in the Group's operations in 2022 mainly included the cancellation of real estate development activities, the initiation of operations in foreign markets and the development of operations in the renewable energy segment.

As part of its construction activities, Budimex SA, Budimex Kolejnictwo SA and Budimex Budownictwo Sp. z o.o. carry out tasks in all market segments, starting from road, railway and hydrotechnical infrastructure, through housing facilities, to complex power and industrial projects. Mostostal Kraków SA specialises in the execution and assembly of steel structures and devices for the cement and lime, energy, metallurgy and chemical industries, as well as offering design services.  The companies of the FBSerwis Group, in terms of service activities, deal with waste management, provide comprehensive road infrastructure maintenance services and lighting infrastructure management and building maintenance services.

The basic form of the company's activity takes place through contracts. Each year, Budimex SA concurrently performs about 200 contracts, the FBSerwis Group about 120 contracts, and Mostostal Kraków SA about 40 contracts.

Budimex's SA construction activities are carried out primarily in Poland and, on a limited scale, also on foreign markets. For nearly 60 years, there has been the German Market Branch, with operational activities focused on subcontracting services  for  German companies in the scope of; production of prefabricated reinforced concrete elements, production of prefabricated elements for general and engineering construction, reinforcement works, production of steel structures (for power plants, bridge construction, halls, containers, tanks and machines). Budimex Bau GmbH, started to acquire construction contracts on the German market, and under the newly established entities - Budimex Construction Prague s.r.o. and Budimex Slovakia s.r.o. - the Group is also expanding its activities on the Czech and Slovak markets.

The Budimex Group makes every effort to complete the entrusted tasks on time, while maintaining high standards of safety and work quality. Its long-standing experience in the construction area enables the company to offer a full range of works in the general contracting system.

<!-- image -->

budimex dla

Ciebie

Kolei

Zmieniamy";The Budimex Group operates as a general contractor, providing a variety of construction and assembly services in Poland and internationally, while also manufacturing products and offering services in municipal waste management and road maintenance. Following the sale of its real estate development division in 2021, the Group shifted focus to foreign markets and renewable energy. Its construction activities encompass various sectors, including infrastructure, housing, and industrial projects, with multiple subsidiaries handling specific tasks like steel structure assembly and waste management. Budimex executes around 200 contracts annually, emphasizing timely completion and high safety and quality standards.
40;546;FDS1FOUG;CF Acquisition Corp. IV;1;2020.0;USA;FDS1FOUG8;;USA;@NA;64.99;@NA;@NA;@NA;12520T10;CF Acquisition Corp. IV;1.0;@NA;0;SHARE;@NA;K;CF Acquisition Corp. IV1.pdf;64.9;8;;"## Note 1-Description of Organization, Business Operations and Basis of Presentation

CF Acquisition Corp. IV (the 'Company') was incorporated in Delaware on January 23, 2020. The Company was formed for the purpose of effecting a merger, capital stock exchange, asset acquisition, stock purchase, reorganization or similar business combination with one or more businesses (the 'Business Combination').

Although the Company is not limited in its search for target businesses to a particular industry or sector for the purpose of consummating a Business Combination, the Company intends to focus its search on companies operating in the financial services, healthcare, real estate services, technology and software industries. The Company is an early stage and emerging growth company and, as such, the Company is subject to all of the risks associated with early stage and emerging growth companies.

As of June 30, 2022, the Company had not commenced operations. All activity through June 30, 2022 relates to the Company's formation, the initial public offering (the 'Initial Public Offering') described below, and the Company's efforts toward locating and completing a suitable Business Combination. The Company will not generate any operating revenues until after the completion of its initial Business Combination, at the earliest. The Company has generated non-operating income in the form of interest income from direct investments in U.S. government debt securities and investments in money market funds that invest in U.S. government debt securities and classified as cash equivalents from the proceeds derived from the Initial Public Offering, and recognized changes in the fair value of the warrant liability and FPS (as defined below) liability as other income (expense).

The Company's sponsor is CFAC Holdings IV, LLC (the 'Sponsor'). The registration statements for the Initial Public Offering became effective on December 22, 2020. On December 28, 2020, the Company consummated the Initial Public Offering of 50,000,000 units (each, a 'Unit' and with respect to the shares of Class A common stock included in the Units sold, the 'Public Shares'), including 5,000,000 Units sold upon the partial exercise of the underwriters' over-allotment option, at a purchase price of $10.00 per Unit, generating gross proceeds of $500,000,000, which is described in Note 3. Each Unit consists of one share of Class A common stock and one-third of one redeemable warrant. Each whole warrant entitles the holder to purchase one share of Class A common stock at a price of $11.50. Each warrant will become exercisable 30 days after the completion of the Business Combination and will expire 5 years after the completion of the Business Combination, or earlier upon redemption or liquidation.

Simultaneously with the closing of the Initial Public Offering, the Company consummated the sale of 1,000,000 units (the 'Private Placement Units') at a price of $10.00 per Private Placement Unit to the Sponsor in a private placement, generating gross proceeds of $10,000,000, which is described in Note 4. The proceeds of the Private Placement Units were deposited into the Trust Account (as defined below) and will be used to fund the redemption of the Public Shares subject to the requirements of applicable law (see Note 4).

Offering costs amounted to approximately $9,600,000, consisting of $9,100,000 of underwriting fees and approximately $500,000 of other costs.

Following the closing of the Initial Public Offering and sale of the Private Placement Units on December 28, 2020, an amount of $500,000,000 ($10.00 per Unit) from the net proceeds of the sale of the Units in the Initial Public Offering and the sale of the Private Placement Units (see Note 4) was placed in a trust account (the 'Trust Account') located in the United States at J.P. Morgan Chase Bank, N.A. with Continental Stock Transfer &amp; Trust Company acting as trustee, which may be invested only in U.S. government securities, within the meaning set forth in Section 2(a)(16) of the Investment Company Act of 1940, as amended (the 'Investment Company Act'), with a maturity of 185 days or less or in any open-ended investment company that holds itself out as a money market fund selected by the Company meeting the conditions of paragraphs (d)(2), (d)(3) and (d)(4) of Rule 2a-7 of the Investment Company Act, as determined by the Company, until the earlier of: (i) the completion of a Business Combination and (ii) the distribution of the Trust Account, as described below.

Initial Business Combination -The Company's management has broad discretion with respect to the specific application of the net proceeds of the Initial Public Offering and the sale of the Private Placement Units, although substantially all of the net proceeds are intended to be applied generally toward consummating a Business Combination. There is no assurance that the Company will be able to complete a Business Combination successfully. The Company must complete one or more initial Business Combinations having an aggregate fair market value of at least 80% of the assets held in the Trust Account (excluding taxes payable on income earned on the Trust Account) at the time of the agreement to enter into the initial Business Combination. However, the Company will only complete a Business Combination if the post-transaction company owns or acquires 50% or more of the outstanding voting securities of the target or otherwise acquires a controlling interest in the target sufficient for it not to be required to register as an investment company under the Investment Company Act.";CF Acquisition Corp. IV is a Delaware-incorporated company formed to pursue business combinations, primarily focusing on sectors like financial services, healthcare, real estate, and technology. The company raised $500 million through its Initial Public Offering (IPO) and an additional $10 million from a private placement, with proceeds placed in a trust account for future business combinations. It has not yet commenced operations and will generate revenue only after completing a business combination, which must have a fair market value of at least 80% of the trust assets. The company aims to acquire a controlling interest in target businesses to avoid registration as an investment company under the Investment Company Act.
41;297;TW0003703005;Continental Holdings Corp.;1;1941.0;TWN;Y1753K105;19950427.0;TWN;09NF50-E;41.2;TAIWAN;3703-TW;TW0003703005;B58DQK;Continental Holdings Corp.;1.0;3703-TW;1;SHARE;B58DQK7;F;Continental Holdings Corp.1.pdf;41.2;8;;"## Key Subsidiaries and History

## Continental Engineering Corporation

## Established: December 29, 1945

CHC's Construction Engineering arm is Continental Engineering Corporation (CEC). Founded in 1945, CEC has built a reputation for delivering superior Construction Engineering work in both public and private sectors, with operating experiences in Taiwan, Hong Kong, Macau, Malaysia, and India.

CEC has successfully completed many significant infrastructure projects, including major civil construction works involving viaducts, bridges, and tunnels for highway, metro, and railway projects. The company was also one of the principal consortium investors and contractors for the US$17 billion Taiwan High Speed Rail, one of the world's largest Build, Operate, and Transfer (BOT) projects.

CEC has also delivered a comprehensive range of building projects, including hospitals, hotels, office buildings, multifunctional complexes, high-end residences, education and research facilities, as well as township communities.

## Continental Development Corporation

Established: June 2, 2010

Continental Development Corporation (CDC) has its roots in the property development business sector of Continental Engineer Corporation (CEC), Taiwan's leading engineering construction company founded in 1945. In response to the fast-changing construction market, CEC was restructured in 2010, spinning off its property development business division to form an independent entity -CDC. Thereafter, CDC became a premium property developer, specializing in residential, commercial, hotel, and community sectors. The company's business strategy centers on ensuring the highest quality and customer satisfaction.

Following the corporate values of 'integrity, discipline, quality and innovation' conceived by CEC's founder Mr. Glyn T. H. Ing, CDC is dedicated to cutting edge innovation and collaboration with the very best talent from across the globe to deliver outstanding solutions and services which cater to customers' needs.

CDC has pioneered innovative architectural concepts and partnered with master architects to accomplish many landmark buildings including, Richard Meier (1984 Pritzker Architecture Prize laureate), Antonio Citterio (2008 Royal Designer for Industry, by the Royal Society for the Encouragement of Arts, Manufactures &amp; Commerce of London), and Benedetta Tagliabue (designer of the Spanish Pavilion at the 2010 World Expo Shanghai). CDC currently holds investments in Taiwan, Southeast Asia, and the United States.

## HDEC Corporation

## Established: May 24, 2006

HDEC Corporation (HDEC), originally a fully-owned subsidiary of Continental Engineering Corporation (CEC), was established in 2006. In an effort to boost the company's competitiveness as well as enhance its financial and management synergies, CEC transferred all of its shares in HDEC to parent company Continental Holdings Corporation (CHC) through a series of mergers and acquisitions in July 2017, making HDEC a direct subsidiary of CHC.

HDEC inherited the environmental engineering technology and capabilities of CEC. The company has also leveraged CEC's extensive engineering experience and project management ability to enter the emerging domestic market for Environmental Project Development &amp; Water Treatment businesses. By bidding on local governments '  sewage system BOT projects and BTO projects for water reclamation and reuse, HDEC was able to demonstrate its comprehensive experience and capabilities in every phase from planning, design, construction, operation, and maintenance.

HDEC mainly focuses on waterworks such as sewage treatment and water purification projects, and extends to waste treatment and renewable energy projects. Currently HDEC has the following subsidiaries: HDEC Construction Corp., HDEC (Puding) Environment Corp., North Shore Environment Corp., Blue Whale Water Technologies Corp., HDEC-CTCI (Linhai) Corp., CTCI-HDEC (Chungli) Corp., HDEC (Ciaotou) Corp. and HDEC (Chengxi) Corp.";The business model of CHC encompasses three key subsidiaries: Continental Engineering Corporation (CEC), Continental Development Corporation (CDC), and HDEC Corporation. CEC specializes in construction engineering, delivering significant infrastructure projects and civil construction works across multiple regions. CDC focuses on property development, emphasizing high-quality residential and commercial projects while fostering innovation and collaboration with renowned architects. HDEC, originally part of CEC, concentrates on environmental engineering and water treatment projects, leveraging CEC's expertise to engage in local government contracts and expand into renewable energy initiatives.
42;10;331091024,00 ARP;Cresud SA;1;1936.0;ARG;P3311R127;19850102.0;ARG;001MSF-E;1.61;BUENOS AIRES;CRES-AR;331091024,00 ARP;223338;Cresud SA;1.0;CRES-AR;1;SHARE;2233387;A;Cresud SA1.pdf;1.6;8;;"## CORPORATE PROFILE

## LEADERS IN THE AGRIBUSINESS FOR MORE THAN 80 YEARS

We are an Argentine company, leader in the regional agribusiness. We produce high quality goods, adding value to the Argentine agricultural production chain, with a growing presence in South America through investments in Brazil, Paraguay and Bolivia.

We produce oilseed grains and cereals, sugar cane and meat for the world, seeking maximum efficiency in the management of natural resources and optimizing our assets.

Additionally, we participate in the real estate business in Argentina through our subsidiary IRSA (BYMA:IRS, NYSE:IRS), a leader in real estate, dedicated to the operation of shopping centers, offices and luxury hotels in the country, as well as the development of mixed-use projects.

We are the only agricultural company listed on both the Buenos Aires Stock Exchange (BYMA:CRES) and the NASDAQ (NASDAQ:CRESY) with full transparency and accountability.

Our headquarters are located at Della Paolera 261, 9th Floor, in the Autonomous City of Buenos Aires, and each agricultural establishment, located in the different provinces of Argentina and the rest of the countries in the region, has its own administrative office.

## LEADING AGRICULTURAL COMPANY IN LATAM

## DIVERSIFIED PORTFOLIO

Manages a portfolio of over 800.000 ha in Argentina, Brazil, Paraguay and Bolivia through its subsidiary Brasilagro

Regional farmland exposure, minimizing agribusiness weather and regulatory risk.

## CONTROLLING COMPANY OF IRSA

## PIONEER IN AGRICULTURAL REAL ESTATE

State-of-the-art farmers with proven track record in portfolio rotation. Management with extensive experience and unique skills.

## STRONG TRACK RECORD IN THE CAPITAL MARKETS

Largest diversified real estate company that manages a rental portfolio of 500 thousand sqm of GLA in Argentina.

Listed on BYMA since 1960 and on NASDAQ since 1997. First Argentine agricultural company to be listed outside Argentina.

<!-- image -->";The company is a leading Argentine agribusiness with over 80 years of experience, producing high-quality oilseed grains, cereals, sugar cane, and meat while optimizing resource management across South America. It manages a diversified portfolio of over 800,000 hectares in Argentina, Brazil, Paraguay, and Bolivia, reducing weather and regulatory risks. Additionally, through its subsidiary IRSA, it operates in the real estate sector, managing shopping centers, offices, and luxury hotels. The company is notable for being the only agricultural firm listed on both the Buenos Aires Stock Exchange and NASDAQ, demonstrating transparency and a strong presence in capital markets.
43;513;KR7448830000;Mirae Asset Vision Special Purpose Acquisition 3 Company;0;;KOR;Y6S4F8108;20230407.0;KOR;@NA;64.99;KOREA;@NA;KR7448830000;BMBN9V;Mirae Asset Vision Special Purpose Acquisition 3 Company;1.0;448830-KR;0;SHARE;BMBN9V5;K;Mirae Asset Vision Special Purpose Acquisition 3 Company1.pdf;64.9;8;;"## Company Overview

As a Korea's leading financial institution, Mirae Asset Securities is making relentless endeavor to make a leap forward into becoming a global top-tier investment bank by continuously expanding our global business.

## Company Profile

|                | (As of the end of March, 2022)                                                                                |
|----------------|---------------------------------------------------------------------------------------------------------------|
| CompanyName    | Mirae Asset Securities Co., Ltd.                                                                              |
| Headquarters   | Mirae Asset CENTER 1 Bldg., 26, Eulji-ro 5-gil, Jung-gu, Seoul 04539, Korea                                   |
| CEOs           | Hyun-Man Choi, Man-Yeol Lee                                                                                   |
| Industry       | Diversified financial services                                                                                |
| Global Network | United States, United Kingdom, Brazil, China, Hong Kong, Singapore, Indonesia, Vietnam, Mongolia, India, etc. |

## Major Affiliates and Subsidiaries

(As of the end of December, 2021, consolidated basis)

| CompanyName                           | Location      | Main business                                            | Total amount of equity capital (KRW billion)   | Ownership *   |
|---------------------------------------|---------------|----------------------------------------------------------|------------------------------------------------|---------------|
| MiraeAssetVentureInvestments Co.,Ltd. | Korea         | SMEsandstart-upinvestments                               | 2,281.70                                       | 61.3%         |
| MiraeAssetLifeInsuranceCo.,Ltd.       | Korea         | Insurancebusiness                                        | 19,021.45                                      | 19.7%         |
| MiraeAssetSecurities(HK)Ltd.          | HongKong      | Brokerageandinvestmentbanking                            | 28,784.15                                      | 100%          |
| MiraeAssetSecurities(UK)Ltd.          | UnitedKingdom | Brokerage,investmentbanking,andinvestmentadvisoryservice | 3,602.32                                       | 100%          |
| MiraeAssetSecuritiesHoldings(USA)Inc. | UnitedStates  | Otherfinancialbusiness                                   | 6,758.37                                       | 100%          |
| MiraeAssetRealty(Singapore)PTE.       | Singapore     | Realestateinvestmentandrentalbusiness                    | 389.38                                         | 100%          |

* Based on total number of shares issued

## Key Financial Figures

109.6

Total assets

## Credit Ratings

Korea Ratings, Korea Investors Service, National Information &amp; Credit Evaluation

<!-- image -->

## Shareholder Composition

(As of the end of March, 2022, consolidated asis, unit: KRW trillion)

414.2

Total client assets

(As of the end of March, 2022)

S&amp;P

10.4

Equity capital

Moody's

<!-- image -->

(Stable)

Global bonds

Baa2

<!-- image -->

<!-- image -->

BBB

(Stable)

<!-- image -->

(As of the end of March, 2022)

| Shareholder's name   | Mirae Asset Capital Co., Ltd.   | National Pension Service   | NAVER Corp.   | Employee Stock Ownership Plan   | Treasury shares   | Others      | Total       |
|----------------------|---------------------------------|----------------------------|---------------|---------------------------------|-------------------|-------------|-------------|
| Number of shares     | 160,339,755                     | 37,625,952                 | 47,393,364    | 852,450                         | 143,913,206       | 225,191,681 | 615,316,408 |
| Ownership (%) *      | 26.06                           | 6.11                       | 7.70          | 0.14                            | 23.39             | 36.60       | 100.00      |

* Based on the total number of common shares issued

<!-- image -->";Mirae Asset Securities is a leading South Korean financial institution aiming to become a global top-tier investment bank by expanding its international operations. The company operates in diversified financial services and has a significant presence in various countries, including the U.S., U.K., and China. Its major subsidiaries focus on areas such as venture investments, life insurance, brokerage, and real estate. As of March 2022, Mirae Asset Securities reported total client assets of KRW 414.2 trillion and equity capital of KRW 10.4 trillion.
44;511;KYG7255W1096;Prinx Chengshan Holdings Limited;1;2015.0;HKG;G7255W109;20181009.0;HKG;0JBS7V-E;64.99;HONG KONG;1809-HK;KYG7255W1096;BDVPJ6;Prinx Chengshan Holdings Limited;1.0;1809-HK;1;SHARE;BDVPJ63;K;Prinx Chengshan Holdings Limited1.pdf;64.9;8;;"## Overview of the Group

The business of Prinx Chengshan Holdings Limited' (the ' Company ' or ' Prinx Chengshan ') started in  1976  and  is  headquartered  in  Rongcheng  City,  Shandong  Province,  the  PRC.  It  is  a  modern enterprise  focusing  on  tire  research  and  development,  manufacturing,  sales  and  provision  of  tire life-cycle  services.  It  is  a  leading  domestic  manufacturer  in  the  commercial  all  steel  radial  tire replacement market and one of the most influential tire enterprises in the PRC. Over the years, Prinx Chengshan  has  adhered  to  the  core  strategies  of  'cost  leadership,  efficiency  driven,  competitive differentiation  and  global  operation'  to  strive  for  global  development,  and  has  built  two  major production bases in China and Thailand, and established three major sales centres in China, North America and Europe to develop a global business operation.

The three major products of the Company and its subsidiaries (the ' Group ') are all steel radial tires (' All  Steel  Radial Tires '),  semi-steel  radial  tires  (' Semi-Steel Radial Tires '),  and  bias  tires  (' Bias Tires '). All Steel Radial Tires are the main source of the Group's performance, and are mainly used in  medium/long-distance  transportation,  buses,  mixed  road  or  off-road  vehicles,  light  trucks,  etc.; Semi-Steel Radial Tires are mainly used in passenger vehicles, pick-up trucks, sport utility vehicles (SUVs) and other types; Bias Tires are mainly installed in vehicles in agricultural and industrial offroad conditions. The Group's products have obtained certifications from relevant authorities in major tire markets around the world, including Department of Transportation of the USA (' DOT '), Economic Commission of Europe (' ECE ') and R117, etc.

The Group has four well-known tire brands, namely Prinx ( 浦林 ),  Chengshan ( 成⼭ ),  Austone ( 澳通 ) and Fortune ( 富神 ).

The  Group  has  a  well-established  and  comprehensive  global  sales  network  covering  major  tire markets, and currently sells its products through three main channels:

- (i) sales to the replacement market through domestic and international distributors;
- (ii) direct sales to automobile manufacturers; and
- (iii) sales to private label customers.

<!-- image -->";Prinx Chengshan Holdings Limited, founded in 1976 and based in Shandong, China, specializes in tire research, manufacturing, sales, and life-cycle services, focusing on cost leadership and global operations. The company produces three main types of tires: all steel radial, semi-steel radial, and bias tires, with all steel radial tires being the primary revenue source. It operates two major production bases in China and Thailand and has established sales centers in China, North America, and Europe. The company markets its products under four brands and utilizes a comprehensive global sales network, targeting replacement markets, automobile manufacturers, and private label customers.
45;267;ID1000122609;PT Bekasi Fajar Industrial Estate Tbk;1;1989.0;IDN;Y711C5100;20210813.0;IDN;0CGSTN-E;41.2;US OTC;@NA;ID1000122609;B7NGK1;PT Bekasi Fajar Industrial Estate Tbk;1.0;PTBFF-US;0;SHARE;BMH4138;F;PT Bekasi Fajar Industrial Estate Tbk1.pdf;41.2;8;;"## Sekilas BeFa

BeFa at A Glance

Perseroan melaksanakan kegiatan usaha utama bidang pengelolaan kawasan industri ( real estate , pengelolaan air, rekreasi, penyediaan makan minum dan aktivitas profesional) dan pembangunan (konstruksi).

the Company carries out its main business activities in the field of management of industrial estate (real estate, water management, recreation, provision of food and beverages and professional activities) and building development (construction).

<!-- image -->

Perseroan didirikan sesuai dengan Akta Pendirian No. 199 tanggal 24 Agustus 1989 yang dibuat di hadapan Winanto Wiryomartani, S.H., Notaris di Jakarta, sebagaimana diubah dengan Akta Perubahan No. 7 tanggal 4 Desember 1989 yang dibuat di hadapan Winanto Wiryomartani, S.H., Notaris di Jakarta. Kedua akta tersebut telah mendapat pengesahan oleh Menteri Kehakiman Republik Indonesia dalam keputusannya tertanggal 21 Februari 1990 dengan No. C2-886 HT.01.01.Th.90.

Berdasarkan keputusan Keputusan Para Pemegang Saham Perseroan No. 49 tanggal 9 Desember 2011, tentang perubahan seluruh Anggaran Dasar Perseroan dalam rangka Penawaran Umum Perdana Saham, termasuk peningkatan modal dasar, modal ditempatkan dan disetor, perubahan nilai nominal dan

The Company was established in accordance with Deed of Establishment No. 199 dated August 24, 1989 made before Winanto Wiryomartani, S.H., Notary in Jakarta, as amended by Deed of Amendment No. 7 dated December 4, 1989 made before Winanto Wiryomartani, S.H., Notary in Jakarta. Both deeds were ratified by the Minister of Justice of the Republic of Indonesia in its decree dated February 21, 1990 with No. C2-886 HT.01.01.Th.90.

Based on the resolutions of the Shareholders of the Company No. 49 dated December 9, 2011, concerning amendment to the Entire Articles of Association of the Company in the framework of the Initial Public Offering of Shares, including the increase in authorized capital, issued and paid-up capital, changes in nominal value and stock klasifikasi saham, perubahan status Perseroan dari perusahaan tertutup menjadi perusahaan terbuka, dan perubahan nama Perseroan menjadi PT Bekasi Fajar Industrial Estate Tbk. Keputusan mengenai perubahan seluruh Anggaran Dasar tersebut telah memperoleh persetujuan dari Menkumham Republik Indonesia dengan keputusannya No. AHU-62997.AH.01.02.Tahun 2011 tanggal 20 Desember 2011.

Anggaran dasar Perseroan telah mengalami beberapa kali perubahan dan perubahan terakhir berdasarkan Akta No. 59 tanggal 29 Juli 2021, yang dibuat di hadapan Aulia Taufani, SH., notaris di Jakarta dan telah mendapat persetujuan dari Menteri Hukum dan Hak Asasi Manusia Republik Indonesia dengan Surat Keputusan No. AHU-0145425.AH.01.11. Tahun 2021 tanggal 27 Agustus 2021.

classification, changes in the Company's status from private company to public company, and the change of the Company's name to PT Bekasi Fajar Industrial Estate Tbk. The resolutions on the amendment to the entire Articles of Association has obtained approval from the Minister of of Law and Human Rights of the Republic of Indonesia by decree No. AHU-62997. AH.01.02.of 2011 dated December 20, 2011.

The Company's articles of association has been amended several times, the latest amendment based on the Deed No. 59 dated July 29, 2021 of Aulia Taufani, SH., Notary in Jakarta and has obtained approval from the Minister of Justice and Human Rights Republic of Indonesia in Decree No. AHU-0145425.AH.01.11. Year 2021 dated August 27, 2021.";BeFa primarily engages in the management of industrial estates, including real estate, water management, recreation, food and beverage provision, and construction activities. Established in 1989, the company has undergone several amendments to its articles of association, including a transition from a private to a public company in 2011. The latest amendment occurred in July 2021, reflecting ongoing changes in its operational framework. BeFa's business model focuses on diverse services within industrial estate management and development.
46;541;DE0006201403;PEH Wertpapier AG;1;1990.0;DEU;D6007P100;19981119.0;DEU;05JB6Z-E;66.3;FRANKFURT;PEH-DE;DE0006201403;557220;PEH Wertpapier AG;1.0;PEH-DE;1;SHARE;5572203;K;PEH Wertpapier AG1.pdf;66.3;9;;"<!-- image -->

## 1 Grundlagen des Konzerns

Im  Geschäftsjahr  2022  erstellt  der  PEH  Wertpapier  AG  Konzern  (PEH  Konzern)  einen zusammengefassten Lagebericht für die Gruppe und für die Konzernmutter, PEH Wertpapier AG (PEH).  Die  PEH  bündelt  als  Muttergesellschaft  wesentliche  unternehmerische  Aufgaben  des Konzerns, so dass die Chancen und Risiken der PEH und der Gruppe weitestgehend identisch sind.

## 1.1 Geschäftsmodell

Der PEH Konzern ist als Wertpapierinstitut organisiert. Die PEH hat ihren Hauptsitz in Frankfurt am  Main.  Wir  bieten  unseren  Kunden  eine  Vielzahl  von  Dienstleistungen  und  Produkten  im Finanzdienstleistungssektor an. Die PEH Konzerngesellschaften befassen sich mit Vermögensanlage  sowie  Vermögensverwaltung  und  bieten  die  klassischen  Aktivitäten  für institutionelle Kunden an, vor allem Asset Management, Fondsadministration und die innovative Produktentwicklung. Zudem bietet die PEH Dienstleistungen aus den Bereichen Verwaltung und Service auch externen Kunden an.

Der PEH Konzern teilt sich in drei Segmente auf:

Das Segment PEH Verwaltung / Service umfasst unter anderem die Bereiche Fondsadministration,  IT-Services,  Fondsbuchhaltung  und  Verbriefungen  und  beinhaltet  die Axxion S.A. (inkl.  navAXX S.A., Axxion InvAG), die Oaklet GmbH (inkl. Oaklet S.A.) und die capsensixx AG.

Die PEH stellt das Segment PEH Asset Management dar.

Die PEH Vermögensmanagement GmbH, die Svea Kuschel &amp; Kolleginnen GmbH (inkl. PEH Wertpapier AG Österreich) und die PEH Wealth Management GmbH bilden das Segment PEH Vertrieb. Die PEH war 2022 in Deutschland an drei Standorten (Frankfurt / Zentrale, München und Rosenheim) sowie im europäischen Ausland an zwei Standorten in Luxemburg (Grevenmacher und Wasserbillig) sowie an zwei Standorten in Österreich (Wien und Salzburg) vertreten.";Der PEH Konzern ist ein Wertpapierinstitut mit Hauptsitz in Frankfurt am Main, das eine Vielzahl von Finanzdienstleistungen und -produkten anbietet. Die Unternehmensstruktur umfasst drei Segmente: Verwaltung/Service, Asset Management und Vertrieb, wobei Dienstleistungen wie Fondsadministration und Vermögensverwaltung im Fokus stehen. Die PEH bedient sowohl institutionelle Kunden als auch externe Kunden mit innovativen Produktentwicklungen. Im Jahr 2022 war die PEH an mehreren Standorten in Deutschland, Luxemburg und Österreich vertreten.
47;499;US92337U2033;Verb Technology Company, Inc.;1;2012.0;USA;92337U203;20141119.0;USA;00F9BP-E;58.29;NASDAQ;VERB-US;US92337U2033;92337U20;Verb Technology Company, Inc.;1.0;VERB-US;1;SHARE;BN4JPD1;J;Verb Technology Company, Inc.1.pdf;58.2;10;;"## 1. DESCRIPTION OF BUSINESS

## Our Business

References in this Quarterly Report to the 'Company,' 'Verb,' 'we,' 'us,' or 'our' are to Verb Technology Company, Inc., together with its consolidated subsidiaries unless the context otherwise requires. Throughout this Quarterly Report, the terms 'client' and 'customer' are used interchangeably.

The Company is a SaaS applications platform developer. Our platform is comprised of a suite of interactive video-based sales enablement business software products marketed on a subscription basis. Our applications, available in both mobile and desktop versions, are offered as a fully integrated suite, as well as on a standalone basis, and include verbCRM, our Customer Relationship Management ('CRM') application, verbLEARN, our Learning Management System application, verbLIVE, our Live Stream eCommerce application, verbPULSE, our business/augmented intelligence notification and sales coach application, and verbTEAMS, our self-onboarding videobased CRM and content management application for professional sports teams, small business and solopreneurs, with seamless synchronization with Salesforce, that also comes bundled with verbLIVE, and verbMAIL, our interactive video-based sales communication tool integrated into Microsoft Outlook. MARKET.live is our multivendor, multi-presenter, livestream social shopping platform that combines ecommerce and entertainment.

The Company also provides certain non-digital services to some of its enterprise clients such as printing and fulfillment services.

## Economic Disruption

Our business is dependent in part on general economic conditions. Many jurisdictions in which our customers are located and our products are sold have experienced and could continue to experience unfavorable general economic conditions, such as inflation, increased interest rates and recessionary concerns, which could negatively affect demand for our products. Under difficult economic conditions, customers may seek to cease spending on our current products or fail to adopt our new products, which could negatively affect our financial performance. We cannot predict the timing or magnitude of an economic slowdown or the timing or strength of any economic recovery. These and other economic factors could have a material adverse effect on our business, financial condition, and results of operations.

## COVID-19

As of the date of this filing, there continues to be concern regarding the ongoing impacts and disruptions caused by the COVID-19 pandemic in the regions in which the Company operates. Although the impacts of the pandemic on our business have not been material to date, a prolonged downturn in economic conditions as a result of the pandemic could have a material adverse effect on our customers and demand for our products. At this time, it is not possible for the Company to predict the duration or magnitude of the impacts of the pandemic, or other outbreaks of communicable diseases, on the Company's business, financial condition and results of operations.

## 2. SUMMARY OF SIGNIFICANT ACCOUNTING POLICIES AND SUPPLEMENTAL DISCLOSURES

## Basis of Presentation

The  accompanying  condensed  consolidated  financial  statements  are  unaudited.  These  unaudited  interim  condensed  consolidated  financial  statements  have  been prepared in accordance with accounting principles generally accepted in the United States of America ('GAAP') and applicable rules and regulations of the Securities and Exchange Commission ('SEC') regarding interim financial reporting. Certain information and note disclosures normally included in the financial statements prepared in accordance with GAAP have been condensed or omitted pursuant to such rules and regulations. Accordingly, these interim condensed consolidated financial statements should be read in conjunction with the consolidated financial statements and notes thereto contained in the Company's Annual Report on Form 10-K for the fiscal year ended December 31, 2021 filed with the SEC on March 31, 2022 (the '2021 Annual Report'). The consolidated balance sheet as of December 31, 2021 included herein was derived from the audited consolidated financial statements as of that date.

In  the  opinion  of  management,  the  accompanying  unaudited  condensed  consolidated  financial  statements  contain  all  adjustments  necessary  to  fairly  present  the Company's financial position and results of operations for the interim periods reflected. Except as noted, all adjustments contained herein are of a normal recurring nature. Results of operations for the fiscal periods presented herein are not necessarily indicative of fiscal year-end results.

## Principles of Consolidation

The condensed consolidated financial statements have been prepared in accordance with GAAP and include the accounts of Verb, Verb Direct, LLC, Verb Acquisition Co., LLC, and verbMarketplace, LLC. All intercompany accounts have been eliminated in the consolidation.

## VERB TECHNOLOGY COMPANY, INC.

## Notes to Condensed Consolidated Financial Statements For the Three and Nine Months Ended September 30, 2022 and 2021 (in thousands, except share and per share data) (unaudited)";Verb Technology Company, Inc. operates as a SaaS applications platform developer, offering a suite of interactive video-based sales enablement software products on a subscription basis. Their applications include verbCRM, verbLEARN, verbLIVE, verbPULSE, verbTEAMS, and verbMAIL, which cater to various business needs and are available for both mobile and desktop use. The company also provides non-digital services like printing and fulfillment for enterprise clients. Economic conditions, including inflation and the COVID-19 pandemic, pose risks to customer demand and the company's financial performance.
48;106;AT0000A18XM4;ams-OSRAM AG;1;1981.0;CHE;A0400Q115;20080423.0;AUT;05ZTWT-E;26.11;US OTC;@NA;AT0000A18XM4;BPF054;ams-OSRAM AG;1.0;AUKUF-US;0;SHARE;BPFJ772;C;ams-OSRAM AG1.pdf;26.1;12;;"## Our company

ams OSRAM is a global leader in optical solutions with a focus on lighting and sensing technologies. We are known for our imagination, deep engineering expertise and worldwide industrial manufacturing capacities. Our innovative products and technologies enable radically new applications that make life better for everyone. Using the full spectrum of light, we capture, analyze and visualize the information our environment provides. We enable humans and machines to comprehend and interact with the world around us: to make journeys safer, medical diagnoses more accurate and everyday moments of communication a richer experience.

Pursuing our vision to become the uncontested leader in optical solutions, we continuously advance our technologies in sensing, illumination and visualization. We offer what we believe to be an unparalleled portfolio of optical solutions and technologies: from high-quality light emitters and optical components to light sensors, micro-modules, ICs and the related software and algorithms.

Optical semiconductor solutions are a key enabling technology, making many other innovations possible across industries. Our deep system understanding, paired with our leading expertise in the areas of emitting, directing, sensing and processing light, makes us the partner of choice for many industries. We enable our customers in the automotive, consumer, industrial, and healthcare sectors to create innovative, market-changing applications and thus maintain their competitive edge.

With a view to creating technologies for growth markets, we continue to add to our innovation roadmap through significant R&amp;D investments and strategic acquisitions, strengthening our excellent IP position with more than 15,000 patents. We continually invest in our leading semiconductor expertise and world-class manufacturing network to live up to our reputation of reliably bringing top quality to the world at scale.

Systematically executing our strategy for innovation and technology leadership, we move towards realizing our vision while pursuing long-term profitable growth for our company and its stakeholders.

## Our business

As a global leader in optical technologies, we harness the full spectrum of light to make life better. From product idea to tangible design through to the manufacturing process, we enable our customers to create high performance optical applications for the automotive, consumer, industrial and healthcare markets. What differentiates us, is our broad technology spectrum covering the emission of light as well as its detection through sensing and intelligent processing. We serve the value chain of optical solutions with our innovative products and solutions, which are designed for best-in class performance, size, cost and energy efficiency.

We are experts in the development and integration of a wide range of optical technologies, from single components through to complex systems. This enables us to be a market and innovation leader, serve our customers as trusted partners and differentiate ourselves in the marketplace.

## Automotive: Reliability drives innovation

The automotive industry is changing. New technologies and innovative mobility concepts are making vehicles continually safer and smarter. The rise of e-mobility places new demands on automotive design and requires new energy-efficient solutions. As a long-standing innovation leader in optical semiconductor technologies, we play an important role in redefining mobility. We turn ideas into tomorrow's technologies with the highest quality and reliability, proving our trusted partnership with the automotive sector.

Optical technologies are a key element of new mobility concepts. The combination of optical sensors and light emitters makes our product portfolio special. We offer real added value for safety and comfort in road traffic. Our innovative solutions for interior and exterior lighting and sensing complement each other in high quality and precision and are tailored to the requirements of the respective application areas. Based on our advanced highly-pixelated matrix LEDs we enable intelligent lighting and visualization solutions for dynamic headlights that can instantly adapt the light beam to the traffic situation. Advanced driver assistance systems are the backbone of automated and autonomous driving. With our innovative technologies, we enable reliable and highly efficient solutions to protect passengers and traffic participants.

The new mobility is transforming the car interior into a living space. High-resolution displays, smart surfaces, seamless human-machine interaction and adaptable ambient lighting solutions are gaining importance. Our optical solutions enable a high level of comfort and a more attractive user experience with high precision and energy efficiency.

We provide a spectrum of technologies to make automotive mobility safer, more comfortable and more sustainable.";ams OSRAM is a global leader in optical solutions, specializing in lighting and sensing technologies that enhance various applications across industries. The company offers a comprehensive portfolio of optical products, including light emitters, sensors, and software, enabling customers in automotive, consumer, industrial, and healthcare sectors to innovate and maintain a competitive edge. With a strong focus on R&D and strategic acquisitions, ams OSRAM aims for long-term growth while holding over 15,000 patents to support its technology leadership. In the automotive sector, the company provides advanced optical solutions that enhance safety, comfort, and energy efficiency in vehicles, adapting to new mobility demands.
50;533;US01446U1034;Alerus Financial Corporation;1;1879.0;USA;01446U103;19901228.0;USA;05K4P7-E;64.19;NASDAQ;ALRS-US;US01446U1034;01446U10;Alerus Financial Corporation;1.0;ALRS-US;1;SHARE;2679141;K;Alerus Financial Corporation1.pdf;64.1;13;;"- our success at managing the risks involved with the foregoing items; and
- any other risks described in the 'Risk Factors' section of this report and in other reports filed by Alerus Financial Corporation with the Securities and Exchange Commission.

Any forward-looking statement made by us in this report is based only on information currently available to us and speaks only as of the date on which it is made. We undertake no obligation to publicly update any forward-looking statement, whether written or oral, that may be made from time to time, whether as a result of new information, future developments or otherwise.

## ITEM 1.  BUSINESS

## Company Overview and History

Alerus Financial Corporation, or the Company, is a diversified financial services company headquartered in Grand Forks, North Dakota. Through our subsidiary, Alerus Financial, National Association, or the Bank, we provide innovative and comprehensive financial solutions to businesses and consumers through four distinct business segments-banking, retirement and benefit services, wealth management, and mortgage. These solutions are delivered through a relationship-oriented primary point of contact along with responsive and client-friendly technology.

As of December 31, 2022, we had $3.8 billion of total assets, $2.4 billion of total loans, $2.9 billion of total deposits, $356.9 million of stockholders' equity, $32.1 billion of assets under administration/management in our retirement and benefit services segment, and $3.6 billion of assets under administration/management in our wealth management segment. For the year ended December 31, 2022, we had $812.3 million of mortgage originations.

Our business model produces strong financial performance and a diversified revenue stream, which has helped us establish a brand and culture yielding both a loyal client base and passionate and dedicated employees. We believe our client-first and advice-based philosophy, diversified business model and history of high performance and growth distinguishes us from other financial service providers. We generate a majority of our overall revenue from noninterest income, which is driven primarily by our retirement and benefit services, wealth management and mortgage business segments. The remainder of our revenue consists of net interest income, which we derive from offering our traditional banking products and services.

Our operations date back to 1879, when we were originally founded as the Bank of Grand Forks, one of the first banks chartered in the Dakota Territory. In 2000, we changed our name to Alerus Financial Corporation, reflecting our evolution from a traditional community bank to a high-value financial services company focused on serving the needs of businesses and consumers who desire comprehensive financial solutions delivered through relationship-based advice and service. Since this rebranding, we have experienced significant growth, both organically and through a series of strategic acquisitions. This growth has allowed us to build a diversified franchise and expand our geographic footprint into growing metropolitan areas. We believe these initiatives have transformed our Company into a high-tech, high-touch client service provider, increased our earnings and allowed us to return more value to stockholders.

## Our Business Model and Products and Services

## General

Our business model is client-centric, with a focus on offering a diversified range of solutions to clients who desire an advice-based relationship, enabling us to become the preferred financial services provider to clients. Through this approach, instead of focusing on the broader population, we target specific business and consumer segments that we believe we can serve better than our competitors and that have meaningful growth potential. By offering sound financial advice and a long-term partnership, we believe we align best with clients who are achievement-oriented in their purpose and will allow us to play an active role in their success at all stages of their businesses and lives. We classify our consumer clients based on age and income, aligning best with clients who have complex financial needs. Our business clients are classified by industry, with a focus on specific high priority industries and client types, including professional";Alerus Financial Corporation operates as a diversified financial services company, providing banking, retirement and benefit services, wealth management, and mortgage solutions through a client-centric approach. The company emphasizes relationship-based advice, targeting specific business and consumer segments with complex financial needs to differentiate itself from competitors. Alerus generates most of its revenue from noninterest income, primarily from its retirement and benefit services, wealth management, and mortgage segments, while also earning net interest income from traditional banking products. Founded in 1879, Alerus has evolved from a community bank to a high-value financial services provider, achieving significant growth through strategic acquisitions and a focus on client success.
51;468;GB00BFM6WC61;KRM22 Plc;1;2018.0;GBR;G53173103;20180430.0;GBR;0JF2TK-E;58.29;LONDON;KRM-GB;GB00BFM6WC61;BFM6WC;KRM22 Plc;1.0;KRM-GB;1;SHARE;BFM6WC6;J;KRM22 Plc1.pdf;58.2;13;;"## OUR PRODUCTS

Built on the Global Risk Platform, KRM22 offer products addressing risk management challenges across Corporate and Trading risk.  By layering on data from throughout a customer's environment, customers are now able to better assess, monitor and manage the increasing correlation between these risk areas.

## The Global Risk Platform

The KRM22 Global Risk Platform is a cloud-based SaaS service for Corporate and Trading risk that securely connects and integrates into existing and new client portals from one integrated system.

<!-- image -->

## Corporate Risk

## Risk Cockpit

The Risk Cockpit is a digital risk register that brings risk policies and operational controls to life through a proven risk assessment workflow

- Enforce risk controls
- Capture, assess and remediate events
- Track and understand metrics
- Generate regulatory and historic reporting

<!-- image -->";KRM22's business model revolves around its Global Risk Platform, a cloud-based SaaS solution that addresses Corporate and Trading risk management challenges. The platform integrates data from various customer environments, enabling better assessment and monitoring of risk correlations. Key offerings include the Risk Cockpit, which serves as a digital risk register to enforce controls, capture events, and generate reports. This comprehensive approach helps clients manage risks effectively while ensuring compliance with regulatory requirements.
52;475;FI0009007728;Teleste Corporation;1;1954.0;FIN;X89488104;19990330.0;FIN;05J5HY-E;61.1;OMX NORDIC HELSINKI;TLT1V-FI;FI0009007728;565393;Teleste Corporation;1.0;TLT1V-FI;1;SHARE;5653937;J;Teleste Corporation1.pdf;61.1;13;;"## Teleste Networks

We offer broadband network and video headend solutions and technologies for telecommunications network operators� Our smart and innovative portfolio allows operators to ensure top-quality broadband and TV services for their subscribers while reducing the total cost of network ownership and maintaining flexibility towards technology changes�

We have decades of experience in broadband network and video headend technologies and how they are best utilised for offering future-proof services with extremely high availability� Our main market areas are in Europe but we aim for growth especially in North America�

## DIGITALIZATION ACCELERATED BY WORLD CRISES

High-speed broadband connectivity has proved its immense value to our societies during the pandemic, enabling work from home, remote education and more� Retrospectively, we can now confirm the robustness and scalability of cable infrastructure as cable operators were able to cope well with the sudden surge in traffic during 2020 and 2021� And while the impact of the pandemic is gradually disappearing in Europe and North America, hybrid work is here to stay and accelerating digitalization is innovating new virtual applications like telemedicine, esports etc� requiring highly reliable and low-latency connectivity for our homes�

In addition, the trend of complementing broadcast TV services with streaming media over internet is continuing, offering access to content anytime anywhere - on any device�

Modern broadband networks make all this possible� In Europe, millions of households are receiving their high-speed internet through networks built with Teleste products� We at Teleste take pride in helping societies to maintain their everyday operations during the pandemic while enabling new digital innovations in the future�

## FIXED NETWORKS MOVING TO 10G CAPABLE INFRASTRUCTURE - DOCSIS 4.0 IS THE ANSWER

While distributed access architecture is reaching maturity, the cable industry has outlined its technology roadmap for the next decade under the DOCSIS 4�0 version of the cable broadband standard� /This next version of DOCSIS introduces a set of technologies promising 10 Gbps speeds to consumers over existing last-mile coax networks� With this promise, cable infrastructure will maintain its competitiveness compared to fibre-to-the-home networks for the next 10+ years�

We are expecting that this industry roadmap will create an investment wave to increase speed and capacity particularly in the North American networks� In Europe, with imminent competition from fibre-to-the-home infrastructure, we are expecting several operators with cable assets to overbuild their existing last-mile coax with fibre during the next 10 years� As a result, the upcoming investment wave in Europe for DOCSIS 4�0 will be more limited compared to the DOCSIS 3�1 wave�

During 2022, the cable industry has been able to demonstrate that the DOCSIS 4�0 10G promise is a realistic proposition� In April, CableLabs organized a 10G showcase event, where Charter Communications, the world's 2nd largest cable operator, was demonstrating a DOCSIS 4�0 endto-end system built with early product prototypes from selected technology vendors� A similar demonstration was repeated at the SCTE CableTec Expo event in September� Teleste's DOCSIS 4�0 compliant 1�8 GHz amplifier prototypes were selected for both demonstrations�

/The demand for DOCSIS 4�0 &amp; 1�8 GHz capable network passives has started in minor volumes during 2022� /The amplifier market will start in volumes in 2023, when both new products and operators are ready for mass deployments� /The deployments are expected to start first in North America due to existing network constraints�

Teleste has proven its thought leadership globally around 1�8 GHz transmission technologies and we believe we are the clear industry leader, being able to deliver compatible products in 2023�";Teleste Networks provides broadband and video headend solutions for telecommunications operators, focusing on high-quality services while minimizing network ownership costs. The company leverages its extensive experience to support future-proof services, primarily targeting growth in North America while maintaining a strong presence in Europe. The shift towards DOCSIS 4.0 technology promises 10 Gbps speeds over existing coax networks, ensuring competitiveness against fiber-to-the-home options. Teleste aims to lead in the 1.8 GHz amplifier market, with initial deployments expected in 2023, particularly in North America.
53;543;KZ000A0Q5HK5;First Heartland Jusan Bank JSC;1;1992.0;KAZ;Y8T74N105;20090519.0;KAZ;007C7D-E;64.19;KAZAKHSTAN;@NA;KZ000A0Q5HK5;B136MM;First Heartland Jusan Bank JSC;1.0;TSBN-KZ;0;SHARE;B132NR7;K;First Heartland Jusan Bank JSC1.pdf;64.1;14;;"<!-- image -->

<!-- image -->

ABOUT THE REPORT

ABOUT THE BANK

## GENERAL INFORMATION

First Heartland Jusan Bank JSC is a private bank that provides a wide range of financial services and products for legal entities and individuals. The Bank is part of the Jusan Group that includes its subsidiaries.

The  Bank  operates  based  on  the  license  No.  1.2.35/225/37  dated April 7, 2021, issued by the Agency of the Republic of Kazakhstan for Regulation and Development of Financial Market. The issued securities of the Bank are listed on the Kazakhstan Stock Exchange.

The activities of Jusan Bank are concentrated on the territory of the Republic of Kazakhstan.

The  headquarters  are  in  Almaty,  Republic  of  Kazakhstan.  As  of December 31, 2022, the organizational structure of the Bank includes:

- Head Office that includes 71 structural divisions.
- 19 regional branches and 116 structural divisions.
- 5 VIP centres and 18 premium client service departments.

The Bank is represented in 46 cities and settlements of the Republic of  Kazakhstan.  By  expanding  the  geography  of  our  presence,  we increase the availability of banking services and create new jobs. The number of employees of Jusan Bank is 6.12 thousand people.

The  share  in  the  total  volume  of  assets  of  second-tier  banks  of

<!-- image -->

banking assets among banks of the Republic of Kazakhstan

## #1

capital to assets ratio among banks of the Republic of Kazakhstan

CORPORATE GOVERNANCE AND ETHICS

RESPONSIBLE BUSINESS

SOCIAL IMPACT

the Republic of Kazakhstan is more than 6%. Jusan Bank has been identified by the National Bank of Kazakhstan as a potential systemically important bank.

The  primary  business  consists  of  commercial  banking  activities, lending  and  issuing  guarantees,  attracting  deposits,  opening  and maintaining  client  accounts,  cash  and  settlement  operations  and transactions in securities and foreign currencies.

The clients of the Bank include retail clients, micro businesses, small and medium-sized businesses, and large businesses. In its approach the Bank seeks to strike a balance between return for shareholders and a positive impact on society as a whole.

At the end of the reporting period the number of outstanding shares was 164,078,731. All of them refer to ordinary shares with one vote.

As of 31 December 2022, the largest shareholder of the Bank was Kazakhstani brokerage company First Heartland Securities JSC. There were no government or quasi-state structures among the shareholders of the Bank.

The  ultimate  controlling  party  of  the  Bank  is  New  Generation Foundation registered in Nevada, United States of America.

<!-- image -->

equity capital among the banks of the Republic of Kazakhstan

ECOLOGY

46 cities and settlements

<!-- image -->

<!-- image -->

<!-- image -->

5 VIP centres

18 premium client service departments

<!-- image -->

<!-- image -->

<!-- image -->

986 ATMs

19 branches

116 structural divisions";First Heartland Jusan Bank JSC is a private bank in Kazakhstan offering a variety of financial services to both individuals and businesses, operating under a license from the national financial regulatory agency. The bank has a significant presence with 19 regional branches, 116 structural divisions, and 5 VIP centers across 46 cities, employing over 6,100 people. Its primary activities include commercial banking, lending, deposit attraction, and cash management, while aiming to balance shareholder returns with social impact. The largest shareholder is First Heartland Securities JSC, with no government ownership, and the ultimate controlling party is the New Generation Foundation based in the USA.
54;508;MYL03029O005;GPP Resources Bhd.;1;2018.0;MYS;Y2839L109;20191004.0;MYS;0LB94K-E;64.99;MALAYSIA;@NA;MYL03029O005;BK7ZBG;GPP Resources Bhd.;1.0;03029-MY;1;SHARE;BK7ZBG0;K;GPP Resources Bhd.2.pdf;64.9;14;;"<!-- image -->

## MANAGEMENT DISCUSSION AND ANALYSIS STATEMENT

This  Management  Discussion  and  Analysis  Statement  ('MD&amp;A')  aims  to  review  the  business  and  operations, discussion of the financial performance, risk and uncertainties and future outlook of the Group. This MD&amp;A should be read in conjunction with the Company's Audited Financial Statements and the accompanying notes for the financial year ('FY') ended 30 April 2022.

## BUSINESS SEGMENTS

Analabs  Resources  Berhad  ('Analabs')  is  an  investment  holding  company  with  subsidiaries  in  Malaysia  and Singapore. The Company is involved in 5 diversified business segments which include:

- Investment holding and property letting;
- Contract work, pipe laying and rehabilitation;
- Manufacturing, formulation and sale of resin, chemicals and building materials;
- Recovery and sale of recycled products; and
- Culture and sale of prawns.

## Investment Holding and Property Letting

Our investment holding and property letting segment includes shares investment and leasing of commercial and industrial properties. As we moved into 2022, the Malaysian economy shows a general improved outlook amid the divergence  pace  of  vaccination  roll-outs  and  emergence  of  new  Covid-19  variants.  The  Government's  strategy towards adopting sustainable long-term policies in dealing with Covid-19 has resulted in more consistent regulations on  economic activity,  improving  sentiments  toward  financial  security  and  investors'  confidence  in  the  Malaysian stock market.

In line with the anticipated economic recovery pace, our investment holding segment reported an increase of RM7.4 million  in  revenue  to  RM9.9  million  during  FY  2022.  Our  Group's  strategy  is  to  continue  investing  in  blue-chip counters for sustainable dividend income and capital appreciation.

While for the property letting segment, the rental income reported was RM0.3 million for FY 2022, which remained below the pre-pandemic level. However, our Group is cautiously optimistic on the future prospects of this segment.

During  FY  2022,  Analabs  disposed  off  its  entire  equity  interest  in  its  Singapore  subsidiary,  Cleanway  Disposal Services Pte Ltd at RM17.3 million, resulting in a one-off gain to the Group's profits of RM9.6 million. The disposal was completed on 31 December 2021.

## Contract Work, Pipe Laying and Rehabilitation

Our contract work, pipe laying and rehabilitation segment has been involved in the piping industry in Singapore since 1984, where we serve a wide range of clientele in private sectors. We are involved in the excavation works for pipe laying, replacement and maintenance. Currently, our market is focused in Singapore.

During the FY 2022, sales from this segment increased by 73.7%, from RM15.2 million to RM26.4 million as a result of the reopening of international borders and the lifting of Covid-19 related restrictions in Singapore. The segment shows a strong rebound with activity levels reaching its pre-pandemic level.

In line with the higher activity, this segment's profit before tax grew by 190.3% from RM3.1 million in FY 2021 to RM9.0 million in FY 2022.

Our Group's strategy is to continue to build up the order book with small and short-term contracts to minimise the risk and long-term commitment and ensuring cost control measures remains a priority for every project.

## Manufacturing, Formulation and Sale of Resin, Chemicals and Building Materials

Our manufacturing, formulation and sale of resin, chemicals and building materials segment is mainly involved in manufacturing and selling resin impregnated papers. Coveright Surfaces Malaysia Sdn. Bhd. has been recognised locally and internationally as one of the specialists in paper impregnation with its in-house production of resin. Our customers are based internationally, and include, but not limited to Australia, Korea, Malaysia, New Zealand, Taiwan and United States.";Analabs Resources Berhad operates as an investment holding company with subsidiaries in Malaysia and Singapore, engaging in five diversified business segments: investment holding and property letting, contract work, manufacturing, recycling, and aquaculture. The investment segment has seen revenue growth due to improved economic conditions, while property letting remains below pre-pandemic levels. The contract work segment experienced a significant sales increase due to the lifting of Covid-19 restrictions, with profits rising substantially. The manufacturing segment specializes in resin and chemicals, serving an international customer base and focusing on quality production.
55;544;US26942G1004;Eagle Bancorp Montana, Inc.;1;1922.0;USA;26942G100;20000405.0;USA;002QMJ-E;64.19;NASDAQ;EBMT-US;US26942G1004;26942G10;Eagle Bancorp Montana, Inc.;1.0;EBMT-US;1;SHARE;B57M9P1;K;Eagle Bancorp Montana, Inc.1.pdf;64.1;15;;"## ITEM 1. DESCRIPTION OF BUSINESS.

## Overview

Eagle Bancorp Montana, Inc. ('Eagle' or the 'Company'), a Delaware corporation, is a bank holding company registered under the Bank Holding Company Act of 1956 that holds 100% of the capital stock of Opportunity Bank of Montana (the 'Bank'), formerly American Federal Savings Bank ('AFSB'). The Bank was founded in 1922 as a Montana-chartered building and loan association and has conducted operations and maintained its administrative office in Helena, Montana since that time. In 1975, the Bank adopted a federal thrift charter and in October 2014 converted to a Montana chartered commercial bank  and  became  a  member  bank  in  the  Federal  Reserve  System.  The  Bank  currently  has  31 full-service  branches and 44 automated teller machines located in our market areas and we participate in the Money Pass® ATM network. The Bank also operated certain branches under the brand names Dutton State Bank, Farmers State Bank of Denton and The State Bank of Townsend. Effective January 3, 2022, these branches were rebranded and are now only operating as Opportunity Bank of Montana.

We provide loan and deposit services to customers who are predominantly small businesses and individuals throughout Montana. We are a diversified lender with a focus on residential mortgage loans, commercial real estate mortgage loans, commercial business loans, agricultural loans and second mortgage/home equity loan products.

The Bank is headquartered at 1400 Prospect Avenue, Helena, Montana, 59601. Investor information for the Company may be found at www.opportunitybank.com. The contents on or accessible through our website are not incorporated into this report.

## Recent Events

## Acquisitions

As a continuing part of its growth strategy, the Company intends to enhance its market share in Montana through organic growth  and  opportunistic  acquisitions.  Potential  acquisitions  are  periodically  evaluated  by  the  Company's  Merger and Acquisition Committee.

In April 2022, the Company acquired First Community Bancorp, Inc. (""FCB""), a Montana corporation, and FCB's whollyowned subsidiary, First Community Bank, a Montana chartered commercial bank.  In the transaction, Eagle acquired nine retail  bank  branches  and  two  loan  production  offices  in  Montana.  The  total  consideration  paid  was  $38.58  million  and included cash consideration of $10.23 million and common stock issued of $28.35 million.

In January 2020, the Company acquired Western Holding Company of Wolf Point, a Montana corporation ('WHC'), and WHC's wholly-owned subsidiary, Western Bank of Wolf Point, a Montana chartered commercial bank ('WB') merged into the Bank. In the transaction, Eagle acquired one retail branch in Wolf Point, Montana. The total consideration paid was $14.97 million and included cash consideration of $6.50 million and common stock issued of $8.47 million.

In  January  2019,  the  Company acquired  Big  Muddy  Bancorp,  Inc.  ('BMB').This  acquisition  included  four  branches  in Townsend, Dutton, Denton and Choteau, Montana. The total consideration paid was $16.44 million of Eagle common stock issued.

In  January  2018,  the  Company  acquired TwinCo,  Inc.  ('TwinCo').  This  acquisition  included  two  branches  in  Madison County, Montana. The total consideration paid was $18.93 million and included cash consideration of $9.90 million and common stock issued of $9.03 million.

## Business Strategy

Our principal strategy is to continue our profitability through building a diversified loan portfolio and operating the Bank as a full-service community bank that offers both retail and commercial loan and deposit products in all of its markets. We offer mortgage loans, the majority of which are sold on the secondary market with loan servicing retained. We believe that this focus will enable us to continue to grow our franchise, while maintaining our commitment to customer service, high asset quality and sustained net earnings.

## PART I";Eagle Bancorp Montana, Inc. is a bank holding company that fully owns Opportunity Bank of Montana, providing loan and deposit services primarily to small businesses and individuals in Montana. The Bank has a diversified lending focus, including residential and commercial loans, and operates 31 branches and 44 ATMs. The company's growth strategy includes organic expansion and opportunistic acquisitions, having recently acquired several banks to enhance market share. Eagle aims to maintain profitability by building a diversified loan portfolio and delivering high-quality customer service as a full-service community bank.
56;503;INE414G01012;Muthoot Finance Limited;1;1939.0;IND;Y6190C103;20110506.0;IND;06JX6R-E;64.92;BSE INDIA;533398-IN;INE414G01012;B40MFF;Muthoot Finance Limited;1.0;533398-IN;1;SHARE;B40MFF3;K;Muthoot Finance Limited3.pdf;64.9;22;;"<!-- image -->

## BUSINESS REVIEW

## Diversifying our growth

## Muthoot Finance

We are India's largest gold loan company in terms of loan portfolio and have always focused on providing financial services to the unserved or underserved sections of the society. We lend against security of 'Household Used Gold Ornaments' (HUGO) and do not deal in gold bullion. We endeavour to understand the specific requirements of individuals to be able to make funds available to them with alacrity. We provide free insured locker for the gold pledged; and the lending rates and other loan charges are intimated to each customer upfront to maintain transparency and ensure their complete understanding. We do not have any hidden charges or additional fees other than those specified. We also offer services like online gold loan, loan withdrawals, loan renewals, interest payments and loan repayments via our mobile app, iMuthoot, as well as the Muthoot online platform.

## Our offerings

## Core service

<!-- image -->

Gold loans

## Other services

<!-- image -->

Money transfer services

<!-- image -->

Personal loans

<!-- image -->

Corporate loans

## Snapshot FY22

&gt;4,600 Total branches

J 39,543 million PAT

## Highlights FY22

- Net worth increased to ₹183,445 million compared to ₹152,389 million in FY21
- Total income increased by 5% to reach ₹110,984 million compared to ₹105,744 million
- Profit after tax increased by 6% to reach ₹39,543 million compared to ₹37,222 million
- Branch network crossed 4,600
- Loan assets under management increased to ₹580,532 million compared to ₹526,223 million in the previous year
- Bolstered Loan@Home offerings to ensure our customers have access to credit from the comfort of their homes

J 5,80,532million Loan assets under

<!-- image -->

<!-- image -->

Business loans

<!-- image -->

Collection service

J 1,10,984 million Income

<!-- image -->";Muthoot Finance is India's largest gold loan company, focusing on providing financial services to underserved populations by lending against household used gold ornaments. The company emphasizes transparency by informing customers of all lending rates and charges upfront, with no hidden fees. In addition to gold loans, Muthoot Finance offers services such as money transfers, personal and corporate loans, and a mobile app for managing loans. In FY22, the company reported a profit after tax of ₹39,543 million and expanded its branch network to over 4,600 locations.
57;456;SI0031101247;Grad d.d.;0;1990.0;SVN;X3206N109;20210520.0;SVN;@NA;58.29;LJUBLJANA;@NA;SI0031101247;B04DSR;Grad d.d.;1.0;GRDO-SI;0;SHARE;B04DSR7;J;Grad d.d.3.pdf;58.2;27;;"<!-- image -->

<!-- image -->

For more information on Group companies, please refer to Section 9.6.1 of the 2022 Annual Report.

## PRESENTATION OF ACTIVITIES OF THE UNIOR GROUP

UNIOR d.d. is the parent company in the UNIOR Group whose activities are carried out as part of three production programmes: Forge, Hand Tools, and Special Machines, all presented in further detail in Sections 3.3 and 3.4 of the 2022 Annual Report.

As at 31/12/2022, the UNIOR Group consists of not only its parent company but also 14 subsidiaries generating revenue on the global level by engaging in five activities, the production of forgings, hand tools, special machines, machine tools, and tourism. The UNIOR Group also includes three associates.

As at 31/12/2022, forgings are produced and sold by not only the Forge Programme of the parent company but also by three subsidiaries: the Croatia-based UNIOR VINKOVCI d.o.o., the China-based NINGBO UNIOR FORGING Co. Ltd., and the Slovenia-based UNIOR IN d.o.o. UNIOR VINKOVCI d.o.o. and  NINGBO  UNIOR  FORGING  Co.  Ltd.  are  engaged  in  the  production  of  steel  forgings  for  the automotive  and  power  industry.  UNIOR  IN  d.o.o.  is  a  sheltered  workshops  that  performs  simple production, processing, control tasks and renders other forged and sintered product services. One of our suppliers of steel used to produce forgings is our associate Štore Steel d.o.o.

In terms of development, our Forge activity is focused on the production of complex forgings with high safety requirements used as car components where the majority of our revenue is generated. In terms of its development, the production forming part of the Forge activity is focused on producing forgings as parts of steering mechanisms of cars used in all drive assemblies of cars, including electric, and on producing forgings used for connecting rods used in internal combustion engines and hybrid vehicles which experienced a growth trend among sold cars in 2022. On the Group level, vehicle electrification trends and projections of industry associations of car manufacturers where the option of preserving vehicles using internal combustion engines using synthetic or e-fuels that can render these vehicles carbon neutral are proactively followed. As part of the adopted Medium-term business plan for the 20222026 period, it is taken into account that the sales volume of connecting rods is to fall in the future. As";UNIOR d.d. is the parent company of the UNIOR Group, which operates in three main production areas: Forge, Hand Tools, and Special Machines, along with 14 subsidiaries and three associates. The Group generates revenue globally through the production of forgings, hand tools, special machines, machine tools, and tourism. The Forge Programme focuses on producing complex steel forgings for the automotive and power industries, particularly components for car steering mechanisms and connecting rods. The business strategy anticipates a decline in sales volume for connecting rods while adapting to trends in vehicle electrification and carbon-neutral technologies.
58;273;ID1000104003;PT Total Bangun Persada Tbk;1;1970.0;IDN;Y7136Z107;20230512.0;IDN;06HM4Y-E;41.1;US OTC;@NA;ID1000104003;B17ZL7;PT Total Bangun Persada Tbk;1.0;PTTOF-US;0;SHARE;BMGCH68;F;PT Total Bangun Persada Tbk3.pdf;41.1;33;;"<!-- image -->

PT  Total  Bangun  Persada  Tbk  -  perusahaan  konstruksi bangunan gedung terbesar, terdepan dan kekuatan utama dalam industri konstruksi Indonesia. Perusahaan konstruksi bangunan gedung utama dan terpandang di Asia Tenggara.

Kami  ingin dikenal sebagai organisasi konstruksi yang berintegritas, terpandang, adil dalam berbisnis ( fair dealing ), berkualitas, keselamatan, bangga dan prima.

Perusahaan yang berkomitmen untuk kepuasan pelanggan dengan menghasilkan kualitas kerja dalam lingkungan yang risikonya terkendali, serta memberikan pelayanan prima.

Perusahaan yang segenap karyawannya bangga bekerja di dalam  industri  konstruksi,  di  mana  mereka  dapat  tumbuh dan  berkinerja  yang  terbaik,  dan  secara  terus-menerus berupaya untuk mencapai keprimaan.

<!-- image -->

<!-- image -->

PT Total Bangun Persada Tbk -the largest building construction organization, a leader and a major force in the Indonesian construction industry. A respected major building construction organization in the region.

We  want  to  be  a  construction  organization  known  for integrity,  respect,  fair  dealing,  quality,  safety,  pride,  and excellence.

An organization committed to satisfy customers by producing quality work with risk-managed environment and to deliver excellence in service.

An organization where our people can be proud to be in the construction industry and where our people can grow, perform  their  best,  and  continually  striving  to  produce excellence.

<!-- image -->

Bangga &amp; Prima dalam Konstruksi

Pride and Excellence in Construction

<!-- image -->

<!-- image -->

- Komitmen terhadap mutu dan K3L yang prima
- Komitmen terhadap pelayanan yang prima kepada Pelanggan
- Mengerjakan hal-hal biasa secara luar biasa
- Mengadakan inovasi terus menerus
- Committed to excellent quality and HSE
- Committed to excellent Customer services
- Doing ordinary things extraordinarily
- Continuous innovation
- Memiliki kedisiplinan &amp; integritas yang tinggi
- Dapat dipercaya dan dapat diandalkan
- Bersikap fair dan adil terhadap siapa pun
- Selalu menepati janji
- Integrity and Discipline
- Trustworthy and reliable
- Fair to everyone
- Committed to promises
- Bekerja erat dan menghargai setiap karya dan upaya rekan kerja &amp; mitra usaha
- Mampu menyesuaikan dengan keadaan yang berubah
- Berorientasi ke depan
- Bangga terhadap profesi dan hasil karya
- Cooperative and appreciate others
- Adaptive to change
- Future-oriented
- Proud of profession and it's accomplishment

<!-- image -->

<!-- image -->";PT Total Bangun Persada Tbk is the largest and most respected building construction company in Indonesia and Southeast Asia. The company emphasizes integrity, quality, safety, and customer satisfaction while delivering excellent service in a risk-managed environment. It fosters a culture of pride and continuous innovation among its employees, encouraging them to perform at their best. The organization is committed to high standards of discipline, reliability, and fairness in all business dealings.
59;292;INE291R01011;Athena Constructions Ltd.;0;2011.0;IND;Y0R7X4104;20150416.0;IND;0F1LM5-E;41.2;BSE INDIA;@NA;INE291R01011;BWWYV3;Athena Constructions Ltd.;1.0;539099-IN;0;SHARE;BWWYV33;F;Athena Constructions Ltd.1.pdf;41.2;45;;"## ATHENA CONSTRUCTIONS LIMITED

## Notes to the Financial Statements for the year ended 31 st  March, 2022

## 1. Corporate Information

'Athena Constructions Limited' ('the Company') was incorporated in India on March 13, 2011 as 'Athena Constructions Private Limited'. The name was changed in the year 2014. The Company is incorporated  with  the  main  objects  of  carrying  on  the  business  of  real  estate  project  advisory, project marketing, maintenance of completed projects, engineering, industrialand technical consultancy, construction and development of real estate properties and other related and ancillary activities.The Company's primary business segment is reflected based on principal business activities carried  on  by  the  Company.As  per  Accounting  Standard  (AS  -  17)  Segment  Reporting  as  specified under section 133 of Companies Act, 2013 readwith Rule 7 of the Companies (Accounts) Rules, 2014 (as amended), the Company operates in one reportable businesssegment i.e. project advisory which inter alia includes real estate/infrastructure/other projects advisory and constructionand development  of  infrastructure/real  estate  projects  and  is  primarily  operating  in  India  and  hence, considered assingle geographical segment.

## 2. Basis of preparation of Financial Statements

## i. Basis of Accounting

The financial statements have been prepared on a going concern basis under the historical cost basis,  in  accordance with the generally accepted accounting principles in India and in compliance  with  the  applicable  accounting  standards  as  specified  under  section  133  of Companies  Act,  2013  read  with  Rule  7  of  the  Companies  (Accounts)  Rules,  2014(as amended). All assets and liabilities have been classified as current or non-current as per the Company's normal operating cycle and other criteria set out in the Companies Act 2013.

## ii. Use of Estimates

The preparation of financial statements in conformity with Indian GAAP requires judgment's, estimates  and  assumptions  to  be  made  that  effect  the  reported  amount  of  assets  and liabilities,  disclosure  of  contingent  liabilities  and  the  reported  amount  of  income  and expenses during the year. Management believes that the estimates used in preparation of the financial statements are prudent and reasonable. Difference between the actual results and estimates are recognized in the period in which the results are known / materialise.

## 3. Significant Accounting Policies

## a. Fixed Assets

## Recognition and measurement

Tangible  Fixed  assets  are  carried  at  cost  of  acquisition  less  accumulated  depreciation and/ or accumulated impairment loss, if any. The cost of an item of tangible fixed asset comprises its purchase price, including non-refundable taxes or levies and any directly attributable cost of bringing the asset to its working condition for its intended use; any trade discounts and rebates are deducted in arriving at the purchase price. Depreciation  on  all  the  assets  have  been  provided  at  the  rates  and  in  the  manner prescribed under Part C of Schedule II to the Act on Straight line basis. Depreciation on additions to assets or on sale / disposal of assets is calculated on a pro-rata basis from the date of such addition, sale or disposal.";Athena Constructions Limited, incorporated in India in 2011, focuses on real estate project advisory, marketing, maintenance, and construction. The company operates primarily in the project advisory segment, dealing with real estate and infrastructure projects within India. Financial statements are prepared on a going concern basis, adhering to Indian accounting standards and principles. Tangible fixed assets are recognized at acquisition cost, with depreciation calculated on a straight-line basis as per regulatory guidelines.
60;485;US29259X1046;Encompass Compliance Corp.;0;1991.0;USA;29259X104;20000301.0;USA;002H8T-E;58.29;US OTC;@NA;US29259X1046;29259X10;Encompass Compliance Corp.;1.0;ENCC-US;1;SHARE;BZ07DY0;J;Encompass Compliance Corp.1.pdf;58.2;45;;"## EXECUTIVE COMPENSATION

## Compensation Discussion and Analysis

This section presents the key components of our executive compensation program. We explain why we compensate our executives in the manner we do and how these philosophies guide the individual compensation decisions for our named executive officers, or 'NEOs.' Our 2022 compensation decisions were directed by our board of directors and its Compensation and Human Capital Committee, which we refer to as the 'Committee' in this section only. Our NEOs for 2022, whose compensation arrangements are discussed in this proxy statement, are:

| Name                                                                                                                                      | Title                                                                                                                                     |
|-------------------------------------------------------------------------------------------------------------------------------------------|-------------------------------------------------------------------------------------------------------------------------------------------|
| Mark J. Tarr                                                                                                                              | President and Chief Executive Officer                                                                                                     |
| Douglas E. Coltharp                                                                                                                       | Executive Vice President and Chief Financial Officer                                                                                      |
| Patrick Darby                                                                                                                             | Executive Vice President, General Counsel and Secretary                                                                                   |
| Elissa J. Charbonneau                                                                                                                     | Chief Medical Officer                                                                                                                     |
| Andrew L. Price                                                                                                                           | Chief Accounting Officer                                                                                                                  |
| Barbara A. Jacobsmeyer 1                                                                                                                  | Chief Executive Officer, Home Health and Hospice                                                                                          |
| Note: Ms. Jacobsmeyer ceased serving as an officer of Encompass Health upon the spin off of Enhabit Home Health& Hospice on July 1, 2022. | Note: Ms. Jacobsmeyer ceased serving as an officer of Encompass Health upon the spin off of Enhabit Home Health& Hospice on July 1, 2022. |

## EXECUTIVE SUMMARY

## Strategy and Business Overview

Encompass Health is a leading provider of inpatient rehabilitation healthcare services, offering facility-based patient care through our network of inpatient rehabilitation hospitals. As of December 31, 2022, our national footprint spans 36 states and Puerto Rico and includes 153 hospitals. We are committed to delivering high-quality, cost effective patient care. Until July 1, 2022, we managed our operations in two operating segments: (1) inpatient rehabilitation and (2) home health and hospice ('HHH'). On July 1, 2022, we separated the HHH business from Encompass Health into an independent public company through a spin-off distribution. In connection with the spin off, the HHH business rebranded and now operates under the name Enhabit Home Health &amp; Hospice.

## 2022 Business Highlights and Recent Track Record

Our clinicians have consistently provided high quality, compassionate care to patients in need of our services. The dedication of our team members allowed us to make significant operational and strategic progress and to generate strong financial results in 2022:

## Operational Achievements

- ü We completed the spin-off distribution of the HHH business unit (Enhabit).
- ü Our overall patient discharges and 'same store' discharges increased by 6.8% and 3.1%, respectively.
- ü Inpatient net operating revenues increased 8.3% over 2021.
- ü Our hospital teams delivered high-quality outcomes in a cost-effective manner.
- ü We entered new markets and enhanced our geographic coverage in existing markets in 2022 by adding nine new hospitals. We also expanded existing hospitals by 87 beds.

## Quality of Care and Outcomes for Our Patients

- ü We continued to outperform the industry averages in the inpatient rehabilitation quality of care measures of discharge to community and discharge to skilled nursing.
- ü 131 of our hospitals hold one or more Joint Commission specialty accreditations in rehabilitation.
- ü We improved our ability to deliver quality care to more patients as a result of 427 net same-store RN hires in a challenging labor market.";Encompass Health's business model focuses on providing high-quality, cost-effective inpatient rehabilitation healthcare services through a network of 153 hospitals across 36 states and Puerto Rico. The company separated its home health and hospice segment into an independent entity, Enhabit, in July 2022, allowing it to concentrate on its core rehabilitation services. In 2022, Encompass Health achieved operational growth, including an 8.3% increase in inpatient net operating revenues and the addition of nine new hospitals. The organization emphasizes quality care, outperforming industry averages in rehabilitation outcomes and enhancing its workforce to improve patient services.
61;2;ID1000167901;PT Cilacap Samudera Fishing Industry Tbk;0;1999.0;IDN;Y129H6108;20220527.0;IDN;@NA;3.12;INDONESIA;ASHA-ID;ID1000167901;BMBMZG;PT Cilacap Samudera Fishing Industry Tbk;1.0;ASHA-ID;0;SHARE;BMBMZG9;A;PT Cilacap Samudera Fishing Industry Tbk3.pdf;3.1;45;;"## Riwayat Singkat Perseroan

The Company at Glance

PT Dharma Samudera Fishing Industries Tbk atau 'Perseroan' pada  mulanya  berfokus  pada  kegiatan  usaha  penangkapan ikan  cakalang  dan  kakap  merah  dengan  target  penjualan ekspor. Seiring berjalannya waktu, pada tahun 1983, Perseroan memulai operasional pabrik pertamanya yang ditandai dengan pendirian pabriknya di Kendari, Sulawesi Tenggara.

Selanjutnya  dalam  rangka  memperluas  pangsa  pasar  yang dimiliki,  Perseroan  berekspansi  ke  industri  pengolahan  ikan terpadu yang mencakup aktivitas pengolahan. Sejak saat itu, Perseroan  dapat  menghasilkan  produk-produk  hasil  olahan laut  yang  mengandung  protein  tinggi  dan  bernilai  tambah, seperti ikan filet, tuna, gurita, cumi-cumi, dan produk bernilai tambah lainnya.

Menapaki  lebih  dari  2  (dua)  dekade  perjalanan  bisnisnya  di industri perikanan, pada 24 Maret 2000, Perseroan memantapkan  langkah  untuk  melakukan  penawaran  umum perdana saham di Bursa Efek Indonesia (BEI) - dahulu dikenal sebagai Bursa Efek Jakarta, dengan kode saham: 'DSFI'. Aksi korporasi ini menjadi bagian dari inisiatif strategis Perseroan dalam rangka memperkuat struktur permodalan dan branding kepada para investor dan mitra bisnisnya.

Sampai  dengan  akhir 2022, Perseroan berhasil  menjaga kesinambungan  usaha  dengan  tingkat  profitabilitas  positif ditengah bergejolaknya kondisi perekonomian dunia.

Dalam  mengelola  usahanya,  Perseroan  berkomitmen  untuk selalu  memperhatikan  nilai-nilai  keberlanjutan  pada  segala aspek.  Tidak  hanya  berfokus  pada  kinerja  keuangan  semata, Perseroan juga mengedepankan keselarasan dan harmonisasi bisnis  serta  pemberian  manfaat  yang  optimal  kepada  para pemangku kepentingan. Perseroan meyakini dengan terbentuknya  ekosistem  usaha  yang  saling  menguntungkan satu  sama  lain  maka  keberlangsungan  usaha  pada  jangka panjang akan tetap terjaga.

PT Dharma Samudera Fishing Industries Tbk or 'the Company' initially focused on the business activities of catching skipjack and red snapper with a target of export sales.  Over  time,  in 1983,  the  Company  started  its  first  production  operations which  was  marked  by  the  establishment  of  its  factory  in Kendari, Southeast Sulawesi.

Furthermore, in order to expand its market share, the Company expanded into the integrated fish processing industry which includes  processing  activities.  Since  then,  the  Company  has been able to produce processed marine products that contain high protein and added value, such as fish filets, tuna, octopus, squid, and other value-added products.

Treading more than 2 (two) decades of its business journey in the fisheries industry, on March 24, 2000, the Company took steps  to  conduct  an  initial  public  offering  of  shares  on  the Indonesia Stock Exchange (IDX) - formerly known as Jakarta Stock Exchange, with ticker code: 'DSFI'. This corporate action was  part  of  the  Company's  strategic  initiatives  in  order  to strengthen its capital structure and branding to their investors and business partners.

Until  the  end  of  2022,  the  Company  managed  to  maintain business  continuity  with  a  positive  profitability  level  amidst the uncertainties in the global economy.

In managing its business, the Company is committed to always consider  sustainability values  in all  aspects.  Not  merely focusing on financial performance, the Company also promotes  business  alignment  and  harmonization  as  well  as provides  optimal  benefits  to  stakeholders.  The  Company believes  that  by  establishing  a  mutually  beneficial  business ecosystem, long-term business continuity will be maintained.";PT Dharma Samudera Fishing Industries Tbk initially focused on catching skipjack and red snapper for export sales and expanded into integrated fish processing in 1983. The company produces high-protein, value-added marine products such as fish filets, tuna, and squid. In 2000, it went public on the Indonesia Stock Exchange to strengthen its capital structure and branding. Committed to sustainability, the company aims for long-term business continuity by aligning its operations with stakeholder benefits.