;text;report;label
0;given the macro landscape the company continued its focus on solid growth fundamentals whilst reinforcing the highest esg standards with resilience.;ABB Ltd.2.pdf;FALSE
1;cost efficiency programs together with strategic investments for new facilities product launches and launch of online business models supported this journey of profitable growth.;ABB Ltd.2.pdf;FALSE
2;though the year started off with the omicron scare was the year that characterized true return to the normal with most sectors resuming activities full throttle.;ABB Ltd.2.pdf;FALSE
3;during the year three milestone facilities were inaugurated across divisions from electrification to process automation.;ABB Ltd.2.pdf;FALSE
4;abbs portfolio of sustainable technology solutions was deployed across a wide range of sectors during the year rendering efficiency amp productivity.;ABB Ltd.2.pdf;FALSE
5;rectifiers for a global diversified natural resources major;ABB Ltd.2.pdf;FALSE
6;electrification panels and building automation for it information technology campuses in hyderabad;ABB Ltd.2.pdf;FALSE
7;doubly fed induction generator for the wind sector solar scada automation and switchgears for solar projects;ABB Ltd.2.pdf;FALSE
8;automation package for cold rolling mills for continuous galvanizing line from one of the global majors in process industries;ABB Ltd.2.pdf;FALSE
9;;ABB Ltd.2.pdf;FALSE
10;;ABB Ltd.2.pdf;FALSE
11;;ABB Ltd.2.pdf;FALSE
12;system drives and motors solutions for tyre and metals tier and majors;ABB Ltd.2.pdf;FALSE
13;;ABB Ltd.2.pdf;FALSE
14;lv low voltage mns and artuk boards for data centers and document management companies;ABB Ltd.2.pdf;FALSE
15;tool design simulation manufacturing installation commissioning cycle time prove out in abb robotic line for an indian auto major;ABB Ltd.2.pdf;FALSE
16;mv and lv switchgears ups uninterruptible power supply automatic transfer switching and power distribution packages for the one of the biggest data center companies in the country;ABB Ltd.2.pdf;FALSE
17;distributed control systems dcs for greenfield and brownfield paints major;ABB Ltd.2.pdf;FALSE
18;abbs electrification motion automation and robotics solutions continued to partner the industrial growth journey of the nation. whil;ABB Ltd.2.pdf;FALSE
19;members of the board of directors the chair and the members of the nomination and compensation committee ncc are elected individually by the general meeting for a oneyear term ending upon completion of the next annual general meeting.;Accelleron Industries AG1.pdf;FALSE
20;no member of the board of directors has any significant business relations with the accelleron group.;Accelleron Industries AG1.pdf;FALSE
21;the board of directors is responsible for the ultimate direction of the company.;Accelleron Industries AG1.pdf;FALSE
22;the board of directors has the nontransferable and inalienable duties as provided for by swiss corporate law and the articles of association.;Accelleron Industries AG1.pdf;FALSE
23;the regulation and distribution of authority between the board of directors and the executive committee are set forth in the governance rules in particular in art. and art. .;Accelleron Industries AG1.pdf;FALSE
24;all members of the board of directors comply with the requirements regarding additional mandates as laid down in art. of the articles of association and no exceptions were granted in the reporting year.;Accelleron Industries AG1.pdf;FALSE
25;the board of directors constitutes itself except for the chair and the members of the ncc who are elected by the general meeting.;Accelleron Industries AG1.pdf;FALSE
26;art. to of the articles of association and art. of the governance rules describe the board procedures.;Accelleron Industries AG1.pdf;FALSE
27;the board of directors meets whenever the need arises.;Accelleron Industries AG1.pdf;FALSE
28;the general counsel holding a degree in law attends the board meetings in his capacity as company secretary.;Accelleron Industries AG1.pdf;FALSE
29;the ceo and the cfo attended these board meetings or parts thereof.;Accelleron Industries AG1.pdf;FALSE
30;neither internal auditors external auditors nor external consultants took part in any meetings of the board of directors.;Accelleron Industries AG1.pdf;FALSE
31;in addition to the above meetings members of the board of directors participated in working groups workshops and discussion panels on various topics with senior and other management of the group.;Accelleron Industries AG1.pdf;FALSE
32;the board of directors has two permanent committees the nomination and compensation committee and the audit committee.;Accelleron Industries AG1.pdf;FALSE
33;the audit committee ac is composed of at least two members of the board of directors appointed annually by the board of directors.;Accelleron Industries AG1.pdf;FALSE
34;the ac meets at least three times each year or more frequently if deemed necessary or appropriate.;Accelleron Industries AG1.pdf;FALSE
35;the board chair the ceo and the cfo participated in all the meetings.;Accelleron Industries AG1.pdf;FALSE
36;the ac supports the board of directors in overseeing i the integrity of the financial statements ii the companys compliance with legal tax and regulatory requirements iii the external auditors qualifications and independence iv the performance and role of the companys internal controls system the internal audit function and the external auditors v the companys capital structure funding requirements and financial and risk policies and vi the companys implementation and maintenance of an integrity program and internal controls designed to mitigate integrity risk.;Accelleron Industries AG1.pdf;FALSE
37;the nomination and compensation committee ncc is composed of at least two nonexecutive members of the board of directors who are each elected annually and individually by the general meeting of the shareholders art. and art. of the articles of association and art. of the governance rules.;Accelleron Industries AG1.pdf;FALSE
38;the ncc meets at least two times each year or more frequently if deemed necessary or appropriate.;Accelleron Industries AG1.pdf;FALSE
39;the current board of directors has been elected and subsequently constituted itself and its committees only in july following abbs decision to carveout the accelleron group and to have it operate as a standalone business.;Accelleron Industries AG1.pdf;FALSE
40;consequently the above disclosed number of meetings represents only those meetings held by the board of directors since july .;Accelleron Industries AG1.pdf;FALSE
41;both the united states and canada are stepping up their efforts to further invest in and promote renewable energy and climatefriendly infrastructure.;Acciona SA2.pdf;FALSE
42;in the us the inflation reduction act ira was passed in the second half of the year and will allocate more than billion dollars to fighting inflation through clean industry and energy cutting emissions by by .;Acciona SA2.pdf;FALSE
43;in canada the greenhouse gas pollution pricing act which sets prices on greenhouse gas emissions was promulgated in .;Acciona SA2.pdf;FALSE
44;in september australia passed a law which aims to cut pollutant emissions by by and achieve climate neutrality by .;Acciona SA2.pdf;FALSE
45;some of the most relevant developments in are;Acciona SA2.pdf;FALSE
46;in the european union launched repowereu a plan to rapidly reduce the continents dependence on russian fossil fuels through renewable energy.;Acciona SA2.pdf;FALSE
47;the european commissions repowereu proposal seeks to raise the proportion of electricity generated from renewables in europe to by up from the current target of .;Acciona SA2.pdf;FALSE
48;the green deal industrial plan launches in seeking to streamline and simplify the awarding of permits for energy farms that help meet this target.;Acciona SA2.pdf;FALSE
49;the green taxonomy which serves as a guide for sustainable investment is being proposed to encourage the financing of renewable energy and clean energy projects.;Acciona SA2.pdf;FALSE
50;the inflation reduction act ira aims to install gw of pv per year from in addition to investment earmarked for renewables and ensuring climate resilience.;Acciona SA2.pdf;FALSE
51;the climate change act came into force in australia on th september .;Acciona SA2.pdf;FALSE
52;business model business as unusual;Acciona SA2.pdf;FALSE
53;the world in constant transformation;Acciona SA2.pdf;FALSE
54;worlds most diverse hospitality group continues to accelerate growth across greater china surpassing the hotels milestone with a robust pipeline of new hotels opening in and beyond;Accor SA1.pdf;FALSE
55;;Accor SA1.pdf;FALSE
56;portfolio taking over operations from may the worldrenowned cruise ship will undergo further upgrades and renovations prior to joining the mgallery hotel collection.;Accor SA1.pdf;FALSE
57;center the group celebrates the novotel brands th year anniversary since its arrival in mexico with the opening of this new m;Accor SA1.pdf;FALSE
58;restore the ecosystem of lake bardawil and to make the northern sinai peninsula greener.;Ackermans & van Haaren NV1.pdf;FALSE
59;to realise demes ambitious sustainability goals in all aspects of its activities the group converted all its longterm financing into sustainabilitylinked loans in february .;Ackermans & van Haaren NV1.pdf;FALSE
60;changes in key performance indicators kpis will trigger adjustments on the interest margins applied to the loans.;Ackermans & van Haaren NV1.pdf;FALSE
61;in deme offshore was able to further improve its ecovadis score resulting in a golden medal.;Ackermans & van Haaren NV1.pdf;FALSE
62;demes approach is also appreciated outside its sector.;Ackermans & van Haaren NV1.pdf;FALSE
63;on november deme won the trends global impact awards the most prestigious awards in belgium for companies whose projects create sustainable value for our society.;Ackermans & van Haaren NV1.pdf;FALSE
64;the award encourages deme to continue on the path to a more sustainable future.;Ackermans & van Haaren NV1.pdf;FALSE
65;deme also received the international marine contractors association imca award for its internal environmental campaign.;Ackermans & van Haaren NV1.pdf;FALSE
66;more information about sustainability is available in the integrated annual report of deme and on the website sustainability deme group www.demegroup.comsustainability;Ackermans & van Haaren NV1.pdf;FALSE
67;luc vandenbulcke ceo deme group;Ackermans & van Haaren NV1.pdf;FALSE
68;deme i from left to right orion top seamade bottom port la nouvelle;Ackermans & van Haaren NV1.pdf;FALSE
69;image many of the segments projects support the e;Ackermans & van Haaren NV1.pdf;FALSE
70;;Adecco Group AG1.pdf;FALSE
71;;Adecco Group AG1.pdf;FALSE
72;;Adecco Group AG1.pdf;FALSE
73;;Adecco Group AG1.pdf;FALSE
74;;Adecco Group AG1.pdf;FALSE
75;;Adecco Group AG1.pdf;FALSE
76;;Adecco Group AG1.pdf;FALSE
77;;Adecco Group AG1.pdf;FALSE
78;;Adecco Group AG1.pdf;FALSE
79;;Adecco Group AG1.pdf;FALSE
80;;Adecco Group AG1.pdf;FALSE
81;;Adecco Group AG1.pdf;FALSE
82;;Adecco Group AG1.pdf;FALSE
83;;Adecco Group AG1.pdf;FALSE
84;;Adecco Group AG1.pdf;FALSE
85;;Adecco Group AG1.pdf;FALSE
86;;Adecco Group AG1.pdf;FALSE
87;;Adecco Group AG1.pdf;FALSE
88;;Adecco Group AG1.pdf;FALSE
89;;Adecco Group AG1.pdf;FALSE
90;;Adecco Group AG1.pdf;FALSE
91;;Adecco Group AG1.pdf;FALSE
92;;Adecco Group AG1.pdf;FALSE
93;;Adecco Group AG1.pdf;FALSE
94;;Adecco Group AG1.pdf;FALSE
95;the committee regularly reviews the board skills matrix particularly in the context of succession planning and skills that are potentially lost at the end of a directors tenure on the board.;Admiral Group plc1.pdf;FALSE
96;the directors have a broad range of skills and experience and can bring independent judgement to bear on issues of strategy performance risk management resources and standards of conduct which are integral to the success of the group.;Admiral Group plc1.pdf;FALSE
97;as well as considering the demands of a directors time upon appointment any subsequent external appointments of nonexecutive directors and executive directors require prior approval of the committee and the board.;Admiral Group plc1.pdf;FALSE
98;the committee also reviews the time commitment required of nonexecutive directors at least annually to consider whether the guidance on time commitment of certain roles needs to be extended due to market or responsibility changes.;Admiral Group plc1.pdf;FALSE
99;the board remains satisfied that it has the appropriate balance of skills experience independence and knowledge of the group to enable it and its committees to discharge their duties and responsibilities effectively as required by the code.;Admiral Group plc1.pdf;FALSE
100;the listing rules and disclosure guidance and transparency rules have been amended to include new disclosure requirements for listed companies for financial years starting on or after april .;Admiral Group plc1.pdf;FALSE
101;as set out below the committee is content that admiral meets the targets set out in the listing rules and disclosure guidance and transparency rules .a.;Admiral Group plc1.pdf;FALSE
102;image remuneration policy for other employees;Admiral Group plc1.pdf;FALSE
103;the companys approach to annual salary reviews is consistent across the group with consideration given to the role size complexity experience required individual performance and pay levels in comparable companies.;Admiral Group plc1.pdf;FALSE
104;in general the remuneration policy which applies to other senior executives is consistent with that for executive directors.;Admiral Group plc1.pdf;FALSE
105;around employees from across the group including the executive directors participate in the dfss.;Admiral Group plc1.pdf;FALSE
106;for other senior managers and employees a proportion of awards ranging from half to twothirds are subject to performance with performance conditions either in line with those described above or set based on key performance drivers of the individuals relevant business unit and the remainder has no performance conditions attached other than the requirement that the recipient remains an employee of the group at the date of vesting.;Admiral Group plc1.pdf;FALSE
107;all holders of dfss awards receive the dfss bonus with the bonus for a number of senior managers being adjusted for performance against a scorecard of customer and other nonfinancial metrics.;Admiral Group plc1.pdf;FALSE
108;the company operates a personal pension scheme which is available to all employees once they have completed their probationary period.;Admiral Group plc1.pdf;FALSE
109;all uk employees who have served a minimum tenure at admiral are eligible to participate in the sip on the same terms.;Admiral Group plc1.pdf;FALSE
110;the companys policy is to limit payments upon termination of employment to preestablished contractual arrangements.;Admiral Group plc1.pdf;FALSE
111;the company has the ability to pay such sums in instalments.;Admiral Group plc1.pdf;FALSE
112;executive director dateofappointment contract duration;Admiral Group plc1.pdf;FALSE
113;geraint jones august rolling contract monthnoticeperiod;Admiral Group plc1.pdf;FALSE
114;milena mondini defocatiis august rolling contract monthnoticeperiod notes to the financial statements continued;Admiral Group plc1.pdf;FALSE
115;as at december the expected credit loss allowance included pmas totalling million million.;Admiral Group plc1.pdf;FALSE
116;postmodeladjustments december m december m;Admiral Group plc1.pdf;FALSE
117;pmas are calculated using management judgement and analysis.;Admiral Group plc1.pdf;FALSE
118;the model has been calibrated on historical data that may not fully reflect the risk of losses in the recent and ongoing highly volatile macroeconomic period.;Admiral Group plc1.pdf;FALSE
119;this pma has been updated to reflect the higher inflation outlook which has increased significantly since the end of .;Admiral Group plc1.pdf;FALSE
120;an uncertainty factor determined by management judgment has been added to reflect the recent volatility in unemployment forecasts.;Admiral Group plc1.pdf;FALSE
121;captures the risk that as mortgage rates rise customers may experience payment shocks when their standard variable or fixed term mortgages come to an end and may have to prioritise mortgage payments over other debts.;Admiral Group plc1.pdf;FALSE
122;loans are written off where there is no reasonable expectation of recovery.;Admiral Group plc1.pdf;FALSE
123;under ifrs the provision must reflect an unbiased and probabilityweighted amount that is determined by evaluating a range of possible outcomes.;Admiral Group plc1.pdf;FALSE
124;management judgment has been used to define the weighting and severity of the different scenarios based on available data.;Admiral Group plc1.pdf;FALSE
125;the key economic driver of credit losses from the scenarios is the likelihood of a customer entering hardship through unemployment.;Admiral Group plc1.pdf;FALSE
126;the scenario weighting assumptions used are detailed below along with the unemployment rate assumed in each scenario at december .;Admiral Group plc1.pdf;FALSE
127;december scenariopeak unemployment rate december weighting december scenariopeak unemployment rate december weighting;Admiral Group plc1.pdf;FALSE
128;the economic scenarios and forecasts have been updated in conjunction with a third party economics provider.;Admiral Group plc1.pdf;FALSE
129;executive director dateofappointment contract duration;Admiral Group plc1.pdf;FALSE
130;milena mondini defocatiis august rolling contract monthnoticeperiod notes to the financial statements continued;Admiral Group plc1.pdf;FALSE
131;postmodeladjustments december m december m;Admiral Group plc1.pdf;FALSE
132;december scenariopeak unemployment rate december weighting december;Admiral Group plc1.pdf;FALSE
133;environment humanrights health safety risks;Airbus SE1.pdf;FALSE
134;information on the companys activities information on the companys activities;Airbus SE1.pdf;FALSE
135;. legal and arbitration proceedings;Airbus SE1.pdf;FALSE
136;. the companys approach to sustainability;Airbus SE1.pdf;FALSE
137;claudia nemat has been a member of deutsche telekoms board of management since .;Airbus SE1.pdf;FALSE
138;before joining deutsche telekom ag claudia nemat spent years working mckinseyampcompany where she was elected partner in and senior partner in .;Airbus SE1.pdf;FALSE
139;she focuses on digital transformation the impact of new technologies like artificial intelligence on business models our work and lives technology and product innovation as well as it transformation security and crisis management.;Airbus SE1.pdf;FALSE
140;she has worked in different european countries as well as the united states and was a member of the supervisory board of lanxess for several years.;Airbus SE1.pdf;FALSE
141;claudia nemat studied physics at the university of cologne and taught at the institute of mathematics and theoretical physics.;Airbus SE1.pdf;FALSE
142;current mandates former mandates;Airbus SE1.pdf;FALSE
143;member of the board of directors of airbus se member of the board of directors of airbus defence and space gmbh member of the management board of deutsche telekom ag chairperson of the supervisory board of deutsche telekom it gmbh member of the university council of university of cologne member of the executive committee of deutsche gesellschaft für auswärtige politik e.v. member of the supervisory board of tsystems international gmbh vicechairwoman of the supervisory board of deutsche telekom security gmbh. for the last five years;Airbus SE1.pdf;FALSE
144;information on the companys activities information on the companys activities;Airbus SE1.pdf;FALSE
145;. legal and arbitration proceedings;Airbus SE1.pdf;FALSE
146;increased adoption of advanced technologies such as improved diagnostic instruments surgical options for glaucoma management and the growing use of phacoemulsification during cataract removal which is utilized in over of cases in emerging markets versus over in the us and;Alcon AG1.pdf;FALSE
147;the increasing prevalence of diabetes the incidence of which has more than doubled from in to of adults in and for which eye disease is a comorbidity.;Alcon AG1.pdf;FALSE
148;the vision care market in which we operate is estimated to be approximately billion and is projected to grow midsingle digits per year from to .;Alcon AG1.pdf;FALSE
149;market growth is expected to be driven mainly by;Alcon AG1.pdf;FALSE
150;fast growing daily disposable sihy contact lens and premium reusable lens segment fueled by better material improved health and comfort and enhanced vision acuity;Alcon AG1.pdf;FALSE
151;advancements in specialty lenses combined with increasing demand for toric multifocal and cosmetic lenses which command an approximately pricing premium over spherical lenses allowing patients to continue wearing contact lenses as they become older and helping to expand the market;Alcon AG1.pdf;FALSE
152;a significant population of approximately billion people worldwide who suffer from symptoms of dry eye but do not have clinical signs of dry eye over million people who have both symptoms and clinical signs of dry eye and over million people who are at risk of developing dry eye in that they have clinical signs but are not yet suffering from dry eye symptoms;Alcon AG1.pdf;FALSE
153;a rising number of elderly people worldwide such that primary openangle glaucoma poag now affects an estimated million people and ocular hypertension often a predecessor to poag is estimated to affect another million people;Alcon AG1.pdf;FALSE
154;growing access and consumption of vision care products in emerging markets such as asia which had an estimated singledigit contact lens penetration as compared to double digits in the developed world and;Alcon AG1.pdf;FALSE
155;increasing consumer access through the expansion of distribution models including internet sales and other directtocons;Alcon AG1.pdf;FALSE
156;contents of act einf standard used page;Allfunds Group plc1.pdf;FALSE
157;information about social and personnel issues information about social and personnel issues information about social and personnel issues information about social and personnel issues;Allfunds Group plc1.pdf;FALSE
158;equality measures for equality for men and women. gri gri gri p.;Allfunds Group plc1.pdf;FALSE
159;equality equality plans. gri gri gri p.;Allfunds Group plc1.pdf;FALSE
160;equality measures to promote employment. gri gri gri gri gri gri gri p.;Allfunds Group plc1.pdf;FALSE
161;equality protocols against sexual and genderbased harassment. gri gri gri p.;Allfunds Group plc1.pdf;FALSE
162;equality integration and universal accessibility for people with disabilities. gri p.;Allfunds Group plc1.pdf;FALSE
163;equality policy against discrimination and diversity management. gri p.;Allfunds Group plc1.pdf;FALSE
164;information on respect for human rights information on respect for human rights information on respect for human rights information on respect for human rights;Allfunds Group plc1.pdf;FALSE
165;policies management approach. gri gri gri gri gri gri p.;Allfunds Group plc1.pdf;FALSE
166;main risks main risks and impacts arising from the groups activities and their management. gri gri p.;Allfunds Group plc1.pdf;FALSE
167;application of due diligence procedures.;Allfunds Group plc1.pdf;FALSE
168;human rights measures for the prevention and management of possible abuses.;Allfunds Group plc1.pdf;FALSE
169;human rights promotion and compliance with the provisions of the ilo.;Allfunds Group plc1.pdf;FALSE
170;human rights elimination of forced or compulsory labor gri not applicable;Allfunds Group plc1.pdf;FALSE
171;human rights the effective abolition of child labor gri not applicable;Allfunds Group plc1.pdf;FALSE
172;human rights elimination of discrimination in employment gri gri not applicable;Allfunds Group plc1.pdf;FALSE
173;information regarding the fight against corruption and bribery information regarding the fight against corruption and bribery information regarding the fight against corruption and bribery information regarding the fight against corruption and bribery;Allfunds Group plc1.pdf;FALSE
174;policies management approach. gri gri gri gri gri gri p. p.;Allfunds Group plc1.pdf;FALSE
175;main risks main risks and impacts arising from the groups activities and their management. gri gri gri gri gri gri p. p.;Allfunds Group plc1.pdf;FALSE
176;measures to prevent corruption and bribery. gri gri gri gri gri p. p.;Allfunds Group plc1.pdf;FALSE
177;corruption and bribery measures to combat money laundering. gri p. p.;Allfunds Group plc1.pdf;FALSE
178;corruption and bribery contributions to foundations and nonprofit organisations. gri gri p.;Allfunds Group plc1.pdf;FALSE
179;contents of act einf standard used page;Allfunds Group plc1.pdf;FALSE
180;equality measures for equality for men and women. gri gri gri p.;Allfunds Group plc1.pdf;FALSE
181;equality protocols against sexual and genderbased harassment. gri gri gri p.;Allfunds Group plc1.pdf;FALSE
182;information on respect for human rights information on respect for human rights information on respect for human rights information on respect for human rights;Allfunds Group plc1.pdf;FALSE
183;application of due diligence procedures.;Allfunds Group plc1.pdf;FALSE
184;human rights promotion and compliance with the provisions of the ilo.;Allfunds Group plc1.pdf;FALSE
185;human rights elimination of discrimination in employment gri gri not applicable;Allfunds Group plc1.pdf;FALSE
186;main risks main risks and impacts arising from the groups activities and their management. gri gri gri gri gri;Allfunds Group plc1.pdf;FALSE
187;location address ownership status year acquired year of construction renovations area of property inm;Allreal Holding AG1.pdf;FALSE
188;zurich binzmühlestrasse theresegiesestrasse so pr;Allreal Holding AG1.pdf;FALSE
189;zurich birmensdorferstrasse weststrasse so tr;Allreal Holding AG1.pdf;FALSE
190;zurich brandschenkestrasse so pr;Allreal Holding AG1.pdf;FALSE
191;zurich förrlibuckstrasse toniareal so;Allreal Holding AG1.pdf;FALSE
192;zurich hardstrasse escherwyssareal so pr;Allreal Holding AG1.pdf;FALSE
193;zurich zollstrasse josefstrasse klingenstrasse so pr;Allreal Holding AG1.pdf;FALSE
194;total city of zurich total city of zurich;Allreal Holding AG1.pdf;FALSE
195;so sole ownership lo leasehold owned by allreal;Allreal Holding AG1.pdf;FALSE
196;tr total renovation pr partial renovation;Allreal Holding AG1.pdf;FALSE
197;cumulative vacancy rate as a percentage of target rental income for;Allreal Holding AG1.pdf;FALSE
198;as per valuation on december nominal rates allreal annual report;Allreal Holding AG1.pdf;FALSE
199;group management the examination and discussion of target achievement in relation to group managements variable remuneration and the preparation of remuneration proposals to the board of directors.;Allreal Holding AG1.pdf;FALSE
200;in the chairman of the nomination and compensation committee in close coordination and cooperation with the chairman of the board of directors and other members of the nomination and compensation committee and board of directors also held a number of meetings discussions and interviews in relation to mediumterm planning and the selection process to elect members of the board of directors as well as the selection and appointment of the future ceo of allreal group spending around hours on this in total.;Allreal Holding AG1.pdf;FALSE
201;the principles governing the most senior level of management and the delineation of powers and responsibilities are defined in the organisational regulations of february .;Allreal Holding AG1.pdf;FALSE
202;at the same time under the articles of association and the organisational regulations the following powers and responsibilities in particular are vested in the board of directors;Allreal Holding AG1.pdf;FALSE
203;ultimate direction of the allreal group and ultimate oversight of the persons entrusted with management compliance;Allreal Holding AG1.pdf;FALSE
204;defining the organisation and appointment of management and persons authorised to act as proxies;Allreal Holding AG1.pdf;FALSE
205;determining the organisation of and procedures for accounting financial controlling and financial planning;Allreal Holding AG1.pdf;FALSE
206;producing the annual report annual financial statements and sustainability report as well as preparing the annual general meeting and implementing its resolutions;Allreal Holding AG1.pdf;FALSE
207;defining business policy in particular investment and financial policy;Allreal Holding AG1.pdf;FALSE
208;decisions on major transactions in particular investments and divestments;Allreal Holding AG1.pdf;FALSE
209;all other tasks are delegated to group management provided that the competency matrix does not allocate particular tasks to the board of directors individual committees in accordance with the organisational regulations.;Allreal Holding AG1.pdf;FALSE
210;in particular the board of directors has the following supervisory and control instruments at its disposal;Allreal Holding AG1.pdf;FALSE
211;comparative calculation of the annual budget for mediumterm planning and corresponding variance analysis annually;Allreal Holding AG1.pdf;FALSE
212;reporting on the functioning and effectiveness of the internal control system ics for financial reporting annually;Allreal Holding AG1.pdf;FALSE
213;location address ownership status year acquired year of construction renovations area of property inm;Allreal Holding AG1.pdf;FALSE
214;zurich birmensdorferstrasse weststrasse so tr;Allreal Holding AG1.pdf;FALSE
215;andritz was awarded the order to extensively refurbish all four kaplan turbines here by including design engineering manufacture of new parts factory overhaul installation testing and commissioning.;ANDRITZ AG1.pdf;FALSE
216;we are making the plant into a stateoftheart facility increasing its efficiency and we can use it more effectively than ever in future in all operating modes says beat karrer managing director of ryburgschwörstadt ag power station.;ANDRITZ AG1.pdf;FALSE
217;hydropower projects are technically demanding complex and costintensive.;ANDRITZ AG1.pdf;FALSE
218;years of experience in turbine design;ANDRITZ AG1.pdf;FALSE
219;of installed and modernized capacity;ANDRITZ AG1.pdf;FALSE
220;complete portfolio for capacities up to more than;ANDRITZ AG1.pdf;FALSE
221;mw key figures of the andritz share;ANDRITZ AG1.pdf;FALSE
222;priceearningsratio based on the yearend closing price;ANDRITZ AG1.pdf;FALSE
223;equity attributable to shareholders per share eur;ANDRITZ AG1.pdf;FALSE
224;market capitalization at yearend meur;ANDRITZ AG1.pdf;FALSE
225;image the business year at a glance;ANDRITZ AG1.pdf;FALSE
226;new record values for order intake revenue and earnings;ANDRITZ AG1.pdf;FALSE
227;the order intake of the andritz group saw very favorable development in the business year and reached a new record level of meur compared to meur.;ANDRITZ AG1.pdf;FALSE
228;the groups revenue reached meur which is also the highest figure in the companys history compared to meur.;ANDRITZ AG1.pdf;FALSE
229;the order backlog of the andritz group amounted to meur as of december and was thus higher than the reference figure for the previous year december meur.;ANDRITZ AG1.pdf;FALSE
230;the groups operating result ebita increased in line with revenue and reached a new record level of meur versus meur as did revenue.;ANDRITZ AG1.pdf;FALSE
231;total assets amounted to meur december meur while the equity ratio increased to december .;ANDRITZ AG1.pdf;FALSE
232;liquid funds amounted to meur as of december meur as of the end of and net liquidity increased significantly to meur meur as of the end of .;ANDRITZ AG1.pdf;FALSE
233;equity attributable to shareholders per share eur;ANDRITZ AG1.pdf;FALSE
234;topic and link to pillars of value activities;Anglo American plc1.pdf;FALSE
235;operations operational performance by each business unit and progress of key projects further reading pages the board received detailed updates on the operational performance strategy safety and sustainability performance people technological innovation and key risks of its business units.;Anglo American plc1.pdf;FALSE
236;the board considered asustainable long term solution to enhance water supply for communities in chile including the construction of adesalination plant awater pipeline and the upgrade and construction of two waste water treatment plants at our los bronces copper mine in chile.;Anglo American plc1.pdf;FALSE
237;financial key financial measures liquidity and balance sheet strength cost improvements dividend further reading pages the board monitored and discussed progress against the annual budget and fiveyear plan.;Anglo American plc1.pdf;FALSE
238;the board and audit committee considered asustainability linked financing framework for the purpose of apotential sustainabilitylinked bond issuance.;Anglo American plc1.pdf;FALSE
239;the board approved the establishment of the groups first sustainabilitylinked financing framework and ayear million sustainability linked loan agreement with the international finance corporation understood to be the first in the mining sector globally to focus exclusively on social development indicators the issuance of its first sustainabilitylinked bonda year million instrument which includes performance targets to reduce the groups greenhouse gas emissions and fresh water abstraction and to support job creation in host communities the groups budget arevised group treasury policy. woodsmith project;Anglo American plc1.pdf;FALSE
240;the woodsmith project is located on the north yorkshire coast just south of whitby where polyhalite ore will be extracted via km deep mine shafts and transported to teesside via an underground conveyor belt in a km tunnel thereby minimising any environmental impact on the surface.;Anglo American plc1.pdf;FALSE
241;throughout we continued with the detailed design reviews and noncritical path studies following which a number of areas were modified to align with anglo americans standards and optimise value for the long term.;Anglo American plc1.pdf;FALSE
242;during the year as part of the construction review contracts were awarded for the shaft sinking operations programme management services and construction management to ensure the project can be executed in line with anglo americans stringent requirements.;Anglo American plc1.pdf;FALSE
243;with the award of these contracts and other infrastructure improvements activities at the deep shafts have progressed well during .;Anglo American plc1.pdf;FALSE
244;three intermediate shafts will provide both ventilation and additional access to the mineral transport system mts tunnel.;Anglo American plc1.pdf;FALSE
245;;Anglo American plc1.pdf;FALSE
246;we are developing the woodsmith mine in northeast england a part of the country that suffers from high unemployment and limited employment opportunities making it difficult to keep talented young people within the region.;Anglo American plc1.pdf;FALSE
247;the woodsmith project will create significant employment opportunities but our wider aim is to be a central part of a community endeavour to diversify and regenerate the local economy.;Anglo American plc1.pdf;FALSE
248;anglo american has identified the potential to grow a cyber security cluster in the area around the woodsmith site and we are determined to enhance the regions standing in the field of cyber security one of the fastest growing areas of the technology sector.;Anglo American plc1.pdf;FALSE
249;over the past few years our crop nutrients business has been supporting gchqs national cyber security centre ncsc including collaborating with the ncsc to open the world of cyber security to schoolchildren and young people.;Anglo American plc1.pdf;FALSE
250;but a stepchange in scale is needed to give cyber security due recognition.;Anglo American plc1.pdf;FALSE
251;beyond this the steering group has set its sights on accelerating cyber security growth through creating a regional cyber security cluster to work alongside the seven such clusters already operating across the uk.;Anglo American plc1.pdf;FALSE
252;operations operational performance by each business unit and progress of key projects further reading pages the board received detailed updates on the operational performance strategy safety and sustainability performance people technological innovation and key risks of its business units.;Anglo American plc1.pdf;FALSE
253;the board considered asustainable long term solution to enhance water supply for communities in chile including the construction of adesalination plant awater pipeline and the upgrade and construction of two waste water treatment plants at our los bronces copper mine in chile.;Anglo American plc1.pdf;FALSE
254;arevised group treasury policy wasconsidered by the board and audit committee. the board and audit committee considered the groups di;Anglo American plc1.pdf;FALSE
255;during ab inbev issued .m discounted and matching rsus in relation to bonuses granted to company employees and management .m discounted and matching rsus.;Anheuser-Busch InBev SANV3.pdf;FALSE
256;the sharebased portion of the remuneration of the directors of the company is granted in the form of rsus that vest after years and upon vesting entitle their holders to one ab inbev share per rsu.;Anheuser-Busch InBev SANV3.pdf;FALSE
257;during .m rsus with an estimated fair value of m us dollar were granted to directors .m with an estimated fair value of m us dollar.;Anheuser-Busch InBev SANV3.pdf;FALSE
258;subject to managements assessment of the executives performance and future potential members of senior management may be eligible for an annual longterm incentive to be paid out in rsus performance stock units psus andor stock options.;Anheuser-Busch InBev SANV3.pdf;FALSE
259;longterm incentive rsus they cliff vest over a threeyear period.;Anheuser-Busch InBev SANV3.pdf;FALSE
260;out of these rsus .m rsus were granted to members of the executive committee .m rsus.;Anheuser-Busch InBev SANV3.pdf;FALSE
261;longterm psus they cliff vest over a threeyear period.;Anheuser-Busch InBev SANV3.pdf;FALSE
262;psus were granted for the first time in december .;Anheuser-Busch InBev SANV3.pdf;FALSE
263;longterm incentive stock options they cliff vest over a fiveyear period and they have a maximum lifetime of years and an exercise period that starts after five years.;Anheuser-Busch InBev SANV3.pdf;FALSE
264;rsus psus or stock options may be granted from time to time to members of the senior management of the company who have made a significant contribution to the success of the company achieving the growth agenda specific acquisitions etc;Anheuser-Busch InBev SANV3.pdf;FALSE
265;during and no exceptional grants were made to executives.;Anheuser-Busch InBev SANV3.pdf;FALSE
266;ab inbev has specific recurring longterm rsu incentive programs in place including;Anheuser-Busch InBev SANV3.pdf;FALSE
267;a base longterm rsus program allowing for the offer of rsus to members of the companys senior management.;Anheuser-Busch InBev SANV3.pdf;FALSE
268;the board may set different vesting periods for specific subplans or introduce performance tests in line with the companys highperformance culture and the creation of longterm sustainable value for its shareholders.;Anheuser-Busch InBev SANV3.pdf;FALSE
269;a program allowing for certain employees to purchase company shares at a discount and that is aimed at providing a longterm retention incentive for i highpotential employees of the company who are at a midmanager level people;Anheuser-Busch InBev SANV3.pdf;FALSE
270;mining is a longterm business and timescales can run into decades.;Antofagasta plc1.pdf;FALSE
271;accordingly five years has been selected as the appropriate period over which to assess the prospects of the group.;Antofagasta plc1.pdf;FALSE
272;when taking account of the impact of the groups current position on this viability assessment the directors have considered in particular its financial position including its significant balance of cash cash equivalents and liquid investments and the terms and remaining durations of the borrowing facilities in place.;Antofagasta plc1.pdf;FALSE
273;of the total borrowings only is repayable within one year and repayable between one and two years.;Antofagasta plc1.pdf;FALSE
274;when assessing the prospects of the group the directors have considered the groups copper price forecasts the groups expected production levels operating cost profile and capital expenditure.;Antofagasta plc1.pdf;FALSE
275;the analysis has only included the drawdown of existing committed borrowing facilities and has not assumed that any new borrowing facilities will be put in place.;Antofagasta plc1.pdf;FALSE
276;a significant deterioration in the future copper price forecasts by throughout the fiveyear period.;Antofagasta plc1.pdf;FALSE
277;an even more pronounced shortterm reduction of clb in the copper price for a period of three months in addition to the above deterioration of in the copper price throughout the review period.;Antofagasta plc1.pdf;FALSE
278;the potential impact of the groups most significant individual operational risks.;Antofagasta plc1.pdf;FALSE
279;a shutdown of any one of the groups operations for a period of three months.;Antofagasta plc1.pdf;FALSE
280;potential changes to the chilean mining royalty taking into account the groups existing tax stability agreements.;Antofagasta plc1.pdf;FALSE
281;the stability of tailings storage facilities represents a potentially significant operational risk for mining operations globally.;Antofagasta plc1.pdf;FALSE
282;the above downside sensitivity analyses indicated results which could be managed in the normal course of business i;Antofagasta plc1.pdf;FALSE
283;arcadis carbon footprint mt co per fte;Arcadis NV1.pdf;FALSE
284;number of identified environmental noncompliances;Arcadis NV1.pdf;FALSE
285;employees passing code of conduct training as of total employees;Arcadis NV1.pdf;FALSE
286;restated as of additional measuring scope;Arcadis NV1.pdf;FALSE
287;restated as calculation methodology changed to solutions based reporting;Arcadis NV1.pdf;FALSE
288;for definitions and methods of measure for the indicators included on this spread please refer to the section glossary nonfinancial amp financial indicators on page .;Arcadis NV1.pdf;FALSE
289;the limited assurance report of the independent auditor was given on arcadis excluding acquisitions.;Arcadis NV1.pdf;FALSE
290;revenues that relate to relevant sdgs as of net revenues;Arcadis NV1.pdf;FALSE
291;investigated agbp alleged breaches assessed and as needed investigated;Arcadis NV1.pdf;FALSE
292;number of appointed privacy officers under the privacy policy;Arcadis NV1.pdf;FALSE
293;the current tax is based on taxable profit for the year.;argenx SE1.pdf;FALSE
294;deferred tax is recognized on temporary differences between the carrying amounts of assets and liabilities in the consolidated financial statements and the corresponding tax basis used in the computation of taxable profit.;argenx SE1.pdf;FALSE
295;deferred tax assets and liabilities are offset if there is a legally enforceable right to offset current tax liabilities and assets and they relate to income taxes levied by the same tax authority on the same taxable entity or on different taxable entities which intend either to settle current tax liabilities and assets on a net basis or to realize the assets and settle the liabilities simultaneously.;argenx SE1.pdf;FALSE
296;deferred tax assets and liabilities are measured at the tax rates that are expected to apply in the period in which the liability is settled or the asset realized based on tax rates and tax laws that have been enacted or substantially enacted by the end of the reporting period.;argenx SE1.pdf;FALSE
297;revenue from the sale of goods is recognized at an amount that reflects the consideration that the company expects to be entitled to receive in exchange for transferring goods to a customer at the time when the customer obtains control of the goods rendered this means when the customer has the ability to direct the use of the asset.;argenx SE1.pdf;FALSE
298;contingent consideration is included in the transaction price when it is highly probable that the amount of revenue recognized is not subject to future significant reversals.;argenx SE1.pdf;FALSE
299;our product net sales consists of sales of vyvgart in u.s. japan and europe. revenue arising from the commer;argenx SE1.pdf;FALSE
300;the archimedes process which was defined by the csr team draws on the chemical industry methodology for portfolio sustainability assessments developed by the world business council for sustainable development wbcsd.;Arkema SA1.pdf;FALSE
301;each solution is first evaluated from a regulatory standpoint.;Arkema SA1.pdf;FALSE
302;if any of the chemicals used poses a significant risk the solution is classified as a challenge.;Arkema SA1.pdf;FALSE
303;the second step is to meet with rampd and the business and sales managers to decide whether a solution meets market expectations and responds to market trends over the medium and long term.;Arkema SA1.pdf;FALSE
304;otherwise the solution moves on to the third stage of analysis.;Arkema SA1.pdf;FALSE
305;if there is a worrying sign from the market for a given solution the archimedes team and the relevant bu personnel identify the criticality level by first assessing the bus level of exposure to the identified risk and second estimating how much work will be required of the relevant teams to reduce that risk e.g. substituting different ingredients adopting new processes replacing the solutions on the market etc.;Arkema SA1.pdf;FALSE
306;for solutions that pose a risk of regulatory noncompliance or that may not reflect mediumterm market expectations the group can take a range of corrective measures such as withdrawing the portfolio changing the chemical formulation or seeking out safer alternative substances or processes.;Arkema SA1.pdf;FALSE
307;neutral solutions those that meet regulatory standards and are aligned with market trends and expectations but dont materially contribute to the sdgs are an integral part of arkemas portfolio.;Arkema SA1.pdf;FALSE
308;the advantages of sustainable growth;Arkema SA1.pdf;FALSE
309;these solutions represent the groups most valuable tools for pursuing its strategy of innovation and sustainable growth. the archimedes asse;Arkema SA1.pdf;FALSE
310;details of the directors contracts emoluments and share interests can be found in the directors remuneration report.;Ashtead Group plc1.pdf;FALSE
311;independent nonexecutive director;Ashtead Group plc1.pdf;FALSE
312;jill easterbrook was appointed as a nonexecutive director in january .;Ashtead Group plc1.pdf;FALSE
313;jill brings strong digital experience within retail environments to the board.;Ashtead Group plc1.pdf;FALSE
314;jill was previously the chief executive officer of jp boden amp co and formerly held a number of senior positions with tesco plc.;Ashtead Group plc1.pdf;FALSE
315;graduated in economics from leeds university;Ashtead Group plc1.pdf;FALSE
316;nonexecutive director of auto trader plc and up global sourcing holdings plc.;Ashtead Group plc1.pdf;FALSE
317;independent nonexecutive director;Ashtead Group plc1.pdf;FALSE
318;tanya fratto was appointed as a nonexecutive director in july .;Ashtead Group plc1.pdf;FALSE
319;tanya has wide experience in product innovation sales and marketing and engineering in a range of sectors and has extensive knowledge of operating in the us.;Ashtead Group plc1.pdf;FALSE
320;tanya enjoyed a year career with general electric where she ran a number of businesses.;Ashtead Group plc1.pdf;FALSE
321;graduated in electrical engineering from the university of south alabama;Ashtead Group plc1.pdf;FALSE
322;nonexecutive director of smiths group plc and advanced drainage systems inc;Ashtead Group plc1.pdf;FALSE
323;independent nonexecutive director;Ashtead Group plc1.pdf;FALSE
324;renata ribeiro was appointed as a nonexecutive director in january .;Ashtead Group plc1.pdf;FALSE
325;renata brings strong commercial and digital experience to the board.;Ashtead Group plc1.pdf;FALSE
326;renata is currently senior vice president operations strategy for carnival corporation amp plc carnival where she has worked since .;Ashtead Group plc1.pdf;FALSE
327;graduated in business administration from fundao getuilo vargas so paulo and an mba in business administration from wake forest university;Ashtead Group plc1.pdf;FALSE
328;senior vice president operations strategy for carnival corporation amp plc.;Ashtead Group plc1.pdf;FALSE
329;independent nonexecutive director;Ashtead Group plc1.pdf;FALSE
330;lucinda riches was appointed as a nonexecutive director in june .;Ashtead Group plc1.pdf;FALSE
331;lucinda has extensive investment banking and capital markets experience.;Ashtead Group plc1.pdf;FALSE
332;lucinda was formerly global head of equity capital markets and a member of the board of ubs investment bank.;Ashtead Group plc1.pdf;FALSE
333;graduated in philosophy politics and economics from oxford university and a masters in political science from the university of pennsylvania;Ashtead Group plc1.pdf;FALSE
334;nonexecutive director of icg enterprise trust plc greencoat uk wind plc and nonexecutive chair of peel hunt limited.;Ashtead Group plc1.pdf;FALSE
335;independent nonexecutive director;Ashtead Group plc1.pdf;FALSE
336;lindsley ruth was appointed as a nonexecutive director in may .;Ashtead Group plc1.pdf;FALSE
337;lindsley brings extensive knowledge of our end markets to the board particularly north america.;Ashtead Group plc1.pdf;FALSE
338;lindsley is chief executive officer of rs group plc where he was appointed in april .;Ashtead Group plc1.pdf;FALSE
339;graduated in engineering from texas aampm university;Ashtead Group plc1.pdf;FALSE
340;chief executive officer of rs group plc and is a memb;Ashtead Group plc1.pdf;FALSE
341;less than of all water on earth is available for human and environmental use making it a precious resource.;ASM International N.V.1.pdf;FALSE
342;asm publishes its new water policy which aims to define how we engage in water security including our dependencies setting our water stewardship principles sharing how we will collaborate and engage on the issues related to water security how we align to recognized standards and how we will set targets to measure our progress.;ASM International N.V.1.pdf;FALSE
343;asm has a water objective to maintain or reduce our normalized water withdrawal revenue intensity at or below our level of m million revenue across all operations through reduction reuse or restoration methods.;ASM International N.V.1.pdf;FALSE
344;despite this years positive result ongoing focus and additional actions will be required to ensure that we continue to meet our target in the coming years.;ASM International N.V.1.pdf;FALSE
345;our three primary engineering centers in south korea japan and phoenix u.s. accounted for of our water consumption in primarily for cooling and abatement purposes related to our process equipment use and all are located in mediumhigh or extremely high waterstressed regions based on wri aqueduct water stress baseline assessments.;ASM International N.V.1.pdf;FALSE
346;asm is forward looking and recognizes that projected water stress is likely to worsen in all locations.;ASM International N.V.1.pdf;FALSE
347;as a course of standard practice the wastewater treatment systems at our engineering sites all have water reuserecirculation capabilities to minimize consumption.;ASM International N.V.1.pdf;FALSE
348;water stress is defined as the ratio of total water withdrawals to the available renewable surface and groundwater supplies.;ASM International N.V.1.pdf;FALSE
349;water stress water stress water stress water stress water stress water stress water stress;ASM International N.V.1.pdf;FALSE
350;location key operations baseline water stress projected stress withdrawals m x;ASM International N.V.1.pdf;FALSE
351;almere special projects low mediumhigh;ASM International N.V.1.pdf;FALSE
352;singapore manufacturing low extremelyhigh;ASM International N.V.1.pdf;FALSE
353;dongtan engineering manufacturing mediumhigh high;ASM International N.V.1.pdf;FALSE
354;tama engineering mediumhigh extremelyhigh;ASM International N.V.1.pdf;FALSE
355;phoenix engineering high extremelyhigh;ASM International N.V.1.pdf;FALSE
356;based on wri aqueduct water stress assessment;ASM International N.V.1.pdf;FALSE
357;in we took action on opportunities that we identified in water audits at our key engineering sites in .;ASM International N.V.1.pdf;FALSE
358;our singapore manufacturing site implemented an engineering solution to reduce the use of process cooling water pcw by an estimated m year.;ASM International N.V.1.pdf;FALSE
359;ways in which we engaged and collaborated in included;ASM International N.V.1.pdf;FALSE
360;water stress water stress water stress water stress water stress water stress water stress;ASM International N.V.1.pdf;FALSE
361;almere special projects low mediumhigh;ASM International N.V.1.pdf;FALSE
362;we conducted our audit in accordance with dutch law including the dutch standards on auditing.;ASR Nederland N.V.1.pdf;FALSE
363;we are independent of asr nederland n.v. in accordance with the verordening inzake de onafhankelijkheid van accountants bij assuranceopdrachten vio code of ethics for professional accountants a regulation with respect to independence and other relevant independence regulations in the netherlands.;ASR Nederland N.V.1.pdf;FALSE
364;we designed our audit procedures in the context of our audit of the financial statements as a whole and in forming our opinion thereon.;ASR Nederland N.V.1.pdf;FALSE
365;we believe the audit evidence we have obtained is sufficient and appropriate to provide a basis for our opinion.;ASR Nederland N.V.1.pdf;FALSE
366;materiality of eur million based on average result before tax over the last three years approx.;ASR Nederland N.V.1.pdf;FALSE
367;acquisition of sk versicherung ag founded in as a joint venture between a number of austrian insurance companies by austria signing an exclusive year sales agreement with öamtc austrian automobile motorcycle and touring club.;Assicurazioni Generali S.p.A.1.pdf;FALSE
368;generali ceska pojistovna acquires the insurance business of generali poistovna in slovakia.;Assicurazioni Generali S.p.A.1.pdf;FALSE
369;the growth of life premiums was sustained by the satisfactory performance of capitallight products of the protection lines.;Assicurazioni Generali S.p.A.1.pdf;FALSE
370;the growth in volumes was mostly recorded in the czech republic including slovakia supported by the protection lines followed by linked products austria thanks to greater unitlinked and health insurance coverage hungary driven by ul products slovenia supported by protection and ul products serbia .;Assicurazioni Generali S.p.A.1.pdf;FALSE
371;new business in terms of present value of new business premiums pvnbp fell by .;Assicurazioni Generali S.p.A.1.pdf;FALSE
372;the profitability of new business on the pvnbp is more or less stable p.p. reaching satisfactory levels thanks to the high profitability of risk products.;Assicurazioni Generali S.p.A.1.pdf;FALSE
373;new business value amounted to million .;Assicurazioni Generali S.p.A.1.pdf;FALSE
374;pampc premiums grew by driven by the overall satisfactory performance of the main lines of business.;Assicurazioni Generali S.p.A.1.pdf;FALSE
375;positive contributions were recorded in the czech republic including slovakia austria partly supported by tariff indexlinking hungary romania bulgaria slovenia croatia and montenegro . the de;Assicurazioni Generali S.p.A.1.pdf;FALSE
376;primark has set a goal to remove all single use plastic by .;Associated British Foods plc1.pdf;FALSE
377;uk grocery ab sugar and george weston foods have also made significant commitments backed up with actions to remove unnecessary andproblematic plastic packaging which can be found in our responsibility report.;Associated British Foods plc1.pdf;FALSE
378;carbon enablement is where our products or services assist others in reducing their ghg emissions.;Associated British Foods plc1.pdf;FALSE
379;ab enzymes ab agri and ab sugar have enablement at the core of their purpose.;Associated British Foods plc1.pdf;FALSE
380;ab enzymes is helping detergent manufacturers to produce their products in a more energyefficient way.the addition of specialist enzymes produced by the business enables clothes to be washed at c just as effectively as at c. this reduces electricity consumption by around kwh per washes.;Associated British Foods plc1.pdf;FALSE
381;ab agris intellync business has developed farm footprints a measurement system for assessing onfarm emissions.;Associated British Foods plc1.pdf;FALSE
382;circularity is an important consideration in the way many of our businesses approach product development product packaging and waste.;Associated British Foods plc1.pdf;FALSE
383;primark has committed to improve the durability of its clothes by so that customers can enjoy them for longer.;Associated British Foods plc1.pdf;FALSE
384;vivergo has invested to expand its operations creating the largest bioethanol plant in the uk.;Associated British Foods plc1.pdf;FALSE
385;primark is increasingly using recyclable by design principles and methods to ensure its clothing is designed and manufactured with circularity in mind.;Associated British Foods plc1.pdf;FALSE
386;it is now developing training to help scale this approach across its product range.;Associated British Foods plc1.pdf;FALSE
387;we recognise that climate change represents a material risk throughout our supply chains and poses challenges to some of our businesses worldwide.;Associated British Foods plc1.pdf;FALSE
388;as we consider the impacts of climate change it is clear that transitioning to a low carbon economy presents opportunities for our businesses and that tcfd is not simply an exercise in risk mitigation or reporting.;Associated British Foods plc1.pdf;FALSE
389;primarily in scope has targeted a reduction across its value chain in absolute terms by .;Associated British Foods plc1.pdf;FALSE
390;our culture favours taking action today wherever we can make a positive difference instead of leaning on future promises based on imprecise assumptions.;Associated British Foods plc1.pdf;FALSE
391;the diversified nature of abf means that targets are decided and set by businesses based on what is appropriate and relevant for them.;Associated British Foods plc1.pdf;FALSE
392;each has set its own emission reduction target.;Associated British Foods plc1.pdf;FALSE
393;we believe we can reach net zero by if not sooner and we are committed to doing what we can to go further faster.;Associated British Foods plc1.pdf;FALSE
394;last year we set out our approach to tcfd and our corresponding action plan.;Associated British Foods plc1.pdf;FALSE
395;we have assessed the impact of climate risks and opportunities taking into consideration different climate scenarios including ltc and c scenarios to assess the resilience of the group to climate change.;Associated British Foods plc1.pdf;FALSE
396;while there may be risks that will need to be managed by midcentury these do not appear to be sufficiently substantive to require a material change to our business model or divisional strategies within the time horizons considered.;Associated British Foods plc1.pdf;FALSE
397;the board is responsible for overseeing climaterelated issues.;Associated British Foods plc1.pdf;FALSE
398;the board reviews each business segment in depth every year which will include a review of material esg issues.;Associated British Foods plc1.pdf;FALSE
399;for our third investor day held in may we included an analysis of the most important environmental factors relevant to our businesses including an overview of our tcfd analysis to date which we summarise here together with addition;Associated British Foods plc1.pdf;FALSE
400;the success of astrazeneca is built on being true to our purpose and living our values to deliver for people society and the planet.;AstraZeneca PLC1.pdf;FALSE
401;our rampd success and revenue increase in demonstrate that we are on track to deliver industryleading revenue growth through and beyond and have set astrazeneca on a path to deliver at least new medicines before the end of the decade.;AstraZeneca PLC1.pdf;FALSE
402;was a year of continued strong performance and execution of our longterm growth strategy.;AstraZeneca PLC1.pdf;FALSE
403;in our therapy areas total revenue for oncology increased by at cer cardiovascular renal amp metabolism by at cer respiratory amp immunology fell by but rose at cer and rare disease rose by at cer.;AstraZeneca PLC1.pdf;FALSE
404;in the us total revenue was up in and in europe it grew by at cer.;AstraZeneca PLC1.pdf;FALSE
405;our success is built on relentlessly pushing the boundaries of science to deliver lifechanging medicines.;AstraZeneca PLC1.pdf;FALSE
406;during the year our pioneering science was evident across all therapy areas.;AstraZeneca PLC1.pdf;FALSE
407;building on alexions year history in rare disease in we announced the positive highlevel results of the alpha phase iii trial of danicopan an investigational oral factor d inhibitor as an addon to ultomiris or soliris;AstraZeneca PLC1.pdf;FALSE
408;regulatory events submissions or approvals in major markets for the treatment of pnh a rare and lifethreatening blood disorder in patients who experience clinically significant extravascular haemolysis.;AstraZeneca PLC1.pdf;FALSE
409;in a year of many achievements no one in the room at the american society of clinical oncology annual meeting last june will forget the standing ovation that greeted the positive phase iii results for enhertu in advanced herlow breast cancer.;AstraZeneca PLC1.pdf;FALSE
410;our commitment to science was further demonstrated during the year by our announcement in april of plans for a new strategic rampd centre and alexion headquarters in kendall square cambridge ma us.;AstraZeneca PLC1.pdf;FALSE
411;of course pushing boundaries sometimes means setbacks and we had some lifecycle management trials during the year that did not meet their primary objectives. our rampd success and revenue increase in;AstraZeneca PLC1.pdf;FALSE
412;we have recently launched sales insight tools and increased the volume of paying retail check and retail accelerator customers.;Auto Trader Group PLC3.pdf;FALSE
413;we have entered into data sharing agreements with a number of oems improving our data sets and now power experians icache product which provides insurance companies with enriched data to provide more competitive consumer quotes.;Auto Trader Group PLC3.pdf;FALSE
414;we have made substantial progress during the year in migrating our platform and technology infrastructure to the cloud.;Auto Trader Group PLC3.pdf;FALSE
415;whilst stock limitations have impacted sales compared to normal prepandemic conditions consumer demand engagement and prices all remain robust which in turn is helping to drive strong margins.;Auto Trader Group PLC3.pdf;FALSE
416;data amp insight director c. of thirdparty software providers integrated with auto trader connect;Auto Trader Group PLC3.pdf;FALSE
417;c m guaranteed valuations given to consumers in;Auto Trader Group PLC3.pdf;FALSE
418;during the year a total of .m shares nil were purchased for a total consideration of .m nil before transaction costs of .m nil.;Auto Trader Group PLC3.pdf;FALSE
419;the directors are recommending a final dividend of pence per share.;Auto Trader Group PLC3.pdf;FALSE
420;in the coming year it is expected that the group will draw on its revolving credit facility to fund part of the initial consideration relating to the autorama acquisition.;Auto Trader Group PLC3.pdf;FALSE
421;we have launched auto trader connect which was included in retailer packages in april as part of our annual pricing event.;Auto Trader Group PLC3.pdf;FALSE
422;business enabling it to grow whilst returning around one third of net income to shareholders in the form of dividends.;Auto Trader Group PLC3.pdf;FALSE
423;the group generated significant cash from operations during the period.;Auto Trader Group PLC3.pdf;FALSE
424;financial projections for the next months include the capital commitment to acquire autorama uk limited given the likelihood of the event.;Auto Trader Group PLC3.pdf;FALSE
425;this removes the inefficiencies of daily data feeds and we currently have integration with c. of thirdparty software providers with auto trader connect.;Auto Trader Group PLC3.pdf;FALSE
426;the group has agreed to acquire subject to regulatory approvals which at the date of this report had not all been received the share capital of autorama uk limited.;Auto Trader Group PLC3.pdf;FALSE
427;once issued the shares will vest over a period of two years in;Auto Trader Group PLC3.pdf;FALSE
428;the results of the internal audits are reported quarterly both in writing and orally at the board meetings and the audit committee as well as to the ceo.;Avanza Bank Holding AB1.pdf;FALSE
429;the board is responsible under the provisions of the swedish companies act the swedish annual accounts act and the swedish code of conduct for corporate governance the code for internal control for both avanza and the entire avanza group.;Avanza Bank Holding AB1.pdf;FALSE
430;internal control over financial reporting is a process the purpose of which is to ensure compliance with the established principles for internal control and financial reporting and that the financial reporting is prepared in accordance with laws regulations applicable accounting standards and generally accepted accounting principles as well as all other requirements for companies with transferable securities listed for trade in a regulated market.;Avanza Bank Holding AB1.pdf;FALSE
431;the keys to avanzas internal control over financial reporting are the control environment described in this corporate governance report a clear and transparent organisational structure the distribution of responsibilities and governing internal documents such as policies guidelines and instructions.;Avanza Bank Holding AB1.pdf;FALSE
432;another component of the control environment is risk assessment i.e. identification and management of risks that can affect financial reporting as well as the control activities to prevent identify and rectify errors and discrepancies.;Avanza Bank Holding AB1.pdf;FALSE
433;management of risks related to the financial reporting is proactive and emphasises continuous assessments controls and training.;Avanza Bank Holding AB1.pdf;FALSE
434;refer to previous page for more information.;Avanza Bank Holding AB1.pdf;FALSE
435;control activities are integrated into the financial reporting process.;Avanza Bank Holding AB1.pdf;FALSE
436;each department manager has primary responsibility for managing the risks associated with the departments operations and financial reporting processes.;Avanza Bank Holding AB1.pdf;FALSE
437;a high level of it security is also crucial to effective internal control over financial reporting.;Avanza Bank Holding AB1.pdf;FALSE
438;the information and communication channels are designed to promote thoroughness and accuracy in the financial reporting.;Avanza Bank Holding AB1.pdf;FALSE
439;continuous information dialogue training and controls ensure that the employees are aware of and understand the internal regula tions.;Avanza Bank Holding AB1.pdf;FALSE
440;avanzas controller function compiles and reports financial and operating data and analyses to department managers group management and the board.;Avanza Bank Holding AB1.pdf;FALSE
441;the control functions risk management compliance and internal audit monitor compliance with policies guidelines and instructions.;Avanza Bank Holding AB1.pdf;FALSE
442;the board receives monthly financial reports and the financial situation is addressed at every board meeting.;Avanza Bank Holding AB1.pdf;FALSE
443;the board also reviews the quarterly financial reports and annual accounts as well as the observations and conclusions of the external and internal auditors.;Avanza Bank Holding AB1.pdf;FALSE
444;the groups information and communication channels are monitored on a regular basis to ensure they are appropriate for the financial reporting.;Avanza Bank Holding AB1.pdf;FALSE
445;internal audits work is based on an audit plan established annually by the board of each subsid;Avanza Bank Holding AB1.pdf;FALSE
446;this note gives details of the properties we hold for longterm rental yields or capital appreciation.;Aviva plc1.pdf;FALSE
447;freehold m leasehold m total m freehold m leasehold m total m;Aviva plc1.pdf;FALSE
448;capitalised expenditure on existing properties;Aviva plc1.pdf;FALSE
449;foreign exchange rate movements;Aviva plc1.pdf;FALSE
450;see note for further information on the fair value measurement and valuation techniques of investment property.;Aviva plc1.pdf;FALSE
451;the fair value of investment properties leased to third parties under operating leases at december was million million.;Aviva plc1.pdf;FALSE
452;the groups leased assets primarily consist of properties occupied by group companies carried at amortised cost see note leasehold investment properties carried at fair value see note which are sublet to third parties and real estate long income finance leases see note .;Aviva plc1.pdf;FALSE
453;although the group is exposed to changes in the residual value at the end of the current leases to third parties on investment property the group typically enters into new operating leases and therefore is not expected to immediately realise any reduction in residual value at the end of these leases.;Aviva plc1.pdf;FALSE
454;i the following amounts in respect of leased assets have been recognised in the groups consolidated income statement.;Aviva plc1.pdf;FALSE
455;interest expense on lease liabilities;Aviva plc1.pdf;FALSE
456;total lease expenses recognised in the income statement;Aviva plc1.pdf;FALSE
457;total cash outflows recognised in the period in relation to leases were million million.;Aviva plc1.pdf;FALSE
458;ii the following table analyses the rightofuse assets relating to leased properties occupied by group companies.;Aviva plc1.pdf;FALSE
459;foreign exchange rate movements;Aviva plc1.pdf;FALSE
460;impairment of rightofuse assets;Aviva plc1.pdf;FALSE
461;modification of rightofuse assets;Aviva plc1.pdf;FALSE
462;there were no gains arising from sale and leaseback transactions during the year.;Aviva plc1.pdf;FALSE
463;in million impairment arose from the reduction in the groups property footprint.;Aviva plc1.pdf;FALSE
464;iii lease liabilities included within note total million million.;Aviva plc1.pdf;FALSE
465;later than year and not later than years;Aviva plc1.pdf;FALSE
466;capitalised expenditure on existing properties;Aviva plc1.pdf;FALSE
467;foreign exchange rate movements;Aviva plc1.pdf;FALSE
468;total lease expenses recognised in the income statement;Aviva plc1.pdf;FALSE
469;impairment of rightofuse assets;Aviva plc1.pdf;FALSE
470;table transactions with aff iliated companies and companies with which the company has a participating interest;AXA SA1.pdf;FALSE
471;affiliated companies affiliated companies affiliated companies companies with which there is a participating interest companies with which there is a participating interest companies with which there is a participating interest;AXA SA1.pdf;FALSE
472;in euro million gross value provision net value gross value provision net value;AXA SA1.pdf;FALSE
473;in euro million upto year from year to years more than years total total;AXA SA1.pdf;FALSE
474;receivables arising from direct insurance transactions;AXA SA1.pdf;FALSE
475;other receivables arising from direct insurance operations;AXA SA1.pdf;FALSE
476;receivables arising from reinsurance operations excluding provision for doubtful debts;AXA SA1.pdf;FALSE
477;provision for receivables arising from doubtful reinsurance operations;AXA SA1.pdf;FALSE
478;government social security bodies and local authorities;AXA SA1.pdf;FALSE
479;affiliated companies affiliated companies affiliated companies companies with which there is a participating interest companies with which there is a participating interest companies with which there is a participating interest;AXA SA1.pdf;FALSE
480;in euro million gross value provision w gross value provision net value;AXA SA1.pdf;FALSE
481;receivables arising from direct insurance operations;AXA SA1.pdf;FALSE
482;on intermediaries and coinsurers;AXA SA1.pdf;FALSE
483;on intermediaries and coinsurers;AXA SA1.pdf;FALSE
484;receivables arising from reinsurance operations;AXA SA1.pdf;FALSE
485;affiliated companies affiliated companies affiliated companies companies with which there is a participating interest companies with which there is a participating interest companies with which there is a participating interest;AXA SA1.pdf;FALSE
486;other receivables arising from direct insurance operations;AXA SA1.pdf;FALSE
487;affiliated companies affiliated companies affiliated companies companies with which there is a participating interest companies with which there is a participating interest companies with which there is a participating interest;AXA SA1.pdf;FALSE
488;taxation expense including equity accounted investments of m reflects the groups underlying effective tax rate for the year of adjusted for the impact of the uk tax rate adjustment.;BAE Systems plc1.pdf;FALSE
489;the calculation of the underlying effective tax rate is shown in note to the group accounts on page .;BAE Systems plc1.pdf;FALSE
490;underlying earnings per share for the year increased by excluding the impact of exchange translation to .p .p excluding the oneoff tax benefit.;BAE Systems plc1.pdf;FALSE
491;basic earnings per share was .p .p.;BAE Systems plc1.pdf;FALSE
492;order intake increased by m to m m.;BAE Systems plc1.pdf;FALSE
493;order backlog increased by .bn to .bn .bn.;BAE Systems plc1.pdf;FALSE
494;order book increased by .bn to .bn .bn.;BAE Systems plc1.pdf;FALSE
495;earnings per share earnings per share earnings per share earnings per share;BAE Systems plc1.pdf;FALSE
496;financial performance measures as defined by the group financial performance measures as defined by the group financial performance measures as defined by the group;BAE Systems plc1.pdf;FALSE
497;underlying earnings excluding the oneoff tax benefit m m underlying earnings excluding the oneoff tax benefit;BAE Systems plc1.pdf;FALSE
498;underlying earnings per share excluding the oneoff tax benefit kpi .p .p underlying earnings per share excluding the oneoff tax benefit kpi;BAE Systems plc1.pdf;FALSE
499;underlying earnings including the oneoff tax benefit m m underlying earnings including the oneoff tax benefit;BAE Systems plc1.pdf;FALSE
500;underlying earnings per share including the oneoff tax benefit .p .p underlying earnings per share including the oneoff tax benefit;BAE Systems plc1.pdf;FALSE
501;financial performance measures derived from ifrs financial performance measures derived from ifrs financial performance measures derived from ifrs;BAE Systems plc1.pdf;FALSE
502;profit for the year attributable to equity shareholders m m profit for the year attributable to equity shareholders;BAE Systems plc1.pdf;FALSE
503;basic earnings per share .p .p basic earnings per share;BAE Systems plc1.pdf;FALSE
504;reconciliation of underlying earnings to profit for the year attributable to equity shareholders m m reconciliation of underlying earnings to profit for the year attributable to equity shareholders;BAE Systems plc1.pdf;FALSE
505;underlying earnings excluding the oneoff tax benefit underlying earnings excluding the oneoff tax benefit;BAE Systems plc1.pdf;FALSE
506;adjusting items post tax adjusting items post tax;BAE Systems plc1.pdf;FALSE
507;amortisation of programme customerrelated and other intangible assets and impairment of intangibles post tax amortisation of programme customerrelated and other intangible assets and impairment of intangibles post tax;BAE Systems plc1.pdf;FALSE
508;net interest expense on postemployment benefit obligations post tax net interest expense on postemployment benefit obligations post tax;BAE Systems plc1.pdf;FALSE
509;fair value and foreign exchange adjustments on financial instruments and investments post tax fair value and foreign exchange adjustments on financial instruments and investments post tax;BAE Systems plc1.pdf;FALSE
510;oneoff tax benefit oneoff tax benefit oneoff tax benefit;BAE Systems plc1.pdf;FALSE
511;profit for the year attributable to equity shareholders profit for the year attributable to equity shareholders;BAE Systems plc1.pdf;FALSE
512;noncontrolling interests noncontrolling interests;BAE Systems plc1.pdf;FALSE
513;profit for the year profit for the year;BAE Systems plc1.pdf;FALSE
514;order backlog .bn order backlog .bn order backlog .bn;BAE Systems plc1.pdf;FALSE
515;order intake order intake order intake;BAE Systems plc1.pdf;FALSE
516;financial performance measures derived from ifrs financial performance measures derived from ifrs financial performance measures derived from ifrs;BAE Systems plc1.pdf;FALSE
517;order book .bn .bn order book .bn;BAE Systems plc1.pdf;FALSE
518;earnings per share earnings per share earnings per share earnings per share;BAE Systems plc1.pdf;FALSE
519;underlying earnings excluding the oneoff tax benefit m m underlying earnings excluding the oneoff tax benefit;BAE Systems plc1.pdf;FALSE
520;underlying earnings per share including the oneoff tax benefit .p .p underlying earnings per share including the oneoff tax benefit;BAE Systems plc1.pdf;FALSE
521;basic earnings per share .p .p basic earnings per share;BAE Systems plc1.pdf;FALSE
522;adjusting items post tax adjusting items post tax;BAE Systems plc1.pdf;FALSE
523;fair value and foreign exchange adjustments on financial instruments and investments post tax fair value and foreign exchange adjustments on financial instruments and investments post tax;BAE Systems plc1.pdf;FALSE
524;noncontrolling interests noncontrolling interests;BAE Systems plc1.pdf;FALSE
525;energy consumption and emissions change from;Bakkafrost PF2.pdf;FALSE
526;indirect energy electricity use scope;Bakkafrost PF2.pdf;FALSE
527;indirect energy electricity use scope;Bakkafrost PF2.pdf;FALSE
528;total emissions from energy scope and;Bakkafrost PF2.pdf;FALSE
529;total scope emissions see boundary below;Bakkafrost PF2.pdf;FALSE
530;tonnes of product sold see products below tonnes tonnes tonnes;Bakkafrost PF2.pdf;FALSE
531;tcoe emitted per tonne of product sold all bakkafrost faroe islandsscotland scope;Bakkafrost PF2.pdf;FALSE
532;tcoe emitted per tonne of product sold all bakkafrost faroe islandsscotland scope;Bakkafrost PF2.pdf;FALSE
533;the table above outlines the energy consumption and ghg emissions for scope and between and .;Bakkafrost PF2.pdf;FALSE
534;energy consumption and ghg emissions are now reported from our selected base year to the most recent reporting period.;Bakkafrost PF2.pdf;FALSE
535;as of energy consumption and ghg emissions for bakkafrost faroe islands us uk scotland and munkebo denmark are reported together.;Bakkafrost PF2.pdf;FALSE
536;bakkafrost faroe islands biogas broodstock hatcheries farming harvesting processing including smokery packaging used for fishmeal oil and feed production and biogas production to be sold to the national grid.;Bakkafrost PF2.pdf;FALSE
537;bakkafrost us fishmeal oil and feed packaging which we produce and sell to other fish farmers and service vessels used for other farms.;Bakkafrost PF2.pdf;FALSE
538;bakkafrost uk office energy consumption.;Bakkafrost PF2.pdf;FALSE
539;bakkafrost scotland all our farming harvesting and processing operations. munkebo denmark site energy consumption.;Bakkafrost PF2.pdf;FALSE
540;our twoandahalfyear production cycle means there is some variability in production.;Bakkafrost PF2.pdf;FALSE
541;electricity consumption scope gives rise to indirect emissions i.e. via combustion of fossil fuels by the power company to generate energy.;Bakkafrost PF2.pdf;FALSE
542;the methodology used for the carbon accounting is the greenhouse gas protocol a corporate accounting and reporting standard revised edition.;Bakkafrost PF2.pdf;FALSE
543;we quantified our indirect scope emissions for bakkafrost faroe islands in and bakkafrost scotland in .;Bakkafrost PF2.pdf;FALSE
544;this included downstream transportation and distribution of products purchased goods or services use of sold products endoflife treatment of sold products upstream transportation and distribution employee commuting business travel fuel and energy related activities and waste generated in operations.;Bakkafrost PF2.pdf;FALSE
545;we are aware that in future further categories may be included within the scope of our scope calculation.;Bakkafrost PF2.pdf;FALSE
546;we have also reconfirmed the materiality of capital goods emissions for bakkafrost faroe islands and bakkafrost scotland in the scope footprint in order to be able to continue to justify its exclusion.;Bakkafrost PF2.pdf;FALSE
547;we have made improvements to the methodology of the scope calculation in .;Bakkafrost PF2.pdf;FALSE
548;the main reason for the reduction is the exclusion of embodied feed emissions supplied from bakkafrost faroe islands to bakkafrost scotland;Bakkafrost PF2.pdf;FALSE
549;which are captured under scope and emissions and the removal of capital goods emissions from bakkafrost scotland which were previously reported under scope emissions.;Bakkafrost PF2.pdf;FALSE
550;we have implemented a new kpi which now benchmarks annual scope and emissions against tonnes of sold product rather than salmon produced.;Bakkafrost PF2.pdf;FALSE
551;the chosen consolidation approach for emissions was operational control.;Bakkafrost PF2.pdf;FALSE
552;estimates were made for scotland ferry business travel between august december.;Bakkafrost PF2.pdf;FALSE
553;all emission and conversion factors for direct emissions scope are from beis uk s dataset while emission factors for electricity use are based on the most recent statistical data available obtained from iea beis or direct from umhvrvisstovan the faroe islands environment agency.;Bakkafrost PF2.pdf;FALSE
554;tonnes of carbon dioxide equivalent tco e has been calculated and stated here this then takes account of the global warming potential attributed to the other two key greenhouse gases associated with combustion of fossil fuels in addition to carbondioxide co i.e. methane ch and nitrous oxide no.;Bakkafrost PF2.pdf;FALSE
555;energy consumption and emissions change from;Bakkafrost PF2.pdf;FALSE
556;indirect energy electricity use scope;Bakkafrost PF2.pdf;FALSE
557;tonnes of product sold see products below tonnes tonnes tonnes tco;Bakkafrost PF2.pdf;FALSE
558;balfour beattys governance structure and organisation hierarchy underpin all group activities and ensure that the business is managed and operated effectively.;Balfour Beatty plc1.pdf;FALSE
559;the board is responsible for setting the cultural framework of the business including its purpose strategy values and behaviours.;Balfour Beatty plc1.pdf;FALSE
560;the safety and sustainability committee ssc reviews the groups sustainability strategy building new futures and monitors progress on climaterelated issues.;Balfour Beatty plc1.pdf;FALSE
561;the ssc agenda is separated into two specific areas of focus i health and safety and ii sustainability allowing for more time and emphasis on climaterelated matters.;Balfour Beatty plc1.pdf;FALSE
562;the audit and risk committee arc supports the board in its oversight of all group risks which include climaterelated risks and opportunities.;Balfour Beatty plc1.pdf;FALSE
563;where climaterelated matters were discussed this is evidenced accordingly in meeting minutes.;Balfour Beatty plc1.pdf;FALSE
564;the executive committees excom responsibility includes setting ambitions and targets in relation to climaterelated matters under the building new futures sustainability strategy and supporting businesses to develop action plans.;Balfour Beatty plc1.pdf;FALSE
565;strategic business unit sbu managing directors have responsibility for the identification and management of climaterelated risks relevant to their business and arrange ownership of targeted controls and actions.;Balfour Beatty plc1.pdf;FALSE
566;carbon performance information is also presented to senior leaders throughout the year allowing them to make decisions about carbon reduction initiatives required to achieve targets.;Balfour Beatty plc1.pdf;FALSE
567;a tcfd working group oversees the implementation of climaterelated risk management processes and reporting.;Balfour Beatty plc1.pdf;FALSE
568;climaterelated issues are discussed with the excom as part of the sustainability updates provided by the director of sustainability.;Balfour Beatty plc1.pdf;FALSE
569;the tcfd working group led by the director of risk and audit includes senior management representation from finance risk and sustainability and draws on functional support from the wider business.;Balfour Beatty plc1.pdf;FALSE
570;the key objectives of the tcfd working group are to communicate tcfd reporting requirements to key stakeholders within the business to build awareness of climaterelated risks and opportunities that could impact the group to identify analyse and disclose high priority or potential;Balfour Beatty plc1.pdf;FALSE
571;monetary authority secured funding tfsme m tltro iii m total m tfsme m tltro iii m total m;Bank of Ireland Group Plc1.pdf;FALSE
572;during the group secured funding from the ecb under tltro iii.;Bank of Ireland Group Plc1.pdf;FALSE
573;negative interest on the tltro iii is recognised in interest income.;Bank of Ireland Group Plc1.pdf;FALSE
574;the movement in own credit risk related to the groups customer accounts designated at fvtpl for the year is shown below.;Bank of Ireland Group Plc1.pdf;FALSE
575;the carrying amount of the customer accounts designated at ftpl at december is bmillion bmillion lower than the contractual amount due at maturity of bmillion the carrying amount was bmillion bmillion higher than the contractual amount due at maturity of bmillion.;Bank of Ireland Group Plc1.pdf;FALSE
576;t december the groups largest customer deposits amounted to glyphltcfontfvxvnxopensansgt glyphltcfontfvxvnxopensansgt of customer accounts.;Bank of Ireland Group Plc1.pdf;FALSE
577;t december customer accounts include client deposits amounting to b million whereby davy which became a group undertaking effective une acts as a financial intermediary.;Bank of Ireland Group Plc1.pdf;FALSE
578;term deposits and other products include a number of term accounts that contain easy access features.;Bank of Ireland Group Plc1.pdf;FALSE
579;nder the european communities deposit guarantee scheme regulations eligible deposits of up to per depositor per credit institution are covered.;Bank of Ireland Group Plc1.pdf;FALSE
580;drawings under the term funding scheme for small and mediumglyphltcfontfvxvnxopensansgtsied enterprises tfsme from the bank of england boe will be repaid by october .;Bank of Ireland Group Plc1.pdf;FALSE
581;the groups monetary uthority funding is secured by debt securities at amortised cost financial assets at foci and loans and advances to customers.;Bank of Ireland Group Plc1.pdf;FALSE
582;on ovember the ec released a proposal european deposit insurance scheme edis designed to achieve a common european deposit protection scheme by .;Bank of Ireland Group Plc1.pdf;FALSE
583;term deposits and other products;Bank of Ireland Group Plc1.pdf;FALSE
584;customer accounts at amortised cost;Bank of Ireland Group Plc1.pdf;FALSE
585;due to associates and moint ventures;Bank of Ireland Group Plc1.pdf;FALSE
586;movement in own credit risk on deposits at fvtpl m m;Bank of Ireland Group Plc1.pdf;FALSE
587;balance at beginning of the year;Bank of Ireland Group Plc1.pdf;FALSE
588;recognised in other comprehensive income;Bank of Ireland Group Plc1.pdf;FALSE
589;comparative figures have been restated to reflect the impact of the voluntary change in accounting policy for the presentation of portfolio fair value hedge adjustment.;Bank of Ireland Group Plc1.pdf;FALSE
590;due to associates and moint ventures;Bank of Ireland Group Plc1.pdf;FALSE
591;movement in own credit risk on deposits at fvtpl m;Bank of Ireland Group Plc1.pdf;FALSE
592;bcvs own occupational pension funds held no bcv shares at december .;Banque Cantonale Vaudoise1.pdf;FALSE
593;there were no employer contribution reserves at end or end.;Banque Cantonale Vaudoise1.pdf;FALSE
594;economic benefitliability and pension expenses surplus deficit economic benefitliability economic benefitliability economic benefitliability contributions adjusted for the period pension expenses included in personnel costs pension expenses included in personnel costs;Banque Cantonale Vaudoise1.pdf;FALSE
595;fonds de prvoyance en faveur du personnel de la bcv;Banque Cantonale Vaudoise1.pdf;FALSE
596;pension funds with no surplus or defi cit caisse de pensions de la bcv;Banque Cantonale Vaudoise1.pdf;FALSE
597;fondation de prvoyance compl mentaire en faveur de lencadrement suprieur de la bcv;Banque Cantonale Vaudoise1.pdf;FALSE
598;since the intention is not to apply the surpluses to reduce or refund the employers contributions or for the employer to use them for any economic purpose other than regulatory benefits there is no identifiable economic benefit to be recognized on the balance sheet.;Banque Cantonale Vaudoise1.pdf;FALSE
599;the surplus or deficit of a pension fund is based on its unaudited interim accounts at september .;Banque Cantonale Vaudoise1.pdf;FALSE
600;bcv group employees are members of the caisse de pensions de la banque cantonale vaudoise cp bcv.;Banque Cantonale Vaudoise1.pdf;FALSE
601;senior executives insured with the cp bcv are also members of the fondation de prvoyance complmentaire de la banque cantonale vaudoise the purpose of which is to insure its members against the economic consequences of retirement disability and death by guaranteeing benefits in accordance with the terms of the pensionfund regulations.;Banque Cantonale Vaudoise1.pdf;FALSE
602;the fonds de prvoyance en faveur du personnel de la bcv is an employeroperated fund that assists bcv employees in dealing with the economic consequences of old age disability illness and early retirement.;Banque Cantonale Vaudoise1.pdf;FALSE
603;economic benefitliability and pension expenses surplus deficit economic benefitliability economic benefitliability economic benefitliability contributions adjusted for the period pension expenses included in personnel costs pension expenses included in personnel costs;Banque Cantonale Vaudoise1.pdf;FALSE
604;notes to the consolidated financial statements;Barry Callebaut AG3.pdf;FALSE
605;as of august in chf million hedge ineffectiveness recognized in the consolidated income statement line item in the consolidated income statement where the hedge ineffectiveness is reported;Barry Callebaut AG3.pdf;FALSE
606;commodity price risk cost of goods sold;Barry Callebaut AG3.pdf;FALSE
607;foreign exchange risk cost of goods sold;Barry Callebaut AG3.pdf;FALSE
608;certain ineffectiveness can arise during the hedging process.;Barry Callebaut AG3.pdf;FALSE
609;the following table provides further information about the effect of cash flow hedges on equity;Barry Callebaut AG3.pdf;FALSE
610;in thousands of chf commodity price risk foreign exchange risk interest rate risk total hedging reserve;Barry Callebaut AG3.pdf;FALSE
611;transfer to initial carrying amount of the hedged item;Barry Callebaut AG3.pdf;FALSE
612;transfer to the consolidated income statement for the period;Barry Callebaut AG3.pdf;FALSE
613;due to hedged cash flows that are no longer expected to occurineffectiveness;Barry Callebaut AG3.pdf;FALSE
614;due to hedged item affected the consolidated income statement;Barry Callebaut AG3.pdf;FALSE
615;currency translation adjustments;Barry Callebaut AG3.pdf;FALSE
616;transfer to initial carrying amount of the hedged item;Barry Callebaut AG3.pdf;FALSE
617;transfer to the consolidated income statement for the period;Barry Callebaut AG3.pdf;FALSE
618;due to hedged cash flows that are no longer expected to occurineffectiveness;Barry Callebaut AG3.pdf;FALSE
619;due to hedged item affected the consolidated income statement;Barry Callebaut AG3.pdf;FALSE
620;currency translation adjustments;Barry Callebaut AG3.pdf;FALSE
621;hedge ineffectiveness recognized in the;Barry Callebaut AG3.pdf;FALSE
622;statement where the hedge ineffectiveness is;Barry Callebaut AG3.pdf;FALSE
623;as of august in chf million hedge ineffectiveness recognized in the consolidated income statement line item in the consolidated income statement where the hedge ineffectiveness is reported;Barry Callebaut AG3.pdf;FALSE
624;foreign exchange risk cost of goods sold;Barry Callebaut AG3.pdf;FALSE
625;in thousands of chf commodity price risk foreign exchange risk interest rate risk total hedging reserve;Barry Callebaut AG3.pdf;FALSE
626;transfer to the consolidated income statement for the period;Barry Callebaut AG3.pdf;FALSE
627;due to hedged item affected the consolidated income statement;Barry Callebaut AG3.pdf;FALSE
628;risk area risks mitigating actions;Bavarian Nordic AS1.pdf;FALSE
629;cybersecurity disruptions including hacking malware or other external attempts to disrupt bavarian nordics ability to operate could have a significant impact on the companys it infrastructure and systems from inability to perform operationally to inability to perform commercial sales or perform rd. the impact could influence revenue or costs. constantly having continuity plans updated incl. having updated internal processes for data recovery internal procedures for security monitoring and vulnerability assessment. plans for microsegmentation to reduce the impact of attacks training and awareness campaigns both inside the it department and within the business. externally performed maturity assessments test incl. gap analysis and gap closure plan identification involvement of thirdparty cyber security specialist to ensure a constant overview of threats and preventative measures available perform annual security penetration tests and audits by a third party;Bavarian Nordic AS1.pdf;FALSE
630;development of the future pipeline bavarian nordic is strategically and operationally focused on the development of two phase studies which require significant internal resources focus and funding.;Bavarian Nordic AS1.pdf;FALSE
631;all clinical material and production facilities require regulatory approval such approvals can be delayed or even fail.;Bavarian Nordic AS1.pdf;FALSE
632;risk area risks mitigating actions;Bavarian Nordic AS1.pdf;FALSE
633;systems and processes bavarian nordic is constantly developing and maturing processes and systems to support expansion and growth inefficient processes or systems could restrict bns ability to scale up and deliver on the growth potential across products and markets investment in internal systems incl erp and bi systems constant standardization of processes and quality systems employee training;Bavarian Nordic AS1.pdf;FALSE
634;failure to supply from vendors or subcontractors bavarian nordic is increasingly using contract manufacturers cmos and these vendors may be delayed or fail in delivering.;Bavarian Nordic AS1.pdf;FALSE
635;bavarian nordic is dependent on timely delivery of materials for production or rd supply chain challenges could delay or hinder bns revenue or ability to pursue growth opportunities strong internal sales and operations planning and governance continuously demand planning for months across products and markets adequate safety inventory for core products quality control during technology transfer phase close supply chain control and direct monitoring of key vendors;Bavarian Nordic AS1.pdf;FALSE
636;risk area risks mitigating actions;Bavarian Nordic AS1.pdf;FALSE
637;development of the future pipeline bavarian nordic is strategically and operationally focused on the development of two phase studies which require significant internal resources focus and funding.;Bavarian Nordic AS1.pdf;FALSE
638;all clinical material and production facilities require regulatory approval such approvals can be delayed or even fail.;Bavarian Nordic AS1.pdf;FALSE
639;risk area risks mitigating actions;Bavarian Nordic AS1.pdf;FALSE
640;failure to supply from vendors or subcontractors bavarian nordic is increasingly using contract manufacturers cmos and these vendors may be delayed or fail in delivering. bavarian nordic is dependent on timely delivery of materials for production or rd supply chain challenges could delay or hinder bns revenue or ability to;Bavarian Nordic AS1.pdf;FALSE
641;the land market provides good buying opportunities with the market for larger sites typically over units attracting lower levels of competition and can offer higher expected returns than smaller sites.;Bellway p.l.c.1.pdf;FALSE
642;the ability to obtain planning permission increased during after a low in due to covid.;Bellway p.l.c.1.pdf;FALSE
643;acquiring land in areas of high demand and in attractive locations in accordance with the groups financial and nonfinancial acquisition criteria is one of the key factors to the success of bellway.;Bellway p.l.c.1.pdf;FALSE
644;the groups ability to deliver new homes is dependent on the efficiency of the planning system to provide the necessary planning consents in a timely and effective manner to meet the requirements of the groups volume targets.;Bellway p.l.c.1.pdf;FALSE
645;this is evidenced by an increase in the number of planning permissions over recent years.;Bellway p.l.c.1.pdf;FALSE
646;concerns with regards to material availability have generally eased over the course of this calendar year although there can remain ad hoc shortages at a regional level with bricks blocks and roof tiles often on extended leadin times.;Bellway p.l.c.1.pdf;FALSE
647;there continues to be upward pressure on material costs which have increased by midtohigh single digit inflation during the financial year.;Bellway p.l.c.1.pdf;FALSE
648;the labour market has tightened but we are able to secure the supply of labour due to robust forecasting and forward planning of labour requirements across the group.;Bellway p.l.c.1.pdf;FALSE
649;there is wider economic uncertainty due to high levels of inflation but the market fundamentals for bellway remain strong with;Bellway p.l.c.1.pdf;FALSE
650;the ongoing imbalance between supply and demand for affordably priced good quality homes continuing to be a feature across many parts of the country.;Bellway p.l.c.1.pdf;FALSE
651;strong demand for new homes continuing to be supported by a competitive mortgage market.;Bellway p.l.c.1.pdf;FALSE
652;the land market remaining attractive and the planning environment favourable with the group continuing to identify valueenhancing opportunities which meet or exceed our requirements in respect of both gross margin and roce.;Bellway p.l.c.1.pdf;FALSE
653;crossparty support to deliver an increased supply of new homes.;Bellway p.l.c.1.pdf;FALSE
654;further changes as a result of the revised nppf published in february and the governments housing white paper which includes favourable proposals such as brownfield first a standard method for calculating housing need and a requirement to publish ambitious local plans has resulted in an uplift in housing demand in many locations across the uk.;Bellway p.l.c.1.pdf;FALSE
655;bellway is mindful of the wider economic uncertainty caused by cost of living rises and political uncertainty in the uk but continues to draw upon these sectorspecific favourable market conditions retaining its clear strategy to deliver longterm and disciplined volume growth.;Bellway p.l.c.1.pdf;FALSE
656;planning permissions granted gb;Bellway p.l.c.1.pdf;FALSE
657;assessment is based on the quality of the reports implementation of the audit plans approved by the committee and collaboration with the internal auditors.;BKW AG1.pdf;FALSE
658;bkw is committed to the timely dissemination of transparent and comprehensive information to its shareholders and clients as well as its employees and the general public. it regularly informs the media about important events related to its business activities. information on share prices is published in compliance with the applicable legal requirements for disclosure ad hoc notifications. the ad hoc announcements can be accessed simultaneously with the notification to the six swiss exchange and subsequently for a period of three years at www.bkw.chmediarelations.;BKW AG1.pdf;FALSE
659;in addition it is possible to receive potentially pricerelevant information directly from bkw free of charge and in a timely manner by email. this service is available at www.bkw.chpressrelease pendence the committee examines the relationship between the budgeted audit fee and the fee for other services provided by the auditing company and what these additional services include.;BKW AG1.pdf;FALSE
660;bkw provides information on the annual results in the form of an annual report in electronic form. the annual report can be downloaded at www.bkw.channualreport.;BKW AG1.pdf;FALSE
661;halfyear report as well as the halfyear results from june are available electronically at www.bkw.chhalfyearreport. the investor and media relations managers can be contacted via the;BKW AG1.pdf;FALSE
662;bolidens significant sustainability areas people environment and climate responsible operations;Boliden AB1.pdf;FALSE
663;overarching ambition boliden constantly seeks to develop safe healthy and innovative work environments where people can thrive and grow. boliden contributes to societal devel opment and adaptation to climate change by extracting producing and recycling metals with good climate and environmental performance in collaboration with strategic partners. weplace great emphasis on business ethics and personal responsibility for employees and business partners through the presence of valuesbased leadership.;Boliden AB1.pdf;FALSE
664;sustainability issues topics occupational health and safety strategic partnerships attracting and retaining the right skills non discrimination. biodiversity mining waste slag the circular economy and resource utilization energy climate water the emission of air pollutants relocation of local residents land restoration. earnings market presence capital markets socioeconomic effects anticorruption and fair competition sustainable business growth stake holder relationships supplier evalua tions relocation of local residents land restoration the rights of indigenous peoples.;Boliden AB1.pdf;FALSE
665;policies and commitments health safety policy code of conduct policy anticorruption policy competition law policy data privacy policy whistleblower policy diversity policy indigenous people commitment human rights commitment environmental policy energy policy climate commitment biodiversity commitment water management commitment tailings governance commitment business partner code of conduct anticorruption policy sanctions policy antimoney laundering policy competition law policy whistleblower policy tax policy indigenous people commitment;Boliden AB1.pdf;FALSE
666;targetsdirections create positive financial environ mental and social impact through bolidens business relationships. no accidents that result in absence from work maximum sick leave rate . promote greater diversity gender equality and inclusion within bolidens operations. reduce our absolute co emissions in scope and by by . reduce our absolute emissions in scope by by . provide society with copper and zinc products in that meet our average emissions levels for lowcarbon copper and lowcarbon zinc. contribute to increased biodiversity by everywhere boliden operates. slag management should be in line with the global industry standard for tailings management. water management shall be in line with bolidens water management plan. contribute to the circular economy through recycling and by maximizing metal recovered from raw material.;Boliden AB1.pdf;FALSE
667;additional commitments legal and permitting requirements shall be met. legal and permitting requirements shall be met. legal and permitting requirements shall be met.;Boliden AB1.pdf;FALSE
668;followup and compliance outcomes bolidens board and its management team approve bolidens policies and monitor compliance through monthly quarterly and annual reports. bolidens board and its management team approve bolidens policies and monitor compliance through monthly quarterly and annual reports. bolidens board and its management team approve bolidens policies and monitor compliance through monthly quarterly and annual reports.;Boliden AB1.pdf;FALSE
669;bolidens significant sustainability areas people environment and climate responsible operations;Boliden AB1.pdf;FALSE
670;sustainability issues topics occupational health and safety strategic partnerships attracting and retaining the right skills non discrimination. biodiversity mining waste slag the circular economy and resource utilization energy climate water the emission of air pollutants relocation of local residents land restoration. earnings market presence capital markets socioeconomic effects anticorruption and fair competition sustainable business growth stake holder relationships supplier evalua tions relocation of local residents land restoration the rights of indigenous peoples. investing in and promoting the development of new products. contribute to longterm;Boliden AB1.pdf;FALSE
671;blue encompasses the groups emobility businesses including blue solutions bluebus and bluestorage which have become the preferred partners of carbonfree transport players thanks in particular to its innovative all solid batteries and over electric buses currently in operation.;Bollore SE1.pdf;FALSE
672;in the global race for innovation the all solid battery is recognized as one of the most promising future paths.;Bollore SE1.pdf;FALSE
673;blue solutions is the only player in the world to have designed and industrialized this technology with its lmp battery which stands out through its;Bollore SE1.pdf;FALSE
674;j proven performance and reliability in the field for more;Bollore SE1.pdf;FALSE
675;j longevity exceeding chargedischarge cycles;Bollore SE1.pdf;FALSE
676;j composition free of polluting materials organic solvents heavy metals andor rare metals;Bollore SE1.pdf;FALSE
677;these batteries have the advantage of being more environmentally friendly than most other technologies because they do not contain cobalt nickel or cadmium and have high recycling potential.;Bollore SE1.pdf;FALSE
678;over researchers engineers and technicians are involved in the production of these advanced technology batteries at two sites located in ergugabric in brittany and boucherville canada for an overall capacity of mwh.;Bollore SE1.pdf;FALSE
679;through thirty years of rampd and over ten years of production blue solutions has made substantial technological and industrial progress particularly in the control of highenergy lithiummetal.;Bollore SE1.pdf;FALSE
680;blue solutions has an ambitious roadmap for its future battery generations and is focusing its efforts on safety increased energy density operating temperatures charging times userfriendly packaging and electronic control systems and competitiveness.;Bollore SE1.pdf;FALSE
681;blue industrial capital expenditure million euros of which million euros inrd electric mobility market production factory one bluebus plant in brittany m;Bollore SE1.pdf;FALSE
682;production factories plants in brittany and canada m bluebuses in circulation;Bollore SE1.pdf;FALSE
683;annual production capacity up to .gwh the stationary market bluestorage energy storage;Bollore SE1.pdf;FALSE
684;workforce as of employees capacity from kwh to severalmwh;Bollore SE1.pdf;FALSE
685;blue solutions has also launched a batteryrecycling program with the aim of recovering more than of lithium and reusing it in the production chain.;Bollore SE1.pdf;FALSE
686;on september the group announced the appointment of richard bouveret to the general management of emobility activities grouping blue solutions bluebus and bluestorage.;Bollore SE1.pdf;FALSE
687;with this expert in the automotive industry and his new management team the group is renewing its ambitions regarding emobility activities.;Bollore SE1.pdf;FALSE
688;lmp batteries have become an integral part of the electric mobility market.;Bollore SE1.pdf;FALSE
689;blue industrial capital expenditure million euros of which million euros inrd electric mobility market production factory on;Bollore SE1.pdf;FALSE
690;remuneration of the board of management;Brenntag Societas Europaea1.pdf;FALSE
691;pro rata preliminary bonus amount eur k;Brenntag Societas Europaea1.pdf;FALSE
692;working capital turnover weighting;Brenntag Societas Europaea1.pdf;FALSE
693;pro rata preliminary bonus amount eur k;Brenntag Societas Europaea1.pdf;FALSE
694;pro rata preliminary bonus amount eur k;Brenntag Societas Europaea1.pdf;FALSE
695;preliminary payout amount eur k;Brenntag Societas Europaea1.pdf;FALSE
696;individual performance multiplier;Brenntag Societas Europaea1.pdf;FALSE
697;calculation of the annual bonus awarded and due remuneration system;Brenntag Societas Europaea1.pdf;FALSE
698;the performance criteria for the tranche of the longterm incentive bonus under the board of management remuneration system were set at the end of .;Brenntag Societas Europaea1.pdf;FALSE
699;the following table shows the performance criteria for the external lti portion of the tranche;Brenntag Societas Europaea1.pdf;FALSE
700;share price at the beginning of the performance period jan. eur;Brenntag Societas Europaea1.pdf;FALSE
701;share price at the end of the performance period dec. eur;Brenntag Societas Europaea1.pdf;FALSE
702;dividend payments during the vesting period eur;Brenntag Societas Europaea1.pdf;FALSE
703;absolute shareholder return for the brenntag share;Brenntag Societas Europaea1.pdf;FALSE
704;mdaxatthe beginning of the performance period jan. points;Brenntag Societas Europaea1.pdf;FALSE
705;mdaxatthe end of the performance period dec. points;Brenntag Societas Europaea1.pdf;FALSE
706;mdaxperformance during the performance period;Brenntag Societas Europaea1.pdf;FALSE
707;relative shareholder return for the brenntagshareversusthemdax;Brenntag Societas Europaea1.pdf;FALSE
708;performance criteria for the external lti portion of the tranche awarded and due remuneration system;Brenntag Societas Europaea1.pdf;FALSE
709;working capital turnover weighting;Brenntag Societas Europaea1.pdf;FALSE
710;preliminary payout amount eur k;Brenntag Societas Europaea1.pdf;FALSE
711;share price at the end of the performance period dec. eur;Brenntag Societas Europaea1.pdf;FALSE
712;mdaxatthe beginning of the performance period jan. points;Brenntag Societas Europaea1.pdf;FALSE
713;the company has established an employee benefit trust ebt to hold and acquire shares for the potential benefit of employees.;Bridgepoint Group Plc1.pdf;FALSE
714;pursuant to the companys deferred annual bonus plan award holders are not generally entitled to receive dividends or to vote or have any other shareholder rights in relation to an award until the relevant shares are transferred to them.;Bridgepoint Group Plc1.pdf;FALSE
715;a dividend waiver is in place from the trustee of the ebt in respect of all dividends payable by the company on shares which it holds in trust.;Bridgepoint Group Plc1.pdf;FALSE
716;the directors manage the business and affairs of the company and may exercise all powers of the company other than those that are required by applicable legislation or by the articles to be exercised by the company in general meeting.;Bridgepoint Group Plc1.pdf;FALSE
717;the appointment and replacement of directors is governed by the companys articles the companies act and other applicable legislation.;Bridgepoint Group Plc1.pdf;FALSE
718;the articles provide that the company may by ordinary resolution at a general meeting appoint any person to act as a director provided that such person is recommended by the directors or the company has received from the person confirmation in writing no later than seven days before the relevant general meeting of that persons willingness to be elected as a director.;Bridgepoint Group Plc1.pdf;FALSE
719;the company may by ordinary resolution of which special notice has been given remove any director from office.;Bridgepoint Group Plc1.pdf;FALSE
720;the articles require that at each annual general meeting each person who is then a director shall retire from office.;Bridgepoint Group Plc1.pdf;FALSE
721;the board considers all directors to be effective and committed to their roles and to have sufficient time to perform their duties.;Bridgepoint Group Plc1.pdf;FALSE
722;the articles may only be amended by special resolution at a general meeting of shareholders.;Bridgepoint Group Plc1.pdf;FALSE
723;there are no significant agreements to which the group is a party that take effect alter or terminate upon a change of control of the group other than the following;Bridgepoint Group Plc1.pdf;FALSE
724;the governing documents of various bridgepoint funds including the flagship bridgepoint europe funds include change of control provisions triggered by bridgepoint personnelformer personnel and their related parties ceasing to control certain group members.;Bridgepoint Group Plc1.pdf;FALSE
725;awards under the groups deferred bonus plan generally vest in full to the extent not already vested on a change of control of the company and;Bridgepoint Group Plc1.pdf;FALSE
726;awards under the groups longterm incentive plan and all employee share plan generally vest upon a change of control subject to the extent to which the performance conditions have been satisfied at the time and time prorating unless and to the extent that the remuneration committee disapplies or reduces time prorating.;Bridgepoint Group Plc1.pdf;FALSE
727;there are no agreements between the group and its directors or employees providing for compensation for loss of office or employment that occurs because of a takeover bid apart from the usual provisions for payment in lieu of notice.;Bridgepoint Group Plc1.pdf;FALSE
728;david plant group company secretary bridgepoint g;Bridgepoint Group Plc1.pdf;FALSE
729;significant reduction in carbon emissions at headquarters in the owner of the building where cembra is headquartered switched to district heating effective from january .;Cembra Money Bank AG1.pdf;FALSE
730;company fleet in cembra had adopted a new internal target to significantly reduce carbon emissions from its own vehicles.;Cembra Money Bank AG1.pdf;FALSE
731;the total number of kilometres travelled by our company fleet decreased by from to which was the result of lower number of cars and other factors i.e. a lower number of branches and greater use of public transport and home office among our employees.;Cembra Money Bank AG1.pdf;FALSE
732;employee benefits to support the use of public transport we encourage our people to commute using public transport as part of our employee benefits in fact public transport commuting costs are covered by cembra for most employees see page .;Cembra Money Bank AG1.pdf;FALSE
733;cembra is committed to financing electromobility in switzerland offering loans and leases for electric vehicles on highly favourable terms.;Cembra Money Bank AG1.pdf;FALSE
734;according to the swiss emobility association the demand for electric vehicles continued to increase in with of new cars purchased in switzerland defined as fully electric or plugin hybrid electric models.;Cembra Money Bank AG1.pdf;FALSE
735;in an analysis of the emissions associated with our vehicle leasing we observed that whilst total scope emissions of our vehicle leasing increased in in line with the financed assets the emissions intensity decreased i.e. the quantity of ghg emissions emitted per contracted kilometre. cembra is currently reviewing and imp;Cembra Money Bank AG1.pdf;FALSE
736;felix partner ag präsident des verwaltungsrats der pusta invest ag präsident der trufo hungary kft. und beirat des instituts für wirtschaftsberatung.;Chocoladefabriken Lindt & Spruengli AG2.pdf;FALSE
737;antonio bulgheroni it herr bulgheroni ist seit mitglied des verwaltungsrats und war von februar bis ende september lead director.;Chocoladefabriken Lindt & Spruengli AG2.pdf;FALSE
738;von bis zu seiner pensionierung im april war er ceo der italienischen tochtergesellschaft lindt amp sprüngli s.p.a. seither amtet er als präsident des verwaltungsrats der lindt amp sprüngli s.p.a. der italienischen tochtergesellschaft der gruppe bis .;Chocoladefabriken Lindt & Spruengli AG2.pdf;FALSE
739;frau gürtler war von bis mitglied des aufsichtsrats der erste group bank ag und von bis mitglied des generalrats der österreichischen nationalbank.;Chocoladefabriken Lindt & Spruengli AG2.pdf;FALSE
740;dr. thomas rinderknecht ch herr rinderknecht ist seit april mitglied des verwaltungsrats und hat derzeit den vorsitz des audit committee inne.;Chocoladefabriken Lindt & Spruengli AG2.pdf;FALSE
741;seit besetzte herr rinderknecht zahlreiche verwaltungsratsmandate in verschiedenen kotierten und nicht kotierten gesellschaften im gesundheits pharma biotech und im medien sowie im industriebereich.;Chocoladefabriken Lindt & Spruengli AG2.pdf;FALSE
742;silvio denz ch herr denz ist seit mai mitglied des verwaltungsrats und derzeit mitglied des compensation amp nomination committee sowie des sustainability committee.;Chocoladefabriken Lindt & Spruengli AG2.pdf;FALSE
743;im jahr gründete er die lalique group sa vormals art amp fragrance sa ein in der kreation der vermarktung sowie im weltweiten vertrieb von luxusgütern tätiges unternehmen zu dem seit auch die kristall;Chocoladefabriken Lindt & Spruengli AG2.pdf;FALSE
744;in the cashgenerating unit of egypt which as at december held million and million of goodwill and franchise agreements respectively reasonably possible changes in key assumptions of the impairment test would remove the remaining headroom.;Coca-Cola HBC AG2.pdf;FALSE
745;growthrate in perpetuity discount rate;Coca-Cola HBC AG2.pdf;FALSE
746;as at december the recoverable amount of the italian cashgenerating unit calculated based on valueinuse significantly exceeded its carrying value.;Coca-Cola HBC AG2.pdf;FALSE
747;the group will continue to closely monitor these cashgenerating units in order to ensure that timely actions and initiatives are undertaken to minimise potential adverse impact on their expected performance.;Coca-Cola HBC AG2.pdf;FALSE
748;all property plant and equipment is initially recorded at cost and subsequently measured at cost less accumulated depreciation and impairment losses.;Coca-Cola HBC AG2.pdf;FALSE
749;assets under construction are recorded as part of property plant and equipment and depreciation on these assets commences when the assets are made available for use.;Coca-Cola HBC AG2.pdf;FALSE
750;depreciation is calculated on a straightline basis to allocate the depreciable amount over the estimated useful life of the assets as follows;Coca-Cola HBC AG2.pdf;FALSE
751;freehold buildings and improvements years;Coca-Cola HBC AG2.pdf;FALSE
752;leasehold buildings and improvements over the lease term up to years;Coca-Cola HBC AG2.pdf;FALSE
753;computer hardware and software to years;Coca-Cola HBC AG2.pdf;FALSE
754;freehold land is not depreciated as it is considered to have an indefinite life.;Coca-Cola HBC AG2.pdf;FALSE
755;deposits received for returnable containers by customers are accounted for as deposit liabilities refer to note .;Coca-Cola HBC AG2.pdf;FALSE
756;residual values and useful lives of assets are reviewed and adjusted if appropriate at each balance sheet date.;Coca-Cola HBC AG2.pdf;FALSE
757;property plant and equipment is reviewed for impairment whenever events or changes in circumstances indicate that the carrying amount may not be recoverable.;Coca-Cola HBC AG2.pdf;FALSE
758;for accounting policy regarding rightofuse assets refer to note leases.;Coca-Cola HBC AG2.pdf;FALSE
759;growthrate in perpetuity discount rate;Coca-Cola HBC AG2.pdf;FALSE
760;freehold buildings and improvements years;Coca-Cola HBC AG2.pdf;FALSE
761;the board undertakes a biannual assessment of the groups principal risks.;ConvaTec Group Plc1.pdf;FALSE
762;ownership and management of all risks is assigned to relevant members of celt who are responsible for ensuring the operating effectiveness of the internal control processes and for implementing effective key riskmitigation plans.;ConvaTec Group Plc1.pdf;FALSE
763;we have worked with our climate strategy adviser corporate citizenship part of slr to further develop our climate risk and opportunity assessment approach.;ConvaTec Group Plc1.pdf;FALSE
764;once risks were identified and scored they were then validated in a workshop with senior stakeholders representing all relevant;ConvaTec Group Plc1.pdf;FALSE
765;central to the assessment of climate risks and opportunities is the need to account for a range of possible future climate pathways.;ConvaTec Group Plc1.pdf;FALSE
766;in accordance with the tcfd implementation guidance the climate scenario analysis process seeks to assess climate impacts through a combination of both qualitative and quantitative measures where data and methodologies allow.;ConvaTec Group Plc1.pdf;FALSE
767;the following diagram describes the qualitative assessment criteria used to score and rank the identified climaterelated risks and opportunities.;ConvaTec Group Plc1.pdf;FALSE
768;adaptive capacity refers to characteristics or actions that may reduce the level of risk posed by a hazard and thereby alleviate vulnerability.;ConvaTec Group Plc1.pdf;FALSE
769;climate opportunities have been scored based on the potential size of opportunity through avoided costs or increased revenue as well as the ability to realise the opportunity.;ConvaTec Group Plc1.pdf;FALSE
770;the output is the prioritisation of possible impacts on which the business agrees to focus control measures and investment.;ConvaTec Group Plc1.pdf;FALSE
771;summary of disclosure on priority activity in;ConvaTec Group Plc1.pdf;FALSE
772;complete ghg inventory reported for scope and alongside additional climate metrics including energy and water use and waste generation.;ConvaTec Group Plc1.pdf;FALSE
773;formalise risk monitoring of existing climate metrics and targets and assess whether additional metrics are required in order to sufficiently manage risk.;ConvaTec Group Plc1.pdf;FALSE
774;propose ghg nearterm reduction targets to sbti for validation confirming that we are aligned with the latest climate science and pathways under the paris agreement.;ConvaTec Group Plc1.pdf;FALSE
775;review alignment against the tcfd crossindustry climaterelated metric categories to meet full alignment with the tcfd recommendations as well as in recognition of convatecs support to provide relevant and comparable information to stakeholders.;ConvaTec Group Plc1.pdf;FALSE
776;we use a range of metrics to understand our baseline impact on the environment.;ConvaTec Group Plc1.pdf;FALSE
777;for example if a performance trend was upward this would indicate the potential impact may be greater and therefore highlight that additional action and mitigation are needed.;ConvaTec Group Plc1.pdf;FALSE
778;scopes emissions the groups operational emissions are calculated and reported annually and for the first time we are reporting a complete scope inventory page .;ConvaTec Group Plc1.pdf;FALSE
779;climaterelated risks in we undertook qualitative and quantitative climate scenario analysis for transition and physical risks respectively.;ConvaTec Group Plc1.pdf;FALSE
780;climaterelated opportunities a qualitative climate scenario analysis was conducted for opportunities.;ConvaTec Group Plc1.pdf;FALSE
781;capital deployment we have an estimated capex spend of circa million of mitigation and adaptation projects across eight manufacturing sites that have or will be starting from to .;ConvaTec Group Plc1.pdf;FALSE
782;remuneration in there will be esg objectives in the personal objectives of each celt member for bonus purposes.;ConvaTec Group Plc1.pdf;FALSE
783;while measuring and monitoring our environmental performance is valuable having associated targets keeps us responsible for the active management of climate impacts.;ConvaTec Group Plc1.pdf;FALSE
784;emissions we have set net zero targets internally which will align our business with the paris agreement.;ConvaTec Group Plc1.pdf;FALSE
785;energy procure renewable energy by and by .;ConvaTec Group Plc1.pdf;FALSE
786;water to deliver on our targets for water consumption reduction at high waterstressed locations and develop our water management practices at all locations.;ConvaTec Group Plc1.pdf;FALSE
787;waste to deliver on our targets to reduce the amount of production waste leaving our plants to be zero waste to landfill by .;ConvaTec Group Plc1.pdf;FALSE
788;in we will continue our work to understand what resources and financial investments are needed in the near term in order to enact c;ConvaTec Group Plc1.pdf;FALSE
789;today the natural environment on which we depend is facing many interrelated threats from climate change and nature loss to water scarcity and pollution.;Danone SA1.pdf;FALSE
790;so that it regenerates rather than degrades nature.;Danone SA1.pdf;FALSE
791;to meet our ambitions we have developed the following goals and kpis;Danone SA1.pdf;FALSE
792;curb ghg emissions in line with c leading the way on methane reduction co reduction by in line with .c sbti;Danone SA1.pdf;FALSE
793;curb ghg emissions in line with c leading the way on methane reduction net zero by;Danone SA1.pdf;FALSE
794;curb ghg emissions in line with c leading the way on methane reduction reduction in methane emissions from fresh milk by;Danone SA1.pdf;FALSE
795;curb ghg emissions in line with c leading the way on methane reduction improvement in energy efficiency by;Danone SA1.pdf;FALSE
796;pioneer and scale regenerative agriculture leading the way for regenerative dairy farming models key ingredients we source directly will come from farms that have begun to transition to regag by;Danone SA1.pdf;FALSE
797;pioneer and scale regenerative agriculture leading the way for regenerative dairy farming models zero deforestation conversion on key commodities by;Danone SA1.pdf;FALSE
798;preserve and restore watersheds where we operate and drive water footprint reduction across the value chain r approach will be deployed in all our production sites by;Danone SA1.pdf;FALSE
799;preserve and restore watersheds where we operate and drive water footprint reduction across the value chain watershed preservationrestoration plans in highly waterstressed areas by;Danone SA1.pdf;FALSE
800;drive the transition to a circular and lowcarbon packaging system recover as much as we use reusable recyclable compostable by;Danone SA1.pdf;FALSE
801;drive the transition to a circular and lowcarbon packaging system recover as much as we use halve the use of virgin fossilbased packaging by with a reduction by accelerating reuse and recycled materials;Danone SA1.pdf;FALSE
802;drive the transition to a circular and lowcarbon packaging system recover as much as we use lead the development of effective collection systems to recover as much plastic as we use by;Danone SA1.pdf;FALSE
803;cut waste across the value chain halve all food waste not fit for human animal consumption or biomaterial processing by vs.;Danone SA1.pdf;FALSE
804;curb ghg emissions in line with c leading the way on methane reduction net zero by;Danone SA1.pdf;FALSE
805;pioneer and scale regenerative agriculture leading the way for regenerative dairy farming models key ingredients we source directly will come from farms that have begun to transition to regag by;Danone SA1.pdf;FALSE
806;preserve and restore watersheds where we operate and drive water footprint reduction across the value chain watershed preservationrestoration plans in highly waterstressed areas by;Danone SA1.pdf;FALSE
807;sustainability credentials high quality design amenity customer service and experience all remain high on the agenda for occupiers when it comes to making real estate decisions.;Derwent London PLC REIT1.pdf;FALSE
808;was characterised by a spike in global inflation a rapid increase in borrowing costs and a cost of living crisis in the uk.;Derwent London PLC REIT1.pdf;FALSE
809;following a strong postpandemic bounce in uk gdp was in albeit weighted to q.;Derwent London PLC REIT1.pdf;FALSE
810;job creation is an important indicator for london offices.;Derwent London PLC REIT1.pdf;FALSE
811;the opening of the elizabeth line which has added c. capacity to londons rail transport network has driven a surge in footfall around the central stations along the route.;Derwent London PLC REIT1.pdf;FALSE
812;approximately of our portfolio is located in nearby fitzrovia including soho place.;Derwent London PLC REIT1.pdf;FALSE
813;there is m sq ft of office space across central london.;Derwent London PLC REIT1.pdf;FALSE
814;we have no buildings in the city core and docklands and only one building in mayfair the traditional heart of the west end.;Derwent London PLC REIT1.pdf;FALSE
815;londons office market had three major cycles between and see chart when strong growth was followed by a sudden decline.;Derwent London PLC REIT1.pdf;FALSE
816;in the rapid rise in market interest rates linked to an inflationary spike caused yields to rise.;Derwent London PLC REIT1.pdf;FALSE
817;overall vacancy in london remains high at down in the year. city vacanc;Derwent London PLC REIT1.pdf;FALSE
818;our ltv ratios are calculated using the total exposure divided by the current determined value of the respective properties.;Deutsche Bank Aktiengesellschaft1.pdf;FALSE
819;the ltv calculation includes exposure which is secured by real estate collateral.;Deutsche Bank Aktiengesellschaft1.pdf;FALSE
820;the creditors creditworthiness the ltv and the quality of collateral is an integral part of our risk management when originating loans and when monitoring and steering our credit risks.;Deutsche Bank Aktiengesellschaft1.pdf;FALSE
821;as of december of our exposure related to the mortgage lending portfolio had an ltv ratio below or equal to slightly lower compared to the prior year.;Deutsche Bank Aktiengesellschaft1.pdf;FALSE
822;all exchange traded derivatives are cleared through central counterparties ccps the rules and regulations of which provide for daily margining of all current and future credit risk positions emerging out of such transactions.;Deutsche Bank Aktiengesellschaft1.pdf;FALSE
823;the doddfrank act provides for an extensive framework for the regulation of otc derivatives including mandatory clearing platform trading and transaction reporting of certain otc derivatives as well as rules regarding registration capital margin business conduct standards recordkeeping and other requirements for swap dealers securitybased swap dealers major swap participants and major securitybased swap participants.;Deutsche Bank Aktiengesellschaft1.pdf;FALSE
824;the european regulation eu no on otc derivatives central counterparties and trade repositories emir introduced a number of risk mitigation techniques for noncentrally cleared otc derivatives in and the reporting of otc and exchange traded derivatives in .;Deutsche Bank Aktiengesellschaft1.pdf;FALSE
825;the cftc has adopted rules implementing the most significant provisions of the doddfrank act.;Deutsche Bank Aktiengesellschaft1.pdf;FALSE
826;the sec has also finalized rules regarding registration trade reporting capital margin risk mitigation techniques business conduct standards trade acknowledgement and verification recordkeeping and financial reporting and crossborder requirements for securitybased swap dealers and major securitybased swap participants. finally u.s. prudential regulators the federal reserve the fdic the of;Deutsche Bank Aktiengesellschaft1.pdf;FALSE
827;the equity ratio therefore increased by percentage points compared with yearend to december .;Deutsche Lufthansa AG1.pdf;FALSE
828;profitloss after income taxes m;Deutsche Lufthansa AG1.pdf;FALSE
829;noncurrent provisions and liabilities were down by eur m to eur m december eur m.;Deutsche Lufthansa AG1.pdf;FALSE
830;noncurrent borrowing of eur m was eur m lower than at yearend december eur m.;Deutsche Lufthansa AG1.pdf;FALSE
831;net pension obligations i.e. pension provisions less asset surpluses at some pension plans which are presented separately in noncurrent assets fell by eur m to eur m december eur m.;Deutsche Lufthansa AG1.pdf;FALSE
832;current provisions and liabilities went up by eur m to eur m as of december december eur m.;Deutsche Lufthansa AG1.pdf;FALSE
833;at yearend positive free cash flow brought net indebtedness down to eur m a reduction of eur m on yearend december eur m.;Deutsche Lufthansa AG1.pdf;FALSE
834;adjusted net debt the sum of net indebtedness and net pension obligations less of the hybrid bond issued in was down by eur m compared with yearend to eur m december eur m.;Deutsche Lufthansa AG1.pdf;FALSE
835;the ratio of adjusted net debtadjusted ebitda was thus previous year .;Deutsche Lufthansa AG1.pdf;FALSE
836;t calculation ofnetindebtedness calculation ofnetindebtedness calculation ofnetindebtedness;Deutsche Lufthansa AG1.pdf;FALSE
837;net indebtedness and net pension obligations;Deutsche Lufthansa AG1.pdf;FALSE
838;t calculation ofnetindebtedness calculation ofnetindebtedness calculation ofnetindebtedness;Deutsche Lufthansa AG1.pdf;FALSE
839;further details of the performance measures under the annual incentive plan for the year ending june as well as targets under the longterm incentive plan for awards to be made in september and how they are aligned with company strategy and the creation of shareholder value are set out in the annual report on remuneration on page .;Diageo PLC1.pdf;FALSE
840;performance targets are set to be stretching yet achievable and take into account the companys strategic priorities and business environment.;Diageo PLC1.pdf;FALSE
841;the graphs below illustrate scenarios for the projected total remuneration of executive directors at four different levels of performance minimum target maximum and maximum including assumed share price appreciation of in accordance with the corporate governance code.;Diageo PLC1.pdf;FALSE
842;the minimum scenario shows fixed remuneration only i.e. base salary for the year ending june value of benefits received in year ended june and the pension benefits to be accrued over the year ending june .;Diageo PLC1.pdf;FALSE
843;the target scenario shows fixed remuneration as above plus a target payout of of the maximum annual bonus and threshold performance vesting for longterm incentive awards at of the maximum award.;Diageo PLC1.pdf;FALSE
844;the maximum scenario reflects fixed remuneration plus full payout of annual and longterm incentives.;Diageo PLC1.pdf;FALSE
845;the maximum plus share price growth scenario reflects fixed remuneration plus full payout of annual and longterm incentives including for the latter an assumed share price appreciation over the performance period.;Diageo PLC1.pdf;FALSE
846;for longterm incentives the awards are treated as though they were granted all in performance shares.;Diageo PLC1.pdf;FALSE
847;the amounts shown in sterling are converted using the cumulative weighted average exchange rate for the year ended june of .;Diageo PLC1.pdf;FALSE
848;diageo is a global organisation selling its products in more than countries around the world.;Diageo PLC1.pdf;FALSE
849;the remuneration committees overarching principle for recruitment remuneration is to pay no more than is necessary to attract an executive director of the calibre required to shape and deliver diageos business strategy recognising that diageo competes for talent in a global marketplace.;Diageo PLC1.pdf;FALSE
850;on appointment of an external executive director the committee may decide to compensate for variable remuneration elements the director forfeits;Diageo PLC1.pdf;FALSE
851;as provided in the code of ethics of the group diasorin is also committed to contributing effectively to promoting the quality of life and socialeconomic development of the communities where the group operates and to the development of human capital and local skills while at the same time carrying out its business on internal and external markets according to methods compatible with sound business practice.;DiaSorin S.p.A.1.pdf;FALSE
852;diasorins commitment to the promotion and socioeconomic development of the communities in which it operates is set forth by the code of ethics which defines the principles to which the group companies are required to abide by concerning money or inkind contributions to support educational scientific artistic cultural social and humanitarian projects.;DiaSorin S.p.A.1.pdf;FALSE
853;in july diasorin set up fondazione diasorin a nonprofit organization promoting scientific culture among young people and supporting excellence in schools.;DiaSorin S.p.A.1.pdf;FALSE
854;it should be noted that the foundation does not fall within the scope of consolidation of the diasorin group and therefore of this nfs.;DiaSorin S.p.A.1.pdf;FALSE
855;following the reference principles set up by the code of ethics diasorin actively supports the community in which it operates through a series of corporate projects.;DiaSorin S.p.A.1.pdf;FALSE
856;following the principles of the code of ethics diasorin supports the local communities through projects that aim at inciting passion for science supporting peoples talent and achieving a positive impact on the environment.;DiaSorin S.p.A.1.pdf;FALSE
857;diasorin applies this classification also to initiatives that are developed locally by its international branches in order to promote a homogeneous management and classification of initiatives at a group level.;DiaSorin S.p.A.1.pdf;FALSE
858;corporate projects need to be assessed and approved by the group ceo prior to their implementation.;DiaSorin S.p.A.1.pdf;FALSE
859;fondazione diasorin operates throughout the country and is aimed at investing in the combination of science and the young bringing students closer to science especially life sciences and stimulating their interest in scientific disciplines and careers.;DiaSorin S.p.A.1.pdf;FALSE
860;fondazione diasorin is a tangible manifestation of diasorins commitment to young generations and to the world of education.;DiaSorin S.p.A.1.pdf;FALSE
861;among the initiatives promoted by fondazione diasorin in are mad for science and mad for science for teachers.;DiaSorin S.p.A.1.pdf;FALSE
862;in line with these reference targets diasorin supports the development growth and wellbeing of the local communities in which it operates.;DiaSorin S.p.A.1.pdf;FALSE
863;in particular the u.s. subsidiaries of the diasorin group diasorin inc. diasorin molecular llc. and luminex took part in several initiatives including fundraising and funding while promoting science education projects at local high schools.;DiaSorin S.p.A.1.pdf;FALSE
864;our commitment to nurturing a passion for science and science education resulted in the organization of several scientific events and symposia aimed at improvin;DiaSorin S.p.A.1.pdf;FALSE
865;this year we funded tree planting on a flood prevention scheme in yorkshire to replace the trees we remove when home insurance policyholders make subsidence claims .;Direct Line Insurance Group Plc1.pdf;FALSE
866;in we continued to invest in energy efficiency measures and focus on the most carbonintensive areas of the business which will help us work towards meeting our sciencebased targets.;Direct Line Insurance Group Plc1.pdf;FALSE
867;building on last years activity we have;Direct Line Insurance Group Plc1.pdf;FALSE
868;rolled out our hydrogenated vegetable oil hvo trial in our recovery trucks to of our auto services sites.;Direct Line Insurance Group Plc1.pdf;FALSE
869;fitted energysaving led lighting to a further six repair centres meaning nearly of our auto services sites have now received these upgrades.;Direct Line Insurance Group Plc1.pdf;FALSE
870;installed a power factor corrector in our birmingham auto services site to maximise the efficiency of our electrical supply onsite.;Direct Line Insurance Group Plc1.pdf;FALSE
871;im proud to be part of a team that helped us to receive validated sciencebased targets.;Direct Line Insurance Group Plc1.pdf;FALSE
872;carrie loftus sustainability programme manager;Direct Line Insurance Group Plc1.pdf;FALSE
873;all external investment managers are signatories of the united nations principles for responsible investment;Direct Line Insurance Group Plc1.pdf;FALSE
874;un pri which ensures that environmental social and governance criteria are integrated into the investment process.;Direct Line Insurance Group Plc1.pdf;FALSE
875;we have set ourselves the target of achieving net zero emissions from the investment portfolio by as part of our alignment with the race to zero campaign on climate change.;Direct Line Insurance Group Plc1.pdf;FALSE
876;in addition we are keeping our target of reducing the ghg emissions intensity of our corporate bond portfolio by by versus a baseline as a backwardlooking indicator to make sure emissions are reducing at the required pace over time to achieve our long term net zero goal.;Direct Line Insurance Group Plc1.pdf;FALSE
877;we also require the below exclusions and preferences;Direct Line Insurance Group Plc1.pdf;FALSE
878;the exclusion of any companies with a msci lowcarbon transition score indicating assets could be economically stranded.;Direct Line Insurance Group Plc1.pdf;FALSE
879;the exclusion of companies involved in thermal coal activity either mining or power generation at greater than of revenues.;Direct Line Insurance Group Plc1.pdf;FALSE
880;managers instructed to prefer investments in green bonds where the risk return characteristics are similar to conventional bonds.;Direct Line Insurance Group Plc1.pdf;FALSE
881;we believe accurate measurement and transparency can guide the business in making targeted interventions as part of our carbon redu;Direct Line Insurance Group Plc1.pdf;FALSE
882;trade accounts receivable are initially measured at the transaction price and classified as financial assets at amortized cost less loss allowance.;DSM-Firmenich AG1.pdf;FALSE
883;the group applies the ifrs simplified approach to measuring expected credit losses ecl which uses a lifetime expected credit loss allowance for all trade receivables.;DSM-Firmenich AG1.pdf;FALSE
884;ecls are discounted at the effective interest rate of the financial asset.;DSM-Firmenich AG1.pdf;FALSE
885;trade accounts receivable gross;DSM-Firmenich AG1.pdf;FALSE
886;total trade accounts receivable;DSM-Firmenich AG1.pdf;FALSE
887;the group has several major global clients as well as a vast number of customers internationally dispersed.;DSM-Firmenich AG1.pdf;FALSE
888;ageing of past due but not impaired;DSM-Firmenich AG1.pdf;FALSE
889;less allowance for doubtful debts;DSM-Firmenich AG1.pdf;FALSE
890;total trade accounts receivable;DSM-Firmenich AG1.pdf;FALSE
891;movement in loss allowance for impairment;DSM-Firmenich AG1.pdf;FALSE
892;increase in allowance for impairment;DSM-Firmenich AG1.pdf;FALSE
893;reversal of allowance for impairment;DSM-Firmenich AG1.pdf;FALSE
894;use of allowance for impairment;DSM-Firmenich AG1.pdf;FALSE
895;currency translation adjustment;DSM-Firmenich AG1.pdf;FALSE
896;total trade accounts receivable writtenoff for the year ended june are chf chf .;DSM-Firmenich AG1.pdf;FALSE
897;other receivables and accrued income;DSM-Firmenich AG1.pdf;FALSE
898;total other receivables and prepaid expenses;DSM-Firmenich AG1.pdf;FALSE
899;other receivables and accrued income contains prepayments on raw materials and a receivable due to the sale of la jonction site in geneva refer to note .;DSM-Firmenich AG1.pdf;FALSE
900;total trade accounts receivable;DSM-Firmenich AG1.pdf;FALSE
901;use of allowance for impairment;DSM-Firmenich AG1.pdf;FALSE
902;;Merck KGaA2.pdf;FALSE
903;;Merck KGaA2.pdf;FALSE
904;;Merck KGaA2.pdf;FALSE
905;;Merck KGaA2.pdf;FALSE
906;depreciation amortization and writedowns;Merck KGaA2.pdf;FALSE
907;profit before profit transfers and taxes;Merck KGaA2.pdf;FALSE
908;profit after profit transfers and taxes;Merck KGaA2.pdf;FALSE
909;profit after taxes and profit transfers decreased on the back of lower net sales higher financial and tax expenses and higher other operating expenses in particular.;Merck KGaA2.pdf;FALSE
910;the higher figure for other income resulted mainly from the increase in inventories.;Merck KGaA2.pdf;FALSE
911;the cost of materials decreased in line with net sales.;Merck KGaA2.pdf;FALSE
912;the higher level of personnel expenses was due in particular to increased pension expenses which primarily resulted from adjustments to valuation parameters to reflect changes in interest rates and inflation as well as salary increases for employees covered by and exempt from collective agreements.;Merck KGaA2.pdf;FALSE
913;depreciation amortization and adjustments remained essentially unchanged as against the previous year.;Merck KGaA2.pdf;FALSE
914;the increase in other operating expenses was primarily due to higher sales and license expenses expenses for it services and consulting research and development expenses and expenses for fees contributions and insurance premiums.;Merck KGaA2.pdf;FALSE
915;capital employed investments and number of manyears are broken down by geographical markets based on the companies location.;Orkla ASA1.pdf;FALSE
916;capital employed is the enterprises net capitalised productive capital and is defined in the segment note as the net of segment assets and liabilities.;Orkla ASA1.pdf;FALSE
917;investments are the total of replacement investments and expansion investments in owned property plant and equipment.;Orkla ASA1.pdf;FALSE
918;the number of manyears is the number of employees adjusted for fractional posts in the current reporting period.;Orkla ASA1.pdf;FALSE
919;many orkla companies are important employers and both employees and management are chiefly recruited from the country in which the business is located.;Orkla ASA1.pdf;FALSE
920;this resulted in substantial investments in countries inc;Orkla ASA1.pdf;FALSE
921;für die ermittlung des zahlungsanspruchs resultierend aus den rsus wird die gesamtzahl der den teilnehmerinnen gewährten rsus mit dem wert pro rsu multipliziert.;Scout24 SE3.pdf;FALSE
922;rsus bedürfen keiner gesonderten ausübung da sie mit ablauf der rsuwartefrist automatisch als wirksam ausgeübt gelten.;Scout24 SE3.pdf;FALSE
923;für die ermittlung des zahlungsanspruchs resultierend aus den vsos wird die unter berücksichtigung des performancefaktors ermittelte anzahl ausübbarer vsos mit dem wert pro vso multipliziert.;Scout24 SE3.pdf;FALSE
924;die wirksame ausübung ist in einem ausübungszeitraum von zwei jahren nur zu jeweils definierten ausübungszeitpunkten möglich.;Scout24 SE3.pdf;FALSE
925;die bestimmung des beizulegenden zeitwerts der gewährten instrumente erfolgte unter verwendung eines optionspreismodells montecarlosimulation.;Scout24 SE3.pdf;FALSE
926;weitere parameter sind nicht in die bewertung des beizulegenden zeitwerts eingeflossen.;Scout24 SE3.pdf;FALSE
927;im rahmen von reorganisationsmaßnahmen abgewickelte anteile.;Scout24 SE3.pdf;FALSE
928;insgesamt wurde für das ltip ausgewählte arbeitnehmerinnen personalaufwand in höhe von tsd. euro vorjahr tsd.;Scout24 SE3.pdf;FALSE
929;weiterhin hat die gesellschaft im geschäftsjahr erstmals ein mitarbeiterinnenbeteiligungsprogramm aufgelegt in dessen rahmen bereits im besitz der gesellschaft befindliche scoutaktien eigene anteile zu einem gegenüber der börse vergünstigten preis erworben werden können.;Scout24 SE3.pdf;FALSE
930;das espp ermöglicht den erwerb einer bestimmten begrenzten anzahl von scoutaktien bis aktien pro jahr mit einem nachlass in höhe von jeweils euro pro aktie im vergleich zu einem;Scout24 SE3.pdf;FALSE
931;severn trent has a robust risk management framework in place to effectively identify assess and mitigate risk.;Severn Trent Plc1.pdf;FALSE
932;has been a year in which covid and its economic and societal consequences have continued to evolve.;Severn Trent Plc1.pdf;FALSE
933;at a local level we have seen an acceleration in changing stakeholder attitudes to climate nature and the environment and the part corporations play in protecting them all relevant to our sector.;Severn Trent Plc1.pdf;FALSE
934;severn trents purpose is taking care of one of lifes essentials.;Severn Trent Plc1.pdf;FALSE
935;our sector has inherent risks particularly due to the nature and scale of our operational infrastructure and the importance of our activities to the health safety and wellbeing of our people and the communities we serve.;Severn Trent Plc1.pdf;FALSE
936;within the severn trent group we operate both regulated and nonregulated businesses which have different risk profiles and tolerances.;Severn Trent Plc1.pdf;FALSE
937;in addition to managing the inherent risks associated with our business we prioritise the following;Severn Trent Plc1.pdf;FALSE
938;the health safety and wellbeing of our people and the communities we serve and maintaining our essential operational services are our top priorities and we have no appetite for risks brought on by unsafe actions.;Severn Trent Plc1.pdf;FALSE
939;protecting the environment is a key longterm commitment.;Severn Trent Plc1.pdf;FALSE
940;adherence to laws and regulations is a fundamental requirement and we are committed to ensuring compliance with all uk water regulations and to operate within our licence permits therefore we have no appetite for compliancerelated risks.;Severn Trent Plc1.pdf;FALSE
941;our approach to financing is to take measured risk consistent with providing resilience and delivering sustainable outperformance for the best longterm value for our customers and shareholders.;Severn Trent Plc1.pdf;FALSE
942;we are determined to play a leading role in addressing the impact of climate change through mitigating our own impact and that of our supply chain and adapting to the challenges that climate change may bring in the future.;Severn Trent Plc1.pdf;FALSE
943;the board has overall responsibility for determining the nature and extent of the risks severn trent takes and for ensuring that risks are managed effectively across the group.;Severn Trent Plc1.pdf;FALSE
944;our approach to risk management is designed to enable the business to deliver its strategic objectives.;Severn Trent Plc1.pdf;FALSE
945;we operate a topdown and bottomup model of risk management in line with the three lines of defence model that ensures both a clear articulation of risk appetite and a comprehensive and structured process of risk identification assessment and management.;Severn Trent Plc1.pdf;FALSE
946;the board has overall responsibility for oversight of risk and for maintaining a robust risk management and internal control system.;Severn Trent Plc1.pdf;FALSE
947;the audit and risk committee supports the board in the management of risk and is responsible for reviewing the effectiveness of the risk management and internal control framework during the year.;Severn Trent Plc1.pdf;FALSE
948;the executive committee reviews strategic objectives and assesses the level of risk taken in achieving these objectives.;Severn Trent Plc1.pdf;FALSE
949;the strategic risk forum srf assists the executive committee the board and the audit and risk committee to effectively oversee the risk framework and its processes of risk identification risk assessment and risk mitigation to ensure that the company meets its strategic objectives.;Severn Trent Plc1.pdf;FALSE
950;this topdown risk process helps to ensure the bottomup risk process described below is aligned to our current strategy and objectives.;Severn Trent Plc1.pdf;FALSE
951;operating in the water sector means risk management is embedded throughout our processes from daytoday asset operation and monitoring mediumterm deployment of capital investment to longterm modelling of asset health performance and societal and environmental changes.;Severn Trent Plc1.pdf;FALSE
952;our strong continuous improvement culture ensures that risk discussions happen at all levels of the business resulting in risks being identified categorised assessed and entered into the erm system.;Severn Trent Plc1.pdf;FALSE
953;the erm process is operated by the central erm team and underpinned by a standardised methodology to ensure consistency. erm champions and coordinators operate throughout;Severn Trent Plc1.pdf;FALSE
954;the majority of the companys sales revenue comes from activities in norway in the fiscal year exports amounted to nok million representing of total sales revenue the largest export markets in the fiscal year were sweden lithuania and finland.;Siemens Energy AG1.pdf;FALSE
955;income from global business service;Siemens Energy AG1.pdf;FALSE
956;board members representing employees in siemens as received nok per person for the fiscal year.;Siemens Energy AG1.pdf;FALSE
957;he also received a bonus of nok and nok in other remuneration.;Siemens Energy AG1.pdf;FALSE
958;the ceo is covered by the pension scheme for senior executives at siemens as.;Siemens Energy AG1.pdf;FALSE
959;this was continued in the new company after the demerger on march .;Siemens Energy AG1.pdf;FALSE
960;gains depend on the share price in siemens ag measured against the strike price when the options are exercised.;Siemens Energy AG1.pdf;FALSE
961;neither the chairman of the board nor the ceo had loans from siemens as as of september .;Siemens Energy AG1.pdf;FALSE
962;other employees have loans from the company amounting to nok million.;Siemens Energy AG1.pdf;FALSE
963;no particular security has been provided for the loans other than the issue of a promissory note.;Siemens Energy AG1.pdf;FALSE
964;proposed fees for statutory audit for the year;Siemens Energy AG1.pdf;FALSE
965;additional fees invoiced for statutory audit in previous years;Siemens Energy AG1.pdf;FALSE
966;vat is not included in the audit fees.;Siemens Energy AG1.pdf;FALSE
967;shipping and transportation expenses;Siemens Energy AG1.pdf;FALSE
968;refuse collection wastewater cleaning etc;Siemens Energy AG1.pdf;FALSE
969;rental of machinery equipment etc;Siemens Energy AG1.pdf;FALSE
970;equipment fixtures and fittings noncapitalizable;Siemens Energy AG1.pdf;FALSE
971;building repairs and maintenance;Siemens Energy AG1.pdf;FALSE
972;travel and subsistence expenses;Siemens Energy AG1.pdf;FALSE
973;expenses for global business services;Siemens Energy AG1.pdf;FALSE
974;siemens as presents its income statement based on the content of the income and expenses operating expenses comprise all operational costs that are not related to projects payroll expenses and capital costs in the form of depreciation the main elements of other operating expenses have been grouped in the above table.;Siemens Energy AG1.pdf;FALSE
975;interest income from companies in the same group;Siemens Energy AG1.pdf;FALSE
976;total interest income and other financial income;Siemens Energy AG1.pdf;FALSE
977;interest expenses from companies in the same group;Siemens Energy AG1.pdf;FALSE
978;total interest expenses and other financial expenses;Siemens Energy AG1.pdf;FALSE
979;net interest and other financial items;Siemens Energy AG1.pdf;FALSE
980;proposed fees for statutory audit for the year;Siemens Energy AG1.pdf;FALSE
981;rental of machinery equipment etc;Siemens Energy AG1.pdf;FALSE
982;travel and subsistence expenses;Siemens Energy AG1.pdf;FALSE
983;total interest income and other financial income;Siemens Energy AG1.pdf;FALSE
984;in respect of tax matters disclosed above the company based on the views of its tax advisor believes that sufficient grounds are available on the basis of which appeals have been preferred and they feel that there are reasonable arguments in support of grounds taken before the respective appellate authorities accordingly no provision has been made in these financial statements except as otherwise stated.;Signify NV3.pdf;FALSE
985;during the previous year the company entered into technical license agreement tla with signify netherlands b.v. licensor effective as of st january for localization of phillips brand.;Signify NV3.pdf;FALSE
986;accordingly during the year the company had charged royalty expense of rs.;Signify NV3.pdf;FALSE
987;less allowance for expected credit losses;Signify NV3.pdf;FALSE
988;it carries markup rate ranging from to to per annum.;Signify NV3.pdf;FALSE
989;as at december shares are held by signify holding b.v the parent company.;Signify NV3.pdf;FALSE
990;these are fully paid ordinary shares.;Signify NV3.pdf;FALSE
991;issued subscribed and paidup capital;Signify NV3.pdf;FALSE
992;shares fully paid for consideration other;Signify NV3.pdf;FALSE
993;less allowance for expected credit losses;Signify NV3.pdf;FALSE
994;issued subscribed and paidup capital;Signify NV3.pdf;FALSE
995;;AAK AB1.pdf;TRUE
996;;AAK AB1.pdf;TRUE
997;;AAK AB1.pdf;TRUE
998;;ABB Ltd.2.pdf;TRUE
999;;ABB Ltd.2.pdf;TRUE
1000;;ABB Ltd.2.pdf;TRUE
1001;;ABB Ltd.2.pdf;TRUE
1002;;ABB Ltd.2.pdf;TRUE
1003;;ABB Ltd.2.pdf;TRUE
1004;;ABB Ltd.2.pdf;TRUE
1005;;Accelleron Industries AG1.pdf;TRUE
1006;;Accelleron Industries AG1.pdf;TRUE
1007;;Accelleron Industries AG1.pdf;TRUE
1008;;Acciona SA2.pdf;TRUE
1009;;Accor SA1.pdf;TRUE
1010;;Accor SA1.pdf;TRUE
1011;the future of hospitality must also be responsible respectful and with sustainability at its heart.;Accor SA1.pdf;TRUE
1012;i am proud of accors achievements and saluting them would not be complete without a tribute to accor cofounder grard plisson.;Accor SA1.pdf;TRUE
1013;looking ahead i am confident that together we can go even further in and build on these tailwinds and on the legacy;Accor SA1.pdf;TRUE
1014;is an independent diversified group established in;Ackermans & van Haaren NV1.pdf;TRUE
1015;listed on euronext brussels since bel and bel esg and with solid family ties;Ackermans & van Haaren NV1.pdf;TRUE
1016;in a balanced combination of a limited number of strategic longterm participations and a diversified portfolio of growth capital investments.;Ackermans & van Haaren NV1.pdf;TRUE
1017;we make clear agreements with our participations regarding strategic operational and financial goals;Ackermans & van Haaren NV1.pdf;TRUE
1018;guided by our longterm strategy we are prepared to help finance strategic projects of our participations through capital increases;Ackermans & van Haaren NV1.pdf;TRUE
1019;we strive for annual recurring growth of the results of each participation and of the group as a whole.;Ackermans & van Haaren NV1.pdf;TRUE
1020;we are a group of entrepreneurs with the ambition to build leading companies through internationalisation innovation and diversification in the long term;Ackermans & van Haaren NV1.pdf;TRUE
1021;we create longterm shareholder value thanks to a recurring increase of the consolidated shareholders equity supported by a steady longterm dividend growth;Ackermans & van Haaren NV1.pdf;TRUE
1022;we focus on recurring growth of the activities longterm growth of the operating cash flow and shareholders equity of the participations rather than on absolute profitability targets or shortterm dividend maximisation.;Ackermans & van Haaren NV1.pdf;TRUE
1023;we are proud of a successful track record of partnerships with families coshareholders and management teams;Ackermans & van Haaren NV1.pdf;TRUE
1024;we invest in both majority and minority interests on the basis of balanced shareholder agreements;Ackermans & van Haaren NV1.pdf;TRUE
1025;our experienced investment managers are actively involved in the governing bodies of the participations assisted where necessary by external consultants andor independent directors;Ackermans & van Haaren NV1.pdf;TRUE
1026;we are a networked organisation based on a diversity of personalities and backgrounds and on a permanent exchange of best practices between the group companies;Ackermans & van Haaren NV1.pdf;TRUE
1027;we are in constant dialogue with the management teams of the participations and are involved in;Ackermans & van Haaren NV1.pdf;TRUE
1028;we pay particular attention to sustainable development and growth of the activities of our participations with respect for people environment and society;Ackermans & van Haaren NV1.pdf;TRUE
1029;we have developed an esg policy based on un sustainable development goals and un pri guidelines and we apply this policy within the group and to our own investment decisions;Ackermans & van Haaren NV1.pdf;TRUE
1030;our investment philosophy is based on transparent reporting and communication clear agreements in terms of corporate governance and business ethics and strict financial discipline and healthy balance sheets we want to help build;Ackermans & van Haaren NV1.pdf;TRUE
1031;we place associates with organisations on a temporary basiscommalining providing flexibility to employers and new opportunities to candidatesperiodlining we manage the entire recruitment process from candidate search and screeningcommalining through onboarding and trainingcommalining to payroll and administrationperiodlining associates are employed by the group while on assignmentscommalining which often run consecutively to provide continuous employmentperiodlining in some countriescommalining associates are employed by the adecco group on a permanent basis and seconded to clientsperiodlining;Adecco Group AG1.pdf;TRUE
1032;we help employers to recruit talent for permanent rolescommalining securing the skills needed for an organisations ongoing successperiodlining we source candidatescommalining screen cvscommalining conduct interviews and assessmentscommalining and advise hiring managersperiodlining we have access to a wide range of talentcommalining including hardtoreach professionals who are not actively looking for a new jobperiodlining;Adecco Group AG1.pdf;TRUE
1033;we support organisations and their employees through changes that require individuals to transition out of their existing rolesperiodlining through our expert coaching and trainingcommalining we help individuals find new opportunities both within and outside their existing companycommalining ensuring positive outcomes for allperiodlining our lhh career transition business is the global leader in its marketperiodlining;Adecco Group AG1.pdf;TRUE
1034;we also offer a full spectrum of complementary hr solutionscommalining includingcolonlining outsourcing staffing and managing the entirety of a labourintensive activitycommalining such as warehouse logistics or it supportsemicolonlining consulting providing technical experts for projectrelated worksemicolonlining managed service programmes parenleftliningmspsparenrightlining managing all parts of the flexible workforce at organisations using a large number of contingent workerssemicolonlining and recruitment process outsourcing parenleftliningrpoparenrightlining handling the entire hiring process for employers recruiting large numbers of permanent employeesperiodlining;Adecco Group AG1.pdf;TRUE
1035;we offer trainingcommalining upskilling and reskilling both as standalone services and in combination with other solutionscommalining such as placements or as part of a broader workforce transformation offeringperiodlining adecco is a leading provider of workbased trainingperiodlining our general assembly brand is a lea;Adecco Group AG1.pdf;TRUE
1036;admiral groups primary business is to sell car van home travel and pet insurance in the uk europe spain france italy and the us.;Admiral Group plc1.pdf;TRUE
1037;the groups core market is the uk where we estimate we have share of the private car insurance market and a share of the private home insurance market .;Admiral Group plc1.pdf;TRUE
1038;a key feature of our business model and success is the use of extensive reinsurance and coinsurance partnerships.;Admiral Group plc1.pdf;TRUE
1039;admirals profitability is primarily generated by the groups underwriting activities but we also generate investment income by investing the premiums we collect.;Admiral Group plc1.pdf;TRUE
1040;admiral has an asset liability matching strategy to control interest rate inflation and currency risk.;Admiral Group plc1.pdf;TRUE
1041;outside of our insurance businesses we sell a range of unsecured personal loans and car finance products through the price comparison channel and via the admiral website.;Admiral Group plc1.pdf;TRUE
1042;based on data from the association of british insurers abi our business model the drivers of our success;Admiral Group plc1.pdf;TRUE
1043;our drivers of success are what we believe makes us different from our peers.;Admiral Group plc1.pdf;TRUE
1044;we aim to create simple insurance products which are easily understood and accessible to all.;Admiral Group plc1.pdf;TRUE
1045;our vulnerable customer policy allows for an appropriate system to be implemented identify vulnerable customers and ensures sufficient controls are in place so that these customers receive appropriate support.;Admiral Group plc1.pdf;TRUE
1046;we comply with all relevant regulatory requirements and actively review our practices to ensure we operate in line with relevant policies.;Admiral Group plc1.pdf;TRUE
1047;this extends to our claims practices where we work hard to deliver fair outcomes in a timely manner.;Admiral Group plc1.pdf;TRUE
1048;we regularly measure customer satisfaction across several key benchmarks to stay close to customers developing needs and better understand areas where our service fails to meet expectations.;Admiral Group plc1.pdf;TRUE
1049;;Admiral Group plc1.pdf;TRUE
1050;voted best big insurance company in the uk insurance choice awards;Admiral Group plc1.pdf;TRUE
1051;;Admiral Group plc1.pdf;TRUE
1052;this year a number of extreme weather events devastated communities across the world.;Admiral Group plc1.pdf;TRUE
1053;before the storms made landfall our household insurance team contacted all customers who held policies in areas of risk.;Admiral Group plc1.pdf;TRUE
1054;during storms dudley eunice and franklin we made sure that enough support was in place for what we knew would be an influx of customers contacting us.;Admiral Group plc1.pdf;TRUE
1055;similarly in gironde southern france we saw wildfires cause damage across the region.;Admiral Group plc1.pdf;TRUE
1056;over time weve come to believe strongly that creating a great place for our people to work goes a long way towards building longterm commercial success.;Admiral Group plc1.pdf;TRUE
1057;we encourage a culture of open and transparent communication at all levels of the business.;Admiral Group plc1.pdf;TRUE
1058;this philosophy extends to our senior managers and directors who also engage regularly with our colleagues to keep them informed on what is happening in the business and answer their questions.;Admiral Group plc1.pdf;TRUE
1059;we view all of our people as being equally important to the business regardless of their position gender or background.;Admiral Group plc1.pdf;TRUE
1060;these working groups exist to give a voice to all our colleagues and empower them to play an active role in shaping our employee propositions and policies.;Admiral Group plc1.pdf;TRUE
1061;admirals share ownership scheme is a core foundation of our culture and plays an important role in employee recognition and reward.;Admiral Group plc1.pdf;TRUE
1062;if people like what they do they do it better .;Admiral Group plc1.pdf;TRUE
1063;we dedicate resources to our own ministry of fun mof.;Admiral Group plc1.pdf;TRUE
1064;top is admirals annual departmental competition to crown the best departments across the organisation.;Admiral Group plc1.pdf;TRUE
1065;in the theme was based on our purpose help more people look after their future.;Admiral Group plc1.pdf;TRUE
1066;this year teams were encouraged to be as creative as possible and we had submissions that went above and beyond and included themes such as the grinch im a celebrity get me out of here and jurassic park.;Admiral Group plc1.pdf;TRUE
1067;the results ceremony was back inperson for the first time since giving a gr;Admiral Group plc1.pdf;TRUE
1068;due to the nature of the markets in which the company operates and the confidential nature of its businesses any statements with respect to the companys competitive position set out in paragraphs .;Airbus SE1.pdf;TRUE
1069;below have been based on the companys internal information sources unless another source has been specified below.;Airbus SE1.pdf;TRUE
1070;airbus pioneers sustainable aerospace for a safe and united world.;Airbus SE1.pdf;TRUE
1071;the company is also a european leader in defence security and space businesses.;Airbus SE1.pdf;TRUE
1072;in the current challenging operating environment the airbus purpose we pioneer sustainable aerospace for a safe and united world has never been more relevant.;Airbus SE1.pdf;TRUE
1073;leadership today is not a guarantee for leadership tomorrow.;Airbus SE1.pdf;TRUE
1074;the companys financial success is strongly linked to capitalising on its current commercial aircraft portfolio through incremental improvements.;Airbus SE1.pdf;TRUE
1075;the aneo and the a both deliver high levels of fuel efficiency fuel consumption saving compared to previous generation aircraft accelerated pilot on boarding all widebody aircraft benefit from a common type rating making pilot training shorter smoother and lower cost and comfort through the exclusive airspace cabin setting a modern benchmark in passenger comfort and wellbeing.;Airbus SE1.pdf;TRUE
1076;the decision to launch the a freighter version af in is a typical example setting a new standard for air freight efficiency responding to boeings positioning in this segment with a successful market entry firm orders as of the end of .;Airbus SE1.pdf;TRUE
1077;with the same logic the helicopter portfolio is expanding through military versions of commercially successful products.;Airbus SE1.pdf;TRUE
1078;in order to keep the current portfolio competitive and to extend the longevity of its products beyond airbus will continue evolving platform capabilities such as a mrtt automatic airtoair refuelling and new standard operating capabilities for the am.;Airbus SE1.pdf;TRUE
1079;in preparing the next generation of aircraft the requirement for improved sustainability will be the catalyst that allows aviation to continue to meet its larger purpose of uniting the world.;Airbus SE1.pdf;TRUE
1080;new certification challenges new materials new designs new industrial processes and new business models will also be assessed which will provide sources of opportunity.;Airbus SE1.pdf;TRUE
1081;airbus has already started preparing the enablers for this evolution and has invested in key rampt bricks.;Airbus SE1.pdf;TRUE
1082;airbus upnext demonstrators study potential new products and services that encompass radical flying technological breakthroughs.;Airbus SE1.pdf;TRUE
1083;the resilience provided by a broad portfolio of products and services is essential for airbus today and will continue to be in the future.;Airbus SE1.pdf;TRUE
1084;governmental military and commercial business products and services fixed wing and rotary platforms satellites and launchers both self and customerfunded are all elements which balance market variations provide synergies and help to smooth investment cycles.;Airbus SE1.pdf;TRUE
1085;in commercial aviation the demand for more fuelefficient solutions will play out globally and will drive demand for our products and services.;Airbus SE1.pdf;TRUE
1086;the ambition of european industrialists to work together towards a common goal of creating one leading player in commercial aerospace has been decisive to the success of the company.;Airbus SE1.pdf;TRUE
1087;over the past years airbus has grown from being a cooperation of national aerospace companies in four european countries to a global leader in commercial aerospace with a strong foothold in helicopters defence space and security.;Airbus SE1.pdf;TRUE
1088;this is a key strength of the company in addressing global markets.;Airbus SE1.pdf;TRUE
1089;in preparation for the single aisle production rampup to aircraft per month rate the companys commercial aircraft business launched the transformation of its industrial system across the world.;Airbus SE1.pdf;TRUE
1090;to enable this surge of single aisle rates major aircraft components assembly lines have been either upgraded broughton or opened saintnazaire.;Airbus SE1.pdf;TRUE
1091;our products and services range contribute to safety and security in many different ways.;Airbus SE1.pdf;TRUE
1092;market recovery after the covid pandemic has varied significantly across different world regions driven by the pace of vaccination campaigns and the easing of;Airbus SE1.pdf;TRUE
1093;alcon is the global leader in eye care with billion in net sales during the year ended december .;Alcon AG1.pdf;TRUE
1094;we employ over associates from more than nationalities operating in countries and serving consumers and patients in over countries.;Alcon AG1.pdf;TRUE
1095;our surgical business is focused on ophthalmic products for cataract surgery vitreoretinal surgery refractive laser surgery and glaucoma surgery.;Alcon AG1.pdf;TRUE
1096;alongside our worldclass products alcon provides bestinclass service training education and technical support for our customers.;Alcon AG1.pdf;TRUE
1097;our surgical and vision care businesses are complementary and benefit from synergies in research and development manufacturing distribution and consumer awareness and education.;Alcon AG1.pdf;TRUE
1098;similarly our global commercial footprint and expertise as a global organization provide us with product development manufacturing distribution and commercial promotion and marketing knowledge that can be applied to both of our businesses.;Alcon AG1.pdf;TRUE
1099;we are dedicated to providing innovative products that enhance quality of life by helping people see brilliantly.;Alcon AG1.pdf;TRUE
1100;we currently operate in the global ophthalmic surgical and vision care markets which are large dynamic and growing.;Alcon AG1.pdf;TRUE
1101;although it is estimated that of all visual impairments are currently preventable treatable or curable we operate i;Alcon AG1.pdf;TRUE
1102;allfunds amsallfg is one of the leading wealthtech companies with a service offering tailored for fund houses and distributors that ranges from dealing and execution services to data amp analytics reporting and portfolio tools esg advisory and custom software solutions.;Allfunds Group plc1.pdf;TRUE
1103;for over twenty years allfunds has created an efficient and secure ecosystem that hosts one of the largest fund distribution networks offering access to the worlds most comprehensive universe of mutual funds etfs and alternative assets.;Allfunds Group plc1.pdf;TRUE
1104;we connect financial institutions and deliver digital solutions to cover the entire fund distribution value chain for both distributors and fund houses.;Allfunds Group plc1.pdf;TRUE
1105;the allfunds tech solutions team develops endtoend software solutions and open bc channels for our partners by leveraging our data management capabilities tech expertise and a deep knowledge of the fund distribution landscape.;Allfunds Group plc1.pdf;TRUE
1106;allfunds allows clients to trade with a myriad of investment funds through a central integrated platform that offers a secure transaction process minimising the risk of operational errors.;Allfunds Group plc1.pdf;TRUE
1107;allfunds also provides its clients with advanced tools to support their fund selection decisions and distribution strategies.;Allfunds Group plc1.pdf;TRUE
1108;allfunds provides investment outsourcing and subadvisory bb solutions for banks wealth managers and institutional investors.;Allfunds Group plc1.pdf;TRUE
1109;allfunds investment solutions robust service offering combined with allfunds extensive fund distribution network helps our partners streamline their operations and maximise their sales efforts.;Allfunds Group plc1.pdf;TRUE
1110;allfunds esg tools address and support the growing demand for sustainable investing strategies.;Allfunds Group plc1.pdf;TRUE
1111;allfunds provides its clients with advanced reporting with comprehensive data on their assets and flows. allfu;Allfunds Group plc1.pdf;TRUE
1112;corporate governance compensation report financial report allreal holding ag annual accounts additional information;Allreal Holding AG1.pdf;TRUE
1113;allreal covers the entire property value chain from development and realisation to longterm property investment including portfolio management building management and real estate management.;Allreal Holding AG1.pdf;TRUE
1114;allreal strives to achieve sustainabilityoriented consistent qualitative growth steady returns and a stable distribution yield for its shareholders aimed at dividend growth.;Allreal Holding AG1.pdf;TRUE
1115;the portfolio is developed organically and by means of acquisitions on a continuous basis.;Allreal Holding AG1.pdf;TRUE
1116;the synergies between the two divisions real estate and projects amp development are obvious the group develops and realises sustainable projects for its own portfolio and for sale to third parties.;Allreal Holding AG1.pdf;TRUE
1117;with its selective participation in the thirdparty market allreal ensures that its construction activities remain competitive.;Allreal Holding AG1.pdf;TRUE
1118;in the real estate division the company has considerable expertise thanks to its many years of experience in portfolio management and the technical and commercial management of its own yieldproducing properties.;Allreal Holding AG1.pdf;TRUE
1119;allreal has many years of experience in the holistic assessment of properties and offers customers tailored solutions covering everything from development and realisation to the operation of a property.;Allreal Holding AG1.pdf;TRUE
1120;the most important operating and financial targets are defined as follows;Allreal Holding AG1.pdf;TRUE
1121;distribution yield share of the real estate divisions net profit excl. revaluation effect;Allreal Holding AG1.pdf;TRUE
1122;relative share performance positive deviation from the sxi real estate shares tr comparison index;Allreal Holding AG1.pdf;TRUE
1123;the real estate division secures stable added value over the long term with its active management and focus on a highquality portfolio.;Allreal Holding AG1.pdf;TRUE
1124;the focus is on a high level of customer benefit combined with an increase in profitability with the lowest possible vacancy rates.;Allreal Holding AG1.pdf;TRUE
1125;the projects amp development division provides services in the development and realisation of real estate.;Allreal Holding AG1.pdf;TRUE
1126;the development department acquires development reserves or properties with upside potential.;Allreal Holding AG1.pdf;TRUE
1127;order backlog as of end of period meur;ANDRITZ AG1.pdf;TRUE
1128;employees as of end of period without apprentices;ANDRITZ AG1.pdf;TRUE
1129;a business combination and recognized separately from goodwill amounting to meur meur and impairment of goodwill in the amount of meur meur;ANDRITZ AG1.pdf;TRUE
1130;additions to intangible assets and property plant and equipment;ANDRITZ AG1.pdf;TRUE
1131;international technology group andritz offers a broad portfolio of innovative plants equipment systems services and digital solutions for a wide range of industries and end markets.;ANDRITZ AG1.pdf;TRUE
1132;andritz is a global market leader in all four of its business areas pulp amp paper metals hydro and separation.;ANDRITZ AG1.pdf;TRUE
1133;andritz pulp amp paper provides sustainable technology automation and service solutions for the production of all types of pulp paper board and tissue.;ANDRITZ AG1.pdf;TRUE
1134;the product portfolio also includes boilers for power generation flue gas cleaning systems various nonwoven technologies and panelboard mdf production systems.;ANDRITZ AG1.pdf;TRUE
1135;andritz metals is via the schuler group one of the worlds leading suppliers of technologies plants and digital solutions in metal forming.;ANDRITZ AG1.pdf;TRUE
1136;andritz hydro is one of the globally leading suppliers of electro mechanical equipment and services for hydropower plants in the dynamically growing global market for renewable energy.;ANDRITZ AG1.pdf;TRUE
1137;pumps for irrigation water supply and flood control as well as turbo generators complete the business areas portfolio.;ANDRITZ AG1.pdf;TRUE
1138;andritz separation provides mechanical and thermal technologies as well as services and the related automation solutions for solidliquid separation serving the chemical environmental food and the mining and minerals industries.;ANDRITZ AG1.pdf;TRUE
1139;transforming the very nature of mining for a safer smarter more sustainable future.;Anglo American plc1.pdf;TRUE
1140;using more precise technologies less energy and less water we aim to reduce our environmental footprint for every ounce carat and kilogram of precious metal or mineral.;Anglo American plc1.pdf;TRUE
1141;we are combining smart innovation with the utmost consideration for our people their families local communities our customers and the world at large to better connect precious resources in the ground to all of us who need and value them.;Anglo American plc1.pdf;TRUE
1142;and we are working together to develop better jobs better education and better businesses building brighter and healthier futures around our operations in host communities and ultimately for billions of people around the world who depend on our products every day.;Anglo American plc1.pdf;TRUE
1143;our metals and minerals help unlock a cleaner future for our planet and meet the needs of a growing population from homes and electronics to food and luxuries these are futureenabling products.;Anglo American plc1.pdf;TRUE
1144;business intelligence analyst janeth fabian chavez at quellaveco copper mine in peru consults the work execution platform app on her mobile phone.;Anglo American plc1.pdf;TRUE
1145;words with this symbol are defined in the alternative performance measures section of the integrated annual report on pages . contents;Anglo American plc1.pdf;TRUE
1146;creating value for our stakeholders;Anglo American plc1.pdf;TRUE
1147;reflecting stakeholder views in our board decision making;Anglo American plc1.pdf;TRUE
1148;integrated reporting aims to demonstrate how companies create value sustainably over time for a range of stakeholders consistent with anglo americans purpose business approach and strategy.;Anglo American plc1.pdf;TRUE
1149;this document includes references to the anglo american group forwardlooking statements and thirdparty information. we comply with all relevant nonfinancial reporting requirements including those containe;Anglo American plc1.pdf;TRUE
1150;anheuserbusch inbev is a publicly traded company euronext abi based in leuven belgium with secondary listings on the mexico mexbol anb and south africa jse anh stock exchanges and with american depositary receipts on the new york stock exchange nyse bud.;Anheuser-Busch InBev SANV3.pdf;TRUE
1151;we are committed to building great brands that stand the test of time and to brewing the best beers using the finest natural ingredients.;Anheuser-Busch InBev SANV3.pdf;TRUE
1152;we undertake exploration activities in chile and abroad with particular focus on the americas.;Antofagasta plc1.pdf;TRUE
1153;we integrate sustainability criteria into the design process and project evaluation phase developing innovative solutions for challenges such as water availability longterm energy supply and community relations.;Antofagasta plc1.pdf;TRUE
1154;safety and health operating efficiency and innovation are all key elements of how we run our operations.;Antofagasta plc1.pdf;TRUE
1155;we build longterm relationships with the smelters and fabricators who purchase our products with approximately of output by value going to asian markets.;Antofagasta plc1.pdf;TRUE
1156;at the end of a mines life it must be closed and remediated according to the international standards and national regulations in force at the time.;Antofagasta plc1.pdf;TRUE
1157;we generate economic value for all our stakeholders distributing it as wages to employees purchases of goods and services to suppliers social investment programmes in communities taxes to governments dividends to shareholders and interest payments to lenders.;Antofagasta plc1.pdf;TRUE
1158;arcadis is the worlds leading company delivering sustainable design engineering digital and consultancy solutions for natural and built assets.;Arcadis NV1.pdf;TRUE
1159;with growing urbanization climate change increased digitalization and greater societal expectations presenting challenges for our clients over the last months we continue to see growing demand for the solutions and services we offer to address these problems.;Arcadis NV1.pdf;TRUE
1160;our segments our diversified portfolio is based on a global presence with leading positions across our global business areas resilience places and mobility that were introduced early and our latest addition intelligence.;Arcadis NV1.pdf;TRUE
1161;our capabilities combined with our deep market sector insights our global solutions and collaborative teams we help clients overcome the most complex challenges wherever they exist.;Arcadis NV1.pdf;TRUE
1162;our clients our clients require trusted partners capable of delivering bestinclass solutions regardless of where they are sourced.;Arcadis NV1.pdf;TRUE
1163;our services we offer our clients full lifecycle solutions comprising business and sustainability advisory services consulting program project cost and commercial management and design and engineering.;Arcadis NV1.pdf;TRUE
1164;we are a commercialstage global fullyintegrated biopharma company developing a deep pipeline of differentiated therapies for the treatment of severe autoimmune diseases.;argenx SE1.pdf;TRUE
1165;through the building and use of commercial franchises we plan to leverage capabilities and an organizational footprint for subsequent potential launches across our broad immunology pipeline.;argenx SE1.pdf;TRUE
1166;on august the eu commission granted marketing authorization for vyvgart efgartigimod alfafcab as an addon to standard therapy for the treatment of adult patients with gmg who are achrab in all eu member states iceland norway and liechtenstein collectively with the u.s. and japan the vyvgart approved countries .;argenx SE1.pdf;TRUE
1167;our ordinary shares are listed on the regulated market of euronext brussels in belgium under isin nl under the symbol argx since and our adss each representing;argenx SE1.pdf;TRUE
1168;boasting unique expertise in materials science highperformance innovations and the ability to meet customers needs in diverse markets with attractive growth potential thanks to an extensive and complementary product range spanning our three segments arkema is a world leader in specialty materials.;Arkema SA1.pdf;TRUE
1169;over the years arkema has developed or acquired a set skills in materials additives coating resins and adhesives that is unmatched in the world.;Arkema SA1.pdf;TRUE
1170;we have organised those skills into three coherent complementary segments adhesive solutions advanced materials and coating solutions.;Arkema SA1.pdf;TRUE
1171;with patents filed in of which bring us closer to the sustainable development goals and annual rampd investment totalling million along with researchers and multiple technological partnerships arkema is now among the top french firms in the annual ranking compiled by the european patent office.;Arkema SA1.pdf;TRUE
1172;boosting our financial performance products introduced in the last five years account for of our sales and our current innovations are expected to generate an additional billion in turnover in .;Arkema SA1.pdf;TRUE
1173;our three segments adhesive solutions advanced materials and coating solutions give us the ability to create internal synergies in generating both innovation and sales potential.;Arkema SA1.pdf;TRUE
1174;whether its d printing coatings and paints electric batteries cool roofing or pressuresensitive adhesives all markets posting annual growth of to arkema stands out with the most extensive array of offerings on the market.;Arkema SA1.pdf;TRUE
1175;we market an integrated leading range of pressuresensitive adhesives with four industryleading technologies hotmelt waterbased uv adhesives and specialty acrylics.;Arkema SA1.pdf;TRUE
1176;we offer coating solutions resins and additives used to make white paints for rooftops that reflect uv light and regulate interior temperature as well as kynar aquatec pvdf resin for a protective overlayer that preserves roof reflectance for up to twenty years longer.;Arkema SA1.pdf;TRUE
1177;image in the electric battery market we offer a unique range of specialised products from polymers and adhe;Arkema SA1.pdf;TRUE
1178;we are an international equipment rental company with national networks in the us canada and the uk.;Ashtead Group plc1.pdf;TRUE
1179;we are asm a leading player in advanced technologies in the semiconductor equipment market;ASM International N.V.1.pdf;TRUE
1180;a.s.r. is the dutch insurance company for all kinds of insurance. a.s.r. exists for more than years and is a leading insurer in the netherlands.;ASR Nederland N.V.1.pdf;TRUE
1181;customers of a.s.r. are individuals selfemployed persons and corporate clients both small and mediumsized enterprises smes.;ASR Nederland N.V.1.pdf;TRUE
1182;a.s.r. helps customers to share risks and accumulate capital for later.;ASR Nederland N.V.1.pdf;TRUE
1183;a.s.r. s strategy has four key principles;ASR Nederland N.V.1.pdf;TRUE
1184;a.s.r. aims to be the best financial service provider for customers. a.s.r. clearly understands customers requirements and responds to these with preferred products and services.;ASR Nederland N.V.1.pdf;TRUE
1185;a.s.r. shows excellence in pricing underwriting and claims management.;ASR Nederland N.V.1.pdf;TRUE
1186;everyone has equal rights to equal opportunities. a.s.r. therefore has suitable products and services for all target groups.;ASR Nederland N.V.1.pdf;TRUE
1187;a.s.r. has a solid financial framework. a.s.r. is a multiline insurer with a robust solvency and profitable activities that generate capital.;ASR Nederland N.V.1.pdf;TRUE
1188;a.s.r. is ambitious and sees plenty of opportunities in the coming years to strengthen its position and grow further in pampc pensions disability asset management and in distribution and services.;ASR Nederland N.V.1.pdf;TRUE
1189;as a committed insurer a.s.r. wants to contribute to solving social issues.;ASR Nederland N.V.1.pdf;TRUE
1190;a.s.r. works to help customers gain insight into their financial situation and make conscious financial decisions.;ASR Nederland N.V.1.pdf;TRUE
1191;there is growing attention for sustainable employability and vitality prompted partly by social trends and challenges such as the retirement age healthcare costs and life expectancy. a.s.r. contributes towards the prevention of illness reducing absenteeism and disability and the promotion of sustainable employability. a.s.r. wants its employees and customers to remain sustainably employable and enco;ASR Nederland N.V.1.pdf;TRUE
1192;the industry in which we operate is at the crossroads of some of the great contemporary issues geopolitical and financial instability digital revolution and cyber security climate change ageing and new welfare pandemics and extreme events.;Assicurazioni Generali S.p.A.1.pdf;TRUE
1193;our business model and strategy;Associated British Foods plc1.pdf;TRUE
1194;our grocery division employs more than people and comprises brands which occupy leading positions in markets across the globe.;Associated British Foods plc1.pdf;TRUE
1195;ab sugar is a leading producer of sugar and sugarderived coproducts in africa the uk spain and north east china.;Associated British Foods plc1.pdf;TRUE
1196;ab agri is a leading international agrifood business operating across the supply chain producing and marketing animal feed nutrition and technology based products and services.;Associated British Foods plc1.pdf;TRUE
1197;our ingredients businesses are leaders in yeast and bakery ingredients as well as in specialty ingredients for the food human and animal nutrition pharmaceutical and various other industries.;Associated British Foods plc1.pdf;TRUE
1198;primark is one of the largest clothing retailers in europe the largest by volume in the uk and has a growing presence in the us.;Associated British Foods plc1.pdf;TRUE
1199;countries operated in across europe africa the americas asia and australia of our people have access to an employee assistance programme;Associated British Foods plc1.pdf;TRUE
1200;oneof the largest food producers in the uk food manufacturing sites globally;Associated British Foods plc1.pdf;TRUE
1201;of the waste we generated was sent for recycling recovery or other beneficial use of the energy we used came from renewables;Associated British Foods plc1.pdf;TRUE
1202;a substance or material that has no further use in our main processes and requires management to discard or treat prior to final disposal.;Associated British Foods plc1.pdf;TRUE
1203;employees of our total workforce are women oneof the l;Associated British Foods plc1.pdf;TRUE
1204;help people with chronic diseases live better healthier lives.;AstraZeneca PLC1.pdf;TRUE
1205;make patients partners in their own treatment.;AstraZeneca PLC1.pdf;TRUE
1206;give more and more of us access to healthcare.;AstraZeneca PLC1.pdf;TRUE
1207;make healthcare systems more sustainable and resilient.;AstraZeneca PLC1.pdf;TRUE
1208;our marketplace sits at the heart of the vehicle buying and selling process with the largest number of car buyers and sellers and the largest choice of trusted stock.;Auto Trader Group PLC3.pdf;TRUE
1209;we will change how the uk shops for cars by providing the best online car buying experience and enabling all retailers to sell online.;Auto Trader Group PLC3.pdf;TRUE
1210;head online to our corporate website to find out more about us download a copy of this report and keep in touch via our social channels.;Auto Trader Group PLC3.pdf;TRUE
1211;avanza was founded in to offer online stock trading for individual investors at low prices.;Avanza Bank Holding AB1.pdf;TRUE
1212;we mainly target individual investors in sweden but also have services for professional investors and corporate customers such as entrepreneurs asset managers and those who want an occupational pension.;Avanza Bank Holding AB1.pdf;TRUE
1213;we offer customers approximately investment opportunities through a wide range of swedish and foreign securities and savings accounts with no fixed fees and low prices.;Avanza Bank Holding AB1.pdf;TRUE
1214;the group consists of the listed parent company avanza bank holding a;Avanza Bank Holding AB1.pdf;TRUE
1215;were there to protect the things that matter most to our customers;Aviva plc1.pdf;TRUE
1216;their homes and belongings their health and wealth their future and their families.;Aviva plc1.pdf;TRUE
1217;the leading uk provider and goto customer brand for all insurance wealth and retirement solutions with strong franchises in canada and ireland;Aviva plc1.pdf;TRUE
1218;goto customer brand for insurance wealth and retirement;Aviva plc1.pdf;TRUE
1219;top quartile efficiency with technology at the core;Aviva plc1.pdf;TRUE
1220;we care deeply about the positive difference we can make in our customers lives;Aviva plc1.pdf;TRUE
1221;we understand the impact we have on the world and take the responsibility that comes with it seriously;Aviva plc1.pdf;TRUE
1222;we recognise the strength that comes from working as one team built on trust and respect;Aviva plc1.pdf;TRUE
1223;we believe the best is yet to come for our customers our people and society;Aviva plc1.pdf;TRUE
1224;by doing so we will create value for our stakeholders our customers colleagues society and shareholders;Aviva plc1.pdf;TRUE
1225;axa sa is the holding company of axa group a worldwide leader in insurance with total assets of billion for the year ended december .;AXA SA1.pdf;TRUE
1226;axa operates primarily in five hubs france europe asia axa xl and international including middle east latin america and africa.;AXA SA1.pdf;TRUE
1227;axa has four main operating activities property amp casualty life amp savings health and asset management.;AXA SA1.pdf;TRUE
1228;production and businesstobusiness sale salmon packaging biogas fish meal oil and feed.;Bakkafrost PF2.pdf;TRUE
1229;longest integrated value chain in the industry fully owned subsidiaries fof segment havsbrn fuglafjrur production of fishmeal oil and feed bakkafrost scotland scottish salmon producer processing and sales bakkafrost uk grimsby salmon import and sales bakkafrost usa new jersey seafood import processing and sales förka trshavn biogas plant svnoyar rognkelsisst cleaner fish farming farcargo airfreight and subsidiary munkebo seafood denmark canned seafood processing and sales.;Bakkafrost PF2.pdf;TRUE
1230;markets served western europe north america asia eastern europe and rest of the world;Bakkafrost PF2.pdf;TRUE
1231;we finance our operations through a combination of cash flow debt and shareholder capital;Bakkafrost PF2.pdf;TRUE
1232;we rely on the expertise and competency of our workforce working to our values to develop and grow the business;Bakkafrost PF2.pdf;TRUE
1233;we depend on natural resources to produce world class quality salmon;Bakkafrost PF2.pdf;TRUE
1234;we ensure that we have state of the art production facilities and service vessels to optimise efficiency;Bakkafrost PF2.pdf;TRUE
1235;we have built a strong reputation for high quality salmon and feed to develop our increasing market share;Bakkafrost PF2.pdf;TRUE
1236;we are committed to building relationships with our stakeholders to ensure transparency and full appreciation of our shared values.;Bakkafrost PF2.pdf;TRUE
1237;the bakkafrost difference high nutritional content using local marine sources no ethoxyquin recepies and sustainable nongmo ingredients. increased focus on biosecurity natural farming efficient circular no use of growth environment solutions hormones modern fleet of farming service vessels staffed by people with centuries of seafaring knowhow provide fast and gentle transportation from marine site to production environment solutions hormones modern fleet of farming service vessels staffed by people with centuries of seafaring knowhow provide fast and gentle transportation from marine site to production efficient processing capabilities product development efficient processing capabilities product development and extensive market reach;Bakkafrost PF2.pdf;TRUE
1238;we create value for our shareholders the faroe islands and scotland through taxes and direct and indirect employment;Bakkafrost PF2.pdf;TRUE
1239;we meet growing global demand for protein with healthy and efficiently production of salmon;Bakkafrost PF2.pdf;TRUE
1240;we aim to contribute towards improved infrastructure in our areas of operation;Bakkafrost PF2.pdf;TRUE
1241;we collaborate with the broader aquaculture industry to promote responsible and sustainable practice please see our annual report at www.bakkafrost.com for our consolidated financial statements. output t of fishmeal annual capacity t of fish oil annual capacity t of fish feed annual capacity increasing part of roe from our own strains million g smolts and million g s;Bakkafrost PF2.pdf;TRUE
1242;balfour beatty is a leading international infrastructure group with employees driving the delivery of powerful new solutions shaping thinking creating skylines and inspiring a new generation of talent to be the changemakers of tomorrow.;Balfour Beatty plc1.pdf;TRUE
1243;we finance develop build maintain and operate the increasingly complex and critical infrastructure that supports national economies and deliver projects at the heart of local communities.;Balfour Beatty plc1.pdf;TRUE
1244;across balfour beatty we are harnessing the power of digital and cuttingedge technology to drive productivity improve safety and develop sustainable solutions.;Balfour Beatty plc1.pdf;TRUE
1245;our chosen markets show strong underlying drivers and continue to deliver significant opportunities to the group.;Balfour Beatty plc1.pdf;TRUE
1246;the infrastructure market outlook is positive and is boosted by the infrastructure and projects authoritys bn pipeline providing the highest levels of investment in decades.;Balfour Beatty plc1.pdf;TRUE
1247;driven by the us trillion infrastructure investment amp jobs act infrastructure growth in the us will experience a significant boost in balfour beattys chosen states.;Balfour Beatty plc1.pdf;TRUE
1248;the outlook is positive supported by the governments plan to increase land supply speed up railway development projects and rehabilitate the citys ageing buildings.;Balfour Beatty plc1.pdf;TRUE
1249;better faster greener through modern methods of construction;Balfour Beatty plc1.pdf;TRUE
1250;welcome reforms to the remuneration framework under which the group operates significantly mitigating a key risk which the group faces.;Bank of Ireland Group Plc1.pdf;TRUE
1251;our business model has undergone a step change in .;Bank of Ireland Group Plc1.pdf;TRUE
1252;in addition the shift in market structure in ireland has produced a onceglyphltcfontfvxvnxopensansgtinglyphltcfontfvxvnxopensansgt aglyphltcfontfvxvnxopensansgtgeneration customer acquisition opportunity. eve moved at pace to fully capture this opportunity doubling the number of current accounts that we opened in ireland.;Bank of Ireland Group Plc1.pdf;TRUE
1253;the acquisition of davy has increased our assets under management by c.glyphltcfontfvxvnxopensansgt to c. billion. s irelands leading wealth manager davy offers us new capabilities to serve customers in particular across investments and capital markets.;Bank of Ireland Group Plc1.pdf;TRUE
1254;in the uk the outlook is more challenging but our strategy of focusing on value over volume gives us flexibility to adapt to changing market conditions.;Bank of Ireland Group Plc1.pdf;TRUE
1255;bcv banque cantonale vaudoise was founded on december by the vaud cantonal parliament grand conseil vaudois as a socit anonyme de droit public i.e. a corporation organized under public law.;Banque Cantonale Vaudoise1.pdf;TRUE
1256;we offer a comprehensive range of financial services to all client segments.;Banque Cantonale Vaudoise1.pdf;TRUE
1257;pursuant to article of the lbcv bcvs corporate mandate is to offer a comprehensive range of banking services to the local community and to contribute to the development of all sectors of the vaud economy and to the financing of the cantons publicsector institutions and entities.;Banque Cantonale Vaudoise1.pdf;TRUE
1258;more generally our missions are to create value for our shareholders and clients to be a benchmark employer and to be a good corporate citizen.;Banque Cantonale Vaudoise1.pdf;TRUE
1259;since the bank was founded in it has considerably expanded its business in the canton.;Banque Cantonale Vaudoise1.pdf;TRUE
1260;from to we moved to diversify our operations particularly in international trade finance offshore wealth management and trading.;Banque Cantonale Vaudoise1.pdf;TRUE
1261;the canton provided most of the funds raised on both occasions. from to we successfully refocused operations on our four co;Banque Cantonale Vaudoise1.pdf;TRUE
1262;the executive committee manages the business from a geographic view.;Barry Callebaut AG3.pdf;TRUE
1263;furthermore the executive committee also manages the corporate functions independently.;Barry Callebaut AG3.pdf;TRUE
1264;the global cocoa segment is responsible for the procurement of ingredients for chocolate production mainly cocoa sugar dairy and nuts and the groups cocoaprocessing business.;Barry Callebaut AG3.pdf;TRUE
1265;therefore the major part of its operating profit ebit is allocated to the regions.;Barry Callebaut AG3.pdf;TRUE
1266;the regional chocolate businesses consist of chocolate production related to the product groups of food manufacturers focusing on industrial customers and gourmet amp specialties focusing on products for artisans and professional users of chocolate such as chocolatiers pastry chefs or bakers as well as products for vending machines.;Barry Callebaut AG3.pdf;TRUE
1267;in thousands of chf emea americas asia pacific global cocoa total segments corporate eliminations group;Barry Callebaut AG3.pdf;TRUE
1268;additions to property plant equipment rightofuse assets and intangible assets excluding acquisitions of subsidiariesbusinesses;Barry Callebaut AG3.pdf;TRUE
1269;bavarian nordic is a fully integrated vaccines company focused on rampd innovation manufacturing and commercialization of lifesaving vaccines.;Bavarian Nordic AS1.pdf;TRUE
1270;global commercial operations with own salesforce and distribution in strategic markets;Bavarian Nordic AS1.pdf;TRUE
1271;endtoend manufacturing at highest quality standards;Bavarian Nordic AS1.pdf;TRUE
1272;listed on nasdaq omx copenhagen c bava.co and adr bvnry;Bavarian Nordic AS1.pdf;TRUE
1273;commercial products with leading market positions rabies tbe ebola smallpox mpox;Bavarian Nordic AS1.pdf;TRUE
1274;inlicensed products hepatitis b cholera japanese enc;Bavarian Nordic AS1.pdf;TRUE
1275;the following timeline demonstrates how we create value from selecting land to selling homes.;Bellway p.l.c.1.pdf;TRUE
1276;land opportunities are identified by our divisional and group land and planning teams using their local knowledge and contacts.;Bellway p.l.c.1.pdf;TRUE
1277;we often secure land without the benefit of an implementable detailed planning permission dpp typically brownfield sites with an outline planning consent or on a subject to planning basis.;Bellway p.l.c.1.pdf;TRUE
1278;our land bank is comprised of three tiers;Bellway p.l.c.1.pdf;TRUE
1279;i owned or unconditionally contracted land with dpp.;Bellway p.l.c.1.pdf;TRUE
1280;ii pipeline of land owned or controlled pending dpp with development expected to commence within the next three years.;Bellway p.l.c.1.pdf;TRUE
1281;iii strategic land which is longerterm typically held under option.;Bellway p.l.c.1.pdf;TRUE
1282;our divisional and group planning teams work closely with local authorities and communities to obtain dpp to construct homes which reflect local planning and vernacular requirements.;Bellway p.l.c.1.pdf;TRUE
1283;we construct a wide range of homes with a focus on our artisan collection of standard house types to suit a variety of customer budgets and lifestyles.;Bellway p.l.c.1.pdf;TRUE
1284;within the artisan collection there are numerous unique designs which have been developed to adhere to differing regional planning requirements.;Bellway p.l.c.1.pdf;TRUE
1285;our homes are built to a high standard in compliance with specific building technical and health and safety regulations and other regulatory requirements as well as to our own high quality standards.;Bellway p.l.c.1.pdf;TRUE
1286;our priority is the health safety and wellbeing of our employees subcontractors and visitors to our developments.;Bellway p.l.c.1.pdf;TRUE
1287;we strive to maintain longterm working relationships with reputable subcontractors and supply chain partners to reduce health and safety risks and to ensure the commercial availability and quality of materials and labour.;Bellway p.l.c.1.pdf;TRUE
1288;we seek to ensure that we have suitable building materials available at competitive prices to enable us to construct homes to the high standards expected of us by our custom;Bellway p.l.c.1.pdf;TRUE
1289;bkw is ready for a comprehensive energy transition. the bkw group brings together leading companies and groups of companies across many disciplines operates internationally and is rooted in the region.;BKW AG1.pdf;TRUE
1290;with its roadmap for growth bkw is assuming responsibility in tackling the energy and climate crisis. in the years to come massive investments will be made in renewable energies in switzerland and europe. the production and consumption of energy are becoming even more closely intertwined. photovoltaic systems on rooftops are providing power for heat pumps and electric vehicles.;BKW AG1.pdf;TRUE
1291;the latest technologies and automatic controls increase the quality of buildings and reduce their energy consumption. the heating sector alone accounts for around percent of energy consumption in switzerland today and is the source of more than percent of carbon emissions. the buildings of the future are intelligent and energy efficient and function as small power plants.;BKW AG1.pdf;TRUE
1292;with its broad expertise bkw is a competent partner that supports its customers from the drafting of a concept to automation of processes through to implementation and ongoing support.;BKW AG1.pdf;TRUE
1293;modern and properly functioning infrastructure is of central importance for the sustainable development of society and the economy. it ensures water and energy supplies as well as secure transport and communication networks to homes neighborhoods cities industrial facilities and public buildings such as train stations and airports. in the construction of grids and plants bkw provides support to customers in the energy transport telecommunications and water sectors. the companys services are supplemented by environmentally friendly lighting solutions.;BKW AG1.pdf;TRUE
1294;image this is the defined aspiration to which all business areas of the bkw group strive and the common goal to which each company in the network;BKW AG1.pdf;TRUE
1295;bolidens operation provides an important part of societys raw materials supply by contributing with mined and processed base and valuable metals that are recycled after use.;Boliden AB1.pdf;TRUE
1296;high technological knowhow including automation and electrification;Boliden AB1.pdf;TRUE
1297;extensive experience of developing productivity in mines and smelters;Boliden AB1.pdf;TRUE
1298;mineral resources include known and indicated resources.;Boliden AB1.pdf;TRUE
1299;we create value for shareholders and society all the way from exploration to the recycling of metals.;Boliden AB1.pdf;TRUE
1300;in addition to primary metals concentrates contain other metals which are mainly processed in bolidens smelters.;Boliden AB1.pdf;TRUE
1301;the bollor group has successfully changed over the past two centuries transforming its businesses and adapting its model to ensure its resilience.;Bollore SE1.pdf;TRUE
1302;the group has become one of the worlds biggest logistics operators through a combination of organic and external growth operations.;Bollore SE1.pdf;TRUE
1303;the acquisitions of scac delmasvieljeux and saga have given the transportation and logistics activities an international dimension with substantial operations in africa where the group operates the continents leading integrated logistics network.;Bollore SE1.pdf;TRUE
1304;this strategy of supporting customers in four major regions africa the americas asiapacific europe and the middle eastsouth asia is based on the development of powerful it tools deployment of a new and unique transport management system cargowise on a global scale set for finalization in implementation of a collaborative internet and mobile platform etc. that allow the group to be more responsive and offer more flexible and innovative solutions to its customers and to speed up digitize and secure information flows between participants.;Bollore SE1.pdf;TRUE
1305;to cope with the structural decline in the oil distribution market bollor energy is pursuing a strategy to diversify into the storage of petroleum products.;Bollore SE1.pdf;TRUE
1306;two new fuels were introduced in for business customers carriers railway industry and bollor energy became the fourth operator in the b biodiesel segment in france.;Bollore SE1.pdf;TRUE
1307;building on its position as a global leader in ultrathin plastic films for capacitors the bollor group has made electric mobility and electricity storage activities a major priority for development.;Bollore SE1.pdf;TRUE
1308;since the group has become a leading partner of european manufacturers in urban transport and stationary solutions. in blue solutions set up two s;Bollore SE1.pdf;TRUE
1309;brenntag is the global market leader in chemicals and ingredients distributio;Brenntag Societas Europaea1.pdf;TRUE
1310;bridgepoint is an international alternative asset fund management group with offices in europe the us and china.;Bridgepoint Group Plc1.pdf;TRUE
1311;the annual report and accounts for bridgepoint group plc incorporates;Bridgepoint Group Plc1.pdf;TRUE
1312;the directors report the corporate governance report and the directors remuneration report and;Bridgepoint Group Plc1.pdf;TRUE
1313;each of which has been approved by the board of directors of bridgepoint group plc.;Bridgepoint Group Plc1.pdf;TRUE
1314;adam jones group chief financial officer and chief operating officer;Bridgepoint Group Plc1.pdf;TRUE
1315;cembra is a leading swiss provider of financing solutions and services.;Cembra Money Bank AG1.pdf;TRUE
1316;we have over million customers in switzerland and employ about people from different countries.;Cembra Money Bank AG1.pdf;TRUE
1317;we have been listed as an independent swiss bank on the six swiss exchange since .;Cembra Money Bank AG1.pdf;TRUE
1318;we offer a broad range of financing solutions in switzerland;Cembra Money Bank AG1.pdf;TRUE
1319;personal loans cembra is a leading provider in the highly competitive personal loans market.;Cembra Money Bank AG1.pdf;TRUE
1320;auto loans and leasing cembra is a large brandindependent auto loans and leasing provider in switzerland.;Cembra Money Bank AG1.pdf;TRUE
1321;credit cards we are one of the leading credit card providers in switzerland with about million cards in circulation.;Cembra Money Bank AG1.pdf;TRUE
1322;insurance products we provide insurance products as an intermediary.;Cembra Money Bank AG1.pdf;TRUE
1323;deposits we provide deposit and savings products at competitive interest rates for both retail customers and institutional clients.;Cembra Money Bank AG1.pdf;TRUE
1324;buy now pay laterinvoice financing bnpl we offer invoice financing services through our subsidiaries swissbilling and byjuno.;Cembra Money Bank AG1.pdf;TRUE
1325;the roots of cembra date back to when banque commerciale et agricole e. uldry amp cie. was founded in fribourg.;Cembra Money Bank AG1.pdf;TRUE
1326;wir wollen mit herausragenden leistungen weltweit die chancen im markt nutzen.;Chocoladefabriken Lindt & Spruengli AG2.pdf;TRUE
1327;wir werden niemals kompromisse eingehen welche die produktqualität die präsentation oder die herstellungsmethoden beeinträchtigen.;Chocoladefabriken Lindt & Spruengli AG2.pdf;TRUE
1328;wir fördern anerkennen und belohnen das individuelle engagement die persönliche initiative und die führungskompetenzen auf allen stufen der organisation.;Chocoladefabriken Lindt & Spruengli AG2.pdf;TRUE
1329;wir setzen uns ein für die weiterbildung unserer mitarbeitenden und fördern das verständnis zwischen den verschiedenen aufgabenbereichen durch kollegiale zusammenarbeit.;Chocoladefabriken Lindt & Spruengli AG2.pdf;TRUE
1330;die partnerschaft mit unseren konsumentinnen und konsumenten kunden und lieferanten führt zu anerkennung und gegenseitigem erfolg.;Chocoladefabriken Lindt & Spruengli AG2.pdf;TRUE
1331;unser verständnis für die bedürfnisse unserer konsumentinnen und konsumenten und für die ziele und strategien unserer kunden und lieferanten erlaubt den ausbau einer gegenseitig erfolgreichen und langfristigen partnerschaft.;Chocoladefabriken Lindt & Spruengli AG2.pdf;TRUE
1332;wir wollen mit der umwelt und den gemeinschaften in denen wir leben und arbeiten sorgfältig und gewissenhaft umgehen.;Chocoladefabriken Lindt & Spruengli AG2.pdf;TRUE
1333;die sorge um unsere umwelt spielt eine immer grössere rolle in all unseren entscheidungsprozessen.;Chocoladefabriken Lindt & Spruengli AG2.pdf;TRUE
1334;die erfüllung unserer verpflichtungen garantiert unseren aktionärinnen und aktionären ein langfristig attra;Chocoladefabriken Lindt & Spruengli AG2.pdf;TRUE
1335;our success is dependent on the passion and customer focus of our talented people our secret ingredient.;Coca-Cola HBC AG2.pdf;TRUE
1336;to create our products we use natural resources including water energy and pet.;Coca-Cola HBC AG2.pdf;TRUE
1337;maintaining the trust of stakeholders is essential to our business.;Coca-Cola HBC AG2.pdf;TRUE
1338;our business activities require financial capital which we allocate efficiently.;Coca-Cola HBC AG2.pdf;TRUE
1339;innovation is embedded in our culture.;Coca-Cola HBC AG2.pdf;TRUE
1340;investing in our plant and logistics assets allows us to efficiently prepare package and deliver our products to meet the needs of customers and consumers.;Coca-Cola HBC AG2.pdf;TRUE
1341;our product portfolio caters to a range of tastes and preferences and we continually innovate to lead the sector.;Coca-Cola HBC AG2.pdf;TRUE
1342;we work with our suppliers to procure highquality ingredients sustainably sourced raw materials and equipment and services required to produce beverages.;Coca-Cola HBC AG2.pdf;TRUE
1343;we have the exclusive right to manufacture and sell the beverages of the cocacola company in our markets.;Coca-Cola HBC AG2.pdf;TRUE
1344;the cocacola company owns and develops its brands while cocacola hbc is responsible for producing distributing and selling these beverages using concentrate we buy from the cocacola company under an incidencebased pricing model.;Coca-Cola HBC AG2.pdf;TRUE
1345;we grow by supporting our customers growth leveraging our portfolio focusing on areas of highvalue opportunity and executing with excellence.;Coca-Cola HBC AG2.pdf;TRUE
1346;using concentrate from the cocacola company along with other ingredients we prepare package and deliver products with an optimised manufacturing infrastructure and logistics network.;Coca-Cola HBC AG2.pdf;TRUE
1347;core technologies businesses markets with the primary focus on semiconductor amp electronics;COMET Holding AG1.pdf;TRUE
1348;radio frequency components and system solutions for plasma applications;COMET Holding AG1.pdf;TRUE
1349;system solutions to provide rf technolo gy consisting of;COMET Holding AG1.pdf;TRUE
1350;powerhouse for and modules xray components;COMET Holding AG1.pdf;TRUE
1351;industrial modules and components xray;COMET Holding AG1.pdf;TRUE
1352;highend solu tions for industrial environments from rampd to production settings. xraysystem;COMET Holding AG1.pdf;TRUE
1353;xray and computed tomography inspection systems;COMET Holding AG1.pdf;TRUE
1354;software for visualization and analytics xray customized;COMET Holding AG1.pdf;TRUE
1355;convatec is a global medical solutions and technologies company committed to the people we serve patients living with chronic conditions their care givers and the healthcare professionals who support them.;ConvaTec Group Plc1.pdf;TRUE
1356;since we have supported patients in managing longterm conditions with leading market positions in advanced wound care ostomy care continence and critical care and infusion care.;ConvaTec Group Plc1.pdf;TRUE
1357;we consistently deliver excellent work say what we do and do what we say.;ConvaTec Group Plc1.pdf;TRUE
1358;we take personal ownership of all our work taking the initiative innovating taking smart risks and never settling for second best.;ConvaTec Group Plc1.pdf;TRUE
1359;we behave ethically are honest and trustworthy operate with the highest standards of integrity uphold policies and make a positive difference.;ConvaTec Group Plc1.pdf;TRUE
1360;we are passionate about serving and supporting people with deeply personal and challenging medical conditions.;ConvaTec Group Plc1.pdf;TRUE
1361;advanced dressings for the management of acute and chronic wounds resulting from ongoing conditions such as diabetes and acute conditions resulting from traumatic injury and burns.;ConvaTec Group Plc1.pdf;TRUE
1362;products and services for people with urinary continence issues related to spinal cord injuries multiple sclerosis spina bifida and other causes and products used in intensive care units and hospital settings.;ConvaTec Group Plc1.pdf;TRUE
1363;devices accessories and services for people with a stoma a surgically created opening where bodily waste is discharged commonly resulting from causes such as colorectal cancer inflammatory bowel disease and bladder cancer.;ConvaTec Group Plc1.pdf;TRUE
1364;disposable infusion sets for diabetes insulin pumps or for pumps used in continuous subcutaneous inf;ConvaTec Group Plc1.pdf;TRUE
1365;in essential dairy products more than of danones revenues come from high valueadded functional segments such as immunity gut health indulgence or performance.;Danone SA1.pdf;TRUE
1366;for example the highprotein platform spearheaded by brands like yopro launched only a few years ago now has sales exceeding m in .;Danone SA1.pdf;TRUE
1367;in plantbased danone is a leader within a category that continues to grow globally driven by the rise of flexitarianism.;Danone SA1.pdf;TRUE
1368;the group is notably present in europe with alpro and north america with silk with a portfolio spanning across all key segments from the established beverages segment ingredientbased with almond or oat but also benefitled with blended products to yogurts and more nascent ones such as cheese or ice cream.;Danone SA1.pdf;TRUE
1369;position in danone was worldwide;Danone SA1.pdf;TRUE
1370;in specialized nutrition danone has strong leadership providing baby formula;Danone SA1.pdf;TRUE
1371;grounded in our scientific expertise in biotics and years of advanced breastmilk science with product propositions like aptamil cesarbiotik and aptamil dairy amp plants blend which recognize that every familys feeding journey is unique.;Danone SA1.pdf;TRUE
1372;such as cows milk allergy metabolic diseases and cancer or stroke through its paediatric and adult medical nutrition portfolio.;Danone SA1.pdf;TRUE
1373;in waters the group is well postioned to build on a longterm trend;Danone SA1.pdf;TRUE
1374;water will remain the healthiest hydration option and of the recovery of the category following covid lockdowns.;Danone SA1.pdf;TRUE
1375;dassault aviation is a french aerospace company that shapes the future by designing and building military aircraft business jets and space systems.;Dassault Aviation SA1.pdf;TRUE
1376;designer and builder of the rafale multirole fighter capable of handling all types of missions for both air forces and naval air arms;Dassault Aviation SA1.pdf;TRUE
1377;designer of the neuron combat drone built by a european partnership;Dassault Aviation SA1.pdf;TRUE
1378;designer and builder of the falcon family of business jets recognized for their handling qualities operational flexibility low fuel consumption and innovative solutions;Dassault Aviation SA1.pdf;TRUE
1379;designer and builder of specialmission falcons including maritime surveillance intelligence and medical evacuation jets;Dassault Aviation SA1.pdf;TRUE
1380;the hub of a strategic industrial network comprising hundreds of companies in france and international markets;Dassault Aviation SA1.pdf;TRUE
1381;expertise in a number of technologies that are key to strategic autonomy;Dassault Aviation SA1.pdf;TRUE
1382;pioneer in digital technologies and behind catia the d cadcam system that has become a global standard c;Dassault Aviation SA1.pdf;TRUE
1383;we combine our strengths to connect people and businesses with the essential products and services that they require to keep growing and progressing.;DCC Plc1.pdf;TRUE
1384;we operate across three sectors energy healthcare and technology employing people in countries.;DCC Plc1.pdf;TRUE
1385;the flight to quality in london offices gathered pace in with prime buildings continuing their relative outperformance in occupational and investment markets.;Derwent London PLC REIT1.pdf;TRUE
1386;real estate valuation yields however came under pressure in the second half of the year as global events led to higher inflation and tighter monetary conditions.;Derwent London PLC REIT1.pdf;TRUE
1387;many businesses recognise the important role offices play in retaining and attracting talent.;Derwent London PLC REIT1.pdf;TRUE
1388;in we made the decision to retain more of our greener and recently regenerated buildings where we see further outperformance over the next few years.;Derwent London PLC REIT1.pdf;TRUE
1389;the strength of our capital structure and the high quality of our balanced portfolio coupled with the positive prospects for central london give us confidence in our positioning.;Derwent London PLC REIT1.pdf;TRUE
1390;we have the financial capacity to deliver our committed programme with a pipeline of major projects that extends to more than .m sq ft of prime offices while remaining opportunistic regarding potential acquisitions to restock our pipeline.;Derwent London PLC REIT1.pdf;TRUE
1391;as a total return business we recognise the importance of balancing value creation and earnings.;Derwent London PLC REIT1.pdf;TRUE
1392;we look forward to delivering further high quality offices meeting todays occupier needs and thereby generating above average longterm returns for our shareholders.;Derwent London PLC REIT1.pdf;TRUE
1393;weighted average unexpired lease term after adjusting for toppedup rents and prelets;Derwent London PLC REIT1.pdf;TRUE
1394;besides meeting our financial targets another ambition was at the heart of our strategic realignment to make our bank more differentiated and balanced so that each of our four business areas can make a significant contribution to the groups business success.;Deutsche Bank Aktiengesellschaft1.pdf;TRUE
1395;the biggest growth spurt in was recorded by the corporate bank which increased its revenues by percent to billion the highest value since the division was founded.;Deutsche Bank Aktiengesellschaft1.pdf;TRUE
1396;the private bank germany and our international private bank contributed in equal measures to this success.;Deutsche Bank Aktiengesellschaft1.pdf;TRUE
1397;in our asset management business revenues fell by percent to billion euros.;Deutsche Bank Aktiengesellschaft1.pdf;TRUE
1398;in addition to these four businesses our capital release unit cru also made good progress over the past year by further derisking and significantly reducing our leverage exposure.;Deutsche Bank Aktiengesellschaft1.pdf;TRUE
1399;in we aim to continue to improve and are therefore planning further steps along this path.;Deutsche Bank Aktiengesellschaft1.pdf;TRUE
1400;our bank has proven that it has the resilience and stability to survive in difficult times and deliver the best possible performance for our clients.;Deutsche Bank Aktiengesellschaft1.pdf;TRUE
1401;our ambition remains unchanged we strive to be our clients global hausbank. we want to wor;Deutsche Bank Aktiengesellschaft1.pdf;TRUE
1402;lufthansa group is a leading european airline group. its portfolio of companies consists of passenger airlines and aviation services. a sixmember executive board manages the group.;Deutsche Lufthansa AG1.pdf;TRUE
1403;the lufthansa group is an aviation company with operations worldwide.;Deutsche Lufthansa AG1.pdf;TRUE
1404;the passenger airlines segment includes on the one hand the network airlines lufthansa german airlines swiss austrian airlines and brussels airlines.;Deutsche Lufthansa AG1.pdf;TRUE
1405;besides the network airlines eurowings also belongs to the passenger airlines segment.;Deutsche Lufthansa AG1.pdf;TRUE
1406;the financial reporting was changed at the beginning of the financial year to bring all of lufthansa group passenger airlines together in a single segment.;Deutsche Lufthansa AG1.pdf;TRUE
1407;besides its passenger airlines business segment the lufthansa group also comprises aviation;Deutsche Lufthansa AG1.pdf;TRUE
1408;johnnie walker is the worlds number one scotch whisky brand.;Diageo PLC1.pdf;TRUE
1409;during the pandemic people around the world experienced dramatic shifts in their everyday lives.;Diageo PLC1.pdf;TRUE
1410;for more than years johnnie walker has inspired people with these two simple words and this next chapter will continue to build cultural relevance for the brand among the next generation of whisky drinkers.;Diageo PLC1.pdf;TRUE
1411;our campaign burst onto screens into venues social feeds and advertising spaces in over countries.;Diageo PLC1.pdf;TRUE
1412;as a leading company in laboratory diagnostics and committed to address the need of doctors and patients we develop breakthrough solution to meet the constant evolution of diagnosis.;DiaSorin S.p.A.1.pdf;TRUE
1413;twenty years ago we converted our extensive testing offer onto a single innovative fast reliable and fully automated platform.;DiaSorin S.p.A.1.pdf;TRUE
1414;through our constant investment of resources and talents in research and development in we have been among the first to respond to the covid emergency with highquality and reliable tests.;DiaSorin S.p.A.1.pdf;TRUE
1415;aware of the market evolutions and diagnostics trends we focused on increasingly technological and breakthrough solutions such as molecular diagnostics and licensed technologies which can deliver swift and reliable information to clinicians.;DiaSorin S.p.A.1.pdf;TRUE
1416;at the same time and consistently with a growing diagnostic decentralization trend accelerated by the covid pandemic we are developing breakthrough nearthepatient platforms.;DiaSorin S.p.A.1.pdf;TRUE
1417;the extensive installed base is designed for smaller to larger and more consolidated laboratories the extensive specialty menu along with our ability to quickly develop breakthrough solutions make us a leading company in the development of important and strategic commercial partnerships.;DiaSorin S.p.A.1.pdf;TRUE
1418;our business model starts from the healthcare needs and turn them through research into diagnostic answers and solutions.;DiaSorin S.p.A.1.pdf;TRUE
1419;diagnosis is the first step to determine the health status of each person for this reason our diagnostic solutions can make the difference by providing timely and reliable answers to increasingly challenging clinical questions.;DiaSorin S.p.A.1.pdf;TRUE
1420;peoples wellbeing and health are at the core of our business our way of being sustainable that is part of our actions and strategies.;DiaSorin S.p.A.1.pdf;TRUE
1421;sustainability is paired with our strong dedication to consolidate and extend our business as we are aware of the strong value chain that our business generates on employees suppliers targets and communities.;DiaSorin S.p.A.1.pdf;TRUE
1422;healthcare sector clients need to develop a new product drug test vaccine etc.;DiaSorin S.p.A.1.pdf;TRUE
1423;in the laboratory the samples are processed by specialized equipment that provides the diagnostic responses required on the basis of the reaction between the samples and the diagnostic test reagents;DiaSorin S.p.A.1.pdf;TRUE
1424;we reach customers wherever they shop and whatever their insurance needs.;Direct Line Insurance Group Plc1.pdf;TRUE
1425;we operate across four market segments delivering value and great customer experiences.;Direct Line Insurance Group Plc1.pdf;TRUE
1426;includes direct line churchill privilege darwin and partner brands rbs and natwest.;Direct Line Insurance Group Plc1.pdf;TRUE
1427;we are britains leading private motor insurer represented through our wellknown brands direct line churchill privilege darwin and also through our partners;Direct Line Insurance Group Plc1.pdf;TRUE
1428;we are one of britains leading private home insurers represented through our wellknown brands direct line churchill privilege and also through our partners;Direct Line Insurance Group Plc1.pdf;TRUE
1429;we are one of the leading providers of rescue including through our green flag brand travel and pet insurance in the uk;Direct Line Insurance Group Plc1.pdf;TRUE
1430;we protect commercial businesses through our brands nig direct line for business and churchill;Direct Line Insurance Group Plc1.pdf;TRUE
1431;in we made our claims process simpler customers can now register of claims types across the vast majority of our brands and partners online;Direct Line Insurance Group Plc1.pdf;TRUE
1432;we are set to welcome over new customers in h as part of ou;Direct Line Insurance Group Plc1.pdf;TRUE
1433;firmenich is a leader in the global fragrance and taste industry with years of heritage decadeslong relationships with our customers including leading multinational regional and disruptor brands around the world.;DSM-Firmenich AG1.pdf;TRUE
1434;we are a leading player in every segment where we operate and are diversified across resilient end markets.;DSM-Firmenich AG1.pdf;TRUE
1435;our business is consumer driven building on clear consumer insights and anticipating consumer trends.;DSM-Firmenich AG1.pdf;TRUE
1436;the fragrance and taste industry has demonstrated gdp growth and offers attractive opportunities for innovation and differentiation.;DSM-Firmenich AG1.pdf;TRUE
1437;in addition consumer habits from demands for increased transparency in consumer labels to customer requirements for more renewable and biodegradable ingredients are also evolving quickly.;DSM-Firmenich AG1.pdf;TRUE
1438;firmenich is ideally placed to address these macro trends and grow better than the industry thanks to its innovationled product portfolio built through a strong commitment to rampd and creativity and its deeprooted dedication to responsible business.;DSM-Firmenich AG1.pdf;TRUE
1439;we have the broadest palette of natural synthetic renewable biodegradable and biotech ingredients.;DSM-Firmenich AG1.pdf;TRUE
1440;these proprietary molecules are unique to our portfolio and allow us to protect our customers products from imitation.;DSM-Firmenich AG1.pdf;TRUE
1441;firmenich is the most vertically integrated player in the industry with the best access to raw materials and natural ingredients.;DSM-Firmenich AG1.pdf;TRUE
1442;we are merck a science and technology company.;Merck KGaA2.pdf;TRUE
1443;we have a unique setup with different disciplines under one roof.;Merck KGaA2.pdf;TRUE
1444;with a broad and deep portfolio of more than products and an industryleading ecommerce platform we are focused on impacting life and health with science.;Merck KGaA2.pdf;TRUE
1445;our semiconductor and display solutions can be found in almost every electronic device.;Merck KGaA2.pdf;TRUE
1446;established in our exceptional track record shows we continuously reinvent ourselves and think longterm.;Merck KGaA2.pdf;TRUE
1447;we hold the global rights to the merck name and brand.;Merck KGaA2.pdf;TRUE
1448;apart from our three business sectors our financial reporting presents five regions europe north america asiapacific latin america the middle east and africa.;Merck KGaA2.pdf;TRUE
1449;we have summarized further details on our employee structure and important aspects such as diversity equity and inclusi;Merck KGaA2.pdf;TRUE
1450;in the corporate structure of the branded consumer goods business was changed.;Orkla ASA1.pdf;TRUE
1451;operating revenues organic growth noof employees ebit adj. ebit adj. margin ebit adj. growth ebit adj. margin growth;Orkla ASA1.pdf;TRUE
1452;image operating revenues organic growth noof employees ebit;Orkla ASA1.pdf;TRUE
1453;scout betreibt den führenden digitalen marktplatz immoscout.;Scout24 SE3.pdf;TRUE
1454;eine vielzahl von immobiliensuchenden trifft hier auf ein großes angebot an digitalen anzeigen listings welche von immobilienmaklerinnen auch hausverwaltungen und immobilieneigentümerinnen veröffentlicht werden.;Scout24 SE3.pdf;TRUE
1455;die anzeigen für den verkauf oder die vermietung von immobilien werden im rahmen von rahmenverträgen mitgliedschaften oder als einzelauftrag payperad durch gewerbliche und private kundinnen bei immoscout gebucht.;Scout24 SE3.pdf;TRUE
1456;potenziellen immobilienkäuferinnen vermitteln wir auf wunsch eine finanzierungsberatung.;Scout24 SE3.pdf;TRUE
1457;folgende drei kundengruppen sind auf unserem digitalen marktplatz aktiv;Scout24 SE3.pdf;TRUE
1458;zusatzprodukte die unsere gewerblichen kundinnen über die vermarktung von immobilien hinaus beziehen können sind insbesondere;Scout24 SE3.pdf;TRUE
1459;realtor lead engine rle produkt zur akquise von immobilienverkaufsmandaten g für die kontaktvermittlung zahlt derdie maklerin uns einen preis pro lead;Scout24 SE3.pdf;TRUE
1460;immoverkauf produkt zur akquise von immobilienverkaufsmandaten g derdie maklerin zahlt uns nach erfolgreicher verkaufstransaktion einen teil der maklerprovision;Scout24 SE3.pdf;TRUE
1461;mortgage lead engine mle produkte zur baufinanzierung im payperleadmodell;Scout24 SE3.pdf;TRUE
1462;baufiteam gmbh seit mai kundenberatung im rahmen von bau und immobilienfinanzierung g provisionsteilung nach erfolgreichem abschluss der finanzierung;Scout24 SE3.pdf;TRUE
1463;das auf immoscout zur verfügung gestellte immobilienangebot richtet sich in der regel an privatkundinnen die immobilien entweder zum kauf oder zur miete suchen und so entsprechenden traffic auf immoscout auslösen.;Scout24 SE3.pdf;TRUE
1464;mieterplus exklusive anzeigen mit vorzeitiger kontaktaufnahme zusatzinformationen und chancenermittlung digitaler bewerbermappe für mietsuchende inklusive bonitätsauskunft;Scout24 SE3.pdf;TRUE
1465;as a company taking care of one of lifes essentials we know that the resilience of our business is intrinsically linked to the resilience of our region its communities and the natural environment.;Severn Trent Plc1.pdf;TRUE
1466;our network of sewers and pumping stations collects waste water taking it back to our treatment works.;Severn Trent Plc1.pdf;TRUE
1467;clean gas and green electricity from our sludge anaerobic digestion plants;Severn Trent Plc1.pdf;TRUE
1468;we serve million households and businesses with a safe and reliable supply of water and collect waste water seven days a week every week of the year.;Severn Trent Plc1.pdf;TRUE
1469;providing clean water and cleaning waste water is an energy hungry process so we use waste and renewables to help us power our operations.;Severn Trent Plc1.pdf;TRUE
1470;the natural environment is critical to our business we are constantly interacting with it and we need to protect and enhance it whenever we can.;Severn Trent Plc1.pdf;TRUE
1471;taking care of one of lifes essentials;Severn Trent Plc1.pdf;TRUE
1472;food waste anaerobic digestion plants generating green energy;Severn Trent Plc1.pdf;TRUE
1473;our treatment works clean raw water to the highest standards making it safe to drink.;Severn Trent Plc1.pdf;TRUE
1474;wind turbines our networks of pipes and our enclosed storage reservoirs;Severn Trent Plc1.pdf;TRUE
1475;the pace of digitalization in norwegian industry is accelerating.;Siemens Energy AG1.pdf;TRUE
1476;we connect the real and the digital worlds in ways that enable customers to take control of their digital transformation.;Siemens Energy AG1.pdf;TRUE
1477;di offers an extensive technology portfolio and system solutions for the following areas;Siemens Energy AG1.pdf;TRUE
1478;products and solutions for automating discrete manufacturing and the processing industry including automation systems and software for factories numerical management systems motors frequency converters and other converters and integrated automation systems for machine tools and production machines;Siemens Energy AG1.pdf;TRUE
1479;sensors for measuring pressure temperature levels flow rate distance or shape;Siemens Energy AG1.pdf;TRUE
1480;digital industries gained several new customers on the open cloud platform mindsphere.;Siemens Energy AG1.pdf;TRUE
1481;digital industries designed a digital twin of a fullscale gwh battery cell plant.;Siemens Energy AG1.pdf;TRUE
1482;digital industries delivered a carbon capture system in early .;Siemens Energy AG1.pdf;TRUE
1483;the market wants flexible robust and reliable energy systems from a national level down to solutions in buildings and industry.;Siemens Energy AG1.pdf;TRUE
1484;our smart infrastructure business area offers products systems solutions services and software for norways electricity infrastructure buildings and industry designed to improve the safety efficiency and sustainability of how we live work and move.;Siemens Energy AG1.pdf;TRUE
1485;artificial intelligence ai is making critical infrastructure smarter which will enable it to cope with a more decentralized future.;Siemens Energy AG1.pdf;TRUE
1486;products and software are working together to meet the future need for resilience resource utilization and sustainability.;Siemens Energy AG1.pdf;TRUE
1487;smart infrastructure consists of six business units;Siemens Energy AG1.pdf;TRUE
1488;si has around employees who spend every day working for a greener norway.;Siemens Energy AG1.pdf;TRUE
1489;siemens delivers control and automation systems for critical infrastructure for the countrys transmission system operators tsos and distribution system operators dsos.;Siemens Energy AG1.pdf;TRUE
1490;engineering and delivering solutions and services to municipalities hospitals and industry including within energy efficiency building automation fire safety and security.;Siemens Energy AG1.pdf;TRUE
1491;our new siecharge d has received a lot of good traction in the fas;Siemens Energy AG1.pdf;TRUE
1492;signify is the world market leader with recognized expertise in the development manufacture and sale of innovative energyefficient lighting systems and services.;Signify NV3.pdf;TRUE
1493;over the past few years signify further strengthened its leadership position as the lighting industry transitioned from conventional to led and to connected lighting.;Signify NV3.pdf;TRUE
1494;indeed the world and our industry are changing fast with new competition changing geopolitical relationships and advances in digitalization.;Signify NV3.pdf;TRUE
1495;our new frontiers strategy reinforces our ambition to remain the industry leader and deals with the following equation increasing our customers and people satisfaction becoming more digital and developing a growth profile while positively impacting the environment and society.;Signify NV3.pdf;TRUE
1496;build a customer centric organization;Signify NV3.pdf;TRUE
1497;deliver differentiated lighting offers;Signify NV3.pdf;TRUE
1498;drive growth for sustainability;Signify NV3.pdf;TRUE
1499;digitalize and transform for the future;Signify NV3.pdf;TRUE
1500;we are building a customerfocused organization streamlining processes enabled by our new operating model.;Signify NV3.pdf;TRUE
1501;we are developing tiered offerings with multiple distinctive brands to cater to different customer segments.;Signify NV3.pdf;TRUE
1502;we are driving new sustainable growth areas to help address the worlds greatest challenges climate action building a more circular economy food availability safety amp security and health amp wellbeing.;Signify NV3.pdf;TRUE
1503;we are creating a digital front and backend embedding artificial intelligence ai in products and systems and boosting our digital competencies.;Signify NV3.pdf;TRUE
1504;we are further investing in our people creating a diverse and inclusive workpla;Signify NV3.pdf;TRUE