Unnamed: 0,text,report,label
136,. the companys approach to sustainability,Airbus SE1.pdf,False
605,as of august in chf million hedge ineffectiveness recognized in the consolidated income statement line item in the consolidated income statement where the hedge ineffectiveness is reported,Barry Callebaut AG3.pdf,False
1448,apart from our three business sectors our financial reporting presents five regions europe north america asiapacific latin america the middle east and africa.,Merck KGaA2.pdf,True
679,through thirty years of rampd and over ten years of production blue solutions has made substantial technological and industrial progress particularly in the control of highenergy lithiummetal.,Bollore SE1.pdf,False
1073,leadership today is not a guarantee for leadership tomorrow.,Airbus SE1.pdf,True
1370,in specialized nutrition danone has strong leadership providing baby formula,Danone SA1.pdf,True
581,the groups monetary uthority funding is secured by debt securities at amortised cost financial assets at foci and loans and advances to customers.,Bank of Ireland Group Plc1.pdf,False
1479,sensors for measuring pressure temperature levels flow rate distance or shape,Siemens Energy AG1.pdf,True
792,curb ghg emissions in line with c leading the way on methane reduction co reduction by in line with .c sbti,Danone SA1.pdf,False
1393,weighted average unexpired lease term after adjusting for toppedup rents and prelets,Derwent London PLC REIT1.pdf,True
376,primark has set a goal to remove all single use plastic by .,Associated British Foods plc1.pdf,False
314,jill was previously the chief executive officer of jp boden amp co and formerly held a number of senior positions with tesco plc.,Ashtead Group plc1.pdf,False
442,the board receives monthly financial reports and the financial situation is addressed at every board meeting.,Avanza Bank Holding AB1.pdf,False
319,tanya has wide experience in product innovation sales and marketing and engineering in a range of sectors and has extensive knowledge of operating in the us.,Ashtead Group plc1.pdf,False
809,following a strong postpandemic bounce in uk gdp was in albeit weighted to q.,Derwent London PLC REIT1.pdf,False
1490,engineering and delivering solutions and services to municipalities hospitals and industry including within energy efficiency building automation fire safety and security.,Siemens Energy AG1.pdf,True
1318,we offer a broad range of financing solutions in switzerland,Cembra Money Bank AG1.pdf,True
424,financial projections for the next months include the capital commitment to acquire autorama uk limited given the likelihood of the event.,Auto Trader Group PLC3.pdf,False
553,all emission and conversion factors for direct emissions scope are from beis uk s dataset while emission factors for electricity use are based on the most recent statistical data available obtained from iea beis or direct from umhvrvisstovan the faroe islands environment agency.,Bakkafrost PF2.pdf,False
594,economic benefitliability and pension expenses surplus deficit economic benefitliability economic benefitliability economic benefitliability contributions adjusted for the period pension expenses included in personnel costs pension expenses included in personnel costs,Banque Cantonale Vaudoise1.pdf,False
899,other receivables and accrued income contains prepayments on raw materials and a receivable due to the sale of la jonction site in geneva refer to note .,DSM-Firmenich AG1.pdf,False
864,our commitment to nurturing a passion for science and science education resulted in the organization of several scientific events and symposia aimed at improvin,DiaSorin S.p.A.1.pdf,False
1430,we protect commercial businesses through our brands nig direct line for business and churchill,Direct Line Insurance Group Plc1.pdf,True
1221,we understand the impact we have on the world and take the responsibility that comes with it seriously,Aviva plc1.pdf,True
628,risk area risks mitigating actions,Bavarian Nordic AS1.pdf,False
227,the order intake of the andritz group saw very favorable development in the business year and reached a new record level of meur compared to meur.,ANDRITZ AG1.pdf,False
718,the articles provide that the company may by ordinary resolution at a general meeting appoint any person to act as a director provided that such person is recommended by the directors or the company has received from the person confirmation in writing no later than seven days before the relevant general meeting of that persons willingness to be elected as a director.,Bridgepoint Group Plc1.pdf,False
826,the sec has also finalized rules regarding registration trade reporting capital margin risk mitigation techniques business conduct standards trade acknowledgement and verification recordkeeping and financial reporting and crossborder requirements for securitybased swap dealers and major securitybased swap participants. finally u.s. prudential regulators the federal reserve the fdic the of,Deutsche Bank Aktiengesellschaft1.pdf,False
985,during the previous year the company entered into technical license agreement tla with signify netherlands b.v. licensor effective as of st january for localization of phillips brand.,Signify NV3.pdf,False
984,in respect of tax matters disclosed above the company based on the views of its tax advisor believes that sufficient grounds are available on the basis of which appeals have been preferred and they feel that there are reasonable arguments in support of grounds taken before the respective appellate authorities accordingly no provision has been made in these financial statements except as otherwise stated.,Signify NV3.pdf,False
66,more information about sustainability is available in the integrated annual report of deme and on the website sustainability deme group www.demegroup.comsustainability,Ackermans & van Haaren NV1.pdf,False
393,we believe we can reach net zero by if not sooner and we are committed to doing what we can to go further faster.,Associated British Foods plc1.pdf,False
579,nder the european communities deposit guarantee scheme regulations eligible deposits of up to per depositor per credit institution are covered.,Bank of Ireland Group Plc1.pdf,False
1424,we reach customers wherever they shop and whatever their insurance needs.,Direct Line Insurance Group Plc1.pdf,True
211,comparative calculation of the annual budget for mediumterm planning and corresponding variance analysis annually,Allreal Holding AG1.pdf,False
1163,our services we offer our clients full lifecycle solutions comprising business and sustainability advisory services consulting program project cost and commercial management and design and engineering.,Arcadis NV1.pdf,True
785,energy procure renewable energy by and by .,ConvaTec Group Plc1.pdf,False
536,bakkafrost faroe islands biogas broodstock hatcheries farming harvesting processing including smokery packaging used for fishmeal oil and feed production and biogas production to be sold to the national grid.,Bakkafrost PF2.pdf,False
720,the articles require that at each annual general meeting each person who is then a director shall retire from office.,Bridgepoint Group Plc1.pdf,False
665,policies and commitments health safety policy code of conduct policy anticorruption policy competition law policy data privacy policy whistleblower policy diversity policy indigenous people commitment human rights commitment environmental policy energy policy climate commitment biodiversity commitment water management commitment tailings governance commitment business partner code of conduct anticorruption policy sanctions policy antimoney laundering policy competition law policy whistleblower policy tax policy indigenous people commitment,Boliden AB1.pdf,False
1354,software for visualization and analytics xray customized,COMET Holding AG1.pdf,True
272,when taking account of the impact of the groups current position on this viability assessment the directors have considered in particular its financial position including its significant balance of cash cash equivalents and liquid investments and the terms and remaining durations of the borrowing facilities in place.,Antofagasta plc1.pdf,False
921,für die ermittlung des zahlungsanspruchs resultierend aus den rsus wird die gesamtzahl der den teilnehmerinnen gewährten rsus mit dem wert pro rsu multipliziert.,Scout24 SE3.pdf,False
664,sustainability issues topics occupational health and safety strategic partnerships attracting and retaining the right skills non discrimination. biodiversity mining waste slag the circular economy and resource utilization energy climate water the emission of air pollutants relocation of local residents land restoration. earnings market presence capital markets socioeconomic effects anticorruption and fair competition sustainable business growth stake holder relationships supplier evalua tions relocation of local residents land restoration the rights of indigenous peoples.,Boliden AB1.pdf,False
1355,convatec is a global medical solutions and technologies company committed to the people we serve patients living with chronic conditions their care givers and the healthcare professionals who support them.,ConvaTec Group Plc1.pdf,True
630,development of the future pipeline bavarian nordic is strategically and operationally focused on the development of two phase studies which require significant internal resources focus and funding.,Bavarian Nordic AS1.pdf,False
1036,admiral groups primary business is to sell car van home travel and pet insurance in the uk europe spain france italy and the us.,Admiral Group plc1.pdf,True
1404,the passenger airlines segment includes on the one hand the network airlines lufthansa german airlines swiss austrian airlines and brussels airlines.,Deutsche Lufthansa AG1.pdf,True
1138,andritz separation provides mechanical and thermal technologies as well as services and the related automation solutions for solidliquid separation serving the chemical environmental food and the mining and minerals industries.,ANDRITZ AG1.pdf,True
273,of the total borrowings only is repayable within one year and repayable between one and two years.,Antofagasta plc1.pdf,False
1054,during storms dudley eunice and franklin we made sure that enough support was in place for what we knew would be an influx of customers contacting us.,Admiral Group plc1.pdf,True
362,we conducted our audit in accordance with dutch law including the dutch standards on auditing.,ASR Nederland N.V.1.pdf,False
622,statement where the hedge ineffectiveness is,Barry Callebaut AG3.pdf,False
2,though the year started off with the omicron scare was the year that characterized true return to the normal with most sectors resuming activities full throttle.,ABB Ltd.2.pdf,False
6,electrification panels and building automation for it information technology campuses in hyderabad,ABB Ltd.2.pdf,False
311,independent nonexecutive director,Ashtead Group plc1.pdf,False
707,relative shareholder return for the brenntagshareversusthemdax,Brenntag Societas Europaea1.pdf,False
944,our approach to risk management is designed to enable the business to deliver its strategic objectives.,Severn Trent Plc1.pdf,False
1493,over the past few years signify further strengthened its leadership position as the lighting industry transitioned from conventional to led and to connected lighting.,Signify NV3.pdf,True
215,andritz was awarded the order to extensively refurbish all four kaplan turbines here by including design engineering manufacture of new parts factory overhaul installation testing and commissioning.,ANDRITZ AG1.pdf,False
1289,bkw is ready for a comprehensive energy transition. the bkw group brings together leading companies and groups of companies across many disciplines operates internationally and is rooted in the region.,BKW AG1.pdf,True
27,the board of directors meets whenever the need arises.,Accelleron Industries AG1.pdf,False
1085,in commercial aviation the demand for more fuelefficient solutions will play out globally and will drive demand for our products and services.,Airbus SE1.pdf,True
1274,inlicensed products hepatitis b cholera japanese enc,Bavarian Nordic AS1.pdf,True
680,blue solutions has an ambitious roadmap for its future battery generations and is focusing its efforts on safety increased energy density operating temperatures charging times userfriendly packaging and electronic control systems and competitiveness.,Bollore SE1.pdf,False
638,all clinical material and production facilities require regulatory approval such approvals can be delayed or even fail.,Bavarian Nordic AS1.pdf,False
755,deposits received for returnable containers by customers are accounted for as deposit liabilities refer to note .,Coca-Cola HBC AG2.pdf,False
1460,immoverkauf produkt zur akquise von immobilienverkaufsmandaten g derdie maklerin zahlt uns nach erfolgreicher verkaufstransaktion einen teil der maklerprovision,Scout24 SE3.pdf,True
624,foreign exchange risk cost of goods sold,Barry Callebaut AG3.pdf,False
1310,bridgepoint is an international alternative asset fund management group with offices in europe the us and china.,Bridgepoint Group Plc1.pdf,True
256,the sharebased portion of the remuneration of the directors of the company is granted in the form of rsus that vest after years and upon vesting entitle their holders to one ab inbev share per rsu.,Anheuser-Busch InBev SANV3.pdf,False
25,the board of directors constitutes itself except for the chair and the members of the ncc who are elected by the general meeting.,Accelleron Industries AG1.pdf,False
336,lindsley ruth was appointed as a nonexecutive director in may .,Ashtead Group plc1.pdf,False
572,during the group secured funding from the ecb under tltro iii.,Bank of Ireland Group Plc1.pdf,False
47,the european commissions repowereu proposal seeks to raise the proportion of electricity generated from renewables in europe to by up from the current target of .,Acciona SA2.pdf,False
106,for other senior managers and employees a proportion of awards ranging from half to twothirds are subject to performance with performance conditions either in line with those described above or set based on key performance drivers of the individuals relevant business unit and the remainder has no performance conditions attached other than the requirement that the recipient remains an employee of the group at the date of vesting.,Admiral Group plc1.pdf,False
349,water stress water stress water stress water stress water stress water stress water stress,ASM International N.V.1.pdf,False
812,approximately of our portfolio is located in nearby fitzrovia including soho place.,Derwent London PLC REIT1.pdf,False
213,location address ownership status year acquired year of construction renovations area of property inm,Allreal Holding AG1.pdf,False
120,an uncertainty factor determined by management judgment has been added to reflect the recent volatility in unemployment forecasts.,Admiral Group plc1.pdf,False
874,un pri which ensures that environmental social and governance criteria are integrated into the investment process.,Direct Line Insurance Group Plc1.pdf,False
1487,smart infrastructure consists of six business units,Siemens Energy AG1.pdf,True
859,fondazione diasorin operates throughout the country and is aimed at investing in the combination of science and the young bringing students closer to science especially life sciences and stimulating their interest in scientific disciplines and careers.,DiaSorin S.p.A.1.pdf,False
724,the governing documents of various bridgepoint funds including the flagship bridgepoint europe funds include change of control provisions triggered by bridgepoint personnelformer personnel and their related parties ceasing to control certain group members.,Bridgepoint Group Plc1.pdf,False
45,some of the most relevant developments in are,Acciona SA2.pdf,False
1268,additions to property plant equipment rightofuse assets and intangible assets excluding acquisitions of subsidiariesbusinesses,Barry Callebaut AG3.pdf,True
523,fair value and foreign exchange adjustments on financial instruments and investments post tax fair value and foreign exchange adjustments on financial instruments and investments post tax,BAE Systems plc1.pdf,False
873,all external investment managers are signatories of the united nations principles for responsible investment,Direct Line Insurance Group Plc1.pdf,False
806,preserve and restore watersheds where we operate and drive water footprint reduction across the value chain watershed preservationrestoration plans in highly waterstressed areas by,Danone SA1.pdf,False
868,rolled out our hydrogenated vegetable oil hvo trial in our recovery trucks to of our auto services sites.,Direct Line Insurance Group Plc1.pdf,False
798,preserve and restore watersheds where we operate and drive water footprint reduction across the value chain r approach will be deployed in all our production sites by,Danone SA1.pdf,False
533,the table above outlines the energy consumption and ghg emissions for scope and between and .,Bakkafrost PF2.pdf,False
1141,we are combining smart innovation with the utmost consideration for our people their families local communities our customers and the world at large to better connect precious resources in the ground to all of us who need and value them.,Anglo American plc1.pdf,True
603,economic benefitliability and pension expenses surplus deficit economic benefitliability economic benefitliability economic benefitliability contributions adjusted for the period pension expenses included in personnel costs pension expenses included in personnel costs,Banque Cantonale Vaudoise1.pdf,False
465,later than year and not later than years,Aviva plc1.pdf,False
819,the ltv calculation includes exposure which is secured by real estate collateral.,Deutsche Bank Aktiengesellschaft1.pdf,False
1331,unser verständnis für die bedürfnisse unserer konsumentinnen und konsumenten und für die ziele und strategien unserer kunden und lieferanten erlaubt den ausbau einer gegenseitig erfolgreichen und langfristigen partnerschaft.,Chocoladefabriken Lindt & Spruengli AG2.pdf,True
780,climaterelated opportunities a qualitative climate scenario analysis was conducted for opportunities.,ConvaTec Group Plc1.pdf,False
966,vat is not included in the audit fees.,Siemens Energy AG1.pdf,False
60,changes in key performance indicators kpis will trigger adjustments on the interest margins applied to the loans.,Ackermans & van Haaren NV1.pdf,False
1362,products and services for people with urinary continence issues related to spinal cord injuries multiple sclerosis spina bifida and other causes and products used in intensive care units and hospital settings.,ConvaTec Group Plc1.pdf,True
666,targetsdirections create positive financial environ mental and social impact through bolidens business relationships. no accidents that result in absence from work maximum sick leave rate . promote greater diversity gender equality and inclusion within bolidens operations. reduce our absolute co emissions in scope and by by . reduce our absolute emissions in scope by by . provide society with copper and zinc products in that meet our average emissions levels for lowcarbon copper and lowcarbon zinc. contribute to increased biodiversity by everywhere boliden operates. slag management should be in line with the global industry standard for tailings management. water management shall be in line with bolidens water management plan. contribute to the circular economy through recycling and by maximizing metal recovered from raw material.,Boliden AB1.pdf,False
1330,die partnerschaft mit unseren konsumentinnen und konsumenten kunden und lieferanten führt zu anerkennung und gegenseitigem erfolg.,Chocoladefabriken Lindt & Spruengli AG2.pdf,True
194,total city of zurich total city of zurich,Allreal Holding AG1.pdf,False
280,potential changes to the chilean mining royalty taking into account the groups existing tax stability agreements.,Antofagasta plc1.pdf,False
695,preliminary payout amount eur k,Brenntag Societas Europaea1.pdf,False
359,ways in which we engaged and collaborated in included,ASM International N.V.1.pdf,False
519,underlying earnings excluding the oneoff tax benefit m m underlying earnings excluding the oneoff tax benefit,BAE Systems plc1.pdf,False
816,in the rapid rise in market interest rates linked to an inflationary spike caused yields to rise.,Derwent London PLC REIT1.pdf,False
777,for example if a performance trend was upward this would indicate the potential impact may be greater and therefore highlight that additional action and mitigation are needed.,ConvaTec Group Plc1.pdf,False
182,information on respect for human rights information on respect for human rights information on respect for human rights information on respect for human rights,Allfunds Group plc1.pdf,False
1031,we place associates with organisations on a temporary basiscommalining providing flexibility to employers and new opportunities to candidatesperiodlining we manage the entire recruitment process from candidate search and screeningcommalining through onboarding and trainingcommalining to payroll and administrationperiodlining associates are employed by the group while on assignmentscommalining which often run consecutively to provide continuous employmentperiodlining in some countriescommalining associates are employed by the adecco group on a permanent basis and seconded to clientsperiodlining,Adecco Group AG1.pdf,True
110,the companys policy is to limit payments upon termination of employment to preestablished contractual arrangements.,Admiral Group plc1.pdf,False
42,in the us the inflation reduction act ira was passed in the second half of the year and will allocate more than billion dollars to fighting inflation through clean industry and energy cutting emissions by by .,Acciona SA2.pdf,False
1165,through the building and use of commercial franchises we plan to leverage capabilities and an organizational footprint for subsequent potential launches across our broad immunology pipeline.,argenx SE1.pdf,True
204,defining the organisation and appointment of management and persons authorised to act as proxies,Allreal Holding AG1.pdf,False
1498,drive growth for sustainability,Signify NV3.pdf,True
52,business model business as unusual,Acciona SA2.pdf,False
545,we are aware that in future further categories may be included within the scope of our scope calculation.,Bakkafrost PF2.pdf,False
900,total trade accounts receivable,DSM-Firmenich AG1.pdf,False
861,among the initiatives promoted by fondazione diasorin in are mad for science and mad for science for teachers.,DiaSorin S.p.A.1.pdf,False
757,property plant and equipment is reviewed for impairment whenever events or changes in circumstances indicate that the carrying amount may not be recoverable.,Coca-Cola HBC AG2.pdf,False
183,application of due diligence procedures.,Allfunds Group plc1.pdf,False
137,claudia nemat has been a member of deutsche telekoms board of management since .,Airbus SE1.pdf,False
1034,we also offer a full spectrum of complementary hr solutionscommalining includingcolonlining outsourcing staffing and managing the entirety of a labourintensive activitycommalining such as warehouse logistics or it supportsemicolonlining consulting providing technical experts for projectrelated worksemicolonlining managed service programmes parenleftliningmspsparenrightlining managing all parts of the flexible workforce at organisations using a large number of contingent workerssemicolonlining and recruitment process outsourcing parenleftliningrpoparenrightlining handling the entire hiring process for employers recruiting large numbers of permanent employeesperiodlining,Adecco Group AG1.pdf,True
1216,their homes and belongings their health and wealth their future and their families.,Aviva plc1.pdf,True
105,around employees from across the group including the executive directors participate in the dfss.,Admiral Group plc1.pdf,False
541,electricity consumption scope gives rise to indirect emissions i.e. via combustion of fossil fuels by the power company to generate energy.,Bakkafrost PF2.pdf,False
743,im jahr gründete er die lalique group sa vormals art amp fragrance sa ein in der kreation der vermarktung sowie im weltweiten vertrieb von luxusgütern tätiges unternehmen zu dem seit auch die kristall,Chocoladefabriken Lindt & Spruengli AG2.pdf,False
480,in euro million gross value provision w gross value provision net value,AXA SA1.pdf,False
165,policies management approach. gri gri gri gri gri gri p.,Allfunds Group plc1.pdf,False
248,anglo american has identified the potential to grow a cyber security cluster in the area around the woodsmith site and we are determined to enhance the regions standing in the field of cyber security one of the fastest growing areas of the technology sector.,Anglo American plc1.pdf,False
307,neutral solutions those that meet regulatory standards and are aligned with market trends and expectations but dont materially contribute to the sdgs are an integral part of arkemas portfolio.,Arkema SA1.pdf,False
446,this note gives details of the properties we hold for longterm rental yields or capital appreciation.,Aviva plc1.pdf,False
970,equipment fixtures and fittings noncapitalizable,Siemens Energy AG1.pdf,False
334,nonexecutive director of icg enterprise trust plc greencoat uk wind plc and nonexecutive chair of peel hunt limited.,Ashtead Group plc1.pdf,False
97,as well as considering the demands of a directors time upon appointment any subsequent external appointments of nonexecutive directors and executive directors require prior approval of the committee and the board.,Admiral Group plc1.pdf,False
882,trade accounts receivable are initially measured at the transaction price and classified as financial assets at amortized cost less loss allowance.,DSM-Firmenich AG1.pdf,False
737,antonio bulgheroni it herr bulgheroni ist seit mitglied des verwaltungsrats und war von februar bis ende september lead director.,Chocoladefabriken Lindt & Spruengli AG2.pdf,False
841,the graphs below illustrate scenarios for the projected total remuneration of executive directors at four different levels of performance minimum target maximum and maximum including assumed share price appreciation of in accordance with the corporate governance code.,Diageo PLC1.pdf,False
948,the executive committee reviews strategic objectives and assesses the level of risk taken in achieving these objectives.,Severn Trent Plc1.pdf,False
102,image remuneration policy for other employees,Admiral Group plc1.pdf,False
434,refer to previous page for more information.,Avanza Bank Holding AB1.pdf,False
1345,we grow by supporting our customers growth leveraging our portfolio focusing on areas of highvalue opportunity and executing with excellence.,Coca-Cola HBC AG2.pdf,True
881,we believe accurate measurement and transparency can guide the business in making targeted interventions as part of our carbon redu,Direct Line Insurance Group Plc1.pdf,False
1364,disposable infusion sets for diabetes insulin pumps or for pumps used in continuous subcutaneous inf,ConvaTec Group Plc1.pdf,True
302,if any of the chemicals used poses a significant risk the solution is classified as a challenge.,Arkema SA1.pdf,False
1461,mortgage lead engine mle produkte zur baufinanzierung im payperleadmodell,Scout24 SE3.pdf,True
1227,axa has four main operating activities property amp casualty life amp savings health and asset management.,AXA SA1.pdf,True
733,cembra is committed to financing electromobility in switzerland offering loans and leases for electric vehicles on highly favourable terms.,Cembra Money Bank AG1.pdf,False
388,as we consider the impacts of climate change it is clear that transitioning to a low carbon economy presents opportunities for our businesses and that tcfd is not simply an exercise in risk mitigation or reporting.,Associated British Foods plc1.pdf,False
235,operations operational performance by each business unit and progress of key projects further reading pages the board received detailed updates on the operational performance strategy safety and sustainability performance people technological innovation and key risks of its business units.,Anglo American plc1.pdf,False
1249,better faster greener through modern methods of construction,Balfour Beatty plc1.pdf,True
267,a base longterm rsus program allowing for the offer of rsus to members of the companys senior management.,Anheuser-Busch InBev SANV3.pdf,False
305,if there is a worrying sign from the market for a given solution the archimedes team and the relevant bu personnel identify the criticality level by first assessing the bus level of exposure to the identified risk and second estimating how much work will be required of the relevant teams to reduce that risk e.g. substituting different ingredients adopting new processes replacing the solutions on the market etc.,Arkema SA1.pdf,False
117,pmas are calculated using management judgement and analysis.,Admiral Group plc1.pdf,False
1481,digital industries designed a digital twin of a fullscale gwh battery cell plant.,Siemens Energy AG1.pdf,True
673,blue solutions is the only player in the world to have designed and industrialized this technology with its lmp battery which stands out through its,Bollore SE1.pdf,False
249,over the past few years our crop nutrients business has been supporting gchqs national cyber security centre ncsc including collaborating with the ncsc to open the world of cyber security to schoolchildren and young people.,Anglo American plc1.pdf,False
1097,our surgical and vision care businesses are complementary and benefit from synergies in research and development manufacturing distribution and consumer awareness and education.,Alcon AG1.pdf,True
1470,the natural environment is critical to our business we are constantly interacting with it and we need to protect and enhance it whenever we can.,Severn Trent Plc1.pdf,True
852,diasorins commitment to the promotion and socioeconomic development of the communities in which it operates is set forth by the code of ethics which defines the principles to which the group companies are required to abide by concerning money or inkind contributions to support educational scientific artistic cultural social and humanitarian projects.,DiaSorin S.p.A.1.pdf,False
33,the audit committee ac is composed of at least two members of the board of directors appointed annually by the board of directors.,Accelleron Industries AG1.pdf,False
1316,we have over million customers in switzerland and employ about people from different countries.,Cembra Money Bank AG1.pdf,True
448,capitalised expenditure on existing properties,Aviva plc1.pdf,False
445,internal audits work is based on an audit plan established annually by the board of each subsid,Avanza Bank Holding AB1.pdf,False
771,summary of disclosure on priority activity in,ConvaTec Group Plc1.pdf,False
716,the directors manage the business and affairs of the company and may exercise all powers of the company other than those that are required by applicable legislation or by the articles to be exercised by the company in general meeting.,Bridgepoint Group Plc1.pdf,False
892,increase in allowance for impairment,DSM-Firmenich AG1.pdf,False
1288,we seek to ensure that we have suitable building materials available at competitive prices to enable us to construct homes to the high standards expected of us by our custom,Bellway p.l.c.1.pdf,True
906,depreciation amortization and writedowns,Merck KGaA2.pdf,False
1444,with a broad and deep portfolio of more than products and an industryleading ecommerce platform we are focused on impacting life and health with science.,Merck KGaA2.pdf,True
839,further details of the performance measures under the annual incentive plan for the year ending june as well as targets under the longterm incentive plan for awards to be made in september and how they are aligned with company strategy and the creation of shareholder value are set out in the annual report on remuneration on page .,Diageo PLC1.pdf,False
457,total cash outflows recognised in the period in relation to leases were million million.,Aviva plc1.pdf,False
924,die wirksame ausübung ist in einem ausübungszeitraum von zwei jahren nur zu jeweils definierten ausübungszeitpunkten möglich.,Scout24 SE3.pdf,False
676,j composition free of polluting materials organic solvents heavy metals andor rare metals,Bollore SE1.pdf,False
990,these are fully paid ordinary shares.,Signify NV3.pdf,False
1080,new certification challenges new materials new designs new industrial processes and new business models will also be assessed which will provide sources of opportunity.,Airbus SE1.pdf,True
436,each department manager has primary responsibility for managing the risks associated with the departments operations and financial reporting processes.,Avanza Bank Holding AB1.pdf,False
770,the output is the prioritisation of possible impacts on which the business agrees to focus control measures and investment.,ConvaTec Group Plc1.pdf,False
644,the groups ability to deliver new homes is dependent on the efficiency of the planning system to provide the necessary planning consents in a timely and effective manner to meet the requirements of the groups volume targets.,Bellway p.l.c.1.pdf,False
1397,in our asset management business revenues fell by percent to billion euros.,Deutsche Bank Aktiengesellschaft1.pdf,True
1087,over the past years airbus has grown from being a cooperation of national aerospace companies in four european countries to a global leader in commercial aerospace with a strong foothold in helicopters defence space and security.,Airbus SE1.pdf,True
1197,our ingredients businesses are leaders in yeast and bakery ingredients as well as in specialty ingredients for the food human and animal nutrition pharmaceutical and various other industries.,Associated British Foods plc1.pdf,True
404,in the us total revenue was up in and in europe it grew by at cer.,AstraZeneca PLC1.pdf,False
1308,since the group has become a leading partner of european manufacturers in urban transport and stationary solutions. in blue solutions set up two s,Bollore SE1.pdf,True
939,protecting the environment is a key longterm commitment.,Severn Trent Plc1.pdf,False
104,in general the remuneration policy which applies to other senior executives is consistent with that for executive directors.,Admiral Group plc1.pdf,False
609,the following table provides further information about the effect of cash flow hedges on equity,Barry Callebaut AG3.pdf,False
836,t calculation ofnetindebtedness calculation ofnetindebtedness calculation ofnetindebtedness,Deutsche Lufthansa AG1.pdf,False
688,lmp batteries have become an integral part of the electric mobility market.,Bollore SE1.pdf,False
1222,we recognise the strength that comes from working as one team built on trust and respect,Aviva plc1.pdf,True
937,in addition to managing the inherent risks associated with our business we prioritise the following,Severn Trent Plc1.pdf,False
62,demes approach is also appreciated outside its sector.,Ackermans & van Haaren NV1.pdf,False
281,the stability of tailings storage facilities represents a potentially significant operational risk for mining operations globally.,Antofagasta plc1.pdf,False
778,scopes emissions the groups operational emissions are calculated and reported annually and for the first time we are reporting a complete scope inventory page .,ConvaTec Group Plc1.pdf,False
1442,we are merck a science and technology company.,Merck KGaA2.pdf,True
238,the board and audit committee considered asustainability linked financing framework for the purpose of apotential sustainabilitylinked bond issuance.,Anglo American plc1.pdf,False
223,equity attributable to shareholders per share eur,ANDRITZ AG1.pdf,False
145,. legal and arbitration proceedings,Airbus SE1.pdf,False
1403,the lufthansa group is an aviation company with operations worldwide.,Deutsche Lufthansa AG1.pdf,True
373,new business value amounted to million .,Assicurazioni Generali S.p.A.1.pdf,False
1232,we rely on the expertise and competency of our workforce working to our values to develop and grow the business,Bakkafrost PF2.pdf,True
118,the model has been calibrated on historical data that may not fully reflect the risk of losses in the recent and ongoing highly volatile macroeconomic period.,Admiral Group plc1.pdf,False
1131,international technology group andritz offers a broad portfolio of innovative plants equipment systems services and digital solutions for a wide range of industries and end markets.,ANDRITZ AG1.pdf,True
250,but a stepchange in scale is needed to give cyber security due recognition.,Anglo American plc1.pdf,False
1449,we have summarized further details on our employee structure and important aspects such as diversity equity and inclusi,Merck KGaA2.pdf,True
1212,we mainly target individual investors in sweden but also have services for professional investors and corporate customers such as entrepreneurs asset managers and those who want an occupational pension.,Avanza Bank Holding AB1.pdf,True
1445,our semiconductor and display solutions can be found in almost every electronic device.,Merck KGaA2.pdf,True
449,foreign exchange rate movements,Aviva plc1.pdf,False
888,ageing of past due but not impaired,DSM-Firmenich AG1.pdf,False
708,performance criteria for the external lti portion of the tranche awarded and due remuneration system,Brenntag Societas Europaea1.pdf,False
255,during ab inbev issued .m discounted and matching rsus in relation to bonuses granted to company employees and management .m discounted and matching rsus.,Anheuser-Busch InBev SANV3.pdf,False
593,there were no employer contribution reserves at end or end.,Banque Cantonale Vaudoise1.pdf,False
389,primarily in scope has targeted a reduction across its value chain in absolute terms by .,Associated British Foods plc1.pdf,False
963,no particular security has been provided for the loans other than the issue of a promissory note.,Siemens Energy AG1.pdf,False
1204,help people with chronic diseases live better healthier lives.,AstraZeneca PLC1.pdf,True
557,tonnes of product sold see products below tonnes tonnes tonnes tco,Bakkafrost PF2.pdf,False
1292,with its broad expertise bkw is a competent partner that supports its customers from the drafting of a concept to automation of processes through to implementation and ongoing support.,BKW AG1.pdf,True
844,the maximum scenario reflects fixed remuneration plus full payout of annual and longterm incentives.,Diageo PLC1.pdf,False
460,impairment of rightofuse assets,Aviva plc1.pdf,False
723,there are no significant agreements to which the group is a party that take effect alter or terminate upon a change of control of the group other than the following,Bridgepoint Group Plc1.pdf,False
1386,real estate valuation yields however came under pressure in the second half of the year as global events led to higher inflation and tighter monetary conditions.,Derwent London PLC REIT1.pdf,True
144,information on the companys activities information on the companys activities,Airbus SE1.pdf,False
501,financial performance measures derived from ifrs financial performance measures derived from ifrs financial performance measures derived from ifrs,BAE Systems plc1.pdf,False
1102,allfunds amsallfg is one of the leading wealthtech companies with a service offering tailored for fund houses and distributors that ranges from dealing and execution services to data amp analytics reporting and portfolio tools esg advisory and custom software solutions.,Allfunds Group plc1.pdf,True
739,frau gürtler war von bis mitglied des aufsichtsrats der erste group bank ag und von bis mitglied des generalrats der österreichischen nationalbank.,Chocoladefabriken Lindt & Spruengli AG2.pdf,False
1389,the strength of our capital structure and the high quality of our balanced portfolio coupled with the positive prospects for central london give us confidence in our positioning.,Derwent London PLC REIT1.pdf,True
731,the total number of kilometres travelled by our company fleet decreased by from to which was the result of lower number of cars and other factors i.e. a lower number of branches and greater use of public transport and home office among our employees.,Cembra Money Bank AG1.pdf,False
539,bakkafrost scotland all our farming harvesting and processing operations. munkebo denmark site energy consumption.,Bakkafrost PF2.pdf,False
177,corruption and bribery measures to combat money laundering. gri p. p.,Allfunds Group plc1.pdf,False
1451,operating revenues organic growth noof employees ebit adj. ebit adj. margin ebit adj. growth ebit adj. margin growth,Orkla ASA1.pdf,True
697,calculation of the annual bonus awarded and due remuneration system,Brenntag Societas Europaea1.pdf,False
946,the board has overall responsibility for oversight of risk and for maintaining a robust risk management and internal control system.,Severn Trent Plc1.pdf,False
1052,this year a number of extreme weather events devastated communities across the world.,Admiral Group plc1.pdf,True
1265,therefore the major part of its operating profit ebit is allocated to the regions.,Barry Callebaut AG3.pdf,True
1497,deliver differentiated lighting offers,Signify NV3.pdf,True
7,doubly fed induction generator for the wind sector solar scada automation and switchgears for solar projects,ABB Ltd.2.pdf,False
867,building on last years activity we have,Direct Line Insurance Group Plc1.pdf,False
667,additional commitments legal and permitting requirements shall be met. legal and permitting requirements shall be met. legal and permitting requirements shall be met.,Boliden AB1.pdf,False
1164,we are a commercialstage global fullyintegrated biopharma company developing a deep pipeline of differentiated therapies for the treatment of severe autoimmune diseases.,argenx SE1.pdf,True
357,in we took action on opportunities that we identified in water audits at our key engineering sites in .,ASM International N.V.1.pdf,False
783,while measuring and monitoring our environmental performance is valuable having associated targets keeps us responsible for the active management of climate impacts.,ConvaTec Group Plc1.pdf,False
735,in an analysis of the emissions associated with our vehicle leasing we observed that whilst total scope emissions of our vehicle leasing increased in in line with the financed assets the emissions intensity decreased i.e. the quantity of ghg emissions emitted per contracted kilometre. cembra is currently reviewing and imp,Cembra Money Bank AG1.pdf,False
329,independent nonexecutive director,Ashtead Group plc1.pdf,False
1058,this philosophy extends to our senior managers and directors who also engage regularly with our colleagues to keep them informed on what is happening in the business and answer their questions.,Admiral Group plc1.pdf,True
1400,our bank has proven that it has the resilience and stability to survive in difficult times and deliver the best possible performance for our clients.,Deutsche Bank Aktiengesellschaft1.pdf,True
1121,distribution yield share of the real estate divisions net profit excl. revaluation effect,Allreal Holding AG1.pdf,True
258,subject to managements assessment of the executives performance and future potential members of senior management may be eligible for an annual longterm incentive to be paid out in rsus performance stock units psus andor stock options.,Anheuser-Busch InBev SANV3.pdf,False
1179,we are asm a leading player in advanced technologies in the semiconductor equipment market,ASM International N.V.1.pdf,True
372,the profitability of new business on the pvnbp is more or less stable p.p. reaching satisfactory levels thanks to the high profitability of risk products.,Assicurazioni Generali S.p.A.1.pdf,False
1107,allfunds also provides its clients with advanced tools to support their fund selection decisions and distribution strategies.,Allfunds Group plc1.pdf,True
931,severn trent has a robust risk management framework in place to effectively identify assess and mitigate risk.,Severn Trent Plc1.pdf,False
142,current mandates former mandates,Airbus SE1.pdf,False
525,energy consumption and emissions change from,Bakkafrost PF2.pdf,False
1142,and we are working together to develop better jobs better education and better businesses building brighter and healthier futures around our operations in host communities and ultimately for billions of people around the world who depend on our products every day.,Anglo American plc1.pdf,True
1013,looking ahead i am confident that together we can go even further in and build on these tailwinds and on the legacy,Accor SA1.pdf,True
1125,the projects amp development division provides services in the development and realisation of real estate.,Allreal Holding AG1.pdf,True
1428,we are one of britains leading private home insurers represented through our wellknown brands direct line churchill privilege and also through our partners,Direct Line Insurance Group Plc1.pdf,True
440,avanzas controller function compiles and reports financial and operating data and analyses to department managers group management and the board.,Avanza Bank Holding AB1.pdf,False
531,tcoe emitted per tonne of product sold all bakkafrost faroe islandsscotland scope,Bakkafrost PF2.pdf,False
1205,make patients partners in their own treatment.,AstraZeneca PLC1.pdf,True
226,new record values for order intake revenue and earnings,ANDRITZ AG1.pdf,False
1203,employees of our total workforce are women oneof the l,Associated British Foods plc1.pdf,True
228,the groups revenue reached meur which is also the highest figure in the companys history compared to meur.,ANDRITZ AG1.pdf,False
1284,within the artisan collection there are numerous unique designs which have been developed to adhere to differing regional planning requirements.,Bellway p.l.c.1.pdf,True
1302,the group has become one of the worlds biggest logistics operators through a combination of organic and external growth operations.,Bollore SE1.pdf,True
212,reporting on the functioning and effectiveness of the internal control system ics for financial reporting annually,Allreal Holding AG1.pdf,False
885,trade accounts receivable gross,DSM-Firmenich AG1.pdf,False
148,the vision care market in which we operate is estimated to be approximately billion and is projected to grow midsingle digits per year from to .,Alcon AG1.pdf,False
814,we have no buildings in the city core and docklands and only one building in mayfair the traditional heart of the west end.,Derwent London PLC REIT1.pdf,False
909,profit after taxes and profit transfers decreased on the back of lower net sales higher financial and tax expenses and higher other operating expenses in particular.,Merck KGaA2.pdf,False
918,the number of manyears is the number of employees adjusted for fractional posts in the current reporting period.,Orkla ASA1.pdf,False
671,blue encompasses the groups emobility businesses including blue solutions bluebus and bluestorage which have become the preferred partners of carbonfree transport players thanks in particular to its innovative all solid batteries and over electric buses currently in operation.,Bollore SE1.pdf,False
1159,with growing urbanization climate change increased digitalization and greater societal expectations presenting challenges for our clients over the last months we continue to see growing demand for the solutions and services we offer to address these problems.,Arcadis NV1.pdf,True
555,energy consumption and emissions change from,Bakkafrost PF2.pdf,False
1239,we meet growing global demand for protein with healthy and efficiently production of salmon,Bakkafrost PF2.pdf,True
133,environment humanrights health safety risks,Airbus SE1.pdf,False
1112,corporate governance compensation report financial report allreal holding ag annual accounts additional information,Allreal Holding AG1.pdf,True
823,the doddfrank act provides for an extensive framework for the regulation of otc derivatives including mandatory clearing platform trading and transaction reporting of certain otc derivatives as well as rules regarding registration capital margin business conduct standards recordkeeping and other requirements for swap dealers securitybased swap dealers major swap participants and major securitybased swap participants.,Deutsche Bank Aktiengesellschaft1.pdf,False
408,regulatory events submissions or approvals in major markets for the treatment of pnh a rare and lifethreatening blood disorder in patients who experience clinically significant extravascular haemolysis.,AstraZeneca PLC1.pdf,False
368,generali ceska pojistovna acquires the insurance business of generali poistovna in slovakia.,Assicurazioni Generali S.p.A.1.pdf,False
507,amortisation of programme customerrelated and other intangible assets and impairment of intangibles post tax amortisation of programme customerrelated and other intangible assets and impairment of intangibles post tax,BAE Systems plc1.pdf,False
1185,a.s.r. shows excellence in pricing underwriting and claims management.,ASR Nederland N.V.1.pdf,True
504,reconciliation of underlying earnings to profit for the year attributable to equity shareholders m m reconciliation of underlying earnings to profit for the year attributable to equity shareholders,BAE Systems plc1.pdf,False
1476,we connect the real and the digital worlds in ways that enable customers to take control of their digital transformation.,Siemens Energy AG1.pdf,True
347,as a course of standard practice the wastewater treatment systems at our engineering sites all have water reuserecirculation capabilities to minimize consumption.,ASM International N.V.1.pdf,False
386,it is now developing training to help scale this approach across its product range.,Associated British Foods plc1.pdf,False
0,given the macro landscape the company continued its focus on solid growth fundamentals whilst reinforcing the highest esg standards with resilience.,ABB Ltd.2.pdf,False
360,water stress water stress water stress water stress water stress water stress water stress,ASM International N.V.1.pdf,False
894,use of allowance for impairment,DSM-Firmenich AG1.pdf,False
828,profitloss after income taxes m,Deutsche Lufthansa AG1.pdf,False
1420,peoples wellbeing and health are at the core of our business our way of being sustainable that is part of our actions and strategies.,DiaSorin S.p.A.1.pdf,True
475,other receivables arising from direct insurance operations,AXA SA1.pdf,False
1285,our homes are built to a high standard in compliance with specific building technical and health and safety regulations and other regulatory requirements as well as to our own high quality standards.,Bellway p.l.c.1.pdf,True
57,center the group celebrates the novotel brands th year anniversary since its arrival in mexico with the opening of this new m,Accor SA1.pdf,False
637,development of the future pipeline bavarian nordic is strategically and operationally focused on the development of two phase studies which require significant internal resources focus and funding.,Bavarian Nordic AS1.pdf,False
1311,the annual report and accounts for bridgepoint group plc incorporates,Bridgepoint Group Plc1.pdf,True
1225,axa sa is the holding company of axa group a worldwide leader in insurance with total assets of billion for the year ended december .,AXA SA1.pdf,True
1209,we will change how the uk shops for cars by providing the best online car buying experience and enabling all retailers to sell online.,Auto Trader Group PLC3.pdf,True
172,human rights elimination of discrimination in employment gri gri not applicable,Allfunds Group plc1.pdf,False
450,see note for further information on the fair value measurement and valuation techniques of investment property.,Aviva plc1.pdf,False
125,the key economic driver of credit losses from the scenarios is the likelihood of a customer entering hardship through unemployment.,Admiral Group plc1.pdf,False
986,accordingly during the year the company had charged royalty expense of rs.,Signify NV3.pdf,False
530,tonnes of product sold see products below tonnes tonnes tonnes,Bakkafrost PF2.pdf,False
857,diasorin applies this classification also to initiatives that are developed locally by its international branches in order to promote a homogeneous management and classification of initiatives at a group level.,DiaSorin S.p.A.1.pdf,False
713,the company has established an employee benefit trust ebt to hold and acquire shares for the potential benefit of employees.,Bridgepoint Group Plc1.pdf,False
1455,die anzeigen für den verkauf oder die vermietung von immobilien werden im rahmen von rahmenverträgen mitgliedschaften oder als einzelauftrag payperad durch gewerbliche und private kundinnen bei immoscout gebucht.,Scout24 SE3.pdf,True
181,equality protocols against sexual and genderbased harassment. gri gri gri p.,Allfunds Group plc1.pdf,False
875,we have set ourselves the target of achieving net zero emissions from the investment portfolio by as part of our alignment with the race to zero campaign on climate change.,Direct Line Insurance Group Plc1.pdf,False
1258,more generally our missions are to create value for our shareholders and clients to be a benchmark employer and to be a good corporate citizen.,Banque Cantonale Vaudoise1.pdf,True
786,water to deliver on our targets for water consumption reduction at high waterstressed locations and develop our water management practices at all locations.,ConvaTec Group Plc1.pdf,False
414,we have made substantial progress during the year in migrating our platform and technology infrastructure to the cloud.,Auto Trader Group PLC3.pdf,False
251,beyond this the steering group has set its sights on accelerating cyber security growth through creating a regional cyber security cluster to work alongside the seven such clusters already operating across the uk.,Anglo American plc1.pdf,False
69,image many of the segments projects support the e,Ackermans & van Haaren NV1.pdf,False
803,cut waste across the value chain halve all food waste not fit for human animal consumption or biomaterial processing by vs.,Danone SA1.pdf,False
131,postmodeladjustments december m december m,Admiral Group plc1.pdf,False
300,the archimedes process which was defined by the csr team draws on the chemical industry methodology for portfolio sustainability assessments developed by the world business council for sustainable development wbcsd.,Arkema SA1.pdf,False
1372,such as cows milk allergy metabolic diseases and cancer or stroke through its paediatric and adult medical nutrition portfolio.,Danone SA1.pdf,True
326,renata is currently senior vice president operations strategy for carnival corporation amp plc carnival where she has worked since .,Ashtead Group plc1.pdf,False
1469,providing clean water and cleaning waste water is an energy hungry process so we use waste and renewables to help us power our operations.,Severn Trent Plc1.pdf,True
1117,with its selective participation in the thirdparty market allreal ensures that its construction activities remain competitive.,Allreal Holding AG1.pdf,True
499,underlying earnings including the oneoff tax benefit m m underlying earnings including the oneoff tax benefit,BAE Systems plc1.pdf,False
1048,we regularly measure customer satisfaction across several key benchmarks to stay close to customers developing needs and better understand areas where our service fails to meet expectations.,Admiral Group plc1.pdf,True
832,current provisions and liabilities went up by eur m to eur m as of december december eur m.,Deutsche Lufthansa AG1.pdf,False
364,we designed our audit procedures in the context of our audit of the financial statements as a whole and in forming our opinion thereon.,ASR Nederland N.V.1.pdf,False
495,earnings per share earnings per share earnings per share earnings per share,BAE Systems plc1.pdf,False
1399,in we aim to continue to improve and are therefore planning further steps along this path.,Deutsche Bank Aktiengesellschaft1.pdf,True
338,lindsley is chief executive officer of rs group plc where he was appointed in april .,Ashtead Group plc1.pdf,False
421,we have launched auto trader connect which was included in retailer packages in april as part of our annual pricing event.,Auto Trader Group PLC3.pdf,False
164,information on respect for human rights information on respect for human rights information on respect for human rights information on respect for human rights,Allfunds Group plc1.pdf,False
28,the general counsel holding a degree in law attends the board meetings in his capacity as company secretary.,Accelleron Industries AG1.pdf,False
516,financial performance measures derived from ifrs financial performance measures derived from ifrs financial performance measures derived from ifrs,BAE Systems plc1.pdf,False
193,zurich zollstrasse josefstrasse klingenstrasse so pr,Allreal Holding AG1.pdf,False
978,total interest expenses and other financial expenses,Siemens Energy AG1.pdf,False
1366,for example the highprotein platform spearheaded by brands like yopro launched only a few years ago now has sales exceeding m in .,Danone SA1.pdf,True
945,we operate a topdown and bottomup model of risk management in line with the three lines of defence model that ensures both a clear articulation of risk appetite and a comprehensive and structured process of risk identification assessment and management.,Severn Trent Plc1.pdf,False
1365,in essential dairy products more than of danones revenues come from high valueadded functional segments such as immunity gut health indulgence or performance.,Danone SA1.pdf,True
169,human rights promotion and compliance with the provisions of the ilo.,Allfunds Group plc1.pdf,False
167,application of due diligence procedures.,Allfunds Group plc1.pdf,False
652,the land market remaining attractive and the planning environment favourable with the group continuing to identify valueenhancing opportunities which meet or exceed our requirements in respect of both gross margin and roce.,Bellway p.l.c.1.pdf,False
173,information regarding the fight against corruption and bribery information regarding the fight against corruption and bribery information regarding the fight against corruption and bribery information regarding the fight against corruption and bribery,Allfunds Group plc1.pdf,False
518,earnings per share earnings per share earnings per share earnings per share,BAE Systems plc1.pdf,False
1217,the leading uk provider and goto customer brand for all insurance wealth and retirement solutions with strong franchises in canada and ireland,Aviva plc1.pdf,True
1478,products and solutions for automating discrete manufacturing and the processing industry including automation systems and software for factories numerical management systems motors frequency converters and other converters and integrated automation systems for machine tools and production machines,Siemens Energy AG1.pdf,True
912,the higher level of personnel expenses was due in particular to increased pension expenses which primarily resulted from adjustments to valuation parameters to reflect changes in interest rates and inflation as well as salary increases for employees covered by and exempt from collective agreements.,Merck KGaA2.pdf,False
491,basic earnings per share was .p .p.,BAE Systems plc1.pdf,False
953,the erm process is operated by the central erm team and underpinned by a standardised methodology to ensure consistency. erm champions and coordinators operate throughout,Severn Trent Plc1.pdf,False
1326,wir wollen mit herausragenden leistungen weltweit die chancen im markt nutzen.,Chocoladefabriken Lindt & Spruengli AG2.pdf,True
587,balance at beginning of the year,Bank of Ireland Group Plc1.pdf,False
750,depreciation is calculated on a straightline basis to allocate the depreciable amount over the estimated useful life of the assets as follows,Coca-Cola HBC AG2.pdf,False
657,assessment is based on the quality of the reports implementation of the audit plans approved by the committee and collaboration with the internal auditors.,BKW AG1.pdf,False
842,the minimum scenario shows fixed remuneration only i.e. base salary for the year ending june value of benefits received in year ended june and the pension benefits to be accrued over the year ending june .,Diageo PLC1.pdf,False
234,topic and link to pillars of value activities,Anglo American plc1.pdf,False
732,employee benefits to support the use of public transport we encourage our people to commute using public transport as part of our employee benefits in fact public transport commuting costs are covered by cembra for most employees see page .,Cembra Money Bank AG1.pdf,False
214,zurich birmensdorferstrasse weststrasse so tr,Allreal Holding AG1.pdf,False
162,equality integration and universal accessibility for people with disabilities. gri p.,Allfunds Group plc1.pdf,False
132,december scenariopeak unemployment rate december weighting december,Admiral Group plc1.pdf,False
1108,allfunds provides investment outsourcing and subadvisory bb solutions for banks wealth managers and institutional investors.,Allfunds Group plc1.pdf,True
222,priceearningsratio based on the yearend closing price,ANDRITZ AG1.pdf,False
1231,we finance our operations through a combination of cash flow debt and shareholder capital,Bakkafrost PF2.pdf,True
934,severn trents purpose is taking care of one of lifes essentials.,Severn Trent Plc1.pdf,False
185,human rights elimination of discrimination in employment gri gri not applicable,Allfunds Group plc1.pdf,False
41,both the united states and canada are stepping up their efforts to further invest in and promote renewable energy and climatefriendly infrastructure.,Acciona SA2.pdf,False
692,working capital turnover weighting,Brenntag Societas Europaea1.pdf,False
108,the company operates a personal pension scheme which is available to all employees once they have completed their probationary period.,Admiral Group plc1.pdf,False
38,the ncc meets at least two times each year or more frequently if deemed necessary or appropriate.,Accelleron Industries AG1.pdf,False
568,climaterelated issues are discussed with the excom as part of the sustainability updates provided by the director of sustainability.,Balfour Beatty plc1.pdf,False
1271,endtoend manufacturing at highest quality standards,Bavarian Nordic AS1.pdf,True
1446,established in our exceptional track record shows we continuously reinvent ourselves and think longterm.,Merck KGaA2.pdf,True
483,on intermediaries and coinsurers,AXA SA1.pdf,False
468,total lease expenses recognised in the income statement,Aviva plc1.pdf,False
890,total trade accounts receivable,DSM-Firmenich AG1.pdf,False
947,the audit and risk committee supports the board in the management of risk and is responsible for reviewing the effectiveness of the risk management and internal control framework during the year.,Severn Trent Plc1.pdf,False
24,all members of the board of directors comply with the requirements regarding additional mandates as laid down in art. of the articles of association and no exceptions were granted in the reporting year.,Accelleron Industries AG1.pdf,False
1074,the companys financial success is strongly linked to capitalising on its current commercial aircraft portfolio through incremental improvements.,Airbus SE1.pdf,True
1196,ab agri is a leading international agrifood business operating across the supply chain producing and marketing animal feed nutrition and technology based products and services.,Associated British Foods plc1.pdf,True
68,deme i from left to right orion top seamade bottom port la nouvelle,Ackermans & van Haaren NV1.pdf,False
884,ecls are discounted at the effective interest rate of the financial asset.,DSM-Firmenich AG1.pdf,False
1269,bavarian nordic is a fully integrated vaccines company focused on rampd innovation manufacturing and commercialization of lifesaving vaccines.,Bavarian Nordic AS1.pdf,True
366,materiality of eur million based on average result before tax over the last three years approx.,ASR Nederland N.V.1.pdf,False
505,underlying earnings excluding the oneoff tax benefit underlying earnings excluding the oneoff tax benefit,BAE Systems plc1.pdf,False
850,on appointment of an external executive director the committee may decide to compensate for variable remuneration elements the director forfeits,Diageo PLC1.pdf,False
1320,auto loans and leasing cembra is a large brandindependent auto loans and leasing provider in switzerland.,Cembra Money Bank AG1.pdf,True
383,primark has committed to improve the durability of its clothes by so that customers can enjoy them for longer.,Associated British Foods plc1.pdf,False
734,according to the swiss emobility association the demand for electric vehicles continued to increase in with of new cars purchased in switzerland defined as fully electric or plugin hybrid electric models.,Cembra Money Bank AG1.pdf,False
717,the appointment and replacement of directors is governed by the companys articles the companies act and other applicable legislation.,Bridgepoint Group Plc1.pdf,False
1340,investing in our plant and logistics assets allows us to efficiently prepare package and deliver our products to meet the needs of customers and consumers.,Coca-Cola HBC AG2.pdf,True
454,i the following amounts in respect of leased assets have been recognised in the groups consolidated income statement.,Aviva plc1.pdf,False
264,rsus psus or stock options may be granted from time to time to members of the senior management of the company who have made a significant contribution to the success of the company achieving the growth agenda specific acquisitions etc,Anheuser-Busch InBev SANV3.pdf,False
914,the increase in other operating expenses was primarily due to higher sales and license expenses expenses for it services and consulting research and development expenses and expenses for fees contributions and insurance premiums.,Merck KGaA2.pdf,False
232,liquid funds amounted to meur as of december meur as of the end of and net liquidity increased significantly to meur meur as of the end of .,ANDRITZ AG1.pdf,False
444,the groups information and communication channels are monitored on a regular basis to ensure they are appropriate for the financial reporting.,Avanza Bank Holding AB1.pdf,False
395,we have assessed the impact of climate risks and opportunities taking into consideration different climate scenarios including ltc and c scenarios to assess the resilience of the group to climate change.,Associated British Foods plc1.pdf,False
611,transfer to initial carrying amount of the hedged item,Barry Callebaut AG3.pdf,False
176,measures to prevent corruption and bribery. gri gri gri gri gri p. p.,Allfunds Group plc1.pdf,False
18,abbs electrification motion automation and robotics solutions continued to partner the industrial growth journey of the nation. whil,ABB Ltd.2.pdf,False
1315,cembra is a leading swiss provider of financing solutions and services.,Cembra Money Bank AG1.pdf,True
1350,powerhouse for and modules xray components,COMET Holding AG1.pdf,True
341,less than of all water on earth is available for human and environmental use making it a precious resource.,ASM International N.V.1.pdf,False
1042,based on data from the association of british insurers abi our business model the drivers of our success,Admiral Group plc1.pdf,True
879,the exclusion of companies involved in thermal coal activity either mining or power generation at greater than of revenues.,Direct Line Insurance Group Plc1.pdf,False
595,fonds de prvoyance en faveur du personnel de la bcv,Banque Cantonale Vaudoise1.pdf,False
61,in deme offshore was able to further improve its ecovadis score resulting in a golden medal.,Ackermans & van Haaren NV1.pdf,False
872,carrie loftus sustainability programme manager,Direct Line Insurance Group Plc1.pdf,False
1124,the focus is on a high level of customer benefit combined with an increase in profitability with the lowest possible vacancy rates.,Allreal Holding AG1.pdf,True
1435,our business is consumer driven building on clear consumer insights and anticipating consumer trends.,DSM-Firmenich AG1.pdf,True
278,the potential impact of the groups most significant individual operational risks.,Antofagasta plc1.pdf,False
36,the ac supports the board of directors in overseeing i the integrity of the financial statements ii the companys compliance with legal tax and regulatory requirements iii the external auditors qualifications and independence iv the performance and role of the companys internal controls system the internal audit function and the external auditors v the companys capital structure funding requirements and financial and risk policies and vi the companys implementation and maintenance of an integrity program and internal controls designed to mitigate integrity risk.,Accelleron Industries AG1.pdf,False
662,bolidens significant sustainability areas people environment and climate responsible operations,Boliden AB1.pdf,False
1356,since we have supported patients in managing longterm conditions with leading market positions in advanced wound care ostomy care continence and critical care and infusion care.,ConvaTec Group Plc1.pdf,True
1094,we employ over associates from more than nationalities operating in countries and serving consumers and patients in over countries.,Alcon AG1.pdf,True
977,interest expenses from companies in the same group,Siemens Energy AG1.pdf,False
738,von bis zu seiner pensionierung im april war er ceo der italienischen tochtergesellschaft lindt amp sprüngli s.p.a. seither amtet er als präsident des verwaltungsrats der lindt amp sprüngli s.p.a. der italienischen tochtergesellschaft der gruppe bis .,Chocoladefabriken Lindt & Spruengli AG2.pdf,False
191,zurich förrlibuckstrasse toniareal so,Allreal Holding AG1.pdf,False
919,many orkla companies are important employers and both employees and management are chiefly recruited from the country in which the business is located.,Orkla ASA1.pdf,False
456,total lease expenses recognised in the income statement,Aviva plc1.pdf,False
675,j longevity exceeding chargedischarge cycles,Bollore SE1.pdf,False
760,freehold buildings and improvements years,Coca-Cola HBC AG2.pdf,False
1357,we consistently deliver excellent work say what we do and do what we say.,ConvaTec Group Plc1.pdf,True
728,david plant group company secretary bridgepoint g,Bridgepoint Group Plc1.pdf,False
412,we have recently launched sales insight tools and increased the volume of paying retail check and retail accelerator customers.,Auto Trader Group PLC3.pdf,False
825,the cftc has adopted rules implementing the most significant provisions of the doddfrank act.,Deutsche Bank Aktiengesellschaft1.pdf,False
616,transfer to initial carrying amount of the hedged item,Barry Callebaut AG3.pdf,False
114,milena mondini defocatiis august rolling contract monthnoticeperiod notes to the financial statements continued,Admiral Group plc1.pdf,False
417,c m guaranteed valuations given to consumers in,Auto Trader Group PLC3.pdf,False
1433,firmenich is a leader in the global fragrance and taste industry with years of heritage decadeslong relationships with our customers including leading multinational regional and disruptor brands around the world.,DSM-Firmenich AG1.pdf,True
969,rental of machinery equipment etc,Siemens Energy AG1.pdf,False
604,notes to the consolidated financial statements,Barry Callebaut AG3.pdf,False
1439,we have the broadest palette of natural synthetic renewable biodegradable and biotech ingredients.,DSM-Firmenich AG1.pdf,True
848,diageo is a global organisation selling its products in more than countries around the world.,Diageo PLC1.pdf,False
1149,this document includes references to the anglo american group forwardlooking statements and thirdparty information. we comply with all relevant nonfinancial reporting requirements including those containe,Anglo American plc1.pdf,True
1438,firmenich is ideally placed to address these macro trends and grow better than the industry thanks to its innovationled product portfolio built through a strong commitment to rampd and creativity and its deeprooted dedication to responsible business.,DSM-Firmenich AG1.pdf,True
753,computer hardware and software to years,Coca-Cola HBC AG2.pdf,False
498,underlying earnings per share excluding the oneoff tax benefit kpi .p .p underlying earnings per share excluding the oneoff tax benefit kpi,BAE Systems plc1.pdf,False
396,while there may be risks that will need to be managed by midcentury these do not appear to be sufficiently substantive to require a material change to our business model or divisional strategies within the time horizons considered.,Associated British Foods plc1.pdf,False
284,number of identified environmental noncompliances,Arcadis NV1.pdf,False
690,remuneration of the board of management,Brenntag Societas Europaea1.pdf,False
1234,we ensure that we have state of the art production facilities and service vessels to optimise efficiency,Bakkafrost PF2.pdf,True
1408,johnnie walker is the worlds number one scotch whisky brand.,Diageo PLC1.pdf,True
689,blue industrial capital expenditure million euros of which million euros inrd electric mobility market production factory on,Bollore SE1.pdf,False
851,as provided in the code of ethics of the group diasorin is also committed to contributing effectively to promoting the quality of life and socialeconomic development of the communities where the group operates and to the development of human capital and local skills while at the same time carrying out its business on internal and external markets according to methods compatible with sound business practice.,DiaSorin S.p.A.1.pdf,False
159,equality equality plans. gri gri gri p.,Allfunds Group plc1.pdf,False
895,currency translation adjustment,DSM-Firmenich AG1.pdf,False
1193,our business model and strategy,Associated British Foods plc1.pdf,True
257,during .m rsus with an estimated fair value of m us dollar were granted to directors .m with an estimated fair value of m us dollar.,Anheuser-Busch InBev SANV3.pdf,False
335,independent nonexecutive director,Ashtead Group plc1.pdf,False
1412,as a leading company in laboratory diagnostics and committed to address the need of doctors and patients we develop breakthrough solution to meet the constant evolution of diagnosis.,DiaSorin S.p.A.1.pdf,True
1039,admirals profitability is primarily generated by the groups underwriting activities but we also generate investment income by investing the premiums we collect.,Admiral Group plc1.pdf,True
515,order intake order intake order intake,BAE Systems plc1.pdf,False
1015,listed on euronext brussels since bel and bel esg and with solid family ties,Ackermans & van Haaren NV1.pdf,True
768,adaptive capacity refers to characteristics or actions that may reduce the level of risk posed by a hazard and thereby alleviate vulnerability.,ConvaTec Group Plc1.pdf,False
1321,credit cards we are one of the leading credit card providers in switzerland with about million cards in circulation.,Cembra Money Bank AG1.pdf,True
761,the board undertakes a biannual assessment of the groups principal risks.,ConvaTec Group Plc1.pdf,False
1106,allfunds allows clients to trade with a myriad of investment funds through a central integrated platform that offers a secure transaction process minimising the risk of operational errors.,Allfunds Group plc1.pdf,True
521,basic earnings per share .p .p basic earnings per share,BAE Systems plc1.pdf,False
22,the board of directors has the nontransferable and inalienable duties as provided for by swiss corporate law and the articles of association.,Accelleron Industries AG1.pdf,False
356,based on wri aqueduct water stress assessment,ASM International N.V.1.pdf,False
1276,land opportunities are identified by our divisional and group land and planning teams using their local knowledge and contacts.,Bellway p.l.c.1.pdf,True
340,chief executive officer of rs group plc and is a memb,Ashtead Group plc1.pdf,False
431,the keys to avanzas internal control over financial reporting are the control environment described in this corporate governance report a clear and transparent organisational structure the distribution of responsibilities and governing internal documents such as policies guidelines and instructions.,Avanza Bank Holding AB1.pdf,False
473,in euro million upto year from year to years more than years total total,AXA SA1.pdf,False
217,hydropower projects are technically demanding complex and costintensive.,ANDRITZ AG1.pdf,False
911,the cost of materials decreased in line with net sales.,Merck KGaA2.pdf,False
1208,our marketplace sits at the heart of the vehicle buying and selling process with the largest number of car buyers and sellers and the largest choice of trusted stock.,Auto Trader Group PLC3.pdf,True
1011,the future of hospitality must also be responsible respectful and with sustainability at its heart.,Accor SA1.pdf,True
1463,das auf immoscout zur verfügung gestellte immobilienangebot richtet sich in der regel an privatkundinnen die immobilien entweder zum kauf oder zur miete suchen und so entsprechenden traffic auf immoscout auslösen.,Scout24 SE3.pdf,True
1070,airbus pioneers sustainable aerospace for a safe and united world.,Airbus SE1.pdf,True
1092,market recovery after the covid pandemic has varied significantly across different world regions driven by the pace of vaccination campaigns and the easing of,Airbus SE1.pdf,True
696,individual performance multiplier,Brenntag Societas Europaea1.pdf,False
153,a rising number of elderly people worldwide such that primary openangle glaucoma poag now affects an estimated million people and ocular hypertension often a predecessor to poag is estimated to affect another million people,Alcon AG1.pdf,False
1304,this strategy of supporting customers in four major regions africa the americas asiapacific europe and the middle eastsouth asia is based on the development of powerful it tools deployment of a new and unique transport management system cargowise on a global scale set for finalization in implementation of a collaborative internet and mobile platform etc. that allow the group to be more responsive and offer more flexible and innovative solutions to its customers and to speed up digitize and secure information flows between participants.,Bollore SE1.pdf,True
1502,we are driving new sustainable growth areas to help address the worlds greatest challenges climate action building a more circular economy food availability safety amp security and health amp wellbeing.,Signify NV3.pdf,True
789,today the natural environment on which we depend is facing many interrelated threats from climate change and nature loss to water scarcity and pollution.,Danone SA1.pdf,False
580,drawings under the term funding scheme for small and mediumglyphltcfontfvxvnxopensansgtsied enterprises tfsme from the bank of england boe will be repaid by october .,Bank of Ireland Group Plc1.pdf,False
703,absolute shareholder return for the brenntag share,Brenntag Societas Europaea1.pdf,False
1263,furthermore the executive committee also manages the corporate functions independently.,Barry Callebaut AG3.pdf,True
487,affiliated companies affiliated companies affiliated companies companies with which there is a participating interest companies with which there is a participating interest companies with which there is a participating interest,AXA SA1.pdf,False
559,the board is responsible for setting the cultural framework of the business including its purpose strategy values and behaviours.,Balfour Beatty plc1.pdf,False
801,drive the transition to a circular and lowcarbon packaging system recover as much as we use halve the use of virgin fossilbased packaging by with a reduction by accelerating reuse and recycled materials,Danone SA1.pdf,False
512,noncontrolling interests noncontrolling interests,BAE Systems plc1.pdf,False
633,systems and processes bavarian nordic is constantly developing and maturing processes and systems to support expansion and growth inefficient processes or systems could restrict bns ability to scale up and deliver on the growth potential across products and markets investment in internal systems incl erp and bi systems constant standardization of processes and quality systems employee training,Bavarian Nordic AS1.pdf,False
1114,allreal strives to achieve sustainabilityoriented consistent qualitative growth steady returns and a stable distribution yield for its shareholders aimed at dividend growth.,Allreal Holding AG1.pdf,True
1342,we work with our suppliers to procure highquality ingredients sustainably sourced raw materials and equipment and services required to produce beverages.,Coca-Cola HBC AG2.pdf,True
790,so that it regenerates rather than degrades nature.,Danone SA1.pdf,False
116,postmodeladjustments december m december m,Admiral Group plc1.pdf,False
740,dr. thomas rinderknecht ch herr rinderknecht ist seit april mitglied des verwaltungsrats und hat derzeit den vorsitz des audit committee inne.,Chocoladefabriken Lindt & Spruengli AG2.pdf,False
1081,airbus has already started preparing the enablers for this evolution and has invested in key rampt bricks.,Airbus SE1.pdf,True
830,noncurrent borrowing of eur m was eur m lower than at yearend december eur m.,Deutsche Lufthansa AG1.pdf,False
119,this pma has been updated to reflect the higher inflation outlook which has increased significantly since the end of .,Admiral Group plc1.pdf,False
656,planning permissions granted gb,Bellway p.l.c.1.pdf,False
635,bavarian nordic is dependent on timely delivery of materials for production or rd supply chain challenges could delay or hinder bns revenue or ability to pursue growth opportunities strong internal sales and operations planning and governance continuously demand planning for months across products and markets adequate safety inventory for core products quality control during technology transfer phase close supply chain control and direct monitoring of key vendors,Bavarian Nordic AS1.pdf,False
369,the growth of life premiums was sustained by the satisfactory performance of capitallight products of the protection lines.,Assicurazioni Generali S.p.A.1.pdf,False
268,the board may set different vesting periods for specific subplans or introduce performance tests in line with the companys highperformance culture and the creation of longterm sustainable value for its shareholders.,Anheuser-Busch InBev SANV3.pdf,False
655,bellway is mindful of the wider economic uncertainty caused by cost of living rises and political uncertainty in the uk but continues to draw upon these sectorspecific favourable market conditions retaining its clear strategy to deliver longterm and disciplined volume growth.,Bellway p.l.c.1.pdf,False
935,our sector has inherent risks particularly due to the nature and scale of our operational infrastructure and the importance of our activities to the health safety and wellbeing of our people and the communities we serve.,Severn Trent Plc1.pdf,False
822,all exchange traded derivatives are cleared through central counterparties ccps the rules and regulations of which provide for daily margining of all current and future credit risk positions emerging out of such transactions.,Deutsche Bank Aktiengesellschaft1.pdf,False
866,in we continued to invest in energy efficiency measures and focus on the most carbonintensive areas of the business which will help us work towards meeting our sciencebased targets.,Direct Line Insurance Group Plc1.pdf,False
46,in the european union launched repowereu a plan to rapidly reduce the continents dependence on russian fossil fuels through renewable energy.,Acciona SA2.pdf,False
1295,bolidens operation provides an important part of societys raw materials supply by contributing with mined and processed base and valuable metals that are recycled after use.,Boliden AB1.pdf,True
991,issued subscribed and paidup capital,Signify NV3.pdf,False
876,in addition we are keeping our target of reducing the ghg emissions intensity of our corporate bond portfolio by by versus a baseline as a backwardlooking indicator to make sure emissions are reducing at the required pace over time to achieve our long term net zero goal.,Direct Line Insurance Group Plc1.pdf,False
773,formalise risk monitoring of existing climate metrics and targets and assess whether additional metrics are required in order to sufficiently manage risk.,ConvaTec Group Plc1.pdf,False
1504,we are further investing in our people creating a diverse and inclusive workpla,Signify NV3.pdf,True
4,abbs portfolio of sustainable technology solutions was deployed across a wide range of sectors during the year rendering efficiency amp productivity.,ABB Ltd.2.pdf,False
1335,our success is dependent on the passion and customer focus of our talented people our secret ingredient.,Coca-Cola HBC AG2.pdf,True
263,longterm incentive stock options they cliff vest over a fiveyear period and they have a maximum lifetime of years and an exercise period that starts after five years.,Anheuser-Busch InBev SANV3.pdf,False
1187,a.s.r. has a solid financial framework. a.s.r. is a multiline insurer with a robust solvency and profitable activities that generate capital.,ASR Nederland N.V.1.pdf,True
1374,water will remain the healthiest hydration option and of the recovery of the category following covid lockdowns.,Danone SA1.pdf,True
443,the board also reviews the quarterly financial reports and annual accounts as well as the observations and conclusions of the external and internal auditors.,Avanza Bank Holding AB1.pdf,False
1077,with the same logic the helicopter portfolio is expanding through military versions of commercially successful products.,Airbus SE1.pdf,True
837,net indebtedness and net pension obligations,Deutsche Lufthansa AG1.pdf,False
1344,the cocacola company owns and develops its brands while cocacola hbc is responsible for producing distributing and selling these beverages using concentrate we buy from the cocacola company under an incidencebased pricing model.,Coca-Cola HBC AG2.pdf,True
304,otherwise the solution moves on to the third stage of analysis.,Arkema SA1.pdf,False
1178,we are an international equipment rental company with national networks in the us canada and the uk.,Ashtead Group plc1.pdf,True
313,jill brings strong digital experience within retail environments to the board.,Ashtead Group plc1.pdf,False
149,market growth is expected to be driven mainly by,Alcon AG1.pdf,False
574,the movement in own credit risk related to the groups customer accounts designated at fvtpl for the year is shown below.,Bank of Ireland Group Plc1.pdf,False
50,the inflation reduction act ira aims to install gw of pv per year from in addition to investment earmarked for renewables and ensuring climate resilience.,Acciona SA2.pdf,False
1175,we market an integrated leading range of pressuresensitive adhesives with four industryleading technologies hotmelt waterbased uv adhesives and specialty acrylics.,Arkema SA1.pdf,True
726,awards under the groups longterm incentive plan and all employee share plan generally vest upon a change of control subject to the extent to which the performance conditions have been satisfied at the time and time prorating unless and to the extent that the remuneration committee disapplies or reduces time prorating.,Bridgepoint Group Plc1.pdf,False
833,at yearend positive free cash flow brought net indebtedness down to eur m a reduction of eur m on yearend december eur m.,Deutsche Lufthansa AG1.pdf,False
1115,the portfolio is developed organically and by means of acquisitions on a continuous basis.,Allreal Holding AG1.pdf,True
470,table transactions with aff iliated companies and companies with which the company has a participating interest,AXA SA1.pdf,False
971,building repairs and maintenance,Siemens Energy AG1.pdf,False
653,crossparty support to deliver an increased supply of new homes.,Bellway p.l.c.1.pdf,False
399,for our third investor day held in may we included an analysis of the most important environmental factors relevant to our businesses including an overview of our tcfd analysis to date which we summarise here together with addition,Associated British Foods plc1.pdf,False
511,profit for the year attributable to equity shareholders profit for the year attributable to equity shareholders,BAE Systems plc1.pdf,False
320,tanya enjoyed a year career with general electric where she ran a number of businesses.,Ashtead Group plc1.pdf,False
19,members of the board of directors the chair and the members of the nomination and compensation committee ncc are elected individually by the general meeting for a oneyear term ending upon completion of the next annual general meeting.,Accelleron Industries AG1.pdf,False
684,workforce as of employees capacity from kwh to severalmwh,Bollore SE1.pdf,False
35,the board chair the ceo and the cfo participated in all the meetings.,Accelleron Industries AG1.pdf,False
827,the equity ratio therefore increased by percentage points compared with yearend to december .,Deutsche Lufthansa AG1.pdf,False
1349,system solutions to provide rf technolo gy consisting of,COMET Holding AG1.pdf,True
407,building on alexions year history in rare disease in we announced the positive highlevel results of the alpha phase iii trial of danicopan an investigational oral factor d inhibitor as an addon to ultomiris or soliris,AstraZeneca PLC1.pdf,False
920,this resulted in substantial investments in countries inc,Orkla ASA1.pdf,False
537,bakkafrost us fishmeal oil and feed packaging which we produce and sell to other fish farmers and service vessels used for other farms.,Bakkafrost PF2.pdf,False
758,for accounting policy regarding rightofuse assets refer to note leases.,Coca-Cola HBC AG2.pdf,False
1062,if people like what they do they do it better .,Admiral Group plc1.pdf,True
1127,order backlog as of end of period meur,ANDRITZ AG1.pdf,True
784,emissions we have set net zero targets internally which will align our business with the paris agreement.,ConvaTec Group Plc1.pdf,False
489,the calculation of the underlying effective tax rate is shown in note to the group accounts on page .,BAE Systems plc1.pdf,False
154,growing access and consumption of vision care products in emerging markets such as asia which had an estimated singledigit contact lens penetration as compared to double digits in the developed world and,Alcon AG1.pdf,False
961,neither the chairman of the board nor the ceo had loans from siemens as as of september .,Siemens Energy AG1.pdf,False
853,in july diasorin set up fondazione diasorin a nonprofit organization promoting scientific culture among young people and supporting excellence in schools.,DiaSorin S.p.A.1.pdf,False
625,in thousands of chf commodity price risk foreign exchange risk interest rate risk total hedging reserve,Barry Callebaut AG3.pdf,False
685,blue solutions has also launched a batteryrecycling program with the aim of recovering more than of lithium and reusing it in the production chain.,Bollore SE1.pdf,False
569,the tcfd working group led by the director of risk and audit includes senior management representation from finance risk and sustainability and draws on functional support from the wider business.,Balfour Beatty plc1.pdf,False
1431,in we made our claims process simpler customers can now register of claims types across the vast majority of our brands and partners online,Direct Line Insurance Group Plc1.pdf,True
17,distributed control systems dcs for greenfield and brownfield paints major,ABB Ltd.2.pdf,False
127,december scenariopeak unemployment rate december weighting december scenariopeak unemployment rate december weighting,Admiral Group plc1.pdf,False
927,im rahmen von reorganisationsmaßnahmen abgewickelte anteile.,Scout24 SE3.pdf,False
980,proposed fees for statutory audit for the year,Siemens Energy AG1.pdf,False
1474,wind turbines our networks of pipes and our enclosed storage reservoirs,Severn Trent Plc1.pdf,True
190,zurich brandschenkestrasse so pr,Allreal Holding AG1.pdf,False
1139,transforming the very nature of mining for a safer smarter more sustainable future.,Anglo American plc1.pdf,True
992,shares fully paid for consideration other,Signify NV3.pdf,False
1468,we serve million households and businesses with a safe and reliable supply of water and collect waste water seven days a week every week of the year.,Severn Trent Plc1.pdf,True
1255,bcv banque cantonale vaudoise was founded on december by the vaud cantonal parliament grand conseil vaudois as a socit anonyme de droit public i.e. a corporation organized under public law.,Banque Cantonale Vaudoise1.pdf,True
606,commodity price risk cost of goods sold,Barry Callebaut AG3.pdf,False
180,equality measures for equality for men and women. gri gri gri p.,Allfunds Group plc1.pdf,False
301,each solution is first evaluated from a regulatory standpoint.,Arkema SA1.pdf,False
496,financial performance measures as defined by the group financial performance measures as defined by the group financial performance measures as defined by the group,BAE Systems plc1.pdf,False
1296,high technological knowhow including automation and electrification,Boliden AB1.pdf,True
1260,from to we moved to diversify our operations particularly in international trade finance offshore wealth management and trading.,Banque Cantonale Vaudoise1.pdf,True
1371,grounded in our scientific expertise in biotics and years of advanced breastmilk science with product propositions like aptamil cesarbiotik and aptamil dairy amp plants blend which recognize that every familys feeding journey is unique.,Danone SA1.pdf,True
517,order book .bn .bn order book .bn,BAE Systems plc1.pdf,False
1069,below have been based on the companys internal information sources unless another source has been specified below.,Airbus SE1.pdf,True
476,receivables arising from reinsurance operations excluding provision for doubtful debts,AXA SA1.pdf,False
157,information about social and personnel issues information about social and personnel issues information about social and personnel issues information about social and personnel issues,Allfunds Group plc1.pdf,False
1195,ab sugar is a leading producer of sugar and sugarderived coproducts in africa the uk spain and north east china.,Associated British Foods plc1.pdf,True
16,mv and lv switchgears ups uninterruptible power supply automatic transfer switching and power distribution packages for the one of the biggest data center companies in the country,ABB Ltd.2.pdf,False
1072,in the current challenging operating environment the airbus purpose we pioneer sustainable aerospace for a safe and united world has never been more relevant.,Airbus SE1.pdf,True
546,we have also reconfirmed the materiality of capital goods emissions for bakkafrost faroe islands and bakkafrost scotland in the scope footprint in order to be able to continue to justify its exclusion.,Bakkafrost PF2.pdf,False
658,bkw is committed to the timely dissemination of transparent and comprehensive information to its shareholders and clients as well as its employees and the general public. it regularly informs the media about important events related to its business activities. information on share prices is published in compliance with the applicable legal requirements for disclosure ad hoc notifications. the ad hoc announcements can be accessed simultaneously with the notification to the six swiss exchange and subsequently for a period of three years at www.bkw.chmediarelations.,BKW AG1.pdf,False
1230,markets served western europe north america asia eastern europe and rest of the world,Bakkafrost PF2.pdf,True
1019,we strive for annual recurring growth of the results of each participation and of the group as a whole.,Ackermans & van Haaren NV1.pdf,True
1261,the canton provided most of the funds raised on both occasions. from to we successfully refocused operations on our four co,Banque Cantonale Vaudoise1.pdf,True
959,this was continued in the new company after the demerger on march .,Siemens Energy AG1.pdf,False
1414,through our constant investment of resources and talents in research and development in we have been among the first to respond to the covid emergency with highquality and reliable tests.,DiaSorin S.p.A.1.pdf,True
283,arcadis carbon footprint mt co per fte,Arcadis NV1.pdf,False
797,pioneer and scale regenerative agriculture leading the way for regenerative dairy farming models zero deforestation conversion on key commodities by,Danone SA1.pdf,False
225,image the business year at a glance,ANDRITZ AG1.pdf,False
26,art. to of the articles of association and art. of the governance rules describe the board procedures.,Accelleron Industries AG1.pdf,False
437,a high level of it security is also crucial to effective internal control over financial reporting.,Avanza Bank Holding AB1.pdf,False
1462,baufiteam gmbh seit mai kundenberatung im rahmen von bau und immobilienfinanzierung g provisionsteilung nach erfolgreichem abschluss der finanzierung,Scout24 SE3.pdf,True
229,the order backlog of the andritz group amounted to meur as of december and was thus higher than the reference figure for the previous year december meur.,ANDRITZ AG1.pdf,False
37,the nomination and compensation committee ncc is composed of at least two nonexecutive members of the board of directors who are each elected annually and individually by the general meeting of the shareholders art. and art. of the articles of association and art. of the governance rules.,Accelleron Industries AG1.pdf,False
749,assets under construction are recorded as part of property plant and equipment and depreciation on these assets commences when the assets are made available for use.,Coca-Cola HBC AG2.pdf,False
1045,our vulnerable customer policy allows for an appropriate system to be implemented identify vulnerable customers and ensures sufficient controls are in place so that these customers receive appropriate support.,Admiral Group plc1.pdf,True
469,impairment of rightofuse assets,Aviva plc1.pdf,False
1283,we construct a wide range of homes with a focus on our artisan collection of standard house types to suit a variety of customer budgets and lifestyles.,Bellway p.l.c.1.pdf,True
1477,di offers an extensive technology portfolio and system solutions for the following areas,Siemens Energy AG1.pdf,True
687,with this expert in the automotive industry and his new management team the group is renewing its ambitions regarding emobility activities.,Bollore SE1.pdf,False
1383,we combine our strengths to connect people and businesses with the essential products and services that they require to keep growing and progressing.,DCC Plc1.pdf,True
639,risk area risks mitigating actions,Bavarian Nordic AS1.pdf,False
1299,we create value for shareholders and society all the way from exploration to the recycling of metals.,Boliden AB1.pdf,True
1218,goto customer brand for insurance wealth and retirement,Aviva plc1.pdf,True
1158,arcadis is the worlds leading company delivering sustainable design engineering digital and consultancy solutions for natural and built assets.,Arcadis NV1.pdf,True
1338,our business activities require financial capital which we allocate efficiently.,Coca-Cola HBC AG2.pdf,True
1368,the group is notably present in europe with alpro and north america with silk with a portfolio spanning across all key segments from the established beverages segment ingredientbased with almond or oat but also benefitled with blended products to yogurts and more nascent ones such as cheese or ice cream.,Danone SA1.pdf,True
800,drive the transition to a circular and lowcarbon packaging system recover as much as we use reusable recyclable compostable by,Danone SA1.pdf,False
160,equality measures to promote employment. gri gri gri gri gri gri gri p.,Allfunds Group plc1.pdf,False
956,board members representing employees in siemens as received nok per person for the fiscal year.,Siemens Energy AG1.pdf,False
1186,everyone has equal rights to equal opportunities. a.s.r. therefore has suitable products and services for all target groups.,ASR Nederland N.V.1.pdf,True
821,as of december of our exposure related to the mortgage lending portfolio had an ltv ratio below or equal to slightly lower compared to the prior year.,Deutsche Bank Aktiengesellschaft1.pdf,False
1419,diagnosis is the first step to determine the health status of each person for this reason our diagnostic solutions can make the difference by providing timely and reliable answers to increasingly challenging clinical questions.,DiaSorin S.p.A.1.pdf,True
877,we also require the below exclusions and preferences,Direct Line Insurance Group Plc1.pdf,False
913,depreciation amortization and adjustments remained essentially unchanged as against the previous year.,Merck KGaA2.pdf,False
152,a significant population of approximately billion people worldwide who suffer from symptoms of dry eye but do not have clinical signs of dry eye over million people who have both symptoms and clinical signs of dry eye and over million people who are at risk of developing dry eye in that they have clinical signs but are not yet suffering from dry eye symptoms,Alcon AG1.pdf,False
1378,designer and builder of the falcon family of business jets recognized for their handling qualities operational flexibility low fuel consumption and innovative solutions,Dassault Aviation SA1.pdf,True
509,fair value and foreign exchange adjustments on financial instruments and investments post tax fair value and foreign exchange adjustments on financial instruments and investments post tax,BAE Systems plc1.pdf,False
1135,andritz metals is via the schuler group one of the worlds leading suppliers of technologies plants and digital solutions in metal forming.,ANDRITZ AG1.pdf,True
1262,the executive committee manages the business from a geographic view.,Barry Callebaut AG3.pdf,True
103,the companys approach to annual salary reviews is consistent across the group with consideration given to the role size complexity experience required individual performance and pay levels in comparable companies.,Admiral Group plc1.pdf,False
586,movement in own credit risk on deposits at fvtpl m m,Bank of Ireland Group Plc1.pdf,False
1333,die sorge um unsere umwelt spielt eine immer grössere rolle in all unseren entscheidungsprozessen.,Chocoladefabriken Lindt & Spruengli AG2.pdf,True
1143,our metals and minerals help unlock a cleaner future for our planet and meet the needs of a growing population from homes and electronics to food and luxuries these are futureenabling products.,Anglo American plc1.pdf,True
53,the world in constant transformation,Acciona SA2.pdf,False
151,advancements in specialty lenses combined with increasing demand for toric multifocal and cosmetic lenses which command an approximately pricing premium over spherical lenses allowing patients to continue wearing contact lenses as they become older and helping to expand the market,Alcon AG1.pdf,False
403,in our therapy areas total revenue for oncology increased by at cer cardiovascular renal amp metabolism by at cer respiratory amp immunology fell by but rose at cer and rare disease rose by at cer.,AstraZeneca PLC1.pdf,False
1503,we are creating a digital front and backend embedding artificial intelligence ai in products and systems and boosting our digital competencies.,Signify NV3.pdf,True
207,defining business policy in particular investment and financial policy,Allreal Holding AG1.pdf,False
1422,healthcare sector clients need to develop a new product drug test vaccine etc.,DiaSorin S.p.A.1.pdf,True
1122,relative share performance positive deviation from the sxi real estate shares tr comparison index,Allreal Holding AG1.pdf,True
1323,deposits we provide deposit and savings products at competitive interest rates for both retail customers and institutional clients.,Cembra Money Bank AG1.pdf,True
8,automation package for cold rolling mills for continuous galvanizing line from one of the global majors in process industries,ABB Ltd.2.pdf,False
1014,is an independent diversified group established in,Ackermans & van Haaren NV1.pdf,True
1348,radio frequency components and system solutions for plasma applications,COMET Holding AG1.pdf,True
1060,these working groups exist to give a voice to all our colleagues and empower them to play an active role in shaping our employee propositions and policies.,Admiral Group plc1.pdf,True
452,the groups leased assets primarily consist of properties occupied by group companies carried at amortised cost see note leasehold investment properties carried at fair value see note which are sublet to third parties and real estate long income finance leases see note .,Aviva plc1.pdf,False
253,the board considered asustainable long term solution to enhance water supply for communities in chile including the construction of adesalination plant awater pipeline and the upgrade and construction of two waste water treatment plants at our los bronces copper mine in chile.,Anglo American plc1.pdf,False
896,total trade accounts receivable writtenoff for the year ended june are chf chf .,DSM-Firmenich AG1.pdf,False
1313,each of which has been approved by the board of directors of bridgepoint group plc.,Bridgepoint Group Plc1.pdf,True
880,managers instructed to prefer investments in green bonds where the risk return characteristics are similar to conventional bonds.,Direct Line Insurance Group Plc1.pdf,False
1418,our business model starts from the healthcare needs and turn them through research into diagnostic answers and solutions.,DiaSorin S.p.A.1.pdf,True
623,as of august in chf million hedge ineffectiveness recognized in the consolidated income statement line item in the consolidated income statement where the hedge ineffectiveness is reported,Barry Callebaut AG3.pdf,False
345,our three primary engineering centers in south korea japan and phoenix u.s. accounted for of our water consumption in primarily for cooling and abatement purposes related to our process equipment use and all are located in mediumhigh or extremely high waterstressed regions based on wri aqueduct water stress baseline assessments.,ASM International N.V.1.pdf,False
1319,personal loans cembra is a leading provider in the highly competitive personal loans market.,Cembra Money Bank AG1.pdf,True
262,psus were granted for the first time in december .,Anheuser-Busch InBev SANV3.pdf,False
150,fast growing daily disposable sihy contact lens and premium reusable lens segment fueled by better material improved health and comfort and enhanced vision acuity,Alcon AG1.pdf,False
472,in euro million gross value provision net value gross value provision net value,AXA SA1.pdf,False
640,failure to supply from vendors or subcontractors bavarian nordic is increasingly using contract manufacturers cmos and these vendors may be delayed or fail in delivering. bavarian nordic is dependent on timely delivery of materials for production or rd supply chain challenges could delay or hinder bns revenue or ability to,Bavarian Nordic AS1.pdf,False
1489,siemens delivers control and automation systems for critical infrastructure for the countrys transmission system operators tsos and distribution system operators dsos.,Siemens Energy AG1.pdf,True
1415,aware of the market evolutions and diagnostics trends we focused on increasingly technological and breakthrough solutions such as molecular diagnostics and licensed technologies which can deliver swift and reliable information to clinicians.,DiaSorin S.p.A.1.pdf,True
550,we have implemented a new kpi which now benchmarks annual scope and emissions against tonnes of sold product rather than salmon produced.,Bakkafrost PF2.pdf,False
928,insgesamt wurde für das ltip ausgewählte arbeitnehmerinnen personalaufwand in höhe von tsd. euro vorjahr tsd.,Scout24 SE3.pdf,False
488,taxation expense including equity accounted investments of m reflects the groups underlying effective tax rate for the year of adjusted for the impact of the uk tax rate adjustment.,BAE Systems plc1.pdf,False
1361,advanced dressings for the management of acute and chronic wounds resulting from ongoing conditions such as diabetes and acute conditions resulting from traumatic injury and burns.,ConvaTec Group Plc1.pdf,True
1171,with patents filed in of which bring us closer to the sustainable development goals and annual rampd investment totalling million along with researchers and multiple technological partnerships arkema is now among the top french firms in the annual ranking compiled by the european patent office.,Arkema SA1.pdf,True
146,increased adoption of advanced technologies such as improved diagnostic instruments surgical options for glaucoma management and the growing use of phacoemulsification during cataract removal which is utilized in over of cases in emerging markets versus over in the us and,Alcon AG1.pdf,False
402,was a year of continued strong performance and execution of our longterm growth strategy.,AstraZeneca PLC1.pdf,False
954,the majority of the companys sales revenue comes from activities in norway in the fiscal year exports amounted to nok million representing of total sales revenue the largest export markets in the fiscal year were sweden lithuania and finland.,Siemens Energy AG1.pdf,False
1410,for more than years johnnie walker has inspired people with these two simple words and this next chapter will continue to build cultural relevance for the brand among the next generation of whisky drinkers.,Diageo PLC1.pdf,True
659,in addition it is possible to receive potentially pricerelevant information directly from bkw free of charge and in a timely manner by email. this service is available at www.bkw.chpressrelease pendence the committee examines the relationship between the budgeted audit fee and the fee for other services provided by the auditing company and what these additional services include.,BKW AG1.pdf,False
463,in million impairment arose from the reduction in the groups property footprint.,Aviva plc1.pdf,False
186,main risks main risks and impacts arising from the groups activities and their management. gri gri gri gri gri,Allfunds Group plc1.pdf,False
1147,reflecting stakeholder views in our board decision making,Anglo American plc1.pdf,True
1224,by doing so we will create value for our stakeholders our customers colleagues society and shareholders,Aviva plc1.pdf,True
608,certain ineffectiveness can arise during the hedging process.,Barry Callebaut AG3.pdf,False
143,member of the board of directors of airbus se member of the board of directors of airbus defence and space gmbh member of the management board of deutsche telekom ag chairperson of the supervisory board of deutsche telekom it gmbh member of the university council of university of cologne member of the executive committee of deutsche gesellschaft für auswärtige politik e.v. member of the supervisory board of tsystems international gmbh vicechairwoman of the supervisory board of deutsche telekom security gmbh. for the last five years,Airbus SE1.pdf,False
751,freehold buildings and improvements years,Coca-Cola HBC AG2.pdf,False
981,rental of machinery equipment etc,Siemens Energy AG1.pdf,False
197,cumulative vacancy rate as a percentage of target rental income for,Allreal Holding AG1.pdf,False
883,the group applies the ifrs simplified approach to measuring expected credit losses ecl which uses a lifetime expected credit loss allowance for all trade receivables.,DSM-Firmenich AG1.pdf,False
279,a shutdown of any one of the groups operations for a period of three months.,Antofagasta plc1.pdf,False
293,the current tax is based on taxable profit for the year.,argenx SE1.pdf,False
1447,we hold the global rights to the merck name and brand.,Merck KGaA2.pdf,True
400,the success of astrazeneca is built on being true to our purpose and living our values to deliver for people society and the planet.,AstraZeneca PLC1.pdf,False
122,loans are written off where there is no reasonable expectation of recovery.,Admiral Group plc1.pdf,False
1207,make healthcare systems more sustainable and resilient.,AstraZeneca PLC1.pdf,True
202,at the same time under the articles of association and the organisational regulations the following powers and responsibilities in particular are vested in the board of directors,Allreal Holding AG1.pdf,False
835,the ratio of adjusted net debtadjusted ebitda was thus previous year .,Deutsche Lufthansa AG1.pdf,False
246,we are developing the woodsmith mine in northeast england a part of the country that suffers from high unemployment and limited employment opportunities making it difficult to keep talented young people within the region.,Anglo American plc1.pdf,False
1427,we are britains leading private motor insurer represented through our wellknown brands direct line churchill privilege darwin and also through our partners,Direct Line Insurance Group Plc1.pdf,True
1432,we are set to welcome over new customers in h as part of ou,Direct Line Insurance Group Plc1.pdf,True
1153,we integrate sustainability criteria into the design process and project evaluation phase developing innovative solutions for challenges such as water availability longterm energy supply and community relations.,Antofagasta plc1.pdf,True
384,vivergo has invested to expand its operations creating the largest bioethanol plant in the uk.,Associated British Foods plc1.pdf,False
1327,wir werden niemals kompromisse eingehen welche die produktqualität die präsentation oder die herstellungsmethoden beeinträchtigen.,Chocoladefabriken Lindt & Spruengli AG2.pdf,True
854,it should be noted that the foundation does not fall within the scope of consolidation of the diasorin group and therefore of this nfs.,DiaSorin S.p.A.1.pdf,False
219,of installed and modernized capacity,ANDRITZ AG1.pdf,False
641,the land market provides good buying opportunities with the market for larger sites typically over units attracting lower levels of competition and can offer higher expected returns than smaller sites.,Bellway p.l.c.1.pdf,False
1,cost efficiency programs together with strategic investments for new facilities product launches and launch of online business models supported this journey of profitable growth.,ABB Ltd.2.pdf,False
112,executive director dateofappointment contract duration,Admiral Group plc1.pdf,False
698,the performance criteria for the tranche of the longterm incentive bonus under the board of management remuneration system were set at the end of .,Brenntag Societas Europaea1.pdf,False
1436,the fragrance and taste industry has demonstrated gdp growth and offers attractive opportunities for innovation and differentiation.,DSM-Firmenich AG1.pdf,True
951,operating in the water sector means risk management is embedded throughout our processes from daytoday asset operation and monitoring mediumterm deployment of capital investment to longterm modelling of asset health performance and societal and environmental changes.,Severn Trent Plc1.pdf,False
1322,insurance products we provide insurance products as an intermediary.,Cembra Money Bank AG1.pdf,True
1291,the latest technologies and automatic controls increase the quality of buildings and reduce their energy consumption. the heating sector alone accounts for around percent of energy consumption in switzerland today and is the source of more than percent of carbon emissions. the buildings of the future are intelligent and energy efficient and function as small power plants.,BKW AG1.pdf,True
1358,we take personal ownership of all our work taking the initiative innovating taking smart risks and never settling for second best.,ConvaTec Group Plc1.pdf,True
441,the control functions risk management compliance and internal audit monitor compliance with policies guidelines and instructions.,Avanza Bank Holding AB1.pdf,False
1136,andritz hydro is one of the globally leading suppliers of electro mechanical equipment and services for hydropower plants in the dynamically growing global market for renewable energy.,ANDRITZ AG1.pdf,True
1256,we offer a comprehensive range of financial services to all client segments.,Banque Cantonale Vaudoise1.pdf,True
663,overarching ambition boliden constantly seeks to develop safe healthy and innovative work environments where people can thrive and grow. boliden contributes to societal devel opment and adaptation to climate change by extracting producing and recycling metals with good climate and environmental performance in collaboration with strategic partners. weplace great emphasis on business ethics and personal responsibility for employees and business partners through the presence of valuesbased leadership.,Boliden AB1.pdf,False
1377,designer of the neuron combat drone built by a european partnership,Dassault Aviation SA1.pdf,True
1257,pursuant to article of the lbcv bcvs corporate mandate is to offer a comprehensive range of banking services to the local community and to contribute to the development of all sectors of the vaud economy and to the financing of the cantons publicsector institutions and entities.,Banque Cantonale Vaudoise1.pdf,True
1336,to create our products we use natural resources including water energy and pet.,Coca-Cola HBC AG2.pdf,True
317,independent nonexecutive director,Ashtead Group plc1.pdf,False
648,the labour market has tightened but we are able to secure the supply of labour due to robust forecasting and forward planning of labour requirements across the group.,Bellway p.l.c.1.pdf,False
709,working capital turnover weighting,Brenntag Societas Europaea1.pdf,False
1282,our divisional and group planning teams work closely with local authorities and communities to obtain dpp to construct homes which reflect local planning and vernacular requirements.,Bellway p.l.c.1.pdf,True
972,travel and subsistence expenses,Siemens Energy AG1.pdf,False
627,due to hedged item affected the consolidated income statement,Barry Callebaut AG3.pdf,False
632,risk area risks mitigating actions,Bavarian Nordic AS1.pdf,False
1306,two new fuels were introduced in for business customers carriers railway industry and bollor energy became the fourth operator in the b biodiesel segment in france.,Bollore SE1.pdf,True
1248,the outlook is positive supported by the governments plan to increase land supply speed up railway development projects and rehabilitate the citys ageing buildings.,Balfour Beatty plc1.pdf,True
1466,our network of sewers and pumping stations collects waste water taking it back to our treatment works.,Severn Trent Plc1.pdf,True
1254,in the uk the outlook is more challenging but our strategy of focusing on value over volume gives us flexibility to adapt to changing market conditions.,Bank of Ireland Group Plc1.pdf,True
1388,in we made the decision to retain more of our greener and recently regenerated buildings where we see further outperformance over the next few years.,Derwent London PLC REIT1.pdf,True
795,curb ghg emissions in line with c leading the way on methane reduction improvement in energy efficiency by,Danone SA1.pdf,False
645,this is evidenced by an increase in the number of planning permissions over recent years.,Bellway p.l.c.1.pdf,False
1012,i am proud of accors achievements and saluting them would not be complete without a tribute to accor cofounder grard plisson.,Accor SA1.pdf,True
556,indirect energy electricity use scope,Bakkafrost PF2.pdf,False
681,blue industrial capital expenditure million euros of which million euros inrd electric mobility market production factory one bluebus plant in brittany m,Bollore SE1.pdf,False
577,t december customer accounts include client deposits amounting to b million whereby davy which became a group undertaking effective une acts as a financial intermediary.,Bank of Ireland Group Plc1.pdf,False
1109,allfunds investment solutions robust service offering combined with allfunds extensive fund distribution network helps our partners streamline their operations and maximise their sales efforts.,Allfunds Group plc1.pdf,True
1266,the regional chocolate businesses consist of chocolate production related to the product groups of food manufacturers focusing on industrial customers and gourmet amp specialties focusing on products for artisans and professional users of chocolate such as chocolatiers pastry chefs or bakers as well as products for vending machines.,Barry Callebaut AG3.pdf,True
1183,a.s.r. s strategy has four key principles,ASR Nederland N.V.1.pdf,True
524,noncontrolling interests noncontrolling interests,BAE Systems plc1.pdf,False
1059,we view all of our people as being equally important to the business regardless of their position gender or background.,Admiral Group plc1.pdf,True
540,our twoandahalfyear production cycle means there is some variability in production.,Bakkafrost PF2.pdf,False
1194,our grocery division employs more than people and comprises brands which occupy leading positions in markets across the globe.,Associated British Foods plc1.pdf,True
748,all property plant and equipment is initially recorded at cost and subsequently measured at cost less accumulated depreciation and impairment losses.,Coca-Cola HBC AG2.pdf,False
1391,as a total return business we recognise the importance of balancing value creation and earnings.,Derwent London PLC REIT1.pdf,True
484,receivables arising from reinsurance operations,AXA SA1.pdf,False
95,the committee regularly reviews the board skills matrix particularly in the context of succession planning and skills that are potentially lost at the end of a directors tenure on the board.,Admiral Group plc1.pdf,False
1020,we are a group of entrepreneurs with the ambition to build leading companies through internationalisation innovation and diversification in the long term,Ackermans & van Haaren NV1.pdf,True
563,where climaterelated matters were discussed this is evidenced accordingly in meeting minutes.,Balfour Beatty plc1.pdf,False
1264,the global cocoa segment is responsible for the procurement of ingredients for chocolate production mainly cocoa sugar dairy and nuts and the groups cocoaprocessing business.,Barry Callebaut AG3.pdf,True
742,silvio denz ch herr denz ist seit mai mitglied des verwaltungsrats und derzeit mitglied des compensation amp nomination committee sowie des sustainability committee.,Chocoladefabriken Lindt & Spruengli AG2.pdf,False
863,in particular the u.s. subsidiaries of the diasorin group diasorin inc. diasorin molecular llc. and luminex took part in several initiatives including fundraising and funding while promoting science education projects at local high schools.,DiaSorin S.p.A.1.pdf,False
891,movement in loss allowance for impairment,DSM-Firmenich AG1.pdf,False
1038,a key feature of our business model and success is the use of extensive reinsurance and coinsurance partnerships.,Admiral Group plc1.pdf,True
206,producing the annual report annual financial statements and sustainability report as well as preparing the annual general meeting and implementing its resolutions,Allreal Holding AG1.pdf,False
392,each has set its own emission reduction target.,Associated British Foods plc1.pdf,False
794,curb ghg emissions in line with c leading the way on methane reduction reduction in methane emissions from fresh milk by,Danone SA1.pdf,False
870,installed a power factor corrector in our birmingham auto services site to maximise the efficiency of our electrical supply onsite.,Direct Line Insurance Group Plc1.pdf,False
397,the board is responsible for overseeing climaterelated issues.,Associated British Foods plc1.pdf,False
766,in accordance with the tcfd implementation guidance the climate scenario analysis process seeks to assess climate impacts through a combination of both qualitative and quantitative measures where data and methodologies allow.,ConvaTec Group Plc1.pdf,False
1381,expertise in a number of technologies that are key to strategic autonomy,Dassault Aviation SA1.pdf,True
1241,we collaborate with the broader aquaculture industry to promote responsible and sustainable practice please see our annual report at www.bakkafrost.com for our consolidated financial statements. output t of fishmeal annual capacity t of fish oil annual capacity t of fish feed annual capacity increasing part of roe from our own strains million g smolts and million g s,Bakkafrost PF2.pdf,True
1028,we pay particular attention to sustainable development and growth of the activities of our participations with respect for people environment and society,Ackermans & van Haaren NV1.pdf,True
642,the ability to obtain planning permission increased during after a low in due to covid.,Bellway p.l.c.1.pdf,False
612,transfer to the consolidated income statement for the period,Barry Callebaut AG3.pdf,False
960,gains depend on the share price in siemens ag measured against the strike price when the options are exercised.,Siemens Energy AG1.pdf,False
725,awards under the groups deferred bonus plan generally vest in full to the extent not already vested on a change of control of the company and,Bridgepoint Group Plc1.pdf,False
683,annual production capacity up to .gwh the stationary market bluestorage energy storage,Bollore SE1.pdf,False
98,the committee also reviews the time commitment required of nonexecutive directors at least annually to consider whether the guidance on time commitment of certain roles needs to be extended due to market or responsibility changes.,Admiral Group plc1.pdf,False
804,curb ghg emissions in line with c leading the way on methane reduction net zero by,Danone SA1.pdf,False
406,during the year our pioneering science was evident across all therapy areas.,AstraZeneca PLC1.pdf,False
502,profit for the year attributable to equity shareholders m m profit for the year attributable to equity shareholders,BAE Systems plc1.pdf,False
1071,the company is also a european leader in defence security and space businesses.,Airbus SE1.pdf,True
1056,over time weve come to believe strongly that creating a great place for our people to work goes a long way towards building longterm commercial success.,Admiral Group plc1.pdf,True
929,weiterhin hat die gesellschaft im geschäftsjahr erstmals ein mitarbeiterinnenbeteiligungsprogramm aufgelegt in dessen rahmen bereits im besitz der gesellschaft befindliche scoutaktien eigene anteile zu einem gegenüber der börse vergünstigten preis erworben werden können.,Scout24 SE3.pdf,False
779,climaterelated risks in we undertook qualitative and quantitative climate scenario analysis for transition and physical risks respectively.,ConvaTec Group Plc1.pdf,False
200,in the chairman of the nomination and compensation committee in close coordination and cooperation with the chairman of the board of directors and other members of the nomination and compensation committee and board of directors also held a number of meetings discussions and interviews in relation to mediumterm planning and the selection process to elect members of the board of directors as well as the selection and appointment of the future ceo of allreal group spending around hours on this in total.,Allreal Holding AG1.pdf,False
134,information on the companys activities information on the companys activities,Airbus SE1.pdf,False
40,consequently the above disclosed number of meetings represents only those meetings held by the board of directors since july .,Accelleron Industries AG1.pdf,False
1017,we make clear agreements with our participations regarding strategic operational and financial goals,Ackermans & van Haaren NV1.pdf,True
230,the groups operating result ebita increased in line with revenue and reached a new record level of meur versus meur as did revenue.,ANDRITZ AG1.pdf,False
378,carbon enablement is where our products or services assist others in reducing their ghg emissions.,Associated British Foods plc1.pdf,False
288,for definitions and methods of measure for the indicators included on this spread please refer to the section glossary nonfinancial amp financial indicators on page .,Arcadis NV1.pdf,False
418,during the year a total of .m shares nil were purchased for a total consideration of .m nil before transaction costs of .m nil.,Auto Trader Group PLC3.pdf,False
391,the diversified nature of abf means that targets are decided and set by businesses based on what is appropriate and relevant for them.,Associated British Foods plc1.pdf,False
592,bcvs own occupational pension funds held no bcv shares at december .,Banque Cantonale Vaudoise1.pdf,False
1162,our clients our clients require trusted partners capable of delivering bestinclass solutions regardless of where they are sourced.,Arcadis NV1.pdf,True
1086,the ambition of european industrialists to work together towards a common goal of creating one leading player in commercial aerospace has been decisive to the success of the company.,Airbus SE1.pdf,True
647,there continues to be upward pressure on material costs which have increased by midtohigh single digit inflation during the financial year.,Bellway p.l.c.1.pdf,False
1152,we undertake exploration activities in chile and abroad with particular focus on the americas.,Antofagasta plc1.pdf,True
1367,in plantbased danone is a leader within a category that continues to grow globally driven by the rise of flexitarianism.,Danone SA1.pdf,True
520,underlying earnings per share including the oneoff tax benefit .p .p underlying earnings per share including the oneoff tax benefit,BAE Systems plc1.pdf,False
64,the award encourages deme to continue on the path to a more sustainable future.,Ackermans & van Haaren NV1.pdf,False
14,lv low voltage mns and artuk boards for data centers and document management companies,ABB Ltd.2.pdf,False
1180,a.s.r. is the dutch insurance company for all kinds of insurance. a.s.r. exists for more than years and is a leading insurer in the netherlands.,ASR Nederland N.V.1.pdf,True
1064,top is admirals annual departmental competition to crown the best departments across the organisation.,Admiral Group plc1.pdf,True
492,order intake increased by m to m m.,BAE Systems plc1.pdf,False
379,ab enzymes ab agri and ab sugar have enablement at the core of their purpose.,Associated British Foods plc1.pdf,False
187,location address ownership status year acquired year of construction renovations area of property inm,Allreal Holding AG1.pdf,False
763,we have worked with our climate strategy adviser corporate citizenship part of slr to further develop our climate risk and opportunity assessment approach.,ConvaTec Group Plc1.pdf,False
216,we are making the plant into a stateoftheart facility increasing its efficiency and we can use it more effectively than ever in future in all operating modes says beat karrer managing director of ryburgschwörstadt ag power station.,ANDRITZ AG1.pdf,False
791,to meet our ambitions we have developed the following goals and kpis,Danone SA1.pdf,False
1076,the decision to launch the a freighter version af in is a typical example setting a new standard for air freight efficiency responding to boeings positioning in this segment with a successful market entry firm orders as of the end of .,Airbus SE1.pdf,True
878,the exclusion of any companies with a msci lowcarbon transition score indicating assets could be economically stranded.,Direct Line Insurance Group Plc1.pdf,False
337,lindsley brings extensive knowledge of our end markets to the board particularly north america.,Ashtead Group plc1.pdf,False
719,the company may by ordinary resolution of which special notice has been given remove any director from office.,Bridgepoint Group Plc1.pdf,False
295,deferred tax assets and liabilities are offset if there is a legally enforceable right to offset current tax liabilities and assets and they relate to income taxes levied by the same tax authority on the same taxable entity or on different taxable entities which intend either to settle current tax liabilities and assets on a net basis or to realize the assets and settle the liabilities simultaneously.,argenx SE1.pdf,False
1016,in a balanced combination of a limited number of strategic longterm participations and a diversified portfolio of growth capital investments.,Ackermans & van Haaren NV1.pdf,True
1275,the following timeline demonstrates how we create value from selecting land to selling homes.,Bellway p.l.c.1.pdf,True
455,interest expense on lease liabilities,Aviva plc1.pdf,False
1501,we are developing tiered offerings with multiple distinctive brands to cater to different customer segments.,Signify NV3.pdf,True
815,londons office market had three major cycles between and see chart when strong growth was followed by a sudden decline.,Derwent London PLC REIT1.pdf,False
269,a program allowing for certain employees to purchase company shares at a discount and that is aimed at providing a longterm retention incentive for i highpotential employees of the company who are at a midmanager level people,Anheuser-Busch InBev SANV3.pdf,False
201,the principles governing the most senior level of management and the delineation of powers and responsibilities are defined in the organisational regulations of february .,Allreal Holding AG1.pdf,False
161,equality protocols against sexual and genderbased harassment. gri gri gri p.,Allfunds Group plc1.pdf,False
729,significant reduction in carbon emissions at headquarters in the owner of the building where cembra is headquartered switched to district heating effective from january .,Cembra Money Bank AG1.pdf,False
401,our rampd success and revenue increase in demonstrate that we are on track to deliver industryleading revenue growth through and beyond and have set astrazeneca on a path to deliver at least new medicines before the end of the decade.,AstraZeneca PLC1.pdf,False
702,dividend payments during the vesting period eur,Brenntag Societas Europaea1.pdf,False
1129,a business combination and recognized separately from goodwill amounting to meur meur and impairment of goodwill in the amount of meur meur,ANDRITZ AG1.pdf,True
565,strategic business unit sbu managing directors have responsibility for the identification and management of climaterelated risks relevant to their business and arrange ownership of targeted controls and actions.,Balfour Beatty plc1.pdf,False
1413,twenty years ago we converted our extensive testing offer onto a single innovative fast reliable and fully automated platform.,DiaSorin S.p.A.1.pdf,True
1021,we create longterm shareholder value thanks to a recurring increase of the consolidated shareholders equity supported by a steady longterm dividend growth,Ackermans & van Haaren NV1.pdf,True
1025,our experienced investment managers are actively involved in the governing bodies of the participations assisted where necessary by external consultants andor independent directors,Ackermans & van Haaren NV1.pdf,True
1411,our campaign burst onto screens into venues social feeds and advertising spaces in over countries.,Diageo PLC1.pdf,True
1104,we connect financial institutions and deliver digital solutions to cover the entire fund distribution value chain for both distributors and fund houses.,Allfunds Group plc1.pdf,True
205,determining the organisation of and procedures for accounting financial controlling and financial planning,Allreal Holding AG1.pdf,False
34,the ac meets at least three times each year or more frequently if deemed necessary or appropriate.,Accelleron Industries AG1.pdf,False
775,review alignment against the tcfd crossindustry climaterelated metric categories to meet full alignment with the tcfd recommendations as well as in recognition of convatecs support to provide relevant and comparable information to stakeholders.,ConvaTec Group Plc1.pdf,False
508,net interest expense on postemployment benefit obligations post tax net interest expense on postemployment benefit obligations post tax,BAE Systems plc1.pdf,False
1480,digital industries gained several new customers on the open cloud platform mindsphere.,Siemens Energy AG1.pdf,True
1390,we have the financial capacity to deliver our committed programme with a pipeline of major projects that extends to more than .m sq ft of prime offices while remaining opportunistic regarding potential acquisitions to restock our pipeline.,Derwent London PLC REIT1.pdf,True
1363,devices accessories and services for people with a stoma a surgically created opening where bodily waste is discharged commonly resulting from causes such as colorectal cancer inflammatory bowel disease and bladder cancer.,ConvaTec Group Plc1.pdf,True
897,other receivables and accrued income,DSM-Firmenich AG1.pdf,False
564,the executive committees excom responsibility includes setting ambitions and targets in relation to climaterelated matters under the building new futures sustainability strategy and supporting businesses to develop action plans.,Balfour Beatty plc1.pdf,False
1369,position in danone was worldwide,Danone SA1.pdf,True
776,we use a range of metrics to understand our baseline impact on the environment.,ConvaTec Group Plc1.pdf,False
241,throughout we continued with the detailed design reviews and noncritical path studies following which a number of areas were modified to align with anglo americans standards and optimise value for the long term.,Anglo American plc1.pdf,False
315,graduated in economics from leeds university,Ashtead Group plc1.pdf,False
600,bcv group employees are members of the caisse de pensions de la banque cantonale vaudoise cp bcv.,Banque Cantonale Vaudoise1.pdf,False
387,we recognise that climate change represents a material risk throughout our supply chains and poses challenges to some of our businesses worldwide.,Associated British Foods plc1.pdf,False
1297,extensive experience of developing productivity in mines and smelters,Boliden AB1.pdf,True
166,main risks main risks and impacts arising from the groups activities and their management. gri gri p.,Allfunds Group plc1.pdf,False
840,performance targets are set to be stretching yet achievable and take into account the companys strategic priorities and business environment.,Diageo PLC1.pdf,False
20,no member of the board of directors has any significant business relations with the accelleron group.,Accelleron Industries AG1.pdf,False
646,concerns with regards to material availability have generally eased over the course of this calendar year although there can remain ad hoc shortages at a regional level with bricks blocks and roof tiles often on extended leadin times.,Bellway p.l.c.1.pdf,False
1154,safety and health operating efficiency and innovation are all key elements of how we run our operations.,Antofagasta plc1.pdf,True
831,net pension obligations i.e. pension provisions less asset surpluses at some pension plans which are presented separately in noncurrent assets fell by eur m to eur m december eur m.,Deutsche Lufthansa AG1.pdf,False
1267,in thousands of chf emea americas asia pacific global cocoa total segments corporate eliminations group,Barry Callebaut AG3.pdf,True
562,the audit and risk committee arc supports the board in its oversight of all group risks which include climaterelated risks and opportunities.,Balfour Beatty plc1.pdf,False
1465,as a company taking care of one of lifes essentials we know that the resilience of our business is intrinsically linked to the resilience of our region its communities and the natural environment.,Severn Trent Plc1.pdf,True
686,on september the group announced the appointment of richard bouveret to the general management of emobility activities grouping blue solutions bluebus and bluestorage.,Bollore SE1.pdf,False
957,he also received a bonus of nok and nok in other remuneration.,Siemens Energy AG1.pdf,False
189,zurich birmensdorferstrasse weststrasse so tr,Allreal Holding AG1.pdf,False
975,interest income from companies in the same group,Siemens Energy AG1.pdf,False
699,the following table shows the performance criteria for the external lti portion of the tranche,Brenntag Societas Europaea1.pdf,False
510,oneoff tax benefit oneoff tax benefit oneoff tax benefit,BAE Systems plc1.pdf,False
1082,airbus upnext demonstrators study potential new products and services that encompass radical flying technological breakthroughs.,Airbus SE1.pdf,True
474,receivables arising from direct insurance transactions,AXA SA1.pdf,False
856,following the principles of the code of ethics diasorin supports the local communities through projects that aim at inciting passion for science supporting peoples talent and achieving a positive impact on the environment.,DiaSorin S.p.A.1.pdf,False
747,the group will continue to closely monitor these cashgenerating units in order to ensure that timely actions and initiatives are undertaken to minimise potential adverse impact on their expected performance.,Coca-Cola HBC AG2.pdf,False
252,operations operational performance by each business unit and progress of key projects further reading pages the board received detailed updates on the operational performance strategy safety and sustainability performance people technological innovation and key risks of its business units.,Anglo American plc1.pdf,False
21,the board of directors is responsible for the ultimate direction of the company.,Accelleron Industries AG1.pdf,False
1337,maintaining the trust of stakeholders is essential to our business.,Coca-Cola HBC AG2.pdf,True
459,foreign exchange rate movements,Aviva plc1.pdf,False
1184,a.s.r. aims to be the best financial service provider for customers. a.s.r. clearly understands customers requirements and responds to these with preferred products and services.,ASR Nederland N.V.1.pdf,True
276,a significant deterioration in the future copper price forecasts by throughout the fiveyear period.,Antofagasta plc1.pdf,False
955,income from global business service,Siemens Energy AG1.pdf,False
1215,were there to protect the things that matter most to our customers,Aviva plc1.pdf,True
385,primark is increasingly using recyclable by design principles and methods to ensure its clothing is designed and manufactured with circularity in mind.,Associated British Foods plc1.pdf,False
805,pioneer and scale regenerative agriculture leading the way for regenerative dairy farming models key ingredients we source directly will come from farms that have begun to transition to regag by,Danone SA1.pdf,False
1437,in addition consumer habits from demands for increased transparency in consumer labels to customer requirements for more renewable and biodegradable ingredients are also evolving quickly.,DSM-Firmenich AG1.pdf,True
343,asm has a water objective to maintain or reduce our normalized water withdrawal revenue intensity at or below our level of m million revenue across all operations through reduction reuse or restoration methods.,ASM International N.V.1.pdf,False
769,climate opportunities have been scored based on the potential size of opportunity through avoided costs or increased revenue as well as the ability to realise the opportunity.,ConvaTec Group Plc1.pdf,False
1332,wir wollen mit der umwelt und den gemeinschaften in denen wir leben und arbeiten sorgfältig und gewissenhaft umgehen.,Chocoladefabriken Lindt & Spruengli AG2.pdf,True
130,milena mondini defocatiis august rolling contract monthnoticeperiod notes to the financial statements continued,Admiral Group plc1.pdf,False
871,im proud to be part of a team that helped us to receive validated sciencebased targets.,Direct Line Insurance Group Plc1.pdf,False
1123,the real estate division secures stable added value over the long term with its active management and focus on a highquality portfolio.,Allreal Holding AG1.pdf,True
1396,the private bank germany and our international private bank contributed in equal measures to this success.,Deutsche Bank Aktiengesellschaft1.pdf,True
1482,digital industries delivered a carbon capture system in early .,Siemens Energy AG1.pdf,True
330,lucinda riches was appointed as a nonexecutive director in june .,Ashtead Group plc1.pdf,False
1238,we create value for our shareholders the faroe islands and scotland through taxes and direct and indirect employment,Bakkafrost PF2.pdf,True
466,capitalised expenditure on existing properties,Aviva plc1.pdf,False
121,captures the risk that as mortgage rates rise customers may experience payment shocks when their standard variable or fixed term mortgages come to an end and may have to prioritise mortgage payments over other debts.,Admiral Group plc1.pdf,False
1044,we aim to create simple insurance products which are easily understood and accessible to all.,Admiral Group plc1.pdf,True
1095,our surgical business is focused on ophthalmic products for cataract surgery vitreoretinal surgery refractive laser surgery and glaucoma surgery.,Alcon AG1.pdf,True
1130,additions to intangible assets and property plant and equipment,ANDRITZ AG1.pdf,True
1294,image this is the defined aspiration to which all business areas of the bkw group strive and the common goal to which each company in the network,BKW AG1.pdf,True
860,fondazione diasorin is a tangible manifestation of diasorins commitment to young generations and to the world of education.,DiaSorin S.p.A.1.pdf,False
1459,realtor lead engine rle produkt zur akquise von immobilienverkaufsmandaten g für die kontaktvermittlung zahlt derdie maklerin uns einen preis pro lead,Scout24 SE3.pdf,True
1126,the development department acquires development reserves or properties with upside potential.,Allreal Holding AG1.pdf,True
